wall_time,ros_time_sec,elapsed_sec,has_ready,driver_ready,ready_age_sec,has_state,state_age_sec,state_size,has_command,command_age_sec,command_size,service_mode,service_suction,service_pick,service_place,service_stack,service_payload_estimate,service_payload_state,service_arm_mission,service_nav_arm_event,action_move_joint,has_nav_state,nav_state_age_sec,nav_state_x,nav_state_y,nav_state_yaw,has_nav_task_points,nav_task_points_age_sec,nav_task_points_count,nav_task_points_min_id,nav_task_points_max_id,nav_task_points_summary,has_nav_mission_request,nav_mission_request_age_sec,nav_mission_action,nav_mission_task_index,nav_mission_point_id,nav_mission_x,nav_mission_y,has_nav_mission_response,nav_mission_response_age_sec,nav_mission_response_success,nav_mission_response_message,has_nav_arm_event_request,nav_arm_event_request_age_sec,nav_arm_event_request_message,has_nav_arm_event_response,nav_arm_event_response_age_sec,nav_arm_event_response_success,nav_arm_event_response_message,state_valid_0,state_q_rad_0,state_q_deg_0,state_dq_0,state_tau_est_0,state_valid_1,state_q_rad_1,state_q_deg_1,state_dq_1,state_tau_est_1,state_valid_2,state_q_rad_2,state_q_deg_2,state_dq_2,state_tau_est_2,state_valid_3,state_q_rad_3,state_q_deg_3,state_dq_3,state_tau_est_3,state_valid_4,state_q_rad_4,state_q_deg_4,state_dq_4,state_tau_est_4,cmd_q_rad_0,cmd_q_deg_0,cmd_dq_0,cmd_tau_0,cmd_kp_0,cmd_kd_0,cmd_q_rad_1,cmd_q_deg_1,cmd_dq_1,cmd_tau_1,cmd_kp_1,cmd_kd_1,cmd_q_rad_2,cmd_q_deg_2,cmd_dq_2,cmd_tau_2,cmd_kp_2,cmd_kd_2,cmd_q_rad_3,cmd_q_deg_3,cmd_dq_3,cmd_tau_3,cmd_kp_3,cmd_kd_3,cmd_q_rad_4,cmd_q_deg_4,cmd_dq_4,cmd_tau_4,cmd_kp_4,cmd_kd_4
2026-07-06 23:40:03.621,1783352403.621425629,1.010881586,1,1,0.996668407,1,0.004497589,5,1,0.004327348,5,1,0,0,0,0,1,1,0,1,1,0,-1.000000000,0.000000000,0.000000000,0.000000000,0,-1.000000000,0,0,0,,0,-1.000000000,,0,0,0.000000000,0.000000000,0,-1.000000000,0,,0,-1.000000000,,0,-1.000000000,0,,1,-0.004005432,-0.229494356,-0.007326126,-0.026862144,1,3.267430544,187.209980018,-0.007326126,-2.769229889,1,-2.892156601,-165.708366925,-0.002442360,2.536752701,1,-0.178339958,-10.218126923,-0.007326126,0.412698746,1,0.641002655,36.726746790,0.012210846,-0.003663063,-0.004005432,-0.229494356,0.000000000,-0.000000000,8.000000000,2.500000000,3.297948122,188.958508445,0.000000000,-2.821826696,2.000000000,0.500000000,-2.900548935,-166.189212243,0.000000000,2.576432705,1.000000000,0.500000000,-0.179102898,-10.261840134,0.000000000,0.422004700,0.500000000,0.200000003,0.641386032,36.748712678,0.000000000,0.000097963,0.000000000,0.100000001
2026-07-06 23:40:04.621,1783352404.621270418,2.010726601,1,1,1.996513422,1,0.004517691,5,1,0.004368750,5,1,0,0,0,0,1,1,0,1,1,1,0.024923332,0.041949305,-0.104129329,1.554118416,1,0.939395429,6,1,6,1:-0.006:-0.020|2:-1.843:0.764|3:-1.680:1.112|4:-1.685:1.809|5:-1.709:2.569|6:-0.827:2.882,0,-1.000000000,,0,0,0.000000000,0.000000000,0,-1.000000000,0,,0,-1.000000000,,0,-1.000000000,0,,1,-0.004005432,-0.229494356,-0.007326126,-0.026862144,1,3.267430544,187.209980018,0.002442360,-2.769229889,1,-2.892156601,-165.708366925,-0.002442360,2.550426483,1,-0.178339958,-10.218126923,-0.021978378,0.412698746,1,0.641386032,36.748712678,0.036628723,-0.003663063,-0.004005432,-0.229494356,0.000000000,-0.000000000,8.000000000,2.500000000,3.297948122,188.958508445,0.000000000,-2.821826696,2.000000000,0.500000000,-2.900548935,-166.189212243,0.000000000,2.576432705,1.000000000,0.500000000,-0.179102898,-10.261840134,0.000000000,0.422004700,0.500000000,0.200000003,0.641386032,36.748712678,0.000000000,0.000097963,0.000000000,0.100000001
2026-07-06 23:40:05.621,1783352405.621237516,3.010693453,1,1,2.996480274,1,0.004453388,5,1,0.004307135,5,1,0,0,0,0,1,1,0,1,1,1,0.024853434,0.038326434,-0.099421385,1.554835468,1,1.939362281,6,1,6,1:-0.006:-0.020|2:-1.843:0.764|3:-1.680:1.112|4:-1.685:1.809|5:-1.709:2.569|6:-0.827:2.882,0,-1.000000000,,0,0,0.000000000,0.000000000,0,-1.000000000,0,,0,-1.000000000,,0,-1.000000000,0,,1,-0.004005432,-0.229494356,-0.007326126,-0.031745911,1,3.267430544,187.209980018,0.002442360,-2.769229889,1,-2.892156601,-165.708366925,-0.007326126,2.550426483,1,-0.178339958,-10.218126923,-0.007326126,0.412698746,1,0.641002655,36.726746790,-0.012210846,-0.003663063,-0.004005432,-0.229494356,0.000000000,-0.000000000,8.000000000,2.500000000,3.297948122,188.958508445,0.000000000,-2.821826696,2.000000000,0.500000000,-2.900548935,-166.189212243,0.000000000,2.576432705,1.000000000,0.500000000,-0.179102898,-10.261840134,0.000000000,0.422004700,0.500000000,0.200000003,0.641386032,36.748712678,0.000000000,0.000097963,0.000000000,0.100000001
2026-07-06 23:40:06.621,1783352406.621132374,4.010588242,1,1,3.996375063,1,0.004554242,5,1,0.004274726,5,1,0,0,0,0,1,1,1,1,1,1,0.024831233,0.046621105,-0.098489034,1.555197202,1,2.939257070,6,1,6,1:-0.006:-0.020|2:-1.843:0.764|3:-1.680:1.112|4:-1.685:1.809|5:-1.709:2.569|6:-0.827:2.882,0,-1.000000000,,0,0,0.000000000,0.000000000,0,-1.000000000,0,,0,-1.000000000,,0,-1.000000000,0,,1,-0.004005432,-0.229494356,-0.007326126,-0.021978378,1,3.267430544,187.209980018,0.002442360,-2.769229889,1,-2.892156601,-165.708366925,-0.007326126,2.550426483,1,-0.178339958,-10.218126923,-0.007326126,0.412698746,1,0.641002655,36.726746790,-0.012210846,-0.003663063,-0.004005432,-0.229494356,0.000000000,-0.000000000,8.000000000,2.500000000,3.297948122,188.958508445,0.000000000,-2.821826696,2.000000000,0.500000000,-2.900548935,-166.189212243,0.000000000,2.576432705,1.000000000,0.500000000,-0.179102898,-10.261840134,0.000000000,0.422004700,0.500000000,0.200000003,0.641386032,36.748712678,0.000000000,0.000097963,0.000000000,0.100000001
2026-07-06 23:40:07.621,1783352407.621065140,5.010521226,1,1,4.996308047,1,0.004493462,5,1,0.004311903,5,1,0,0,0,0,1,1,1,1,1,1,0.024908932,0.041474798,-0.103856850,1.555061011,1,3.939190054,6,1,6,1:-0.006:-0.020|2:-1.843:0.764|3:-1.680:1.112|4:-1.685:1.809|5:-1.709:2.569|6:-0.827:2.882,0,-1.000000000,,0,0,0.000000000,0.000000000,0,-1.000000000,0,,0,-1.000000000,,0,-1.000000000,0,,1,-0.004005432,-0.229494356,-0.007326126,-0.026862144,1,3.267430544,187.209980018,-0.002442360,-2.782905579,1,-2.892156601,-165.708366925,-0.002442360,2.536752701,1,-0.178339958,-10.218126923,-0.007326126,0.412698746,1,0.641002655,36.726746790,-0.012210846,-0.003663063,-0.004005432,-0.229494356,0.000000000,-0.000000000,8.000000000,2.500000000,3.297948122,188.958508445,0.000000000,-2.821826696,2.000000000,0.500000000,-2.900548935,-166.189212243,0.000000000,2.576432705,1.000000000,0.500000000,-0.179102898,-10.261840134,0.000000000,0.422004700,0.500000000,0.200000003,0.641386032,36.748712678,0.000000000,0.000097963,0.000000000,0.100000001
2026-07-06 23:40:08.621,1783352408.621001720,6.010457587,1,1,5.996244408,1,0.004530595,5,1,0.004266833,5,1,0,0,0,0,1,1,1,1,1,1,0.024702135,0.046456660,-0.107884587,1.554839451,1,4.939126415,6,1,6,1:-0.006:-0.020|2:-1.843:0.764|3:-1.680:1.112|4:-1.685:1.809|5:-1.709:2.569|6:-0.827:2.882,0,-1.000000000,,0,0,0.000000000,0.000000000,0,-1.000000000,0,,0,-1.000000000,,0,-1.000000000,0,,1,-0.000572205,-0.032784908,-0.007326126,-0.056165695,1,3.267430544,187.209980018,-0.002442360,-2.769229889,1,-2.892156601,-165.708366925,-0.002442360,2.550426483,1,-0.178339958,-10.218126923,-0.007326126,0.412698746,1,0.641002655,36.726746790,-0.012210846,-0.003663063,-0.004005432,-0.229494356,0.000000000,-0.000000000,8.000000000,2.500000000,3.297948122,188.958508445,0.000000000,-2.821826696,2.000000000,0.500000000,-2.900548935,-166.189212243,0.000000000,2.576432705,1.000000000,0.500000000,-0.179102898,-10.261840134,0.000000000,0.422004700,0.500000000,0.200000003,0.641386032,36.748712678,0.000000000,0.000097963,0.000000000,0.100000001
2026-07-06 23:40:09.621,1783352409.620908022,7.010363967,1,1,6.996150788,1,0.004528420,5,1,0.004286159,5,1,0,0,0,0,1,1,1,1,1,1,0.024894670,0.040261807,-0.100134944,1.555159654,1,5.939032795,6,1,6,1:-0.006:-0.020|2:-1.843:0.764|3:-1.680:1.112|4:-1.685:1.809|5:-1.709:2.569|6:-0.827:2.882,0,-1.000000000,,0,0,0.000000000,0.000000000,0,-1.000000000,0,,0,-1.000000000,,0,-1.000000000,0,,1,-0.000572205,-0.032784908,-0.007326126,-0.051281929,1,3.267430544,187.209980018,-0.002442360,-2.769229889,1,-2.892156601,-165.708366925,-0.002442360,2.550426483,1,-0.178339958,-10.218126923,-0.021978378,0.412698746,1,0.641002655,36.726746790,-0.012210846,-0.003663063,-0.004005432,-0.229494356,0.000000000,-0.000000000,8.000000000,2.500000000,3.297948122,188.958508445,0.000000000,-2.821826696,2.000000000,0.500000000,-2.900548935,-166.189212243,0.000000000,2.576432705,1.000000000,0.500000000,-0.179102898,-10.261840134,0.000000000,0.422004700,0.500000000,0.200000003,0.641386032,36.748712678,0.000000000,0.000097963,0.000000000,0.100000001
2026-07-06 23:40:10.620,1783352410.620848894,8.010304887,1,1,7.996091708,1,0.004533997,5,1,0.004284576,5,1,0,0,0,0,1,1,1,1,1,1,0.024927935,0.038871380,-0.102704618,1.556575741,1,6.938973715,6,1,6,1:-0.006:-0.020|2:-1.843:0.764|3:-1.680:1.112|4:-1.685:1.809|5:-1.709:2.569|6:-0.827:2.882,0,-1.000000000,,0,0,0.000000000,0.000000000,0,-1.000000000,0,,0,-1.000000000,,0,-1.000000000,0,,1,-0.000953674,-0.054641513,-0.007326126,-0.046398163,1,3.267430544,187.209980018,0.002442360,-2.769229889,1,-2.892156601,-165.708366925,0.002442360,2.536752701,1,-0.178339958,-10.218126923,0.007326126,0.412698746,1,0.641002655,36.726746790,-0.036628723,-0.003663063,-0.004005432,-0.229494356,0.000000000,-0.000000000,8.000000000,2.500000000,3.297948122,188.958508445,0.000000000,-2.821826696,2.000000000,0.500000000,-2.900548935,-166.189212243,0.000000000,2.576432705,1.000000000,0.500000000,-0.179102898,-10.261840134,0.000000000,0.422004700,0.500000000,0.200000003,0.641386032,36.748712678,0.000000000,0.000097963,0.000000000,0.100000001
2026-07-06 23:40:11.620,1783352411.620713711,9.010169705,1,1,8.995956526,1,0.004529200,5,1,0.004295516,5,1,0,0,0,0,1,1,1,1,1,1,0.024794414,0.044248176,-0.104663637,1.555592658,1,7.938838533,6,1,6,1:-0.006:-0.020|2:-1.843:0.764|3:-1.680:1.112|4:-1.685:1.809|5:-1.709:2.569|6:-0.827:2.882,0,-1.000000000,,0,0,0.000000000,0.000000000,0,-1.000000000,0,,0,-1.000000000,,0,-1.000000000,0,,1,-0.000190735,-0.010928303,-0.007326126,-0.056165695,1,3.267430544,187.209980018,-0.007326126,-2.769229889,1,-2.892156601,-165.708366925,-0.002442360,2.550426483,1,-0.178339958,-10.218126923,-0.021978378,0.412698746,1,0.641002655,36.726746790,-0.012210846,-0.003663063,-0.004005432,-0.229494356,0.000000000,-0.000000000,8.000000000,2.500000000,3.297948122,188.958508445,0.000000000,-2.821826696,2.000000000,0.500000000,-2.900548935,-166.189212243,0.000000000,2.576432705,1.000000000,0.500000000,-0.179102898,-10.261840134,0.000000000,0.422004700,0.500000000,0.200000003,0.641386032,36.748712678,0.000000000,0.000097963,0.000000000,0.100000001
2026-07-06 23:40:12.620,1783352412.620818377,10.010274365,1,1,9.996061186,1,0.004331368,5,1,0.004316182,5,1,0,0,0,0,1,1,1,1,1,1,0.024843284,0.040936660,-0.105468278,1.555620224,1,8.938943193,6,1,6,1:-0.006:-0.020|2:-1.843:0.764|3:-1.680:1.112|4:-1.685:1.809|5:-1.709:2.569|6:-0.827:2.882,0,-1.000000000,,0,0,0.000000000,0.000000000,0,-1.000000000,0,,0,-1.000000000,,0,-1.000000000,0,,1,-0.000190735,-0.010928303,0.007326126,-0.056165695,1,3.267430544,187.209980018,0.002442360,-2.769229889,1,-2.892156601,-165.708366925,-0.002442360,2.550426483,1,-0.178339958,-10.218126923,0.007326126,0.412698746,1,0.641002655,36.726746790,0.012210846,-0.003663063,-0.004005432,-0.229494356,0.000000000,-0.000000000,8.000000000,2.500000000,3.297948122,188.958508445,0.000000000,-2.821826696,2.000000000,0.500000000,-2.900548935,-166.189212243,0.000000000,2.576432705,1.000000000,0.500000000,-0.179102898,-10.261840134,0.000000000,0.422004700,0.500000000,0.200000003,0.641386032,36.748712678,0.000000000,0.000097963,0.000000000,0.100000001
2026-07-06 23:40:13.620,1783352413.620591402,11.010047406,1,1,10.995834227,1,0.004318247,5,1,0.004226192,5,1,0,0,0,0,1,1,1,1,1,1,0.024683613,0.047273654,-0.103784595,1.555777875,1,9.938716234,6,1,6,1:-0.006:-0.020|2:-1.843:0.764|3:-1.680:1.112|4:-1.685:1.809|5:-1.709:2.569|6:-0.827:2.882,0,-1.000000000,,0,0,0.000000000,0.000000000,0,-1.000000000,0,,0,-1.000000000,,0,-1.000000000,0,,1,-0.000190735,-0.010928303,-0.007326126,-0.056165695,1,3.267430544,187.209980018,-0.002442360,-2.782905579,1,-2.892156601,-165.708366925,-0.007326126,2.536752701,1,-0.178339958,-10.218126923,-0.007326126,0.412698746,1,0.641002655,36.726746790,0.012210846,-0.003663063,-0.004005432,-0.229494356,0.000000000,-0.000000000,8.000000000,2.500000000,3.297948122,188.958508445,0.000000000,-2.821826696,2.000000000,0.500000000,-2.900548935,-166.189212243,0.000000000,2.576432705,1.000000000,0.500000000,-0.179102898,-10.261840134,0.000000000,0.422004700,0.500000000,0.200000003,0.641386032,36.748712678,0.000000000,0.000097963,0.000000000,0.100000001
2026-07-06 23:40:14.620,1783352414.620528698,12.009984709,1,1,11.995771530,1,0.004415145,5,1,0.004201960,5,1,0,0,0,0,1,1,1,1,1,1,0.023586908,0.047512984,-0.105090036,1.554714965,1,10.938653537,6,1,6,1:-0.006:-0.020|2:-1.843:0.764|3:-1.680:1.112|4:-1.685:1.809|5:-1.709:2.569|6:-0.827:2.882,0,-1.000000000,,0,0,0.000000000,0.000000000,0,-1.000000000,0,,0,-1.000000000,,0,-1.000000000,0,,1,-0.000190735,-0.010928303,-0.007326126,-0.056165695,1,3.267430544,187.209980018,-0.002442360,-2.782905579,1,-2.892156601,-165.708366925,-0.002442360,2.536752701,1,-0.178339958,-10.218126923,-0.007326126,0.412698746,1,0.641002655,36.726746790,0.012210846,-0.003663063,-0.004005432,-0.229494356,0.000000000,-0.000000000,8.000000000,2.500000000,3.297948122,188.958508445,0.000000000,-2.821826696,2.000000000,0.500000000,-2.900548935,-166.189212243,0.000000000,2.576432705,1.000000000,0.500000000,-0.179102898,-10.261840134,0.000000000,0.422004700,0.500000000,0.200000003,0.641386032,36.748712678,0.000000000,0.000097963,0.000000000,0.100000001
2026-07-06 23:40:15.620,1783352415.620462656,13.009918533,1,1,12.995705354,1,0.004372860,5,1,0.004299636,5,1,0,0,0,0,1,1,1,1,1,1,0.024640096,0.035447485,-0.103499948,1.550540742,1,11.938587361,6,1,6,1:-0.006:-0.020|2:-1.843:0.764|3:-1.680:1.112|4:-1.685:1.809|5:-1.709:2.569|6:-0.827:2.882,0,-1.000000000,,0,0,0.000000000,0.000000000,0,-1.000000000,0,,0,-1.000000000,,0,-1.000000000,0,,1,-0.000190735,-0.010928303,0.007326126,-0.056165695,1,3.267430544,187.209980018,-0.002442360,-2.769229889,1,-2.892156601,-165.708366925,-0.002442360,2.550426483,1,-0.178339958,-10.218126923,-0.007326126,0.412698746,1,0.641002655,36.726746790,-0.012210846,-0.003663063,-0.004005432,-0.229494356,0.000000000,-0.000000000,8.000000000,2.500000000,3.297948122,188.958508445,0.000000000,-2.821826696,2.000000000,0.500000000,-2.900548935,-166.189212243,0.000000000,2.576432705,1.000000000,0.500000000,-0.179102898,-10.261840134,0.000000000,0.422004700,0.500000000,0.200000003,0.641386032,36.748712678,0.000000000,0.000097963,0.000000000,0.100000001
2026-07-06 23:40:16.620,1783352416.620373964,14.009830015,1,1,13.995616836,1,0.004508680,5,1,0.004266968,5,1,0,0,0,0,1,1,1,1,1,1,0.024792107,0.028733785,-0.065180435,1.553480966,1,12.938498843,6,1,6,1:-0.006:-0.020|2:-1.843:0.764|3:-1.680:1.112|4:-1.685:1.809|5:-1.709:2.569|6:-0.827:2.882,0,-1.000000000,,0,0,0.000000000,0.000000000,0,-1.000000000,0,,0,-1.000000000,,0,-1.000000000,0,,1,-0.000190735,-0.010928303,0.007326126,-0.051281929,1,3.267430544,187.209980018,-0.002442360,-2.782905579,1,-2.892156601,-165.708366925,0.002442360,2.550426483,1,-0.178339958,-10.218126923,-0.021978378,0.412698746,1,0.641002655,36.726746790,-0.036628723,-0.003663063,-0.004005432,-0.229494356,0.000000000,-0.000000000,8.000000000,2.500000000,3.297948122,188.958508445,0.000000000,-2.821826696,2.000000000,0.500000000,-2.900548935,-166.189212243,0.000000000,2.576432705,1.000000000,0.500000000,-0.179102898,-10.261840134,0.000000000,0.422004700,0.500000000,0.200000003,0.641386032,36.748712678,0.000000000,0.000097963,0.000000000,0.100000001
2026-07-06 23:40:17.620,1783352417.620320559,15.009776404,1,1,14.995563225,1,0.004411546,5,1,0.004224071,5,1,0,0,0,0,1,1,1,1,1,1,0.024775726,0.025043824,-0.068952307,1.562487321,1,13.938445232,6,1,6,1:-0.006:-0.020|2:-1.843:0.764|3:-1.680:1.112|4:-1.685:1.809|5:-1.709:2.569|6:-0.827:2.882,0,-1.000000000,,0,0,0.000000000,0.000000000,0,-1.000000000,0,,0,-1.000000000,,0,-1.000000000,0,,1,-0.000190735,-0.010928303,-0.007326126,-0.056165695,1,3.267430544,187.209980018,-0.002442360,-2.769229889,1,-2.892156601,-165.708366925,-0.007326126,2.536752701,1,-0.178339958,-10.218126923,-0.007326126,0.412698746,1,0.641002655,36.726746790,-0.012210846,-0.003663063,-0.004005432,-0.229494356,0.000000000,-0.000000000,8.000000000,2.500000000,3.297948122,188.958508445,0.000000000,-2.821826696,2.000000000,0.500000000,-2.900548935,-166.189212243,0.000000000,2.576432705,1.000000000,0.500000000,-0.179102898,-10.261840134,0.000000000,0.422004700,0.500000000,0.200000003,0.641386032,36.748712678,0.000000000,0.000097963,0.000000000,0.100000001
2026-07-06 23:40:18.620,1783352418.620267868,16.009723682,1,1,15.995510503,1,0.004388827,5,1,0.004299259,5,1,0,0,0,0,1,1,1,1,1,1,0.024692173,0.019077512,-0.066201794,1.564951633,1,14.938392510,6,1,6,1:-0.006:-0.020|2:-1.843:0.764|3:-1.680:1.112|4:-1.685:1.809|5:-1.709:2.569|6:-0.827:2.882,0,-1.000000000,,0,0,0.000000000,0.000000000,0,-1.000000000,0,,0,-1.000000000,,0,-1.000000000,0,,1,-0.000190735,-0.010928303,-0.021978378,-0.056165695,1,3.267430544,187.209980018,-0.007326126,-2.782905579,1,-2.892156601,-165.708366925,-0.002442360,2.550426483,1,-0.178339958,-10.218126923,-0.021978378,0.412698746,1,0.641386032,36.748712678,0.012210846,-0.003663063,-0.004005432,-0.229494356,0.000000000,-0.000000000,8.000000000,2.500000000,3.297948122,188.958508445,0.000000000,-2.821826696,2.000000000,0.500000000,-2.900548935,-166.189212243,0.000000000,2.576432705,1.000000000,0.500000000,-0.179102898,-10.261840134,0.000000000,0.422004700,0.500000000,0.200000003,0.641386032,36.748712678,0.000000000,0.000097963,0.000000000,0.100000001
2026-07-06 23:40:19.620,1783352419.620187998,17.009643982,1,1,16.995430803,1,0.004602571,5,1,0.004364747,5,1,0,0,0,0,1,1,1,1,1,1,0.024797479,0.021358654,-0.065045452,1.564298099,1,15.938312810,6,1,6,1:-0.006:-0.020|2:-1.843:0.764|3:-1.680:1.112|4:-1.685:1.809|5:-1.709:2.569|6:-0.827:2.882,0,-1.000000000,,0,0,0.000000000,0.000000000,0,-1.000000000,0,,0,-1.000000000,,0,-1.000000000,0,,1,-0.000190735,-0.010928303,-0.007326126,-0.056165695,1,3.267430544,187.209980018,-0.002442360,-2.769229889,1,-2.892156601,-165.708366925,-0.002442360,2.550426483,1,-0.178339958,-10.218126923,-0.007326126,0.412698746,1,0.641002655,36.726746790,-0.036628723,-0.003663063,-0.004005432,-0.229494356,0.000000000,-0.000000000,8.000000000,2.500000000,3.297948122,188.958508445,0.000000000,-2.821826696,2.000000000,0.500000000,-2.900548935,-166.189212243,0.000000000,2.576432705,1.000000000,0.500000000,-0.179102898,-10.261840134,0.000000000,0.422004700,0.500000000,0.200000003,0.641386032,36.748712678,0.000000000,0.000097963,0.000000000,0.100000001
2026-07-06 23:40:20.620,1783352420.620144606,18.009600596,1,1,17.995387417,1,0.004307624,5,1,0.004253097,5,1,0,0,0,0,1,1,1,1,1,1,0.024515985,0.022305284,-0.067253329,1.564641864,1,16.938269424,6,1,6,1:-0.006:-0.020|2:-1.843:0.764|3:-1.680:1.112|4:-1.685:1.809|5:-1.709:2.569|6:-0.827:2.882,0,-1.000000000,,0,0,0.000000000,0.000000000,0,-1.000000000,0,,0,-1.000000000,,0,-1.000000000,0,,1,-0.000190735,-0.010928303,-0.021978378,-0.056165695,1,3.267430544,187.209980018,-0.002442360,-2.769229889,1,-2.892156601,-165.708366925,-0.002442360,2.550426483,1,-0.178339958,-10.218126923,0.007326126,0.412698746,1,0.641002655,36.726746790,-0.012210846,-0.003663063,-0.004005432,-0.229494356,0.000000000,-0.000000000,8.000000000,2.500000000,3.297948122,188.958508445,0.000000000,-2.821826696,2.000000000,0.500000000,-2.900548935,-166.189212243,0.000000000,2.576432705,1.000000000,0.500000000,-0.179102898,-10.261840134,0.000000000,0.422004700,0.500000000,0.200000003,0.641386032,36.748712678,0.000000000,0.000097963,0.000000000,0.100000001
2026-07-06 23:40:21.620,1783352421.620046854,19.009502780,1,1,18.995289601,1,0.004423875,5,1,0.004250963,5,1,0,0,0,0,1,1,1,1,1,1,0.024413358,-0.151942157,0.069371088,1.961838840,1,17.938171608,6,1,6,1:-0.006:-0.020|2:-1.843:0.764|3:-1.680:1.112|4:-1.685:1.809|5:-1.709:2.569|6:-0.827:2.882,0,-1.000000000,,0,0,0.000000000,0.000000000,0,-1.000000000,0,,0,-1.000000000,,0,-1.000000000,0,,1,0.004386902,0.251350961,0.021978378,-0.124542236,1,3.267430544,187.209980018,-0.002442360,-2.769229889,1,-2.892156601,-165.708366925,-0.002442360,2.550426483,1,-0.178339958,-10.218126923,0.007326126,0.412698746,1,0.641002655,36.726746790,-0.036628723,-0.003663063,-0.004005432,-0.229494356,0.000000000,-0.000000000,8.000000000,2.500000000,3.297948122,188.958508445,0.000000000,-2.821826696,2.000000000,0.500000000,-2.900548935,-166.189212243,0.000000000,2.576432705,1.000000000,0.500000000,-0.179102898,-10.261840134,0.000000000,0.422004700,0.500000000,0.200000003,0.641386032,36.748712678,0.000000000,0.000097963,0.000000000,0.100000001
2026-07-06 23:40:22.620,1783352422.619929552,20.009385522,1,1,19.995172343,1,0.004489082,5,1,0.004324904,5,1,0,0,0,0,1,1,1,1,1,1,0.024212776,-0.434395778,0.178794078,2.469803081,1,18.938054350,6,1,6,1:-0.006:-0.020|2:-1.843:0.764|3:-1.680:1.112|4:-1.685:1.809|5:-1.709:2.569|6:-0.827:2.882,0,-1.000000000,,0,0,0.000000000,0.000000000,0,-1.000000000,0,,0,-1.000000000,,0,-1.000000000,0,,1,0.006294250,0.360633988,0.007326126,-0.139194489,1,3.266286135,187.144410202,0.002442360,-2.769229889,1,-2.892156601,-165.708366925,0.002442360,2.550426483,1,-0.175288200,-10.043274080,-0.007326126,0.407814026,1,0.641769409,36.770678567,0.085468292,-0.006104946,-0.004005432,-0.229494356,0.000000000,-0.000000000,8.000000000,2.500000000,3.297948122,188.958508445,0.000000000,-2.821826696,2.000000000,0.500000000,-2.900548935,-166.189212243,0.000000000,2.576432705,1.000000000,0.500000000,-0.179102898,-10.261840134,0.000000000,0.422004700,0.500000000,0.200000003,0.641386032,36.748712678,0.000000000,0.000097963,0.000000000,0.100000001
2026-07-06 23:40:23.619,1783352423.619868755,21.009324746,1,1,20.995111567,1,0.004596339,5,1,0.004290989,5,1,0,0,0,0,1,1,1,1,1,1,0.024537402,-0.612756470,0.209683199,2.667114535,1,19.937993574,6,1,6,1:-0.006:-0.020|2:-1.843:0.764|3:-1.680:1.112|4:-1.685:1.809|5:-1.709:2.569|6:-0.827:2.882,0,-1.000000000,,0,0,0.000000000,0.000000000,0,-1.000000000,0,,0,-1.000000000,,0,-1.000000000,0,,1,0.003623962,0.207637751,0.065933228,-0.144078255,1,3.266286135,187.144410202,-0.002442360,-2.769229889,1,-2.892156601,-165.708366925,0.002442360,2.550426483,1,-0.174143791,-9.977704264,0.007326126,0.412698746,1,0.641002655,36.726746790,0.012210846,-0.003663063,-0.004005432,-0.229494356,0.000000000,-0.000000000,8.000000000,2.500000000,3.297948122,188.958508445,0.000000000,-2.821826696,2.000000000,0.500000000,-2.900548935,-166.189212243,0.000000000,2.576432705,1.000000000,0.500000000,-0.179102898,-10.261840134,0.000000000,0.422004700,0.500000000,0.200000003,0.641386032,36.748712678,0.000000000,0.000097963,0.000000000,0.100000001
2026-07-06 23:40:24.619,1783352424.619794130,22.009250177,1,1,21.995036998,1,0.004323175,5,1,0.004269029,5,1,0,0,0,0,1,1,1,1,1,1,0.024567661,-0.797695318,0.270028145,2.708153532,1,20.937919005,6,1,6,1:-0.006:-0.020|2:-1.843:0.764|3:-1.680:1.112|4:-1.685:1.809|5:-1.709:2.569|6:-0.827:2.882,0,-1.000000000,,0,0,0.000000000,0.000000000,0,-1.000000000,0,,0,-1.000000000,,0,-1.000000000,0,,1,0.007820129,0.448060410,0.036630630,-0.197802544,1,3.266286135,187.144410202,-0.007326126,-2.769229889,1,-2.892156601,-165.708366925,-0.002442360,2.550426483,1,-0.174143791,-9.977704264,-0.021978378,0.407814026,1,0.641002655,36.726746790,-0.012210846,-0.003663063,-0.004005432,-0.229494356,0.000000000,-0.000000000,8.000000000,2.500000000,3.297948122,188.958508445,0.000000000,-2.821826696,2.000000000,0.500000000,-2.900548935,-166.189212243,0.000000000,2.576432705,1.000000000,0.500000000,-0.179102898,-10.261840134,0.000000000,0.422004700,0.500000000,0.200000003,0.641386032,36.748712678,0.000000000,0.000097963,0.000000000,0.100000001
2026-07-06 23:40:25.619,1783352425.619802713,23.009258579,1,1,22.995045400,1,0.004435309,5,1,0.004399269,5,1,0,0,0,0,1,1,1,1,1,1,0.024563736,-0.943453603,0.337447789,2.713579017,1,21.937927407,6,1,6,1:-0.006:-0.020|2:-1.843:0.764|3:-1.680:1.112|4:-1.685:1.809|5:-1.709:2.569|6:-0.827:2.882,0,-1.000000000,,0,0,0.000000000,0.000000000,0,-1.000000000,0,,0,-1.000000000,,0,-1.000000000,0,,1,0.003623962,0.207637751,0.021978378,-0.007326126,1,3.266286135,187.144410202,-0.002442360,-2.769229889,1,-2.892156601,-165.708366925,-0.002442360,2.536752701,1,-0.171473503,-9.824708027,-0.007326126,0.412698746,1,0.641002655,36.726746790,0.036628723,-0.003663063,-0.004005432,-0.229494356,0.000000000,-0.000000000,8.000000000,2.500000000,3.297948122,188.958508445,0.000000000,-2.821826696,2.000000000,0.500000000,-2.900548935,-166.189212243,0.000000000,2.576432705,1.000000000,0.500000000,-0.179102898,-10.261840134,0.000000000,0.422004700,0.500000000,0.200000003,0.641386032,36.748712678,0.000000000,0.000097963,0.000000000,0.100000001
2026-07-06 23:40:26.619,1783352426.619690657,24.009146745,1,1,23.994933566,1,0.004657646,5,1,0.004371744,5,1,0,0,0,0,1,1,1,1,1,1,0.024488907,-1.083110870,0.404258745,2.704263032,1,22.937815573,6,1,6,1:-0.006:-0.020|2:-1.843:0.764|3:-1.680:1.112|4:-1.685:1.809|5:-1.709:2.569|6:-0.827:2.882,0,-1.000000000,,0,0,0.000000000,0.000000000,0,-1.000000000,0,,0,-1.000000000,,0,-1.000000000,0,,1,0.002861023,0.163924540,-0.007326126,-0.085470200,1,3.266286135,187.144410202,-0.002442360,-2.769229889,1,-2.892156601,-165.708366925,-0.002442360,2.550426483,1,-0.171473503,-9.824708027,0.007326126,0.412698746,1,0.641002655,36.726746790,-0.012210846,-0.003663063,-0.004005432,-0.229494356,0.000000000,-0.000000000,8.000000000,2.500000000,3.297948122,188.958508445,0.000000000,-2.821826696,2.000000000,0.500000000,-2.900548935,-166.189212243,0.000000000,2.576432705,1.000000000,0.500000000,-0.179102898,-10.261840134,0.000000000,0.422004700,0.500000000,0.200000003,0.641386032,36.748712678,0.000000000,0.000097963,0.000000000,0.100000001
2026-07-06 23:40:27.619,1783352427.619614363,25.009070507,1,1,24.994857328,1,0.004461219,5,1,0.004388425,5,1,0,0,0,0,1,1,1,1,1,1,0.024650065,-1.247750955,0.452848653,2.698483139,1,23.937739335,6,1,6,1:-0.006:-0.020|2:-1.843:0.764|3:-1.680:1.112|4:-1.685:1.809|5:-1.709:2.569|6:-0.827:2.882,0,-1.000000000,,0,0,0.000000000,0.000000000,0,-1.000000000,0,,0,-1.000000000,,0,-1.000000000,0,,1,0.002098083,0.120211329,-0.036630630,0.026862144,1,3.266286135,187.144410202,-0.002442360,-2.769229889,1,-2.892156601,-165.708366925,-0.002442360,2.550426483,1,-0.171473503,-9.824708027,-0.007326126,0.407814026,1,0.641002655,36.726746790,-0.036628723,-0.003663063,-0.004005432,-0.229494356,0.000000000,-0.000000000,8.000000000,2.500000000,3.297948122,188.958508445,0.000000000,-2.821826696,2.000000000,0.500000000,-2.900548935,-166.189212243,0.000000000,2.576432705,1.000000000,0.500000000,-0.179102898,-10.261840134,0.000000000,0.422004700,0.500000000,0.200000003,0.641386032,36.748712678,0.000000000,0.000097963,0.000000000,0.100000001
2026-07-06 23:40:28.619,1783352428.619478703,26.008934779,1,1,25.994721600,1,0.004559808,5,1,0.004260850,5,1,0,0,0,0,1,1,1,1,1,1,0.022904764,-1.392867492,0.537206592,2.700272771,1,24.937603607,6,1,6,1:-0.006:-0.020|2:-1.843:0.764|3:-1.680:1.112|4:-1.685:1.809|5:-1.709:2.569|6:-0.827:2.882,0,-1.000000000,,0,0,0.000000000,0.000000000,0,-1.000000000,0,,0,-1.000000000,,0,-1.000000000,0,,1,0.002861023,0.163924540,-0.007326126,-0.065934181,1,3.266286135,187.144410202,-0.002442360,-2.769229889,1,-2.892156601,-165.708366925,-0.002442360,2.536752701,1,-0.171473503,-9.824708027,0.007326126,0.407814026,1,0.641002655,36.726746790,0.012210846,-0.003663063,-0.004005432,-0.229494356,0.000000000,-0.000000000,8.000000000,2.500000000,3.297948122,188.958508445,0.000000000,-2.821826696,2.000000000,0.500000000,-2.900548935,-166.189212243,0.000000000,2.576432705,1.000000000,0.500000000,-0.179102898,-10.261840134,0.000000000,0.422004700,0.500000000,0.200000003,0.641386032,36.748712678,0.000000000,0.000097963,0.000000000,0.100000001
2026-07-06 23:40:29.619,1783352429.619434834,27.008890607,1,1,26.994677428,1,0.003873350,5,1,0.004159516,5,1,0,0,0,0,1,1,1,1,1,1,0.024666496,-1.518583540,0.597708330,2.661679744,1,25.937559435,6,1,6,1:-0.006:-0.020|2:-1.843:0.764|3:-1.680:1.112|4:-1.685:1.809|5:-1.709:2.569|6:-0.827:2.882,0,-1.000000000,,0,0,0.000000000,0.000000000,0,-1.000000000,0,,0,-1.000000000,,0,-1.000000000,0,,1,0.007057190,0.404347199,-0.007326126,-0.114773750,1,3.266286135,187.144410202,-0.002442360,-2.782905579,1,-2.892156601,-165.708366925,-0.002442360,2.550426483,1,-0.171473503,-9.824708027,0.007326126,0.407814026,1,0.641002655,36.726746790,-0.085468292,-0.003663063,-0.004005432,-0.229494356,0.000000000,-0.000000000,8.000000000,2.500000000,3.297948122,188.958508445,0.000000000,-2.821826696,2.000000000,0.500000000,-2.900548935,-166.189212243,0.000000000,2.576432705,1.000000000,0.500000000,-0.179102898,-10.261840134,0.000000000,0.422004700,0.500000000,0.200000003,0.641386032,36.748712678,0.000000000,0.000097963,0.000000000,0.100000001
2026-07-06 23:40:30.619,1783352430.619360685,28.008816742,1,1,27.994603563,1,0.004401270,5,1,0.004228250,5,1,0,0,0,0,1,1,1,1,1,1,0.024625121,-1.646260552,0.655497314,2.653890893,1,26.937485570,6,1,6,1:-0.006:-0.020|2:-1.843:0.764|3:-1.680:1.112|4:-1.685:1.809|5:-1.709:2.569|6:-0.827:2.882,0,-1.000000000,,0,0,0.000000000,0.000000000,0,-1.000000000,0,,0,-1.000000000,,0,-1.000000000,0,,1,0.004386902,0.251350961,-0.021978378,-0.109889984,1,3.266286135,187.144410202,-0.002442360,-2.769229889,1,-2.892156601,-165.708366925,-0.002442360,2.536752701,1,-0.171473503,-9.824708027,-0.007326126,0.407814026,1,0.641002655,36.726746790,-0.012210846,-0.003663063,-0.004005432,-0.229494356,0.000000000,-0.000000000,8.000000000,2.500000000,3.297948122,188.958508445,0.000000000,-2.821826696,2.000000000,0.500000000,-2.900548935,-166.189212243,0.000000000,2.576432705,1.000000000,0.500000000,-0.179102898,-10.261840134,0.000000000,0.422004700,0.500000000,0.200000003,0.641386032,36.748712678,0.000000000,0.000097963,0.000000000,0.100000001
2026-07-06 23:40:31.619,1783352431.619285583,29.008741422,1,1,28.994528243,1,0.004552747,5,1,0.004322539,5,1,0,0,0,0,1,1,1,1,1,1,0.024487053,-1.689915145,0.671593460,2.653957287,1,27.937410250,6,1,6,1:-0.006:-0.020|2:-1.843:0.764|3:-1.680:1.112|4:-1.685:1.809|5:-1.709:2.569|6:-0.827:2.882,0,-1.000000000,,0,0,0.000000000,0.000000000,0,-1.000000000,0,,0,-1.000000000,,0,-1.000000000,0,,1,0.003242493,0.185781145,0.007326126,-0.109889984,1,3.266286135,187.144410202,-0.007326126,-2.769229889,1,-2.892156601,-165.708366925,-0.002442360,2.550426483,1,-0.171473503,-9.824708027,-0.007326126,0.407814026,1,0.641002655,36.726746790,-0.012210846,-0.003663063,-0.004005432,-0.229494356,0.000000000,-0.000000000,8.000000000,2.500000000,3.297948122,188.958508445,0.000000000,-2.821826696,2.000000000,0.500000000,-2.900548935,-166.189212243,0.000000000,2.576432705,1.000000000,0.500000000,-0.179102898,-10.261840134,0.000000000,0.422004700,0.500000000,0.200000003,0.641386032,36.748712678,0.000000000,0.000097963,0.000000000,0.100000001
2026-07-06 23:40:32.619,1783352432.619223595,30.008679436,1,1,29.994466257,1,0.004438368,5,1,0.004270491,5,1,0,0,0,0,1,1,1,1,1,1,0.024406958,-1.678687630,0.674126890,2.648943885,1,28.937348264,6,1,6,1:-0.006:-0.020|2:-1.843:0.764|3:-1.680:1.112|4:-1.685:1.809|5:-1.709:2.569|6:-0.827:2.882,0,-1.000000000,,0,0,0.000000000,0.000000000,0,-1.000000000,0,,0,-1.000000000,,0,-1.000000000,0,,1,0.003623962,0.207637751,-0.007326126,-0.080586433,1,3.266286135,187.144410202,-0.002442360,-2.769229889,1,-2.892156601,-165.708366925,-0.007326126,2.550426483,1,-0.171473503,-9.824708027,-0.007326126,0.407814026,1,0.641002655,36.726746790,-0.012210846,-0.003663063,-0.004005432,-0.229494356,0.000000000,-0.000000000,8.000000000,2.500000000,3.297948122,188.958508445,0.000000000,-2.821826696,2.000000000,0.500000000,-2.900548935,-166.189212243,0.000000000,2.576432705,1.000000000,0.500000000,-0.179102898,-10.261840134,0.000000000,0.422004700,0.500000000,0.200000003,0.641386032,36.748712678,0.000000000,0.000097963,0.000000000,0.100000001
2026-07-06 23:40:33.619,1783352433.619127512,31.008583533,1,1,30.994370354,1,0.004590897,5,1,0.004348550,5,1,0,0,0,0,1,1,1,1,1,1,0.024466135,-1.630918290,0.725823541,2.411161906,1,29.937252361,6,1,6,1:-0.006:-0.020|2:-1.843:0.764|3:-1.680:1.112|4:-1.685:1.809|5:-1.709:2.569|6:-0.827:2.882,0,-1.000000000,,0,0,0.000000000,0.000000000,0,-1.000000000,0,,0,-1.000000000,,0,-1.000000000,0,,1,0.003623962,0.207637751,-0.007326126,-0.085470200,1,3.266286135,187.144410202,-0.002442360,-2.769229889,1,-2.892156601,-165.708366925,0.002442360,2.550426483,1,-0.171473503,-9.824708027,0.007326126,0.412698746,1,0.641002655,36.726746790,-0.012210846,-0.003663063,-0.004005432,-0.229494356,0.000000000,-0.000000000,8.000000000,2.500000000,3.297948122,188.958508445,0.000000000,-2.821826696,2.000000000,0.500000000,-2.900548935,-166.189212243,0.000000000,2.576432705,1.000000000,0.500000000,-0.179102898,-10.261840134,0.000000000,0.422004700,0.500000000,0.200000003,0.641386032,36.748712678,0.000000000,0.000097963,0.000000000,0.100000001
2026-07-06 23:40:34.619,1783352434.619065762,32.008521929,1,1,31.994308750,1,0.004288070,5,1,0.004252705,5,1,0,0,0,0,1,1,1,1,1,1,0.024681875,-1.500173984,0.794623077,1.904726813,1,30.937190757,6,1,6,1:-0.006:-0.020|2:-1.843:0.764|3:-1.680:1.112|4:-1.685:1.809|5:-1.709:2.569|6:-0.827:2.882,0,-1.000000000,,0,0,0.000000000,0.000000000,0,-1.000000000,0,,0,-1.000000000,,0,-1.000000000,0,,1,0.005531311,0.316920777,-0.007326126,-0.065934181,1,3.266286135,187.144410202,-0.002442360,-2.769229889,1,-2.892156601,-165.708366925,-0.002442360,2.550426483,1,-0.171473503,-9.824708027,-0.007326126,0.407814026,1,0.641002655,36.726746790,-0.061050415,-0.003663063,-0.004005432,-0.229494356,0.000000000,-0.000000000,8.000000000,2.500000000,3.297948122,188.958508445,0.000000000,-2.821826696,2.000000000,0.500000000,-2.900548935,-166.189212243,0.000000000,2.576432705,1.000000000,0.500000000,-0.179102898,-10.261840134,0.000000000,0.422004700,0.500000000,0.200000003,0.641386032,36.748712678,0.000000000,0.000097963,0.000000000,0.100000001
2026-07-06 23:40:35.619,1783352435.618999004,33.008455037,1,1,32.994241858,1,0.004250303,5,1,0.004233805,5,1,0,0,0,0,1,1,1,1,1,1,0.024578955,-1.414387386,0.774568047,1.596794013,1,31.937123865,6,1,6,1:-0.006:-0.020|2:-1.843:0.764|3:-1.680:1.112|4:-1.685:1.809|5:-1.709:2.569|6:-0.827:2.882,0,-1.000000000,,0,0,0.000000000,0.000000000,0,-1.000000000,0,,0,-1.000000000,,0,-1.000000000,0,,1,0.006675720,0.382490594,-0.007326126,-0.114773750,1,3.266286135,187.144410202,-0.002442360,-2.769229889,1,-2.892156601,-165.708366925,-0.002442360,2.550426483,1,-0.171473503,-9.824708027,-0.007326126,0.407814026,1,0.641002655,36.726746790,-0.012210846,-0.003663063,-0.004005432,-0.229494356,0.000000000,-0.000000000,8.000000000,2.500000000,3.297948122,188.958508445,0.000000000,-2.821826696,2.000000000,0.500000000,-2.900548935,-166.189212243,0.000000000,2.576432705,1.000000000,0.500000000,-0.179102898,-10.261840134,0.000000000,0.422004700,0.500000000,0.200000003,0.641386032,36.748712678,0.000000000,0.000097963,0.000000000,0.100000001
2026-07-06 23:40:36.619,1783352436.618932486,34.008388396,1,1,33.994175217,1,0.004223433,5,1,0.004190312,5,1,0,0,0,0,1,1,1,1,1,1,0.024546328,-1.400348965,0.768814932,1.559915558,1,32.937057224,6,1,6,1:-0.006:-0.020|2:-1.843:0.764|3:-1.680:1.112|4:-1.685:1.809|5:-1.709:2.569|6:-0.827:2.882,0,-1.000000000,,0,0,0.000000000,0.000000000,0,-1.000000000,0,,0,-1.000000000,,0,-1.000000000,0,,1,0.006675720,0.382490594,-0.007326126,-0.070817947,1,3.266286135,187.144410202,-0.002442360,-2.769229889,1,-2.892156601,-165.708366925,0.002442360,2.536752701,1,-0.171473503,-9.824708027,-0.007326126,0.407814026,1,0.641002655,36.726746790,-0.012210846,-0.003663063,-0.004005432,-0.229494356,0.000000000,-0.000000000,8.000000000,2.500000000,3.297948122,188.958508445,0.000000000,-2.821826696,2.000000000,0.500000000,-2.900548935,-166.189212243,0.000000000,2.576432705,1.000000000,0.500000000,-0.179102898,-10.261840134,0.000000000,0.422004700,0.500000000,0.200000003,0.641386032,36.748712678,0.000000000,0.000097963,0.000000000,0.100000001
2026-07-06 23:40:37.619,1783352437.618855238,35.008311085,1,1,34.994097906,1,0.004353348,5,1,0.004281394,5,1,0,0,0,0,1,1,1,1,1,1,0.024305420,-1.437296235,0.804293165,1.667396924,1,33.936979913,6,1,6,1:-0.006:-0.020|2:-1.843:0.764|3:-1.680:1.112|4:-1.685:1.809|5:-1.709:2.569|6:-0.827:2.882,0,-1.000000000,,0,0,0.000000000,0.000000000,0,-1.000000000,0,,0,-1.000000000,,0,-1.000000000,0,,1,0.007438660,0.426203804,0.007326126,-0.119658470,1,3.266286135,187.144410202,-0.002442360,-2.769229889,1,-2.892156601,-165.708366925,-0.002442360,2.536752701,1,-0.171473503,-9.824708027,-0.007326126,0.407814026,1,0.641002655,36.726746790,-0.012210846,-0.003663063,-0.004005432,-0.229494356,0.000000000,-0.000000000,8.000000000,2.500000000,3.297948122,188.958508445,0.000000000,-2.821826696,2.000000000,0.500000000,-2.900548935,-166.189212243,0.000000000,2.576432705,1.000000000,0.500000000,-0.179102898,-10.261840134,0.000000000,0.422004700,0.500000000,0.200000003,0.641386032,36.748712678,0.000000000,0.000097963,0.000000000,0.100000001
2026-07-06 23:40:38.618,1783352438.618793488,36.008249550,1,1,35.994036371,1,0.004182063,5,1,0.004161351,5,1,0,0,0,0,1,1,1,1,1,1,0.024407910,-1.583670098,0.976359872,1.975761677,1,34.936918378,6,1,6,1:-0.006:-0.020|2:-1.843:0.764|3:-1.680:1.112|4:-1.685:1.809|5:-1.709:2.569|6:-0.827:2.882,0,-1.000000000,,0,0,0.000000000,0.000000000,0,-1.000000000,0,,0,-1.000000000,,0,-1.000000000,0,,1,0.006294250,0.360633988,-0.007326126,-0.095237732,1,3.266286135,187.144410202,-0.002442360,-2.769229889,1,-2.892156601,-165.708366925,-0.002442360,2.550426483,1,-0.171473503,-9.824708027,-0.007326126,0.407814026,1,0.641002655,36.726746790,-0.012210846,-0.003663063,-0.004005432,-0.229494356,0.000000000,-0.000000000,8.000000000,2.500000000,3.297948122,188.958508445,0.000000000,-2.821826696,2.000000000,0.500000000,-2.900548935,-166.189212243,0.000000000,2.576432705,1.000000000,0.500000000,-0.179102898,-10.261840134,0.000000000,0.422004700,0.500000000,0.200000003,0.641386032,36.748712678,0.000000000,0.000097963,0.000000000,0.100000001
2026-07-06 23:40:39.618,1783352439.618717432,37.008173528,1,1,36.993960349,1,0.004058723,5,1,0.004033462,5,1,0,0,0,0,1,1,1,1,1,1,0.024398521,-1.541809517,1.148449507,1.724516192,1,35.936842356,6,1,6,1:-0.006:-0.020|2:-1.843:0.764|3:-1.680:1.112|4:-1.685:1.809|5:-1.709:2.569|6:-0.827:2.882,0,-1.000000000,,0,0,0.000000000,0.000000000,0,-1.000000000,0,,0,-1.000000000,,0,-1.000000000,0,,1,0.006675720,0.382490594,-0.007326126,-0.085470200,1,3.266286135,187.144410202,-0.002442360,-2.769229889,1,-2.892156601,-165.708366925,-0.002442360,2.550426483,1,-0.171473503,-9.824708027,-0.007326126,0.412698746,1,0.641002655,36.726746790,-0.012210846,-0.003663063,-0.004005432,-0.229494356,0.000000000,-0.000000000,8.000000000,2.500000000,3.297948122,188.958508445,0.000000000,-2.821826696,2.000000000,0.500000000,-2.900548935,-166.189212243,0.000000000,2.576432705,1.000000000,0.500000000,-0.179102898,-10.261840134,0.000000000,0.422004700,0.500000000,0.200000003,0.641386032,36.748712678,0.000000000,0.000097963,0.000000000,0.100000001
2026-07-06 23:40:40.618,1783352440.618655205,38.008111115,1,1,37.993897936,1,0.004004256,5,1,0.004232018,5,1,0,0,0,0,1,1,1,1,1,1,0.024308060,-1.555130185,1.269578490,1.646525365,1,36.936779943,6,1,6,1:-0.006:-0.020|2:-1.843:0.764|3:-1.680:1.112|4:-1.685:1.809|5:-1.709:2.569|6:-0.827:2.882,0,-1.000000000,,0,0,0.000000000,0.000000000,0,-1.000000000,0,,0,-1.000000000,,0,-1.000000000,0,,1,0.007057190,0.404347199,-0.007326126,-0.100122452,1,3.266286135,187.144410202,-0.002442360,-2.769229889,1,-2.892156601,-165.708366925,-0.002442360,2.550426483,1,-0.171473503,-9.824708027,-0.007326126,0.407814026,1,0.641002655,36.726746790,-0.012210846,-0.003663063,-0.004005432,-0.229494356,0.000000000,-0.000000000,8.000000000,2.500000000,3.297948122,188.958508445,0.000000000,-2.821826696,2.000000000,0.500000000,-2.900548935,-166.189212243,0.000000000,2.576432705,1.000000000,0.500000000,-0.179102898,-10.261840134,0.000000000,0.422004700,0.500000000,0.200000003,0.641386032,36.748712678,0.000000000,0.000097963,0.000000000,0.100000001
2026-07-06 23:40:41.618,1783352441.618564129,39.008020175,1,1,38.993806996,1,0.004101849,5,1,0.004159634,5,1,0,0,0,0,1,1,1,1,1,1,0.024074456,-1.587797003,1.402145578,1.699424685,1,37.936689003,6,1,6,1:-0.006:-0.020|2:-1.843:0.764|3:-1.680:1.112|4:-1.685:1.809|5:-1.709:2.569|6:-0.827:2.882,0,-1.000000000,,0,0,0.000000000,0.000000000,0,-1.000000000,0,,0,-1.000000000,,0,-1.000000000,0,,1,0.006675720,0.382490594,-0.021978378,-0.105006218,1,3.266286135,187.144410202,-0.002442360,-2.769229889,1,-2.892156601,-165.708366925,-0.002442360,2.550426483,1,-0.171473503,-9.824708027,-0.007326126,0.407814026,1,0.641002655,36.726746790,0.012210846,-0.003663063,-0.004005432,-0.229494356,0.000000000,-0.000000000,8.000000000,2.500000000,3.297948122,188.958508445,0.000000000,-2.821826696,2.000000000,0.500000000,-2.900548935,-166.189212243,0.000000000,2.576432705,1.000000000,0.500000000,-0.179102898,-10.261840134,0.000000000,0.422004700,0.500000000,0.200000003,0.641386032,36.748712678,0.000000000,0.000097963,0.000000000,0.100000001
2026-07-06 23:40:42.618,1783352442.618473530,40.007929536,1,1,39.993716357,1,0.004138201,5,1,0.004113926,5,1,0,0,0,0,1,1,1,1,1,1,0.024394208,-1.658466814,1.590195044,1.737643336,1,38.936598364,6,1,6,1:-0.006:-0.020|2:-1.843:0.764|3:-1.680:1.112|4:-1.685:1.809|5:-1.709:2.569|6:-0.827:2.882,0,-1.000000000,,0,0,0.000000000,0.000000000,0,-1.000000000,0,,0,-1.000000000,,0,-1.000000000,0,,1,0.007057190,0.404347199,0.007326126,-0.100122452,1,3.266286135,187.144410202,0.002442360,-2.769229889,1,-2.892156601,-165.708366925,-0.002442360,2.550426483,1,-0.171092033,-9.802851421,-0.007326126,0.407814026,1,0.641002655,36.726746790,-0.012210846,-0.003663063,-0.004005432,-0.229494356,0.000000000,-0.000000000,8.000000000,2.500000000,3.297948122,188.958508445,0.000000000,-2.821826696,2.000000000,0.500000000,-2.900548935,-166.189212243,0.000000000,2.576432705,1.000000000,0.500000000,-0.179102898,-10.261840134,0.000000000,0.422004700,0.500000000,0.200000003,0.641386032,36.748712678,0.000000000,0.000097963,0.000000000,0.100000001
2026-07-06 23:40:43.618,1783352443.618421316,41.007877153,1,1,40.993663974,1,0.004158938,5,1,0.004231332,5,1,0,0,0,0,1,1,1,1,1,1,0.024281280,-1.663867893,1.647452820,1.733630479,1,39.936545981,6,1,6,1:-0.006:-0.020|2:-1.843:0.764|3:-1.680:1.112|4:-1.685:1.809|5:-1.709:2.569|6:-0.827:2.882,0,-1.000000000,,0,0,0.000000000,0.000000000,0,-1.000000000,0,,0,-1.000000000,,0,-1.000000000,0,,1,0.006675720,0.382490594,0.007326126,-0.114773750,1,3.266286135,187.144410202,-0.007326126,-2.782905579,1,-2.892156601,-165.708366925,0.002442360,2.550426483,1,-0.171473503,-9.824708027,-0.007326126,0.407814026,1,0.641002655,36.726746790,-0.036628723,-0.003663063,-0.004005432,-0.229494356,0.000000000,-0.000000000,8.000000000,2.500000000,3.297948122,188.958508445,0.000000000,-2.821826696,2.000000000,0.500000000,-2.900548935,-166.189212243,0.000000000,2.576432705,1.000000000,0.500000000,-0.179102898,-10.261840134,0.000000000,0.422004700,0.500000000,0.200000003,0.641386032,36.748712678,0.000000000,0.000097963,0.000000000,0.100000001
2026-07-06 23:40:44.618,1783352444.618390560,42.007846401,1,1,41.993633222,1,0.003927092,5,1,0.004254662,5,1,0,0,0,0,1,1,1,1,1,1,0.024600591,-1.653035384,1.689233616,1.686696672,1,40.936515229,6,1,6,1:-0.006:-0.020|2:-1.843:0.764|3:-1.680:1.112|4:-1.685:1.809|5:-1.709:2.569|6:-0.827:2.882,0,-1.000000000,,0,0,0.000000000,0.000000000,0,-1.000000000,0,,0,-1.000000000,,0,-1.000000000,0,,1,0.006675720,0.382490594,0.007326126,-0.109889984,1,3.266286135,187.144410202,-0.002442360,-2.782905579,1,-2.892156601,-165.708366925,-0.002442360,2.550426483,1,-0.171473503,-9.824708027,-0.021978378,0.412698746,1,0.641002655,36.726746790,-0.012210846,-0.003663063,-0.004005432,-0.229494356,0.000000000,-0.000000000,8.000000000,2.500000000,3.297948122,188.958508445,0.000000000,-2.821826696,2.000000000,0.500000000,-2.900548935,-166.189212243,0.000000000,2.576432705,1.000000000,0.500000000,-0.179102898,-10.261840134,0.000000000,0.422004700,0.500000000,0.200000003,0.641386032,36.748712678,0.000000000,0.000097963,0.000000000,0.100000001
2026-07-06 23:40:45.618,1783352445.618305445,43.007761605,1,1,42.993548426,1,0.004097859,5,1,0.004289767,5,1,0,0,0,0,1,1,1,1,1,1,0.024395519,-1.657212955,1.753812630,1.663088994,1,41.936430433,6,1,6,1:-0.006:-0.020|2:-1.843:0.764|3:-1.680:1.112|4:-1.685:1.809|5:-1.709:2.569|6:-0.827:2.882,1,0.722016307,pickup,0,4,-1.685056000,1.809350000,1,0.721991091,1,received,0,-1.000000000,,0,-1.000000000,0,,1,0.006675720,0.382490594,-0.007326126,-0.095237732,1,3.266286135,187.144410202,-0.002442360,-2.769229889,1,-2.892156601,-165.708366925,-0.002442360,2.536752701,1,-0.171473503,-9.824708027,-0.021978378,0.407814026,1,0.641002655,36.726746790,-0.012210846,-0.003663063,-0.004005432,-0.229494356,0.000000000,-0.000000000,8.000000000,2.500000000,3.297948122,188.958508445,0.000000000,-2.821826696,2.000000000,0.500000000,-2.900548935,-166.189212243,0.000000000,2.576432705,1.000000000,0.500000000,-0.179102898,-10.261840134,0.000000000,0.422004700,0.500000000,0.200000003,0.641386032,36.748712678,0.000000000,0.000097963,0.000000000,0.100000001
2026-07-06 23:40:46.618,1783352446.618221998,44.007677969,1,1,43.993464790,1,0.004173337,5,1,0.004154871,5,1,0,0,0,0,1,1,1,1,1,1,0.024426894,-1.669390182,1.763647263,1.663053180,1,42.936346797,6,1,6,1:-0.006:-0.020|2:-1.843:0.764|3:-1.680:1.112|4:-1.685:1.809|5:-1.709:2.569|6:-0.827:2.882,1,1.721932671,pickup,0,4,-1.685056000,1.809350000,1,1.721907455,1,received,0,-1.000000000,,0,-1.000000000,0,,1,0.007057190,0.404347199,0.007326126,-0.109889984,1,3.266286135,187.144410202,-0.007326126,-2.769229889,1,-2.892156601,-165.708366925,-0.002442360,2.536752701,1,-0.171473503,-9.824708027,-0.007326126,0.412698746,1,0.641002655,36.726746790,-0.036628723,-0.003663063,-0.004005432,-0.229494356,0.000000000,-0.000000000,8.000000000,2.500000000,3.297948122,188.958508445,0.000000000,-2.821826696,2.000000000,0.500000000,-2.900548935,-166.189212243,0.000000000,2.576432705,1.000000000,0.500000000,-0.179102898,-10.261840134,0.000000000,0.422004700,0.500000000,0.200000003,0.641386032,36.748712678,0.000000000,0.000097963,0.000000000,0.100000001
2026-07-06 23:40:47.618,1783352447.618124723,45.007580698,1,1,44.993367519,1,0.004102453,5,1,0.004214001,5,1,0,0,0,0,1,1,1,1,1,1,0.024323352,-1.662262091,1.761952568,1.663297947,1,43.936249526,6,1,6,1:-0.006:-0.020|2:-1.843:0.764|3:-1.680:1.112|4:-1.685:1.809|5:-1.709:2.569|6:-0.827:2.882,1,2.721835400,pickup,0,4,-1.685056000,1.809350000,1,2.721810184,1,received,0,-1.000000000,,0,-1.000000000,0,,1,0.006675720,0.382490594,-0.007326126,-0.109889984,1,3.266286135,187.144410202,-0.002442360,-2.769229889,1,-2.892156601,-165.708366925,-0.007326126,2.550426483,1,-0.171473503,-9.824708027,-0.007326126,0.407814026,1,0.641002655,36.726746790,-0.036628723,-0.003663063,-0.004005432,-0.229494356,0.000000000,-0.000000000,8.000000000,2.500000000,3.297948122,188.958508445,0.000000000,-2.821826696,2.000000000,0.500000000,-2.900548935,-166.189212243,0.000000000,2.576432705,1.000000000,0.500000000,-0.179102898,-10.261840134,0.000000000,0.422004700,0.500000000,0.200000003,0.641386032,36.748712678,0.000000000,0.000097963,0.000000000,0.100000001
2026-07-06 23:40:48.618,1783352448.618059635,46.007515554,1,1,45.993302375,1,0.003864137,5,1,0.004153727,5,1,0,0,0,0,1,1,1,1,1,1,0.024248981,-1.663979109,1.759065727,1.665342990,1,44.936184382,6,1,6,1:-0.006:-0.020|2:-1.843:0.764|3:-1.680:1.112|4:-1.685:1.809|5:-1.709:2.569|6:-0.827:2.882,1,3.721770256,pickup,0,4,-1.685056000,1.809350000,1,3.721745040,1,received,0,-1.000000000,,0,-1.000000000,0,,1,0.006675720,0.382490594,-0.021978378,-0.114773750,1,3.266286135,187.144410202,-0.002442360,-2.769229889,1,-2.892156601,-165.708366925,-0.002442360,2.564102173,1,-0.171092033,-9.802851421,-0.007326126,0.407814026,1,0.640619278,36.704780901,-0.036628723,-0.003663063,-0.004005432,-0.229494356,0.000000000,-0.000000000,8.000000000,2.500000000,3.297948122,188.958508445,0.000000000,-2.821826696,2.000000000,0.500000000,-2.900548935,-166.189212243,0.000000000,2.576432705,1.000000000,0.500000000,-0.179102898,-10.261840134,0.000000000,0.422004700,0.500000000,0.200000003,0.641386032,36.748712678,0.000000000,0.000097963,0.000000000,0.100000001
2026-07-06 23:40:49.618,1783352449.618021727,47.007477631,1,1,46.993264452,1,0.003947292,5,1,0.004225030,5,1,0,0,0,0,1,1,1,1,1,1,0.024442864,-1.662246929,1.759198583,1.665183820,1,45.936146459,6,1,6,1:-0.006:-0.020|2:-1.843:0.764|3:-1.680:1.112|4:-1.685:1.809|5:-1.709:2.569|6:-0.827:2.882,1,4.721732333,pickup,0,4,-1.685056000,1.809350000,1,4.721707117,1,received,0,-1.000000000,,0,-1.000000000,0,,1,0.006675720,0.382490594,0.007326126,-0.109889984,1,3.266286135,187.144410202,-0.002442360,-2.769229889,1,-2.892156601,-165.708366925,0.002442360,2.536752701,1,-0.171092033,-9.802851421,0.007326126,0.407814026,1,0.641002655,36.726746790,-0.012210846,-0.003663063,-0.004005432,-0.229494356,0.000000000,-0.000000000,8.000000000,2.500000000,3.297948122,188.958508445,0.000000000,-2.821826696,2.000000000,0.500000000,-2.900548935,-166.189212243,0.000000000,2.576432705,1.000000000,0.500000000,-0.179102898,-10.261840134,0.000000000,0.422004700,0.500000000,0.200000003,0.641386032,36.748712678,0.000000000,0.000097963,0.000000000,0.100000001
2026-07-06 23:40:50.618,1783352450.617953062,48.007408880,1,1,47.993195701,1,0.004621550,5,1,0.004328357,5,1,0,0,0,0,1,1,1,1,1,1,0.024663300,-1.649938395,1.758012751,1.664476273,1,46.936077708,6,1,6,1:-0.006:-0.020|2:-1.843:0.764|3:-1.680:1.112|4:-1.685:1.809|5:-1.709:2.569|6:-0.827:2.882,1,5.721663582,pickup,0,4,-1.685056000,1.809350000,1,5.721638366,1,received,0,-1.000000000,,0,-1.000000000,0,,1,0.006675720,0.382490594,-0.007326126,-0.109889984,1,3.266286135,187.144410202,-0.002442360,-2.769229889,0,-2.892156601,-165.708366925,-0.002442360,2.550426483,0,-0.171092033,-9.802851421,0.007326126,0.412698746,1,0.641002655,36.726746790,-0.036628723,-0.003663063,-0.004005432,-0.229494356,0.000000000,-0.000000000,8.000000000,2.500000000,3.297948122,188.958508445,0.000000000,-2.821826696,2.000000000,0.500000000,-2.900548935,-166.189212243,0.000000000,2.576432705,1.000000000,0.500000000,-0.179102898,-10.261840134,0.000000000,0.422004700,0.500000000,0.200000003,0.641386032,36.748712678,0.000000000,0.000097963,0.000000000,0.100000001
2026-07-06 23:40:51.617,1783352451.617840290,49.007296275,1,1,48.993083096,1,0.004461986,5,1,0.004197962,5,1,0,0,0,0,1,1,1,1,1,1,0.024411022,-1.670290328,1.759445702,1.665324508,1,47.935965103,6,1,6,1:-0.006:-0.020|2:-1.843:0.764|3:-1.680:1.112|4:-1.685:1.809|5:-1.709:2.569|6:-0.827:2.882,1,6.721550977,pickup,0,4,-1.685056000,1.809350000,1,6.721525761,1,received,0,-1.000000000,,0,-1.000000000,0,,1,0.006675720,0.382490594,0.007326126,-0.105006218,1,3.266286135,187.144410202,-0.002442360,-2.769229889,1,-2.892156601,-165.708366925,-0.002442360,2.550426483,1,-0.171473503,-9.824708027,-0.021978378,0.407814026,1,0.641002655,36.726746790,-0.061050415,-0.003663063,-0.004005432,-0.229494356,0.000000000,-0.000000000,8.000000000,2.500000000,3.297948122,188.958508445,0.000000000,-2.821826696,2.000000000,0.500000000,-2.900548935,-166.189212243,0.000000000,2.576432705,1.000000000,0.500000000,-0.179102898,-10.261840134,0.000000000,0.422004700,0.500000000,0.200000003,0.641386032,36.748712678,0.000000000,0.000097963,0.000000000,0.100000001
2026-07-06 23:40:52.617,1783352452.617782593,50.007238610,1,1,49.993025431,1,0.004604212,5,1,0.004286084,5,1,0,0,0,0,1,1,1,1,1,1,0.023327009,-1.663070689,1.757259299,1.664617795,1,48.935907438,6,1,6,1:-0.006:-0.020|2:-1.843:0.764|3:-1.680:1.112|4:-1.685:1.809|5:-1.709:2.569|6:-0.827:2.882,1,7.721493312,pickup,0,4,-1.685056000,1.809350000,1,7.721468096,1,received,0,-1.000000000,,0,-1.000000000,0,,1,0.006675720,0.382490594,-0.007326126,-0.109889984,1,3.266286135,187.144410202,-0.007326126,-2.769229889,1,-2.892156601,-165.708366925,-0.002442360,2.536752701,1,-0.171473503,-9.824708027,-0.007326126,0.412698746,1,0.641002655,36.726746790,0.012210846,-0.003663063,-0.004005432,-0.229494356,0.000000000,-0.000000000,8.000000000,2.500000000,3.297948122,188.958508445,0.000000000,-2.821826696,2.000000000,0.500000000,-2.900548935,-166.189212243,0.000000000,2.576432705,1.000000000,0.500000000,-0.179102898,-10.261840134,0.000000000,0.422004700,0.500000000,0.200000003,0.641386032,36.748712678,0.000000000,0.000097963,0.000000000,0.100000001
2026-07-06 23:40:53.617,1783352453.617682934,51.007138791,1,1,50.992925612,1,0.004410142,5,1,0.004288478,5,1,0,0,0,0,1,1,1,1,1,1,0.024508423,-1.662275277,1.755609397,1.665014170,1,49.935807619,6,1,6,1:-0.006:-0.020|2:-1.843:0.764|3:-1.680:1.112|4:-1.685:1.809|5:-1.709:2.569|6:-0.827:2.882,1,8.721393493,pickup,0,4,-1.685056000,1.809350000,1,8.721368277,1,received,0,-1.000000000,,0,-1.000000000,0,,1,0.006675720,0.382490594,-0.007326126,-0.109889984,1,3.266286135,187.144410202,-0.002442360,-2.769229889,1,-2.892156601,-165.708366925,-0.002442360,2.536752701,1,-0.171473503,-9.824708027,-0.007326126,0.412698746,1,0.641002655,36.726746790,0.012210846,-0.003663063,-0.004005432,-0.229494356,0.000000000,-0.000000000,8.000000000,2.500000000,3.297948122,188.958508445,0.000000000,-2.821826696,2.000000000,0.500000000,-2.900548935,-166.189212243,0.000000000,2.576432705,1.000000000,0.500000000,-0.179102898,-10.261840134,0.000000000,0.422004700,0.500000000,0.200000003,0.641386032,36.748712678,0.000000000,0.000097963,0.000000000,0.100000001
2026-07-06 23:40:54.617,1783352454.617625952,52.007081928,1,1,51.992868749,1,0.004449437,5,1,0.004352252,5,1,0,0,0,0,1,1,1,1,1,1,0.024531713,-1.658532853,1.764231848,1.664499505,1,50.935750756,6,1,6,1:-0.006:-0.020|2:-1.843:0.764|3:-1.680:1.112|4:-1.685:1.809|5:-1.709:2.569|6:-0.827:2.882,1,9.721336630,pickup,0,4,-1.685056000,1.809350000,1,9.721311414,1,received,0,-1.000000000,,0,-1.000000000,0,,1,0.006675720,0.382490594,-0.007326126,-0.105006218,1,3.266286135,187.144410202,-0.002442360,-2.782905579,1,-2.892156601,-165.708366925,-0.002442360,2.536752701,1,-0.171473503,-9.824708027,-0.007326126,0.412698746,1,0.641002655,36.726746790,-0.012210846,-0.003663063,-0.004005432,-0.229494356,0.000000000,-0.000000000,8.000000000,2.500000000,3.297948122,188.958508445,0.000000000,-2.821826696,2.000000000,0.500000000,-2.900548935,-166.189212243,0.000000000,2.576432705,1.000000000,0.500000000,-0.179102898,-10.261840134,0.000000000,0.422004700,0.500000000,0.200000003,0.641386032,36.748712678,0.000000000,0.000097963,0.000000000,0.100000001
2026-07-06 23:40:55.617,1783352455.617592812,53.007048874,1,1,52.992835695,1,0.004534475,5,1,0.004261304,5,1,0,0,0,0,1,1,1,1,1,1,0.024719115,-1.651330212,1.760097406,1.665644780,1,51.935717702,6,1,6,1:-0.006:-0.020|2:-1.843:0.764|3:-1.680:1.112|4:-1.685:1.809|5:-1.709:2.569|6:-0.827:2.882,1,10.721303576,pickup,0,4,-1.685056000,1.809350000,1,10.721278360,1,received,0,-1.000000000,,0,-1.000000000,0,,1,0.006675720,0.382490594,-0.021978378,-0.109889984,1,3.266286135,187.144410202,-0.002442360,-2.769229889,1,-2.892156601,-165.708366925,-0.007326126,2.550426483,1,-0.171473503,-9.824708027,-0.007326126,0.407814026,1,0.641002655,36.726746790,0.012210846,-0.003663063,-0.004005432,-0.229494356,0.000000000,-0.000000000,8.000000000,2.500000000,3.297948122,188.958508445,0.000000000,-2.821826696,2.000000000,0.500000000,-2.900548935,-166.189212243,0.000000000,2.576432705,1.000000000,0.500000000,-0.179102898,-10.261840134,0.000000000,0.422004700,0.500000000,0.200000003,0.641386032,36.748712678,0.000000000,0.000097963,0.000000000,0.100000001
2026-07-06 23:40:56.617,1783352456.617518902,54.006974828,1,1,53.992761649,1,0.004137864,5,1,0.004105816,5,1,0,0,0,0,1,1,1,1,1,1,0.023630575,-1.657730166,1.758494559,1.665512547,1,52.935643656,6,1,6,1:-0.006:-0.020|2:-1.843:0.764|3:-1.680:1.112|4:-1.685:1.809|5:-1.709:2.569|6:-0.827:2.882,1,11.721229530,pickup,0,4,-1.685056000,1.809350000,1,11.721204314,1,received,0,-1.000000000,,0,-1.000000000,0,,1,0.006675720,0.382490594,0.007326126,-0.109889984,1,3.266286135,187.144410202,-0.002442360,-2.769229889,1,-2.892156601,-165.708366925,-0.002442360,2.550426483,1,-0.171092033,-9.802851421,0.007326126,0.407814026,1,0.641002655,36.726746790,-0.012210846,-0.003663063,-0.004005432,-0.229494356,0.000000000,-0.000000000,8.000000000,2.500000000,3.297948122,188.958508445,0.000000000,-2.821826696,2.000000000,0.500000000,-2.900548935,-166.189212243,0.000000000,2.576432705,1.000000000,0.500000000,-0.179102898,-10.261840134,0.000000000,0.422004700,0.500000000,0.200000003,0.641386032,36.748712678,0.000000000,0.000097963,0.000000000,0.100000001
2026-07-06 23:40:57.617,1783352457.617466927,55.006922758,1,1,54.992709579,1,0.004554806,5,1,0.004403526,5,1,0,0,0,0,1,1,1,1,1,1,0.024488872,-1.659794037,1.757048555,1.664680520,1,53.935591586,6,1,6,1:-0.006:-0.020|2:-1.843:0.764|3:-1.680:1.112|4:-1.685:1.809|5:-1.709:2.569|6:-0.827:2.882,1,12.721177460,pickup,0,4,-1.685056000,1.809350000,1,12.721152244,1,received,0,-1.000000000,,0,-1.000000000,0,,1,0.006675720,0.382490594,-0.021978378,-0.109889984,1,3.266286135,187.144410202,-0.002442360,-2.769229889,1,-2.892156601,-165.708366925,-0.002442360,2.550426483,1,-0.171473503,-9.824708027,-0.007326126,0.407814026,1,0.641002655,36.726746790,0.012210846,-0.003663063,-0.004005432,-0.229494356,0.000000000,-0.000000000,8.000000000,2.500000000,3.297948122,188.958508445,0.000000000,-2.821826696,2.000000000,0.500000000,-2.900548935,-166.189212243,0.000000000,2.576432705,1.000000000,0.500000000,-0.179102898,-10.261840134,0.000000000,0.422004700,0.500000000,0.200000003,0.641386032,36.748712678,0.000000000,0.000097963,0.000000000,0.100000001
2026-07-06 23:40:58.617,1783352458.617327213,56.006783159,1,1,55.992569980,1,0.004257114,5,1,0.004157253,5,1,0,0,0,0,1,1,1,1,1,1,0.024572019,-1.658868933,1.764423203,1.664179348,1,54.935451987,6,1,6,1:-0.006:-0.020|2:-1.843:0.764|3:-1.680:1.112|4:-1.685:1.809|5:-1.709:2.569|6:-0.827:2.882,1,13.721037861,pickup,0,4,-1.685056000,1.809350000,1,13.721012645,1,received,0,-1.000000000,,0,-1.000000000,0,,0,0.006675720,0.382490594,0.007326126,-0.105006218,0,3.266286135,187.144410202,-0.002442360,-2.769229889,0,-2.892156601,-165.708366925,-0.002442360,2.550426483,0,-0.171473503,-9.824708027,-0.007326126,0.407814026,0,0.641002655,36.726746790,0.012210846,-0.003663063,-0.004005432,-0.229494356,0.000000000,-0.000000000,8.000000000,2.500000000,3.297948122,188.958508445,0.000000000,-2.821826696,2.000000000,0.500000000,-2.900548935,-166.189212243,0.000000000,2.576432705,1.000000000,0.500000000,-0.179102898,-10.261840134,0.000000000,0.422004700,0.500000000,0.200000003,0.641386032,36.748712678,0.000000000,0.000097963,0.000000000,0.100000001
2026-07-06 23:40:59.617,1783352459.617266178,57.006722170,1,1,56.992508991,1,0.004612685,5,1,0.004315668,5,1,0,0,0,0,1,1,1,1,1,1,0.024156021,-1.655263926,1.758144702,1.663464204,1,55.935390998,6,1,6,1:-0.006:-0.020|2:-1.843:0.764|3:-1.680:1.112|4:-1.685:1.809|5:-1.709:2.569|6:-0.827:2.882,1,14.720976872,pickup,0,4,-1.685056000,1.809350000,1,14.720951656,1,received,0,-1.000000000,,0,-1.000000000,0,,1,0.006675720,0.382490594,-0.007326126,-0.109889984,1,3.266286135,187.144410202,-0.007326126,-2.769229889,1,-2.892156601,-165.708366925,-0.002442360,2.550426483,1,-0.171473503,-9.824708027,-0.021978378,0.412698746,1,0.641002655,36.726746790,-0.012210846,-0.003663063,-0.004005432,-0.229494356,0.000000000,-0.000000000,8.000000000,2.500000000,3.297948122,188.958508445,0.000000000,-2.821826696,2.000000000,0.500000000,-2.900548935,-166.189212243,0.000000000,2.576432705,1.000000000,0.500000000,-0.179102898,-10.261840134,0.000000000,0.422004700,0.500000000,0.200000003,0.641386032,36.748712678,0.000000000,0.000097963,0.000000000,0.100000001
2026-07-06 23:41:00.617,1783352460.617234230,58.006690024,1,1,57.992476845,1,0.004396049,5,1,0.004330836,5,1,0,0,0,0,1,1,1,1,1,1,0.024695025,-1.661838714,1.757399816,1.664804393,1,56.935358852,6,1,6,1:-0.006:-0.020|2:-1.843:0.764|3:-1.680:1.112|4:-1.685:1.809|5:-1.709:2.569|6:-0.827:2.882,1,15.720944726,pickup,0,4,-1.685056000,1.809350000,1,15.720919510,1,received,0,-1.000000000,,0,-1.000000000,0,,1,0.006675720,0.382490594,-0.007326126,-0.109889984,1,3.266286135,187.144410202,-0.002442360,-2.769229889,1,-2.892156601,-165.708366925,-0.002442360,2.550426483,1,-0.171473503,-9.824708027,-0.007326126,0.407814026,1,0.641002655,36.726746790,0.012210846,-0.003663063,-0.004005432,-0.229494356,0.000000000,-0.000000000,8.000000000,2.500000000,3.297948122,188.958508445,0.000000000,-2.821826696,2.000000000,0.500000000,-2.900548935,-166.189212243,0.000000000,2.576432705,1.000000000,0.500000000,-0.179102898,-10.261840134,0.000000000,0.422004700,0.500000000,0.200000003,0.641386032,36.748712678,0.000000000,0.000097963,0.000000000,0.100000001
2026-07-06 23:41:01.617,1783352461.617137909,59.006593887,1,1,58.992380708,1,0.004497220,5,1,0.004287017,5,1,0,0,0,0,1,1,1,1,1,1,0.024517887,-1.660051454,1.760330035,1.664775206,1,57.935262715,6,1,6,1:-0.006:-0.020|2:-1.843:0.764|3:-1.680:1.112|4:-1.685:1.809|5:-1.709:2.569|6:-0.827:2.882,1,16.720848589,pickup,0,4,-1.685056000,1.809350000,1,16.720823373,1,received,0,-1.000000000,,0,-1.000000000,0,,1,0.006675720,0.382490594,-0.007326126,-0.109889984,1,3.266286135,187.144410202,-0.002442360,-2.769229889,1,-2.892156601,-165.708366925,-0.002442360,2.536752701,1,-0.171092033,-9.802851421,0.007326126,0.412698746,1,0.641002655,36.726746790,0.012210846,-0.003663063,-0.004005432,-0.229494356,0.000000000,-0.000000000,8.000000000,2.500000000,3.297948122,188.958508445,0.000000000,-2.821826696,2.000000000,0.500000000,-2.900548935,-166.189212243,0.000000000,2.576432705,1.000000000,0.500000000,-0.179102898,-10.261840134,0.000000000,0.422004700,0.500000000,0.200000003,0.641386032,36.748712678,0.000000000,0.000097963,0.000000000,0.100000001
2026-07-06 23:41:02.617,1783352462.617059469,60.006515577,1,1,59.992302398,1,0.004325377,5,1,0.004220129,5,1,0,0,0,0,1,1,1,1,1,1,0.022963810,-1.655515955,1.758268001,1.663065085,1,58.935184405,6,1,6,1:-0.006:-0.020|2:-1.843:0.764|3:-1.680:1.112|4:-1.685:1.809|5:-1.709:2.569|6:-0.827:2.882,1,17.720770279,pickup,0,4,-1.685056000,1.809350000,1,17.720745063,1,received,0,-1.000000000,,0,-1.000000000,0,,1,0.006675720,0.382490594,-0.007326126,-0.114773750,1,3.266286135,187.144410202,-0.007326126,-2.769229889,1,-2.892156601,-165.708366925,0.002442360,2.550426483,1,-0.171473503,-9.824708027,-0.007326126,0.412698746,1,0.641002655,36.726746790,-0.012210846,-0.003663063,-0.004005432,-0.229494356,0.000000000,-0.000000000,8.000000000,2.500000000,3.297948122,188.958508445,0.000000000,-2.821826696,2.000000000,0.500000000,-2.900548935,-166.189212243,0.000000000,2.576432705,1.000000000,0.500000000,-0.179102898,-10.261840134,0.000000000,0.422004700,0.500000000,0.200000003,0.641386032,36.748712678,0.000000000,0.000097963,0.000000000,0.100000001
2026-07-06 23:41:03.617,1783352463.617105246,61.006561089,1,1,60.992347910,1,0.004563399,5,1,0.004403976,5,1,0,0,0,0,1,1,1,1,1,1,0.024190982,-1.663165388,1.762169984,1.663629845,1,59.935229917,6,1,6,1:-0.006:-0.020|2:-1.843:0.764|3:-1.680:1.112|4:-1.685:1.809|5:-1.709:2.569|6:-0.827:2.882,1,18.720815791,pickup,0,4,-1.685056000,1.809350000,1,18.720790575,1,received,0,-1.000000000,,0,-1.000000000,0,,1,0.006675720,0.382490594,-0.007326126,-0.105006218,1,3.266286135,187.144410202,-0.002442360,-2.769229889,1,-2.892156601,-165.708366925,-0.002442360,2.550426483,1,-0.171473503,-9.824708027,0.007326126,0.407814026,1,0.641002655,36.726746790,0.012210846,-0.003663063,-0.004005432,-0.229494356,0.000000000,-0.000000000,8.000000000,2.500000000,3.297948122,188.958508445,0.000000000,-2.821826696,2.000000000,0.500000000,-2.900548935,-166.189212243,0.000000000,2.576432705,1.000000000,0.500000000,-0.179102898,-10.261840134,0.000000000,0.422004700,0.500000000,0.200000003,0.641386032,36.748712678,0.000000000,0.000097963,0.000000000,0.100000001
2026-07-06 23:41:04.617,1783352464.616935730,62.006391703,1,1,61.992178524,1,0.004644533,5,1,0.004250575,5,1,0,0,0,0,1,1,1,1,1,1,0.024366781,-1.649550018,1.758778492,1.664455424,1,60.935060531,6,1,6,1:-0.006:-0.020|2:-1.843:0.764|3:-1.680:1.112|4:-1.685:1.809|5:-1.709:2.569|6:-0.827:2.882,1,19.720646405,pickup,0,4,-1.685056000,1.809350000,1,19.720621189,1,received,0,-1.000000000,,0,-1.000000000,0,,1,0.006675720,0.382490594,-0.007326126,-0.109889984,1,3.266286135,187.144410202,-0.002442360,-2.782905579,1,-2.892156601,-165.708366925,-0.002442360,2.536752701,1,-0.171473503,-9.824708027,-0.007326126,0.407814026,1,0.641002655,36.726746790,-0.012210846,-0.003663063,-0.004005432,-0.229494356,0.000000000,-0.000000000,8.000000000,2.500000000,3.297948122,188.958508445,0.000000000,-2.821826696,2.000000000,0.500000000,-2.900548935,-166.189212243,0.000000000,2.576432705,1.000000000,0.500000000,-0.179102898,-10.261840134,0.000000000,0.422004700,0.500000000,0.200000003,0.641386032,36.748712678,0.000000000,0.000097963,0.000000000,0.100000001
2026-07-06 23:41:05.616,1783352465.616841793,63.006297727,1,1,62.992084548,1,0.004413993,5,1,0.004254591,5,1,0,0,0,0,1,1,1,1,1,1,0.023687713,-1.660147243,1.756960200,1.665033873,1,61.934966555,6,1,6,1:-0.006:-0.020|2:-1.843:0.764|3:-1.680:1.112|4:-1.685:1.809|5:-1.709:2.569|6:-0.827:2.882,1,20.720552429,pickup,0,4,-1.685056000,1.809350000,1,20.720527213,1,received,0,-1.000000000,,0,-1.000000000,0,,1,0.006675720,0.382490594,-0.007326126,-0.109889984,1,3.266286135,187.144410202,-0.002442360,-2.769229889,1,-2.892156601,-165.708366925,-0.002442360,2.550426483,1,-0.171092033,-9.802851421,0.007326126,0.407814026,1,0.641002655,36.726746790,-0.012210846,-0.003663063,-0.004005432,-0.229494356,0.000000000,-0.000000000,8.000000000,2.500000000,3.297948122,188.958508445,0.000000000,-2.821826696,2.000000000,0.500000000,-2.900548935,-166.189212243,0.000000000,2.576432705,1.000000000,0.500000000,-0.179102898,-10.261840134,0.000000000,0.422004700,0.500000000,0.200000003,0.641386032,36.748712678,0.000000000,0.000097963,0.000000000,0.100000001
2026-07-06 23:41:06.616,1783352466.616770029,64.006225951,1,1,63.992012772,1,0.004268345,5,1,0.004110955,5,1,0,0,0,0,1,1,1,1,1,1,0.022869144,-1.645630534,1.755351687,1.665400525,1,62.934894779,6,1,6,1:-0.006:-0.020|2:-1.843:0.764|3:-1.680:1.112|4:-1.685:1.809|5:-1.709:2.569|6:-0.827:2.882,1,21.720480653,pickup,0,4,-1.685056000,1.809350000,1,21.720455437,1,received,0,-1.000000000,,0,-1.000000000,0,,1,0.006675720,0.382490594,-0.021978378,-0.109889984,1,3.266286135,187.144410202,0.002442360,-2.769229889,1,-2.892156601,-165.708366925,-0.002442360,2.550426483,1,-0.171473503,-9.824708027,0.007326126,0.412698746,1,0.641002655,36.726746790,0.012210846,-0.003663063,-0.004005432,-0.229494356,0.000000000,-0.000000000,8.000000000,2.500000000,3.297948122,188.958508445,0.000000000,-2.821826696,2.000000000,0.500000000,-2.900548935,-166.189212243,0.000000000,2.576432705,1.000000000,0.500000000,-0.179102898,-10.261840134,0.000000000,0.422004700,0.500000000,0.200000003,0.641386032,36.748712678,0.000000000,0.000097963,0.000000000,0.100000001
2026-07-06 23:41:07.616,1783352467.616755486,65.006211424,1,1,64.991998245,1,0.004443319,5,1,0.004241433,5,1,0,0,0,0,1,1,1,1,1,1,0.024487617,-1.656961569,1.757783500,1.663892874,1,63.934880252,6,1,6,1:-0.006:-0.020|2:-1.843:0.764|3:-1.680:1.112|4:-1.685:1.809|5:-1.709:2.569|6:-0.827:2.882,1,22.720466126,pickup,0,4,-1.685056000,1.809350000,1,22.720440910,1,received,0,-1.000000000,,0,-1.000000000,0,,1,0.006675720,0.382490594,-0.021978378,-0.109889984,1,3.266286135,187.144410202,-0.002442360,-2.769229889,1,-2.892156601,-165.708366925,-0.007326126,2.550426483,1,-0.171473503,-9.824708027,-0.007326126,0.407814026,1,0.641002655,36.726746790,-0.012210846,-0.003663063,-0.004005432,-0.229494356,0.000000000,-0.000000000,8.000000000,2.500000000,3.297948122,188.958508445,0.000000000,-2.821826696,2.000000000,0.500000000,-2.900548935,-166.189212243,0.000000000,2.576432705,1.000000000,0.500000000,-0.179102898,-10.261840134,0.000000000,0.422004700,0.500000000,0.200000003,0.641386032,36.748712678,0.000000000,0.000097963,0.000000000,0.100000001
2026-07-06 23:41:08.616,1783352468.616668940,66.006124955,1,1,65.991911776,1,0.004597835,5,1,0.004307807,5,1,0,0,0,0,1,1,1,1,1,1,0.024269598,-1.651373366,1.759114882,1.664386322,1,64.934793783,6,1,6,1:-0.006:-0.020|2:-1.843:0.764|3:-1.680:1.112|4:-1.685:1.809|5:-1.709:2.569|6:-0.827:2.882,1,23.720379657,pickup,0,4,-1.685056000,1.809350000,1,23.720354441,1,received,0,-1.000000000,,0,-1.000000000,0,,1,0.006675720,0.382490594,-0.007326126,-0.109889984,1,3.266286135,187.144410202,-0.002442360,-2.769229889,1,-2.892156601,-165.708366925,-0.007326126,2.550426483,1,-0.171473503,-9.824708027,-0.007326126,0.407814026,1,0.641002655,36.726746790,-0.036628723,-0.003663063,-0.004005432,-0.229494356,0.000000000,-0.000000000,8.000000000,2.500000000,3.297948122,188.958508445,0.000000000,-2.821826696,2.000000000,0.500000000,-2.900548935,-166.189212243,0.000000000,2.576432705,1.000000000,0.500000000,-0.179102898,-10.261840134,0.000000000,0.422004700,0.500000000,0.200000003,0.641386032,36.748712678,0.000000000,0.000097963,0.000000000,0.100000001
2026-07-06 23:41:09.616,1783352469.616597176,67.006053097,1,1,66.991839918,1,0.004639421,5,1,0.004416388,5,1,0,0,0,0,1,1,1,1,1,1,0.024581150,-1.660382132,1.761109874,1.665839797,1,65.934721925,6,1,6,1:-0.006:-0.020|2:-1.843:0.764|3:-1.680:1.112|4:-1.685:1.809|5:-1.709:2.569|6:-0.827:2.882,1,24.720307799,pickup,0,4,-1.685056000,1.809350000,1,24.720282583,1,received,0,-1.000000000,,0,-1.000000000,0,,1,0.006675720,0.382490594,-0.021978378,-0.109889984,1,3.266286135,187.144410202,-0.007326126,-2.769229889,1,-2.892156601,-165.708366925,0.002442360,2.550426483,1,-0.171473503,-9.824708027,-0.007326126,0.407814026,1,0.641002655,36.726746790,-0.012210846,-0.003663063,-0.004005432,-0.229494356,0.000000000,-0.000000000,8.000000000,2.500000000,3.297948122,188.958508445,0.000000000,-2.821826696,2.000000000,0.500000000,-2.900548935,-166.189212243,0.000000000,2.576432705,1.000000000,0.500000000,-0.179102898,-10.261840134,0.000000000,0.422004700,0.500000000,0.200000003,0.641386032,36.748712678,0.000000000,0.000097963,0.000000000,0.100000001
2026-07-06 23:41:10.616,1783352470.616490126,68.005946090,1,1,67.991732911,1,0.004500742,5,1,0.004265452,5,1,0,0,0,0,1,1,1,1,1,1,0.022453484,-1.653923902,1.762079606,1.665680561,1,66.934614918,6,1,6,1:-0.006:-0.020|2:-1.843:0.764|3:-1.680:1.112|4:-1.685:1.809|5:-1.709:2.569|6:-0.827:2.882,1,25.720200792,pickup,0,4,-1.685056000,1.809350000,1,25.720175576,1,received,0,-1.000000000,,0,-1.000000000,0,,1,0.006675720,0.382490594,0.007326126,-0.105006218,1,3.266286135,187.144410202,-0.002442360,-2.769229889,1,-2.892156601,-165.708366925,-0.002442360,2.550426483,1,-0.171473503,-9.824708027,0.007326126,0.407814026,1,0.641002655,36.726746790,-0.012210846,-0.003663063,-0.004005432,-0.229494356,0.000000000,-0.000000000,8.000000000,2.500000000,3.297948122,188.958508445,0.000000000,-2.821826696,2.000000000,0.500000000,-2.900548935,-166.189212243,0.000000000,2.576432705,1.000000000,0.500000000,-0.179102898,-10.261840134,0.000000000,0.422004700,0.500000000,0.200000003,0.641386032,36.748712678,0.000000000,0.000097963,0.000000000,0.100000001
2026-07-06 23:41:11.616,1783352471.616453171,69.005908983,1,1,68.991695804,1,0.004382826,5,1,0.004351643,5,1,0,0,0,0,1,1,1,1,1,1,0.024525155,-1.647042437,1.758430822,1.665958954,1,67.934577811,6,1,6,1:-0.006:-0.020|2:-1.843:0.764|3:-1.680:1.112|4:-1.685:1.809|5:-1.709:2.569|6:-0.827:2.882,1,26.720163685,pickup,0,4,-1.685056000,1.809350000,1,26.720138469,1,received,0,-1.000000000,,0,-1.000000000,0,,1,0.006675720,0.382490594,-0.007326126,-0.109889984,1,3.266286135,187.144410202,-0.002442360,-2.769229889,1,-2.892156601,-165.708366925,-0.002442360,2.550426483,1,-0.171092033,-9.802851421,0.007326126,0.407814026,1,0.641002655,36.726746790,-0.036628723,-0.003663063,-0.004005432,-0.229494356,0.000000000,-0.000000000,8.000000000,2.500000000,3.297948122,188.958508445,0.000000000,-2.821826696,2.000000000,0.500000000,-2.900548935,-166.189212243,0.000000000,2.576432705,1.000000000,0.500000000,-0.179102898,-10.261840134,0.000000000,0.422004700,0.500000000,0.200000003,0.641386032,36.748712678,0.000000000,0.000097963,0.000000000,0.100000001
2026-07-06 23:41:12.616,1783352472.616387367,70.005843394,1,1,69.991630215,1,0.004454220,5,1,0.004263628,5,1,0,0,0,0,1,1,1,1,1,1,0.023538491,-1.661864393,1.757084739,1.664296747,1,68.934512222,6,1,6,1:-0.006:-0.020|2:-1.843:0.764|3:-1.680:1.112|4:-1.685:1.809|5:-1.709:2.569|6:-0.827:2.882,1,27.720098096,pickup,0,4,-1.685056000,1.809350000,1,27.720072880,1,received,0,-1.000000000,,0,-1.000000000,0,,1,0.006675720,0.382490594,-0.007326126,-0.109889984,1,3.266286135,187.144410202,-0.002442360,-2.769229889,1,-2.892156601,-165.708366925,-0.007326126,2.550426483,1,-0.171473503,-9.824708027,-0.021978378,0.407814026,1,0.641002655,36.726746790,0.012210846,-0.003663063,-0.004005432,-0.229494356,0.000000000,-0.000000000,8.000000000,2.500000000,3.297948122,188.958508445,0.000000000,-2.821826696,2.000000000,0.500000000,-2.900548935,-166.189212243,0.000000000,2.576432705,1.000000000,0.500000000,-0.179102898,-10.261840134,0.000000000,0.422004700,0.500000000,0.200000003,0.641386032,36.748712678,0.000000000,0.000097963,0.000000000,0.100000001
2026-07-06 23:41:13.616,1783352473.616276741,71.005732736,1,1,70.991519557,1,0.004485885,5,1,0.004263153,5,1,0,0,0,0,1,1,1,1,1,1,0.024591394,-1.657015011,1.755537581,1.664766700,1,69.934401564,6,1,6,1:-0.006:-0.020|2:-1.843:0.764|3:-1.680:1.112|4:-1.685:1.809|5:-1.709:2.569|6:-0.827:2.882,1,28.719987438,pickup,0,4,-1.685056000,1.809350000,1,28.719962222,1,received,0,-1.000000000,,0,-1.000000000,0,,1,0.006675720,0.382490594,-0.007326126,-0.109889984,1,3.266286135,187.144410202,-0.007326126,-2.769229889,1,-2.892156601,-165.708366925,0.002442360,2.550426483,1,-0.171473503,-9.824708027,-0.007326126,0.407814026,1,0.641002655,36.726746790,-0.012210846,-0.003663063,-0.004005432,-0.229494356,0.000000000,-0.000000000,8.000000000,2.500000000,3.297948122,188.958508445,0.000000000,-2.821826696,2.000000000,0.500000000,-2.900548935,-166.189212243,0.000000000,2.576432705,1.000000000,0.500000000,-0.179102898,-10.261840134,0.000000000,0.422004700,0.500000000,0.200000003,0.641386032,36.748712678,0.000000000,0.000097963,0.000000000,0.100000001
2026-07-06 23:41:14.616,1783352474.616207600,72.005663707,1,1,71.991450528,1,0.004180037,5,1,0.004114875,5,1,0,0,0,0,1,1,1,1,1,1,0.024447710,-1.655549783,1.758684488,1.665188595,1,70.934332535,6,1,6,1:-0.006:-0.020|2:-1.843:0.764|3:-1.680:1.112|4:-1.685:1.809|5:-1.709:2.569|6:-0.827:2.882,1,29.719918409,pickup,0,4,-1.685056000,1.809350000,1,29.719893193,1,received,0,-1.000000000,,0,-1.000000000,0,,1,0.006675720,0.382490594,0.007326126,-0.105006218,1,3.266286135,187.144410202,-0.007326126,-2.769229889,1,-2.892156601,-165.708366925,-0.007326126,2.550426483,1,-0.171473503,-9.824708027,-0.021978378,0.407814026,1,0.641002655,36.726746790,-0.012210846,-0.003663063,-0.004005432,-0.229494356,0.000000000,-0.000000000,8.000000000,2.500000000,3.297948122,188.958508445,0.000000000,-2.821826696,2.000000000,0.500000000,-2.900548935,-166.189212243,0.000000000,2.576432705,1.000000000,0.500000000,-0.179102898,-10.261840134,0.000000000,0.422004700,0.500000000,0.200000003,0.641386032,36.748712678,0.000000000,0.000097963,0.000000000,0.100000001
2026-07-06 23:41:15.616,1783352475.616147757,73.005603764,1,1,72.991390585,1,0.004581657,5,1,0.004304635,5,1,0,0,0,0,1,1,1,1,1,1,0.021242719,-1.660007520,1.757641181,1.665775430,1,71.934272592,6,1,6,1:-0.006:-0.020|2:-1.843:0.764|3:-1.680:1.112|4:-1.685:1.809|5:-1.709:2.569|6:-0.827:2.882,1,30.719858466,pickup,0,4,-1.685056000,1.809350000,1,30.719833250,1,received,0,-1.000000000,,0,-1.000000000,0,,1,0.006675720,0.382490594,-0.007326126,-0.109889984,1,3.266286135,187.144410202,0.002442360,-2.769229889,1,-2.892156601,-165.708366925,-0.002442360,2.550426483,1,-0.171092033,-9.802851421,-0.007326126,0.407814026,1,0.641002655,36.726746790,0.012210846,-0.003663063,-0.004005432,-0.229494356,0.000000000,-0.000000000,8.000000000,2.500000000,3.297948122,188.958508445,0.000000000,-2.821826696,2.000000000,0.500000000,-2.900548935,-166.189212243,0.000000000,2.576432705,1.000000000,0.500000000,-0.179102898,-10.261840134,0.000000000,0.422004700,0.500000000,0.200000003,0.641386032,36.748712678,0.000000000,0.000097963,0.000000000,0.100000001
2026-07-06 23:41:16.616,1783352476.616103888,74.005559842,1,1,73.991346663,1,0.004580690,5,1,0.004344989,5,1,0,0,0,0,1,1,1,1,1,1,0.024565544,-1.657785206,1.757642315,1.664134974,1,72.934228670,6,1,6,1:-0.006:-0.020|2:-1.843:0.764|3:-1.680:1.112|4:-1.685:1.809|5:-1.709:2.569|6:-0.827:2.882,1,31.719814544,pickup,0,4,-1.685056000,1.809350000,1,31.719789328,1,received,0,-1.000000000,,0,-1.000000000,0,,1,0.006675720,0.382490594,-0.021978378,-0.109889984,1,3.266286135,187.144410202,-0.002442360,-2.769229889,1,-2.892156601,-165.708366925,-0.002442360,2.550426483,1,-0.171473503,-9.824708027,-0.021978378,0.412698746,1,0.641002655,36.726746790,-0.012210846,-0.003663063,-0.004005432,-0.229494356,0.000000000,-0.000000000,8.000000000,2.500000000,3.297948122,188.958508445,0.000000000,-2.821826696,2.000000000,0.500000000,-2.900548935,-166.189212243,0.000000000,2.576432705,1.000000000,0.500000000,-0.179102898,-10.261840134,0.000000000,0.422004700,0.500000000,0.200000003,0.641386032,36.748712678,0.000000000,0.000097963,0.000000000,0.100000001
2026-07-06 23:41:17.616,1783352477.616007090,75.005463201,1,1,74.991250022,1,0.004528459,5,1,0.004364169,5,1,0,0,0,0,1,1,1,1,1,1,0.024373686,-1.657823581,1.756601196,1.663898544,1,73.934132029,6,1,6,1:-0.006:-0.020|2:-1.843:0.764|3:-1.680:1.112|4:-1.685:1.809|5:-1.709:2.569|6:-0.827:2.882,1,32.719717903,pickup,0,4,-1.685056000,1.809350000,1,32.719692687,1,received,0,-1.000000000,,0,-1.000000000,0,,1,0.006675720,0.382490594,-0.007326126,-0.109889984,1,3.266286135,187.144410202,-0.002442360,-2.769229889,1,-2.892156601,-165.708366925,-0.002442360,2.550426483,1,-0.171473503,-9.824708027,-0.007326126,0.412698746,1,0.641002655,36.726746790,-0.036628723,-0.003663063,-0.004005432,-0.229494356,0.000000000,-0.000000000,8.000000000,2.500000000,3.297948122,188.958508445,0.000000000,-2.821826696,2.000000000,0.500000000,-2.900548935,-166.189212243,0.000000000,2.576432705,1.000000000,0.500000000,-0.179102898,-10.261840134,0.000000000,0.422004700,0.500000000,0.200000003,0.641386032,36.748712678,0.000000000,0.000097963,0.000000000,0.100000001
2026-07-06 23:41:18.616,1783352478.615925074,76.005381019,1,1,75.991167840,1,0.004457826,5,1,0.004257520,5,1,0,0,0,0,1,1,1,1,1,1,0.024638707,-1.665684372,1.753584156,1.665287230,1,74.934049847,6,1,6,1:-0.006:-0.020|2:-1.843:0.764|3:-1.680:1.112|4:-1.685:1.809|5:-1.709:2.569|6:-0.827:2.882,1,33.719635721,pickup,0,4,-1.685056000,1.809350000,1,33.719610505,1,received,0,-1.000000000,,0,-1.000000000,0,,1,0.006675720,0.382490594,-0.007326126,-0.109889984,1,3.266286135,187.144410202,-0.002442360,-2.769229889,1,-2.892156601,-165.708366925,-0.002442360,2.550426483,1,-0.171092033,-9.802851421,0.007326126,0.407814026,1,0.641002655,36.726746790,-0.012210846,-0.003663063,-0.004005432,-0.229494356,0.000000000,-0.000000000,8.000000000,2.500000000,3.297948122,188.958508445,0.000000000,-2.821826696,2.000000000,0.500000000,-2.900548935,-166.189212243,0.000000000,2.576432705,1.000000000,0.500000000,-0.179102898,-10.261840134,0.000000000,0.422004700,0.500000000,0.200000003,0.641386032,36.748712678,0.000000000,0.000097963,0.000000000,0.100000001
2026-07-06 23:41:19.615,1783352479.615860701,77.005316789,1,1,76.991103610,1,0.004295913,5,1,0.004276202,5,1,0,0,0,0,1,1,1,1,1,1,0.024549548,-1.656053900,1.759360139,1.664194903,1,75.933985617,6,1,6,1:-0.006:-0.020|2:-1.843:0.764|3:-1.680:1.112|4:-1.685:1.809|5:-1.709:2.569|6:-0.827:2.882,1,34.719571491,pickup,0,4,-1.685056000,1.809350000,1,34.719546275,1,received,0,-1.000000000,,0,-1.000000000,0,,1,0.006675720,0.382490594,-0.007326126,-0.109889984,1,3.266286135,187.144410202,-0.002442360,-2.769229889,1,-2.892156601,-165.708366925,-0.002442360,2.550426483,1,-0.171473503,-9.824708027,-0.007326126,0.407814026,1,0.641002655,36.726746790,-0.012210846,-0.003663063,-0.004005432,-0.229494356,0.000000000,-0.000000000,8.000000000,2.500000000,3.297948122,188.958508445,0.000000000,-2.821826696,2.000000000,0.500000000,-2.900548935,-166.189212243,0.000000000,2.576432705,1.000000000,0.500000000,-0.179102898,-10.261840134,0.000000000,0.422004700,0.500000000,0.200000003,0.641386032,36.748712678,0.000000000,0.000097963,0.000000000,0.100000001
2026-07-06 23:41:20.615,1783352480.615787268,78.005243249,1,1,77.991030070,1,0.004499715,5,1,0.004339696,5,1,0,0,0,0,1,1,1,1,1,1,0.022832787,-1.668791158,1.755853020,1.663347330,1,76.933912077,6,1,6,1:-0.006:-0.020|2:-1.843:0.764|3:-1.680:1.112|4:-1.685:1.809|5:-1.709:2.569|6:-0.827:2.882,1,35.719497951,pickup,0,4,-1.685056000,1.809350000,1,35.719472735,1,received,0,-1.000000000,,0,-1.000000000,0,,1,0.006675720,0.382490594,-0.021978378,-0.109889984,1,3.266286135,187.144410202,-0.002442360,-2.769229889,1,-2.892156601,-165.708366925,0.002442360,2.550426483,1,-0.171473503,-9.824708027,-0.007326126,0.412698746,1,0.641002655,36.726746790,-0.012210846,-0.003663063,-0.004005432,-0.229494356,0.000000000,-0.000000000,8.000000000,2.500000000,3.297948122,188.958508445,0.000000000,-2.821826696,2.000000000,0.500000000,-2.900548935,-166.189212243,0.000000000,2.576432705,1.000000000,0.500000000,-0.179102898,-10.261840134,0.000000000,0.422004700,0.500000000,0.200000003,0.641386032,36.748712678,0.000000000,0.000097963,0.000000000,0.100000001
2026-07-06 23:41:21.615,1783352481.615766048,79.005222003,1,1,78.991008824,1,0.004633737,5,1,0.004325846,5,1,0,0,0,0,1,1,1,1,1,1,0.022817746,-1.663296115,1.760956923,1.664578050,1,77.933890831,6,1,6,1:-0.006:-0.020|2:-1.843:0.764|3:-1.680:1.112|4:-1.685:1.809|5:-1.709:2.569|6:-0.827:2.882,1,36.719476705,pickup,0,4,-1.685056000,1.809350000,1,36.719451489,1,received,0,-1.000000000,,0,-1.000000000,0,,1,0.006675720,0.382490594,0.007326126,-0.109889984,1,3.266286135,187.144410202,-0.002442360,-2.769229889,1,-2.892156601,-165.708366925,-0.002442360,2.550426483,1,-0.171473503,-9.824708027,0.007326126,0.412698746,1,0.641002655,36.726746790,-0.012210846,-0.003663063,-0.004005432,-0.229494356,0.000000000,-0.000000000,8.000000000,2.500000000,3.297948122,188.958508445,0.000000000,-2.821826696,2.000000000,0.500000000,-2.900548935,-166.189212243,0.000000000,2.576432705,1.000000000,0.500000000,-0.179102898,-10.261840134,0.000000000,0.422004700,0.500000000,0.200000003,0.641386032,36.748712678,0.000000000,0.000097963,0.000000000,0.100000001
2026-07-06 23:41:22.615,1783352482.615697384,80.005153395,1,1,79.990940216,1,0.004638859,5,1,0.004362310,5,1,0,0,0,0,1,1,1,1,1,1,0.024626613,-1.657254979,1.757500189,1.664735939,1,78.933822223,6,1,6,1:-0.006:-0.020|2:-1.843:0.764|3:-1.680:1.112|4:-1.685:1.809|5:-1.709:2.569|6:-0.827:2.882,1,37.719408097,pickup,0,4,-1.685056000,1.809350000,1,37.719382881,1,received,0,-1.000000000,,0,-1.000000000,0,,1,0.006675720,0.382490594,-0.007326126,-0.109889984,1,3.266286135,187.144410202,-0.002442360,-2.769229889,1,-2.892156601,-165.708366925,-0.007326126,2.550426483,1,-0.171473503,-9.824708027,-0.021978378,0.412698746,1,0.641002655,36.726746790,-0.012210846,-0.003663063,-0.004005432,-0.229494356,0.000000000,-0.000000000,8.000000000,2.500000000,3.297948122,188.958508445,0.000000000,-2.821826696,2.000000000,0.500000000,-2.900548935,-166.189212243,0.000000000,2.576432705,1.000000000,0.500000000,-0.179102898,-10.261840134,0.000000000,0.422004700,0.500000000,0.200000003,0.641386032,36.748712678,0.000000000,0.000097963,0.000000000,0.100000001
2026-07-06 23:41:23.615,1783352483.615588665,81.005044593,1,1,80.990831414,1,0.004425920,5,1,0.004215443,5,1,0,0,0,0,1,1,1,1,1,1,0.024378945,-1.656707899,1.758360302,1.664220196,1,79.933713421,6,1,6,1:-0.006:-0.020|2:-1.843:0.764|3:-1.680:1.112|4:-1.685:1.809|5:-1.709:2.569|6:-0.827:2.882,1,38.719299295,pickup,0,4,-1.685056000,1.809350000,1,38.719274079,1,received,0,-1.000000000,,0,-1.000000000,0,,1,0.006675720,0.382490594,-0.007326126,-0.109889984,1,3.266286135,187.144410202,-0.002442360,-2.769229889,1,-2.892156601,-165.708366925,-0.002442360,2.550426483,1,-0.171092033,-9.802851421,-0.007326126,0.407814026,1,0.641002655,36.726746790,-0.012210846,-0.003663063,-0.004005432,-0.229494356,0.000000000,-0.000000000,8.000000000,2.500000000,3.297948122,188.958508445,0.000000000,-2.821826696,2.000000000,0.500000000,-2.900548935,-166.189212243,0.000000000,2.576432705,1.000000000,0.500000000,-0.179102898,-10.261840134,0.000000000,0.422004700,0.500000000,0.200000003,0.641386032,36.748712678,0.000000000,0.000097963,0.000000000,0.100000001
2026-07-06 23:41:24.615,1783352484.615507126,82.004963123,1,1,81.990749944,1,0.004518534,5,1,0.004329995,5,1,0,0,0,0,1,1,1,1,1,1,0.024442165,-1.648434613,1.760420867,1.664950021,1,80.933631951,6,1,6,1:-0.006:-0.020|2:-1.843:0.764|3:-1.680:1.112|4:-1.685:1.809|5:-1.709:2.569|6:-0.827:2.882,1,39.719217825,pickup,0,4,-1.685056000,1.809350000,1,39.719192609,1,received,0,-1.000000000,,0,-1.000000000,0,,1,0.006675720,0.382490594,-0.021978378,-0.109889984,1,3.266286135,187.144410202,-0.002442360,-2.769229889,1,-2.892156601,-165.708366925,0.002442360,2.550426483,1,-0.171473503,-9.824708027,-0.007326126,0.412698746,1,0.641002655,36.726746790,-0.036628723,-0.003663063,-0.004005432,-0.229494356,0.000000000,-0.000000000,8.000000000,2.500000000,3.297948122,188.958508445,0.000000000,-2.821826696,2.000000000,0.500000000,-2.900548935,-166.189212243,0.000000000,2.576432705,1.000000000,0.500000000,-0.179102898,-10.261840134,0.000000000,0.422004700,0.500000000,0.200000003,0.641386032,36.748712678,0.000000000,0.000097963,0.000000000,0.100000001
2026-07-06 23:41:25.615,1783352485.615477800,83.004933679,1,1,82.990720500,1,0.004444346,5,1,0.004341744,5,1,0,0,0,0,1,1,1,1,1,1,0.024247516,-1.654686645,1.754397838,1.664390060,1,81.933602507,6,1,6,1:-0.006:-0.020|2:-1.843:0.764|3:-1.680:1.112|4:-1.685:1.809|5:-1.709:2.569|6:-0.827:2.882,1,40.719188381,pickup,0,4,-1.685056000,1.809350000,1,40.719163165,1,received,0,-1.000000000,,0,-1.000000000,0,,1,0.006675720,0.382490594,-0.007326126,-0.109889984,1,3.266286135,187.144410202,-0.007326126,-2.769229889,1,-2.892156601,-165.708366925,-0.007326126,2.536752701,1,-0.171473503,-9.824708027,-0.021978378,0.407814026,1,0.641002655,36.726746790,-0.012210846,-0.003663063,-0.004005432,-0.229494356,0.000000000,-0.000000000,8.000000000,2.500000000,3.297948122,188.958508445,0.000000000,-2.821826696,2.000000000,0.500000000,-2.900548935,-166.189212243,0.000000000,2.576432705,1.000000000,0.500000000,-0.179102898,-10.261840134,0.000000000,0.422004700,0.500000000,0.200000003,0.641386032,36.748712678,0.000000000,0.000097963,0.000000000,0.100000001
2026-07-06 23:41:26.615,1783352486.615374088,84.004830166,1,1,83.990616987,1,0.004644202,5,1,0.004297510,5,1,0,0,0,0,1,1,1,1,1,1,0.024456957,-1.651858973,1.757238896,1.664721856,1,82.933498994,6,1,6,1:-0.006:-0.020|2:-1.843:0.764|3:-1.680:1.112|4:-1.685:1.809|5:-1.709:2.569|6:-0.827:2.882,1,41.719084868,pickup,0,4,-1.685056000,1.809350000,1,41.719059652,1,received,0,-1.000000000,,0,-1.000000000,0,,1,0.006675720,0.382490594,-0.021978378,-0.109889984,1,3.266286135,187.144410202,-0.002442360,-2.769229889,1,-2.892156601,-165.708366925,-0.007326126,2.550426483,1,-0.171473503,-9.824708027,-0.007326126,0.407814026,1,0.641002655,36.726746790,0.012210846,-0.003663063,-0.004005432,-0.229494356,0.000000000,-0.000000000,8.000000000,2.500000000,3.297948122,188.958508445,0.000000000,-2.821826696,2.000000000,0.500000000,-2.900548935,-166.189212243,0.000000000,2.576432705,1.000000000,0.500000000,-0.179102898,-10.261840134,0.000000000,0.422004700,0.500000000,0.200000003,0.641386032,36.748712678,0.000000000,0.000097963,0.000000000,0.100000001
2026-07-06 23:41:27.615,1783352487.615292788,85.004748774,1,1,84.990535595,1,0.004366236,5,1,0.004258812,5,1,0,0,0,0,1,1,1,1,1,1,0.024453547,-1.660688789,1.758280407,1.665392535,1,83.933417602,6,1,6,1:-0.006:-0.020|2:-1.843:0.764|3:-1.680:1.112|4:-1.685:1.809|5:-1.709:2.569|6:-0.827:2.882,1,42.719003476,pickup,0,4,-1.685056000,1.809350000,1,42.718978260,1,received,0,-1.000000000,,0,-1.000000000,0,,1,0.006675720,0.382490594,-0.007326126,-0.109889984,1,3.266286135,187.144410202,-0.002442360,-2.769229889,1,-2.892156601,-165.708366925,-0.002442360,2.550426483,1,-0.171473503,-9.824708027,-0.007326126,0.407814026,1,0.641002655,36.726746790,0.012210846,-0.003663063,-0.004005432,-0.229494356,0.000000000,-0.000000000,8.000000000,2.500000000,3.297948122,188.958508445,0.000000000,-2.821826696,2.000000000,0.500000000,-2.900548935,-166.189212243,0.000000000,2.576432705,1.000000000,0.500000000,-0.179102898,-10.261840134,0.000000000,0.422004700,0.500000000,0.200000003,0.641386032,36.748712678,0.000000000,0.000097963,0.000000000,0.100000001
2026-07-06 23:41:28.615,1783352488.615333557,86.004789646,1,1,85.990576467,1,0.004282743,5,1,0.004226420,5,1,0,0,0,0,1,1,1,1,1,1,0.023429540,-1.650014933,1.759914727,1.664668679,1,84.933458474,6,1,6,1:-0.006:-0.020|2:-1.843:0.764|3:-1.680:1.112|4:-1.685:1.809|5:-1.709:2.569|6:-0.827:2.882,1,43.719044348,pickup,0,4,-1.685056000,1.809350000,1,43.719019132,1,received,0,-1.000000000,,0,-1.000000000,0,,1,0.006675720,0.382490594,-0.007326126,-0.109889984,1,3.266286135,187.144410202,-0.002442360,-2.769229889,1,-2.892156601,-165.708366925,-0.002442360,2.550426483,1,-0.171092033,-9.802851421,-0.007326126,0.407814026,1,0.641002655,36.726746790,-0.012210846,-0.003663063,-0.004005432,-0.229494356,0.000000000,-0.000000000,8.000000000,2.500000000,3.297948122,188.958508445,0.000000000,-2.821826696,2.000000000,0.500000000,-2.900548935,-166.189212243,0.000000000,2.576432705,1.000000000,0.500000000,-0.179102898,-10.261840134,0.000000000,0.422004700,0.500000000,0.200000003,0.641386032,36.748712678,0.000000000,0.000097963,0.000000000,0.100000001
2026-07-06 23:41:29.615,1783352489.615189314,87.004645281,1,1,86.990432102,1,0.004408170,5,1,0.004370979,5,1,0,0,0,0,1,1,1,1,1,1,0.024497784,-1.657616293,1.760329274,1.665789652,1,85.933314109,6,1,6,1:-0.006:-0.020|2:-1.843:0.764|3:-1.680:1.112|4:-1.685:1.809|5:-1.709:2.569|6:-0.827:2.882,1,44.718899983,pickup,0,4,-1.685056000,1.809350000,1,44.718874767,1,received,0,-1.000000000,,0,-1.000000000,0,,1,0.006675720,0.382490594,0.007326126,-0.109889984,1,3.266286135,187.144410202,-0.002442360,-2.769229889,1,-2.892156601,-165.708366925,-0.002442360,2.550426483,1,-0.171473503,-9.824708027,-0.007326126,0.412698746,1,0.641002655,36.726746790,-0.012210846,-0.003663063,-0.004005432,-0.229494356,0.000000000,-0.000000000,8.000000000,2.500000000,3.297948122,188.958508445,0.000000000,-2.821826696,2.000000000,0.500000000,-2.900548935,-166.189212243,0.000000000,2.576432705,1.000000000,0.500000000,-0.179102898,-10.261840134,0.000000000,0.422004700,0.500000000,0.200000003,0.641386032,36.748712678,0.000000000,0.000097963,0.000000000,0.100000001
2026-07-06 23:41:30.615,1783352490.615114212,88.004570148,1,1,87.990356969,1,0.004607470,5,1,0.004343345,5,1,0,0,0,0,1,1,1,1,1,1,0.022539565,-1.654218121,1.755497109,1.665522708,1,86.933238976,6,1,6,1:-0.006:-0.020|2:-1.843:0.764|3:-1.680:1.112|4:-1.685:1.809|5:-1.709:2.569|6:-0.827:2.882,1,45.718824850,pickup,0,4,-1.685056000,1.809350000,1,45.718799634,1,received,0,-1.000000000,,0,-1.000000000,0,,1,0.006675720,0.382490594,-0.007326126,-0.105006218,1,3.266286135,187.144410202,-0.002442360,-2.769229889,1,-2.892156601,-165.708366925,-0.002442360,2.550426483,1,-0.171092033,-9.802851421,0.007326126,0.412698746,1,0.641002655,36.726746790,-0.012210846,-0.003663063,-0.004005432,-0.229494356,0.000000000,-0.000000000,8.000000000,2.500000000,3.297948122,188.958508445,0.000000000,-2.821826696,2.000000000,0.500000000,-2.900548935,-166.189212243,0.000000000,2.576432705,1.000000000,0.500000000,-0.179102898,-10.261840134,0.000000000,0.422004700,0.500000000,0.200000003,0.641386032,36.748712678,0.000000000,0.000097963,0.000000000,0.100000001
2026-07-06 23:41:31.615,1783352491.615090609,89.004546783,1,1,88.990333604,1,0.004384062,5,1,0.004264531,5,1,0,0,0,0,1,1,1,1,1,1,0.024301702,-1.661671552,1.761861320,1.665590537,1,87.933215611,6,1,6,1:-0.006:-0.020|2:-1.843:0.764|3:-1.680:1.112|4:-1.685:1.809|5:-1.709:2.569|6:-0.827:2.882,1,46.718801485,pickup,0,4,-1.685056000,1.809350000,1,46.718776269,1,received,0,-1.000000000,,0,-1.000000000,0,,1,0.006675720,0.382490594,-0.007326126,-0.109889984,1,3.266286135,187.144410202,-0.002442360,-2.769229889,1,-2.892156601,-165.708366925,-0.002442360,2.550426483,1,-0.171473503,-9.824708027,-0.007326126,0.412698746,1,0.641002655,36.726746790,0.012210846,-0.003663063,-0.004005432,-0.229494356,0.000000000,-0.000000000,8.000000000,2.500000000,3.297948122,188.958508445,0.000000000,-2.821826696,2.000000000,0.500000000,-2.900548935,-166.189212243,0.000000000,2.576432705,1.000000000,0.500000000,-0.179102898,-10.261840134,0.000000000,0.422004700,0.500000000,0.200000003,0.641386032,36.748712678,0.000000000,0.000097963,0.000000000,0.100000001
2026-07-06 23:41:32.615,1783352492.614948273,90.004404366,1,1,89.990191187,1,0.004361443,5,1,0.004223092,5,1,0,0,0,0,1,1,1,1,1,1,0.021769123,-1.652727930,1.756052502,1.664789578,1,88.933073194,6,1,6,1:-0.006:-0.020|2:-1.843:0.764|3:-1.680:1.112|4:-1.685:1.809|5:-1.709:2.569|6:-0.827:2.882,1,47.718659068,pickup,0,4,-1.685056000,1.809350000,1,47.718633852,1,received,0,-1.000000000,,0,-1.000000000,0,,1,0.006675720,0.382490594,0.007326126,-0.109889984,1,3.266286135,187.144410202,-0.002442360,-2.769229889,1,-2.892156601,-165.708366925,0.002442360,2.550426483,1,-0.171473503,-9.824708027,-0.021978378,0.407814026,1,0.641002655,36.726746790,-0.061050415,-0.003663063,-0.004005432,-0.229494356,0.000000000,-0.000000000,8.000000000,2.500000000,3.297948122,188.958508445,0.000000000,-2.821826696,2.000000000,0.500000000,-2.900548935,-166.189212243,0.000000000,2.576432705,1.000000000,0.500000000,-0.179102898,-10.261840134,0.000000000,0.422004700,0.500000000,0.200000003,0.641386032,36.748712678,0.000000000,0.000097963,0.000000000,0.100000001
2026-07-06 23:41:33.614,1783352493.614880085,91.004336051,1,1,90.990122872,1,0.004628578,5,1,0.004372999,5,1,0,0,0,0,1,1,1,1,1,1,0.024546789,-1.658757431,1.756495897,1.665301606,1,89.933004879,6,1,6,1:-0.006:-0.020|2:-1.843:0.764|3:-1.680:1.112|4:-1.685:1.809|5:-1.709:2.569|6:-0.827:2.882,1,48.718590753,pickup,0,4,-1.685056000,1.809350000,1,48.718565537,1,received,0,-1.000000000,,0,-1.000000000,0,,1,0.006675720,0.382490594,-0.007326126,-0.109889984,1,3.266286135,187.144410202,-0.002442360,-2.769229889,1,-2.892156601,-165.708366925,-0.002442360,2.550426483,1,-0.171473503,-9.824708027,0.007326126,0.412698746,1,0.641002655,36.726746790,-0.012210846,-0.003663063,-0.004005432,-0.229494356,0.000000000,-0.000000000,8.000000000,2.500000000,3.297948122,188.958508445,0.000000000,-2.821826696,2.000000000,0.500000000,-2.900548935,-166.189212243,0.000000000,2.576432705,1.000000000,0.500000000,-0.179102898,-10.261840134,0.000000000,0.422004700,0.500000000,0.200000003,0.641386032,36.748712678,0.000000000,0.000097963,0.000000000,0.100000001
2026-07-06 23:41:34.614,1783352494.614842415,92.004298224,1,1,91.990085045,1,0.004484343,5,1,0.004310974,5,1,0,0,0,0,1,1,1,1,1,1,0.022873684,-1.654464575,1.762340506,1.664565790,1,90.932967052,6,1,6,1:-0.006:-0.020|2:-1.843:0.764|3:-1.680:1.112|4:-1.685:1.809|5:-1.709:2.569|6:-0.827:2.882,1,49.718552926,pickup,0,4,-1.685056000,1.809350000,1,49.718527710,1,received,0,-1.000000000,,0,-1.000000000,0,,1,0.006675720,0.382490594,-0.007326126,-0.109889984,1,3.266286135,187.144410202,-0.007326126,-2.769229889,1,-2.892156601,-165.708366925,-0.002442360,2.550426483,1,-0.171473503,-9.824708027,-0.007326126,0.407814026,1,0.641002655,36.726746790,0.012210846,-0.003663063,-0.004005432,-0.229494356,0.000000000,-0.000000000,8.000000000,2.500000000,3.297948122,188.958508445,0.000000000,-2.821826696,2.000000000,0.500000000,-2.900548935,-166.189212243,0.000000000,2.576432705,1.000000000,0.500000000,-0.179102898,-10.261840134,0.000000000,0.422004700,0.500000000,0.200000003,0.641386032,36.748712678,0.000000000,0.000097963,0.000000000,0.100000001
2026-07-06 23:41:35.614,1783352495.614719629,93.004175668,1,1,92.989962489,1,0.004576473,5,1,0.004240673,5,1,0,0,0,0,1,1,1,1,1,1,0.023726929,-1.652510620,1.757008082,1.665820572,1,91.932844496,6,1,6,1:-0.006:-0.020|2:-1.843:0.764|3:-1.680:1.112|4:-1.685:1.809|5:-1.709:2.569|6:-0.827:2.882,1,50.718430370,pickup,0,4,-1.685056000,1.809350000,1,50.718405154,1,received,0,-1.000000000,,0,-1.000000000,0,,1,0.006675720,0.382490594,-0.007326126,-0.109889984,1,3.266286135,187.144410202,-0.002442360,-2.769229889,1,-2.892156601,-165.708366925,-0.002442360,2.550426483,1,-0.171092033,-9.802851421,0.007326126,0.412698746,1,0.641002655,36.726746790,0.012210846,-0.003663063,-0.004005432,-0.229494356,0.000000000,-0.000000000,8.000000000,2.500000000,3.297948122,188.958508445,0.000000000,-2.821826696,2.000000000,0.500000000,-2.900548935,-166.189212243,0.000000000,2.576432705,1.000000000,0.500000000,-0.179102898,-10.261840134,0.000000000,0.422004700,0.500000000,0.200000003,0.641386032,36.748712678,0.000000000,0.000097963,0.000000000,0.100000001
2026-07-06 23:41:36.614,1783352496.614666462,94.004122351,1,1,93.989909172,1,0.004584862,5,1,0.004276637,5,1,0,0,0,0,1,1,1,1,1,1,0.024633122,-1.652582762,1.756919714,1.665385523,1,92.932791179,6,1,6,1:-0.006:-0.020|2:-1.843:0.764|3:-1.680:1.112|4:-1.685:1.809|5:-1.709:2.569|6:-0.827:2.882,1,51.718377053,pickup,0,4,-1.685056000,1.809350000,1,51.718351837,1,received,0,-1.000000000,,0,-1.000000000,0,,1,0.006675720,0.382490594,-0.007326126,-0.109889984,1,3.266286135,187.144410202,-0.002442360,-2.769229889,1,-2.892156601,-165.708366925,-0.007326126,2.550426483,1,-0.171473503,-9.824708027,-0.007326126,0.407814026,1,0.641002655,36.726746790,0.012210846,-0.003663063,-0.004005432,-0.229494356,0.000000000,-0.000000000,8.000000000,2.500000000,3.297948122,188.958508445,0.000000000,-2.821826696,2.000000000,0.500000000,-2.900548935,-166.189212243,0.000000000,2.576432705,1.000000000,0.500000000,-0.179102898,-10.261840134,0.000000000,0.422004700,0.500000000,0.200000003,0.641386032,36.748712678,0.000000000,0.000097963,0.000000000,0.100000001
2026-07-06 23:41:37.614,1783352497.614607811,95.004063829,1,1,94.989850650,1,0.004333318,5,1,0.004274203,5,1,0,0,0,0,1,1,1,1,1,1,0.024324079,-1.643157061,1.760262233,1.665386841,1,93.932732657,6,1,6,1:-0.006:-0.020|2:-1.843:0.764|3:-1.680:1.112|4:-1.685:1.809|5:-1.709:2.569|6:-0.827:2.882,1,52.718318531,pickup,0,4,-1.685056000,1.809350000,1,52.718293315,1,received,0,-1.000000000,,0,-1.000000000,0,,1,0.006675720,0.382490594,0.007326126,-0.109889984,1,3.266286135,187.144410202,0.002442360,-2.769229889,1,-2.892156601,-165.708366925,-0.002442360,2.536752701,1,-0.171092033,-9.802851421,-0.007326126,0.412698746,1,0.641002655,36.726746790,-0.012210846,-0.003663063,-0.004005432,-0.229494356,0.000000000,-0.000000000,8.000000000,2.500000000,3.297948122,188.958508445,0.000000000,-2.821826696,2.000000000,0.500000000,-2.900548935,-166.189212243,0.000000000,2.576432705,1.000000000,0.500000000,-0.179102898,-10.261840134,0.000000000,0.422004700,0.500000000,0.200000003,0.641386032,36.748712678,0.000000000,0.000097963,0.000000000,0.100000001
2026-07-06 23:41:38.614,1783352498.614558935,96.004014917,1,1,95.989801738,1,0.004455806,5,1,0.004180648,5,1,0,0,0,0,1,1,1,1,1,1,0.024600449,-1.651212074,1.756885220,1.665224635,1,94.932683745,6,1,6,1:-0.006:-0.020|2:-1.843:0.764|3:-1.680:1.112|4:-1.685:1.809|5:-1.709:2.569|6:-0.827:2.882,1,53.718269619,pickup,0,4,-1.685056000,1.809350000,1,53.718244403,1,received,0,-1.000000000,,0,-1.000000000,0,,1,0.006675720,0.382490594,-0.007326126,-0.109889984,1,3.266286135,187.144410202,-0.002442360,-2.769229889,1,-2.892156601,-165.708366925,-0.002442360,2.536752701,1,-0.171473503,-9.824708027,-0.007326126,0.412698746,1,0.641002655,36.726746790,-0.012210846,-0.003663063,-0.004005432,-0.229494356,0.000000000,-0.000000000,8.000000000,2.500000000,3.297948122,188.958508445,0.000000000,-2.821826696,2.000000000,0.500000000,-2.900548935,-166.189212243,0.000000000,2.576432705,1.000000000,0.500000000,-0.179102898,-10.261840134,0.000000000,0.422004700,0.500000000,0.200000003,0.641386032,36.748712678,0.000000000,0.000097963,0.000000000,0.100000001
2026-07-06 23:41:39.614,1783352499.614440680,97.003896726,1,1,96.989683547,1,0.004632978,5,1,0.004306106,5,1,0,0,0,0,1,1,1,1,1,1,0.023509587,-1.653150757,1.762237629,1.664312011,1,95.932565554,6,1,6,1:-0.006:-0.020|2:-1.843:0.764|3:-1.680:1.112|4:-1.685:1.809|5:-1.709:2.569|6:-0.827:2.882,1,54.718151428,pickup,0,4,-1.685056000,1.809350000,1,54.718126212,1,received,0,-1.000000000,,0,-1.000000000,0,,1,0.006675720,0.382490594,-0.007326126,-0.109889984,1,3.266286135,187.144410202,-0.002442360,-2.769229889,1,-2.892156601,-165.708366925,0.002442360,2.550426483,1,-0.171473503,-9.824708027,-0.007326126,0.412698746,1,0.641002655,36.726746790,-0.036628723,-0.003663063,-0.004005432,-0.229494356,0.000000000,-0.000000000,8.000000000,2.500000000,3.297948122,188.958508445,0.000000000,-2.821826696,2.000000000,0.500000000,-2.900548935,-166.189212243,0.000000000,2.576432705,1.000000000,0.500000000,-0.179102898,-10.261840134,0.000000000,0.422004700,0.500000000,0.200000003,0.641386032,36.748712678,0.000000000,0.000097963,0.000000000,0.100000001
2026-07-06 23:41:40.614,1783352500.614390373,98.003846142,1,1,97.989632963,1,0.004442666,5,1,0.004270462,5,1,0,0,0,0,1,1,1,1,1,1,0.024507362,-1.664570842,1.764229513,1.663313925,1,96.932514970,6,1,6,1:-0.006:-0.020|2:-1.843:0.764|3:-1.680:1.112|4:-1.685:1.809|5:-1.709:2.569|6:-0.827:2.882,1,55.718100844,pickup,0,4,-1.685056000,1.809350000,1,55.718075628,1,received,0,-1.000000000,,0,-1.000000000,0,,1,0.006675720,0.382490594,-0.007326126,-0.114773750,1,3.266286135,187.144410202,-0.002442360,-2.769229889,1,-2.892156601,-165.708366925,-0.002442360,2.550426483,1,-0.171473503,-9.824708027,-0.007326126,0.407814026,1,0.641002655,36.726746790,-0.012210846,-0.003663063,-0.004005432,-0.229494356,0.000000000,-0.000000000,8.000000000,2.500000000,3.297948122,188.958508445,0.000000000,-2.821826696,2.000000000,0.500000000,-2.900548935,-166.189212243,0.000000000,2.576432705,1.000000000,0.500000000,-0.179102898,-10.261840134,0.000000000,0.422004700,0.500000000,0.200000003,0.641386032,36.748712678,0.000000000,0.000097963,0.000000000,0.100000001
2026-07-06 23:41:41.614,1783352501.614353895,99.003809835,1,1,98.989596656,1,0.004464138,5,1,0.004238384,5,1,0,0,0,0,1,1,1,1,1,1,0.024307135,-1.660928529,1.762622588,1.664496431,1,97.932478663,6,1,6,1:-0.006:-0.020|2:-1.843:0.764|3:-1.680:1.112|4:-1.685:1.809|5:-1.709:2.569|6:-0.827:2.882,1,56.718064537,pickup,0,4,-1.685056000,1.809350000,1,56.718039321,1,received,0,-1.000000000,,0,-1.000000000,0,,1,0.006675720,0.382490594,-0.021978378,-0.109889984,1,3.266286135,187.144410202,0.002442360,-2.769229889,1,-2.892156601,-165.708366925,-0.002442360,2.550426483,1,-0.171473503,-9.824708027,-0.021978378,0.407814026,1,0.640619278,36.704780901,-0.036628723,-0.003663063,-0.004005432,-0.229494356,0.000000000,-0.000000000,8.000000000,2.500000000,3.297948122,188.958508445,0.000000000,-2.821826696,2.000000000,0.500000000,-2.900548935,-166.189212243,0.000000000,2.576432705,1.000000000,0.500000000,-0.179102898,-10.261840134,0.000000000,0.422004700,0.500000000,0.200000003,0.641386032,36.748712678,0.000000000,0.000097963,0.000000000,0.100000001
2026-07-06 23:41:42.614,1783352502.614295959,100.003752006,1,1,99.989538827,1,0.004244953,5,1,0.003980289,5,1,0,0,0,0,1,1,1,1,1,1,0.022809951,-1.653936857,1.753188301,1.664174626,1,98.932420834,6,1,6,1:-0.006:-0.020|2:-1.843:0.764|3:-1.680:1.112|4:-1.685:1.809|5:-1.709:2.569|6:-0.827:2.882,1,57.718006708,pickup,0,4,-1.685056000,1.809350000,1,57.717981492,1,received,0,-1.000000000,,0,-1.000000000,0,,1,0.006675720,0.382490594,-0.021978378,-0.109889984,1,3.266286135,187.144410202,-0.002442360,-2.769229889,1,-2.892156601,-165.708366925,0.002442360,2.536752701,1,-0.171473503,-9.824708027,-0.007326126,0.407814026,1,0.641002655,36.726746790,-0.012210846,-0.003663063,-0.004005432,-0.229494356,0.000000000,-0.000000000,8.000000000,2.500000000,3.297948122,188.958508445,0.000000000,-2.821826696,2.000000000,0.500000000,-2.900548935,-166.189212243,0.000000000,2.576432705,1.000000000,0.500000000,-0.179102898,-10.261840134,0.000000000,0.422004700,0.500000000,0.200000003,0.641386032,36.748712678,0.000000000,0.000097963,0.000000000,0.100000001
2026-07-06 23:41:43.614,1783352503.614178896,101.003634810,1,1,100.989421631,1,0.004139621,5,1,0.004199437,5,1,0,0,0,0,1,1,1,1,1,1,0.023205364,-1.657284780,1.759538599,1.664556438,1,99.932303638,6,1,6,1:-0.006:-0.020|2:-1.843:0.764|3:-1.680:1.112|4:-1.685:1.809|5:-1.709:2.569|6:-0.827:2.882,1,58.717889512,pickup,0,4,-1.685056000,1.809350000,1,58.717864296,1,received,0,-1.000000000,,0,-1.000000000,0,,1,0.006675720,0.382490594,-0.007326126,-0.109889984,1,3.266286135,187.144410202,0.002442360,-2.769229889,1,-2.892156601,-165.708366925,-0.002442360,2.536752701,1,-0.171092033,-9.802851421,0.007326126,0.407814026,1,0.641386032,36.748712678,-0.012210846,-0.003663063,-0.004005432,-0.229494356,0.000000000,-0.000000000,8.000000000,2.500000000,3.297948122,188.958508445,0.000000000,-2.821826696,2.000000000,0.500000000,-2.900548935,-166.189212243,0.000000000,2.576432705,1.000000000,0.500000000,-0.179102898,-10.261840134,0.000000000,0.422004700,0.500000000,0.200000003,0.641386032,36.748712678,0.000000000,0.000097963,0.000000000,0.100000001
2026-07-06 23:41:44.614,1783352504.614113569,102.003569590,1,1,101.989356411,1,0.004268253,5,1,0.004209167,5,1,0,0,0,0,1,1,1,1,1,1,0.024489513,-1.655119894,1.760530437,1.665290676,1,100.932238418,6,1,6,1:-0.006:-0.020|2:-1.843:0.764|3:-1.680:1.112|4:-1.685:1.809|5:-1.709:2.569|6:-0.827:2.882,1,59.717824292,pickup,0,4,-1.685056000,1.809350000,1,59.717799076,1,received,0,-1.000000000,,0,-1.000000000,0,,1,0.006675720,0.382490594,0.007326126,-0.109889984,1,3.266286135,187.144410202,-0.002442360,-2.769229889,1,-2.892156601,-165.708366925,-0.002442360,2.550426483,1,-0.171473503,-9.824708027,-0.007326126,0.407814026,1,0.641002655,36.726746790,-0.012210846,-0.003663063,-0.004005432,-0.229494356,0.000000000,-0.000000000,8.000000000,2.500000000,3.297948122,188.958508445,0.000000000,-2.821826696,2.000000000,0.500000000,-2.900548935,-166.189212243,0.000000000,2.576432705,1.000000000,0.500000000,-0.179102898,-10.261840134,0.000000000,0.422004700,0.500000000,0.200000003,0.641386032,36.748712678,0.000000000,0.000097963,0.000000000,0.100000001
2026-07-06 23:41:45.614,1783352505.614074945,103.003530841,1,1,102.989317662,1,0.004291114,5,1,0.004247028,5,1,0,0,0,0,1,1,1,1,1,1,0.024373219,-1.659054180,1.756498048,1.664754456,1,101.932199669,6,1,6,1:-0.006:-0.020|2:-1.843:0.764|3:-1.680:1.112|4:-1.685:1.809|5:-1.709:2.569|6:-0.827:2.882,1,60.717785543,pickup,0,4,-1.685056000,1.809350000,1,60.717760327,1,received,0,-1.000000000,,0,-1.000000000,0,,1,0.006675720,0.382490594,-0.007326126,-0.105006218,1,3.266286135,187.144410202,-0.002442360,-2.769229889,1,-2.892156601,-165.708366925,0.002442360,2.550426483,1,-0.171473503,-9.824708027,-0.007326126,0.407814026,1,0.641002655,36.726746790,-0.036628723,-0.003663063,-0.004005432,-0.229494356,0.000000000,-0.000000000,8.000000000,2.500000000,3.297948122,188.958508445,0.000000000,-2.821826696,2.000000000,0.500000000,-2.900548935,-166.189212243,0.000000000,2.576432705,1.000000000,0.500000000,-0.179102898,-10.261840134,0.000000000,0.422004700,0.500000000,0.200000003,0.641386032,36.748712678,0.000000000,0.000097963,0.000000000,0.100000001
2026-07-06 23:41:46.614,1783352506.613981485,104.003437371,1,1,103.989224192,1,0.004319025,5,1,0.004204397,5,1,0,0,0,0,1,1,1,1,1,1,0.024207815,-1.653461047,1.761916132,1.664820821,1,102.932106199,6,1,6,1:-0.006:-0.020|2:-1.843:0.764|3:-1.680:1.112|4:-1.685:1.809|5:-1.709:2.569|6:-0.827:2.882,1,61.717692073,pickup,0,4,-1.685056000,1.809350000,1,61.717666857,1,received,0,-1.000000000,,0,-1.000000000,0,,1,0.006675720,0.382490594,-0.007326126,-0.109889984,1,3.266286135,187.144410202,-0.002442360,-2.769229889,1,-2.892156601,-165.708366925,-0.002442360,2.550426483,1,-0.171473503,-9.824708027,-0.021978378,0.407814026,1,0.641002655,36.726746790,0.036628723,-0.003663063,-0.004005432,-0.229494356,0.000000000,-0.000000000,8.000000000,2.500000000,3.297948122,188.958508445,0.000000000,-2.821826696,2.000000000,0.500000000,-2.900548935,-166.189212243,0.000000000,2.576432705,1.000000000,0.500000000,-0.179102898,-10.261840134,0.000000000,0.422004700,0.500000000,0.200000003,0.641386032,36.748712678,0.000000000,0.000097963,0.000000000,0.100000001
2026-07-06 23:41:47.614,1783352507.613898993,105.003355100,1,1,104.989141921,1,0.004190979,5,1,0.004133197,5,1,0,0,0,0,1,1,1,1,1,1,0.024567254,-1.653359989,1.757659847,1.664968476,1,103.932023928,6,1,6,1:-0.006:-0.020|2:-1.843:0.764|3:-1.680:1.112|4:-1.685:1.809|5:-1.709:2.569|6:-0.827:2.882,1,62.717609802,pickup,0,4,-1.685056000,1.809350000,1,62.717584586,1,received,0,-1.000000000,,0,-1.000000000,0,,1,0.006675720,0.382490594,-0.007326126,-0.109889984,1,3.266286135,187.144410202,-0.002442360,-2.782905579,1,-2.892156601,-165.708366925,-0.007326126,2.550426483,1,-0.171473503,-9.824708027,0.007326126,0.407814026,1,0.641002655,36.726746790,-0.036628723,-0.003663063,-0.004005432,-0.229494356,0.000000000,-0.000000000,8.000000000,2.500000000,3.297948122,188.958508445,0.000000000,-2.821826696,2.000000000,0.500000000,-2.900548935,-166.189212243,0.000000000,2.576432705,1.000000000,0.500000000,-0.179102898,-10.261840134,0.000000000,0.422004700,0.500000000,0.200000003,0.641386032,36.748712678,0.000000000,0.000097963,0.000000000,0.100000001
2026-07-06 23:41:48.613,1783352508.613869905,106.003325924,1,1,105.989112745,1,0.004316353,5,1,0.004236935,5,1,0,0,0,0,1,1,1,1,1,1,0.024221771,-1.648881859,1.754176295,1.665298082,1,104.931994752,6,1,6,1:-0.006:-0.020|2:-1.843:0.764|3:-1.680:1.112|4:-1.685:1.809|5:-1.709:2.569|6:-0.827:2.882,1,63.717580626,pickup,0,4,-1.685056000,1.809350000,1,63.717555410,1,received,0,-1.000000000,,0,-1.000000000,0,,1,0.006675720,0.382490594,-0.007326126,-0.109889984,1,3.266286135,187.144410202,-0.002442360,-2.769229889,1,-2.892156601,-165.708366925,0.002442360,2.550426483,1,-0.171473503,-9.824708027,-0.021978378,0.407814026,1,0.641002655,36.726746790,-0.012210846,-0.003663063,-0.004005432,-0.229494356,0.000000000,-0.000000000,8.000000000,2.500000000,3.297948122,188.958508445,0.000000000,-2.821826696,2.000000000,0.500000000,-2.900548935,-166.189212243,0.000000000,2.576432705,1.000000000,0.500000000,-0.179102898,-10.261840134,0.000000000,0.422004700,0.500000000,0.200000003,0.641386032,36.748712678,0.000000000,0.000097963,0.000000000,0.100000001
2026-07-06 23:41:49.613,1783352509.613847256,107.003303376,1,1,106.989090197,1,0.004301356,5,1,0.004282760,5,1,0,0,0,0,1,1,1,1,1,1,0.022741246,-1.657041885,1.761318503,1.664927307,1,105.931972204,6,1,6,1:-0.006:-0.020|2:-1.843:0.764|3:-1.680:1.112|4:-1.685:1.809|5:-1.709:2.569|6:-0.827:2.882,1,64.717558078,pickup,0,4,-1.685056000,1.809350000,1,64.717532862,1,received,0,-1.000000000,,0,-1.000000000,0,,1,0.006675720,0.382490594,-0.007326126,-0.109889984,1,3.266286135,187.144410202,-0.002442360,-2.769229889,1,-2.892156601,-165.708366925,-0.002442360,2.550426483,1,-0.171473503,-9.824708027,-0.007326126,0.407814026,1,0.641002655,36.726746790,0.012210846,-0.003663063,-0.004005432,-0.229494356,0.000000000,-0.000000000,8.000000000,2.500000000,3.297948122,188.958508445,0.000000000,-2.821826696,2.000000000,0.500000000,-2.900548935,-166.189212243,0.000000000,2.576432705,1.000000000,0.500000000,-0.179102898,-10.261840134,0.000000000,0.422004700,0.500000000,0.200000003,0.641386032,36.748712678,0.000000000,0.000097963,0.000000000,0.100000001
2026-07-06 23:41:50.613,1783352510.613722086,108.003178154,1,1,107.988964975,1,0.004213134,5,1,0.004152418,5,1,0,0,0,0,1,1,1,1,1,1,0.023211056,-1.662458531,1.756605621,1.664608671,1,106.931846982,6,1,6,1:-0.006:-0.020|2:-1.843:0.764|3:-1.680:1.112|4:-1.685:1.809|5:-1.709:2.569|6:-0.827:2.882,1,65.717432856,pickup,0,4,-1.685056000,1.809350000,1,65.717407640,1,received,0,-1.000000000,,0,-1.000000000,0,,1,0.006675720,0.382490594,-0.021978378,-0.109889984,1,3.266286135,187.144410202,-0.007326126,-2.782905579,1,-2.892156601,-165.708366925,-0.002442360,2.550426483,1,-0.171473503,-9.824708027,-0.021978378,0.407814026,1,0.641002655,36.726746790,-0.012210846,-0.003663063,-0.004005432,-0.229494356,0.000000000,-0.000000000,8.000000000,2.500000000,3.297948122,188.958508445,0.000000000,-2.821826696,2.000000000,0.500000000,-2.900548935,-166.189212243,0.000000000,2.576432705,1.000000000,0.500000000,-0.179102898,-10.261840134,0.000000000,0.422004700,0.500000000,0.200000003,0.641386032,36.748712678,0.000000000,0.000097963,0.000000000,0.100000001
2026-07-06 23:41:51.613,1783352511.613702297,109.003158350,1,1,108.988945171,1,0.004251275,5,1,0.004219686,5,1,0,0,0,0,1,1,1,1,1,1,0.023688304,-1.645237038,1.761987311,1.665020475,1,107.931827178,6,1,6,1:-0.006:-0.020|2:-1.843:0.764|3:-1.680:1.112|4:-1.685:1.809|5:-1.709:2.569|6:-0.827:2.882,1,66.717413052,pickup,0,4,-1.685056000,1.809350000,1,66.717387836,1,received,0,-1.000000000,,0,-1.000000000,0,,1,0.006675720,0.382490594,-0.007326126,-0.105006218,1,3.266286135,187.144410202,-0.002442360,-2.769229889,1,-2.892156601,-165.708366925,-0.002442360,2.536752701,1,-0.171473503,-9.824708027,-0.007326126,0.407814026,1,0.641002655,36.726746790,-0.012210846,-0.003663063,-0.004005432,-0.229494356,0.000000000,-0.000000000,8.000000000,2.500000000,3.297948122,188.958508445,0.000000000,-2.821826696,2.000000000,0.500000000,-2.900548935,-166.189212243,0.000000000,2.576432705,1.000000000,0.500000000,-0.179102898,-10.261840134,0.000000000,0.422004700,0.500000000,0.200000003,0.641386032,36.748712678,0.000000000,0.000097963,0.000000000,0.100000001
2026-07-06 23:41:52.613,1783352512.613548756,110.003004817,1,1,109.988791638,1,0.004216887,5,1,0.004176233,5,1,0,0,0,0,1,1,1,1,1,1,0.024436041,-1.662364640,1.757206487,1.663897024,1,108.931673645,6,1,6,1:-0.006:-0.020|2:-1.843:0.764|3:-1.680:1.112|4:-1.685:1.809|5:-1.709:2.569|6:-0.827:2.882,1,67.717259519,pickup,0,4,-1.685056000,1.809350000,1,67.717234303,1,received,0,-1.000000000,,0,-1.000000000,0,,1,0.006675720,0.382490594,-0.007326126,-0.114773750,1,3.266286135,187.144410202,-0.002442360,-2.782905579,1,-2.892156601,-165.708366925,-0.002442360,2.550426483,1,-0.171092033,-9.802851421,-0.007326126,0.407814026,1,0.641002655,36.726746790,-0.036628723,-0.003663063,-0.004005432,-0.229494356,0.000000000,-0.000000000,8.000000000,2.500000000,3.297948122,188.958508445,0.000000000,-2.821826696,2.000000000,0.500000000,-2.900548935,-166.189212243,0.000000000,2.576432705,1.000000000,0.500000000,-0.179102898,-10.261840134,0.000000000,0.422004700,0.500000000,0.200000003,0.641386032,36.748712678,0.000000000,0.000097963,0.000000000,0.100000001
2026-07-06 23:41:53.613,1783352513.613595963,111.003051759,1,1,110.988838580,1,0.004238932,5,1,0.004217920,5,1,0,0,0,0,1,1,1,1,1,1,0.023169886,-1.645145595,1.755945129,1.665275543,1,109.931720587,6,1,6,1:-0.006:-0.020|2:-1.843:0.764|3:-1.680:1.112|4:-1.685:1.809|5:-1.709:2.569|6:-0.827:2.882,1,68.717306461,pickup,0,4,-1.685056000,1.809350000,1,68.717281245,1,received,0,-1.000000000,,0,-1.000000000,0,,1,0.006675720,0.382490594,-0.007326126,-0.109889984,1,3.266286135,187.144410202,-0.002442360,-2.769229889,1,-2.892156601,-165.708366925,-0.002442360,2.550426483,1,-0.171473503,-9.824708027,0.007326126,0.407814026,1,0.641002655,36.726746790,-0.012210846,-0.003663063,-0.004005432,-0.229494356,0.000000000,-0.000000000,8.000000000,2.500000000,3.297948122,188.958508445,0.000000000,-2.821826696,2.000000000,0.500000000,-2.900548935,-166.189212243,0.000000000,2.576432705,1.000000000,0.500000000,-0.179102898,-10.261840134,0.000000000,0.422004700,0.500000000,0.200000003,0.641386032,36.748712678,0.000000000,0.000097963,0.000000000,0.100000001
2026-07-06 23:41:54.613,1783352514.613445997,112.002901869,1,1,111.988688690,1,0.004015283,5,1,0.004150068,5,1,0,0,0,0,1,1,1,1,1,1,0.024501649,-1.659587965,1.758329609,1.664286975,1,110.931570697,6,1,6,1:-0.006:-0.020|2:-1.843:0.764|3:-1.680:1.112|4:-1.685:1.809|5:-1.709:2.569|6:-0.827:2.882,1,69.717156571,pickup,0,4,-1.685056000,1.809350000,1,69.717131355,1,received,0,-1.000000000,,0,-1.000000000,0,,1,0.006675720,0.382490594,0.007326126,-0.109889984,1,3.266286135,187.144410202,-0.002442360,-2.769229889,1,-2.892156601,-165.708366925,-0.002442360,2.550426483,1,-0.171473503,-9.824708027,-0.007326126,0.407814026,1,0.641002655,36.726746790,0.012210846,-0.003663063,-0.004005432,-0.229494356,0.000000000,-0.000000000,8.000000000,2.500000000,3.297948122,188.958508445,0.000000000,-2.821826696,2.000000000,0.500000000,-2.900548935,-166.189212243,0.000000000,2.576432705,1.000000000,0.500000000,-0.179102898,-10.261840134,0.000000000,0.422004700,0.500000000,0.200000003,0.641386032,36.748712678,0.000000000,0.000097963,0.000000000,0.100000001
2026-07-06 23:41:55.613,1783352515.613363504,113.002819306,1,1,112.988606127,1,0.004095217,5,1,0.004026809,5,1,0,0,0,0,1,1,1,1,1,1,0.024396994,-1.647332358,1.756106312,1.664493451,1,111.931488134,6,1,6,1:-0.006:-0.020|2:-1.843:0.764|3:-1.680:1.112|4:-1.685:1.809|5:-1.709:2.569|6:-0.827:2.882,1,70.717074008,pickup,0,4,-1.685056000,1.809350000,1,70.717048792,1,received,0,-1.000000000,,0,-1.000000000,0,,1,0.006675720,0.382490594,-0.007326126,-0.109889984,1,3.266286135,187.144410202,-0.002442360,-2.769229889,1,-2.892156601,-165.708366925,-0.002442360,2.550426483,1,-0.171473503,-9.824708027,-0.007326126,0.407814026,1,0.641002655,36.726746790,-0.012210846,-0.003663063,-0.004005432,-0.229494356,0.000000000,-0.000000000,8.000000000,2.500000000,3.297948122,188.958508445,0.000000000,-2.821826696,2.000000000,0.500000000,-2.900548935,-166.189212243,0.000000000,2.576432705,1.000000000,0.500000000,-0.179102898,-10.261840134,0.000000000,0.422004700,0.500000000,0.200000003,0.641386032,36.748712678,0.000000000,0.000097963,0.000000000,0.100000001
2026-07-06 23:41:56.613,1783352516.613318682,114.002774758,1,1,113.988561579,1,0.003939226,5,1,0.004243616,5,1,0,0,0,0,1,1,1,1,1,1,0.022317190,-1.645120188,1.756339824,1.663325147,1,112.931443586,6,1,6,1:-0.006:-0.020|2:-1.843:0.764|3:-1.680:1.112|4:-1.685:1.809|5:-1.709:2.569|6:-0.827:2.882,1,71.717029460,pickup,0,4,-1.685056000,1.809350000,1,71.717004244,1,received,0,-1.000000000,,0,-1.000000000,0,,1,0.006675720,0.382490594,-0.007326126,-0.109889984,1,3.266286135,187.144410202,-0.002442360,-2.769229889,1,-2.892156601,-165.708366925,-0.007326126,2.536752701,1,-0.171092033,-9.802851421,0.007326126,0.412698746,1,0.641002655,36.726746790,0.012210846,-0.003663063,-0.004005432,-0.229494356,0.000000000,-0.000000000,8.000000000,2.500000000,3.297948122,188.958508445,0.000000000,-2.821826696,2.000000000,0.500000000,-2.900548935,-166.189212243,0.000000000,2.576432705,1.000000000,0.500000000,-0.179102898,-10.261840134,0.000000000,0.422004700,0.500000000,0.200000003,0.641386032,36.748712678,0.000000000,0.000097963,0.000000000,0.100000001
2026-07-06 23:41:57.613,1783352517.613223791,115.002679596,1,1,114.988466417,1,0.003826405,5,1,0.004111698,5,1,0,0,0,0,1,1,1,1,1,1,0.024514298,-1.666812379,1.758870645,1.664243518,1,113.931348424,6,1,6,1:-0.006:-0.020|2:-1.843:0.764|3:-1.680:1.112|4:-1.685:1.809|5:-1.709:2.569|6:-0.827:2.882,1,72.716934298,pickup,0,4,-1.685056000,1.809350000,1,72.716909082,1,received,0,-1.000000000,,0,-1.000000000,0,,1,0.006675720,0.382490594,-0.007326126,-0.109889984,1,3.266286135,187.144410202,-0.002442360,-2.769229889,1,-2.892156601,-165.708366925,-0.012209892,2.550426483,1,-0.171473503,-9.824708027,-0.007326126,0.407814026,1,0.641002655,36.726746790,-0.012210846,-0.003663063,-0.004005432,-0.229494356,0.000000000,-0.000000000,8.000000000,2.500000000,3.297948122,188.958508445,0.000000000,-2.821826696,2.000000000,0.500000000,-2.900548935,-166.189212243,0.000000000,2.576432705,1.000000000,0.500000000,-0.179102898,-10.261840134,0.000000000,0.422004700,0.500000000,0.200000003,0.641386032,36.748712678,0.000000000,0.000097963,0.000000000,0.100000001
2026-07-06 23:41:58.613,1783352518.613155365,116.002611254,1,1,115.988398075,1,0.003990893,5,1,0.004098311,5,1,0,0,0,0,1,1,1,1,1,1,0.022386439,-1.660031603,1.754865437,1.665816807,1,114.931280082,6,1,6,1:-0.006:-0.020|2:-1.843:0.764|3:-1.680:1.112|4:-1.685:1.809|5:-1.709:2.569|6:-0.827:2.882,1,73.716865956,pickup,0,4,-1.685056000,1.809350000,1,73.716840740,1,received,0,-1.000000000,,0,-1.000000000,0,,1,0.006675720,0.382490594,-0.007326126,-0.105006218,1,3.266286135,187.144410202,-0.002442360,-2.769229889,1,-2.892156601,-165.708366925,-0.002442360,2.550426483,1,-0.171473503,-9.824708027,-0.007326126,0.412698746,1,0.641002655,36.726746790,-0.036628723,-0.003663063,-0.004005432,-0.229494356,0.000000000,-0.000000000,8.000000000,2.500000000,3.297948122,188.958508445,0.000000000,-2.821826696,2.000000000,0.500000000,-2.900548935,-166.189212243,0.000000000,2.576432705,1.000000000,0.500000000,-0.179102898,-10.261840134,0.000000000,0.422004700,0.500000000,0.200000003,0.641386032,36.748712678,0.000000000,0.000097963,0.000000000,0.100000001
2026-07-06 23:41:59.613,1783352519.613085270,117.002541192,1,1,116.988328013,1,0.004129578,5,1,0.004100252,5,1,0,0,0,0,1,1,1,1,1,1,0.021849257,-1.645771161,1.757197031,1.664383362,1,115.931210020,6,1,6,1:-0.006:-0.020|2:-1.843:0.764|3:-1.680:1.112|4:-1.685:1.809|5:-1.709:2.569|6:-0.827:2.882,1,74.716795894,pickup,0,4,-1.685056000,1.809350000,1,74.716770678,1,received,0,-1.000000000,,0,-1.000000000,0,,1,0.006675720,0.382490594,-0.007326126,-0.109889984,1,3.266286135,187.144410202,-0.002442360,-2.769229889,1,-2.892156601,-165.708366925,-0.007326126,2.536752701,1,-0.171473503,-9.824708027,-0.007326126,0.407814026,1,0.641002655,36.726746790,0.012210846,-0.003663063,-0.004005432,-0.229494356,0.000000000,-0.000000000,8.000000000,2.500000000,3.297948122,188.958508445,0.000000000,-2.821826696,2.000000000,0.500000000,-2.900548935,-166.189212243,0.000000000,2.576432705,1.000000000,0.500000000,-0.179102898,-10.261840134,0.000000000,0.422004700,0.500000000,0.200000003,0.641386032,36.748712678,0.000000000,0.000097963,0.000000000,0.100000001
2026-07-06 23:42:00.613,1783352520.613022566,118.002478393,1,1,117.988265214,1,0.004444013,5,1,0.004316484,5,1,0,0,0,0,1,1,1,1,1,1,0.024449525,-1.661914213,1.757457651,1.664342216,1,116.931147221,6,1,6,1:-0.006:-0.020|2:-1.843:0.764|3:-1.680:1.112|4:-1.685:1.809|5:-1.709:2.569|6:-0.827:2.882,1,75.716733095,pickup,0,4,-1.685056000,1.809350000,1,75.716707879,1,received,0,-1.000000000,,0,-1.000000000,0,,1,0.006675720,0.382490594,-0.007326126,-0.109889984,1,3.266286135,187.144410202,-0.007326126,-2.769229889,1,-2.892156601,-165.708366925,-0.002442360,2.550426483,1,-0.171473503,-9.824708027,-0.007326126,0.407814026,1,0.641002655,36.726746790,0.012210846,-0.003663063,-0.004005432,-0.229494356,0.000000000,-0.000000000,8.000000000,2.500000000,3.297948122,188.958508445,0.000000000,-2.821826696,2.000000000,0.500000000,-2.900548935,-166.189212243,0.000000000,2.576432705,1.000000000,0.500000000,-0.179102898,-10.261840134,0.000000000,0.422004700,0.500000000,0.200000003,0.641386032,36.748712678,0.000000000,0.000097963,0.000000000,0.100000001
2026-07-06 23:42:01.613,1783352521.612972736,119.002428751,1,1,118.988215572,1,0.004169918,5,1,0.004151221,5,1,0,0,0,0,1,1,1,1,1,1,0.024664342,-1.659334524,1.762103891,1.665039236,1,117.931097579,6,1,6,1:-0.006:-0.020|2:-1.843:0.764|3:-1.680:1.112|4:-1.685:1.809|5:-1.709:2.569|6:-0.827:2.882,1,76.716683453,pickup,0,4,-1.685056000,1.809350000,1,76.716658237,1,received,0,-1.000000000,,0,-1.000000000,0,,1,0.006675720,0.382490594,-0.021978378,-0.114773750,1,3.266286135,187.144410202,-0.002442360,-2.782905579,1,-2.892156601,-165.708366925,-0.007326126,2.550426483,1,-0.171473503,-9.824708027,-0.007326126,0.407814026,1,0.641002655,36.726746790,0.012210846,-0.003663063,-0.004005432,-0.229494356,0.000000000,-0.000000000,8.000000000,2.500000000,3.297948122,188.958508445,0.000000000,-2.821826696,2.000000000,0.500000000,-2.900548935,-166.189212243,0.000000000,2.576432705,1.000000000,0.500000000,-0.179102898,-10.261840134,0.000000000,0.422004700,0.500000000,0.200000003,0.641386032,36.748712678,0.000000000,0.000097963,0.000000000,0.100000001
2026-07-06 23:42:02.612,1783352522.612870932,120.002326950,1,1,119.988113771,1,0.004543130,5,1,0.004286922,5,1,0,0,0,0,1,1,1,1,1,1,0.024499236,-1.645942430,1.754621391,1.663886992,1,118.930995778,6,1,6,1:-0.006:-0.020|2:-1.843:0.764|3:-1.680:1.112|4:-1.685:1.809|5:-1.709:2.569|6:-0.827:2.882,1,77.716581652,pickup,0,4,-1.685056000,1.809350000,1,77.716556436,1,received,0,-1.000000000,,0,-1.000000000,0,,1,0.006675720,0.382490594,0.007326126,-0.109889984,1,3.266286135,187.144410202,-0.002442360,-2.769229889,1,-2.892156601,-165.708366925,-0.002442360,2.550426483,1,-0.171092033,-9.802851421,-0.007326126,0.407814026,1,0.641002655,36.726746790,0.012210846,-0.003663063,-0.004005432,-0.229494356,0.000000000,-0.000000000,8.000000000,2.500000000,3.297948122,188.958508445,0.000000000,-2.821826696,2.000000000,0.500000000,-2.900548935,-166.189212243,0.000000000,2.576432705,1.000000000,0.500000000,-0.179102898,-10.261840134,0.000000000,0.422004700,0.500000000,0.200000003,0.641386032,36.748712678,0.000000000,0.000097963,0.000000000,0.100000001
2026-07-06 23:42:03.612,1783352523.612806320,121.002262412,1,1,120.988049233,1,0.004634719,5,1,0.004331078,5,1,0,0,0,0,1,1,1,1,1,1,0.024722290,-1.658538087,1.752841274,1.664978670,1,119.930931240,6,1,6,1:-0.006:-0.020|2:-1.843:0.764|3:-1.680:1.112|4:-1.685:1.809|5:-1.709:2.569|6:-0.827:2.882,1,78.716517114,pickup,0,4,-1.685056000,1.809350000,1,78.716491898,1,received,0,-1.000000000,,0,-1.000000000,0,,1,0.006675720,0.382490594,-0.021978378,-0.109889984,1,3.266286135,187.144410202,-0.002442360,-2.782905579,1,-2.892156601,-165.708366925,-0.002442360,2.550426483,1,-0.171473503,-9.824708027,-0.007326126,0.407814026,1,0.641002655,36.726746790,-0.012210846,-0.003663063,-0.004005432,-0.229494356,0.000000000,-0.000000000,8.000000000,2.500000000,3.297948122,188.958508445,0.000000000,-2.821826696,2.000000000,0.500000000,-2.900548935,-166.189212243,0.000000000,2.576432705,1.000000000,0.500000000,-0.179102898,-10.261840134,0.000000000,0.422004700,0.500000000,0.200000003,0.641386032,36.748712678,0.000000000,0.000097963,0.000000000,0.100000001
2026-07-06 23:42:04.612,1783352524.612733841,122.002189871,1,1,121.987976692,1,0.004475460,5,1,0.004249100,5,1,0,0,0,0,1,1,1,1,1,1,0.024451485,-1.644412565,1.763195841,1.664163045,1,120.930858699,6,1,6,1:-0.006:-0.020|2:-1.843:0.764|3:-1.680:1.112|4:-1.685:1.809|5:-1.709:2.569|6:-0.827:2.882,1,79.716444573,pickup,0,4,-1.685056000,1.809350000,1,79.716419357,1,received,0,-1.000000000,,0,-1.000000000,0,,1,0.006675720,0.382490594,-0.007326126,-0.109889984,1,3.266286135,187.144410202,-0.002442360,-2.782905579,1,-2.892156601,-165.708366925,-0.002442360,2.550426483,1,-0.171473503,-9.824708027,-0.021978378,0.407814026,1,0.641002655,36.726746790,-0.012210846,-0.003663063,-0.004005432,-0.229494356,0.000000000,-0.000000000,8.000000000,2.500000000,3.297948122,188.958508445,0.000000000,-2.821826696,2.000000000,0.500000000,-2.900548935,-166.189212243,0.000000000,2.576432705,1.000000000,0.500000000,-0.179102898,-10.261840134,0.000000000,0.422004700,0.500000000,0.200000003,0.641386032,36.748712678,0.000000000,0.000097963,0.000000000,0.100000001
2026-07-06 23:42:05.612,1783352525.612673044,123.002129042,1,1,122.987915863,1,0.004465299,5,1,0.004295637,5,1,0,0,0,0,1,1,1,1,1,1,0.024565093,-1.662984719,1.757553669,1.665138471,1,121.930797870,6,1,6,1:-0.006:-0.020|2:-1.843:0.764|3:-1.680:1.112|4:-1.685:1.809|5:-1.709:2.569|6:-0.827:2.882,1,80.716383744,pickup,0,4,-1.685056000,1.809350000,1,80.716358528,1,received,0,-1.000000000,,0,-1.000000000,0,,1,0.006675720,0.382490594,-0.007326126,-0.105006218,1,3.266286135,187.144410202,-0.007326126,-2.769229889,1,-2.892156601,-165.708366925,-0.002442360,2.550426483,1,-0.171473503,-9.824708027,-0.007326126,0.407814026,1,0.641002655,36.726746790,-0.012210846,-0.003663063,-0.004005432,-0.229494356,0.000000000,-0.000000000,8.000000000,2.500000000,3.297948122,188.958508445,0.000000000,-2.821826696,2.000000000,0.500000000,-2.900548935,-166.189212243,0.000000000,2.576432705,1.000000000,0.500000000,-0.179102898,-10.261840134,0.000000000,0.422004700,0.500000000,0.200000003,0.641386032,36.748712678,0.000000000,0.000097963,0.000000000,0.100000001
2026-07-06 23:42:06.612,1783352526.612602949,124.002058968,1,1,123.987845789,1,0.004397964,5,1,0.004238552,5,1,0,0,0,0,1,1,1,1,1,1,0.024564306,-1.648947961,1.762363221,1.664869494,1,122.930727796,6,1,6,1:-0.006:-0.020|2:-1.843:0.764|3:-1.680:1.112|4:-1.685:1.809|5:-1.709:2.569|6:-0.827:2.882,1,81.716313670,pickup,0,4,-1.685056000,1.809350000,1,81.716288454,1,received,0,-1.000000000,,0,-1.000000000,0,,1,0.006675720,0.382490594,0.007326126,-0.109889984,1,3.266286135,187.144410202,-0.002442360,-2.755556107,1,-2.892156601,-165.708366925,0.002442360,2.550426483,1,-0.171473503,-9.824708027,0.007326126,0.407814026,1,0.641002655,36.726746790,0.012210846,-0.003663063,-0.004005432,-0.229494356,0.000000000,-0.000000000,8.000000000,2.500000000,3.297948122,188.958508445,0.000000000,-2.821826696,2.000000000,0.500000000,-2.900548935,-166.189212243,0.000000000,2.576432705,1.000000000,0.500000000,-0.179102898,-10.261840134,0.000000000,0.422004700,0.500000000,0.200000003,0.641386032,36.748712678,0.000000000,0.000097963,0.000000000,0.100000001
2026-07-06 23:42:07.612,1783352527.612518311,125.001974392,1,1,124.987761213,1,0.004573974,5,1,0.004364450,5,1,0,0,0,0,1,1,1,1,1,1,0.024554921,-1.660668354,1.761445870,1.665798826,1,123.930643220,6,1,6,1:-0.006:-0.020|2:-1.843:0.764|3:-1.680:1.112|4:-1.685:1.809|5:-1.709:2.569|6:-0.827:2.882,1,82.716229094,pickup,0,4,-1.685056000,1.809350000,1,82.716203878,1,received,0,-1.000000000,,0,-1.000000000,0,,1,0.006675720,0.382490594,-0.021978378,-0.114773750,1,3.266286135,187.144410202,-0.002442360,-2.769229889,1,-2.892156601,-165.708366925,0.002442360,2.550426483,1,-0.171473503,-9.824708027,-0.007326126,0.407814026,1,0.641002655,36.726746790,-0.036628723,-0.003663063,-0.004005432,-0.229494356,0.000000000,-0.000000000,8.000000000,2.500000000,3.297948122,188.958508445,0.000000000,-2.821826696,2.000000000,0.500000000,-2.900548935,-166.189212243,0.000000000,2.576432705,1.000000000,0.500000000,-0.179102898,-10.261840134,0.000000000,0.422004700,0.500000000,0.200000003,0.641386032,36.748712678,0.000000000,0.000097963,0.000000000,0.100000001
2026-07-06 23:42:08.612,1783352528.612490177,126.001946121,1,1,125.987732942,1,0.004557617,5,1,0.004340261,5,1,0,0,0,0,1,1,1,1,1,1,0.024312938,-1.650638796,1.754615462,1.665020986,1,124.930614949,6,1,6,1:-0.006:-0.020|2:-1.843:0.764|3:-1.680:1.112|4:-1.685:1.809|5:-1.709:2.569|6:-0.827:2.882,1,83.716200823,pickup,0,4,-1.685056000,1.809350000,1,83.716175607,1,received,0,-1.000000000,,0,-1.000000000,0,,1,0.006675720,0.382490594,-0.007326126,-0.109889984,1,3.266286135,187.144410202,-0.007326126,-2.769229889,1,-2.892156601,-165.708366925,-0.002442360,2.550426483,1,-0.171473503,-9.824708027,-0.007326126,0.412698746,1,0.641002655,36.726746790,0.012210846,-0.003663063,-0.004005432,-0.229494356,0.000000000,-0.000000000,8.000000000,2.500000000,3.297948122,188.958508445,0.000000000,-2.821826696,2.000000000,0.500000000,-2.900548935,-166.189212243,0.000000000,2.576432705,1.000000000,0.500000000,-0.179102898,-10.261840134,0.000000000,0.422004700,0.500000000,0.200000003,0.641386032,36.748712678,0.000000000,0.000097963,0.000000000,0.100000001
2026-07-06 23:42:09.612,1783352529.612426043,127.001881990,1,1,126.987668811,1,0.004398709,5,1,0.004292393,5,1,0,0,0,0,1,1,1,1,1,1,0.024451496,-1.648493959,1.758926941,1.664487691,1,125.930550818,6,1,6,1:-0.006:-0.020|2:-1.843:0.764|3:-1.680:1.112|4:-1.685:1.809|5:-1.709:2.569|6:-0.827:2.882,1,84.716136692,pickup,0,4,-1.685056000,1.809350000,1,84.716111476,1,received,0,-1.000000000,,0,-1.000000000,0,,1,0.006675720,0.382490594,-0.021978378,-0.114773750,1,3.266286135,187.144410202,-0.002442360,-2.769229889,1,-2.892156601,-165.708366925,-0.002442360,2.550426483,1,-0.171473503,-9.824708027,0.007326126,0.407814026,1,0.641002655,36.726746790,-0.012210846,-0.003663063,-0.004005432,-0.229494356,0.000000000,-0.000000000,8.000000000,2.500000000,3.297948122,188.958508445,0.000000000,-2.821826696,2.000000000,0.500000000,-2.900548935,-166.189212243,0.000000000,2.576432705,1.000000000,0.500000000,-0.179102898,-10.261840134,0.000000000,0.422004700,0.500000000,0.200000003,0.641386032,36.748712678,0.000000000,0.000097963,0.000000000,0.100000001
2026-07-06 23:42:10.612,1783352530.612331867,128.001787867,1,1,127.987574688,1,0.004614432,5,1,0.004271247,5,1,0,0,0,0,1,1,1,1,1,1,0.022394980,-1.651707250,1.754641216,1.664627219,1,126.930456695,6,1,6,1:-0.006:-0.020|2:-1.843:0.764|3:-1.680:1.112|4:-1.685:1.809|5:-1.709:2.569|6:-0.827:2.882,1,85.716042569,pickup,0,4,-1.685056000,1.809350000,1,85.716017353,1,received,0,-1.000000000,,0,-1.000000000,0,,1,0.006675720,0.382490594,-0.007326126,-0.114773750,1,3.266286135,187.144410202,-0.002442360,-2.769229889,1,-2.892156601,-165.708366925,-0.002442360,2.536752701,1,-0.171473503,-9.824708027,-0.007326126,0.412698746,1,0.641002655,36.726746790,-0.012210846,-0.003663063,-0.004005432,-0.229494356,0.000000000,-0.000000000,8.000000000,2.500000000,3.297948122,188.958508445,0.000000000,-2.821826696,2.000000000,0.500000000,-2.900548935,-166.189212243,0.000000000,2.576432705,1.000000000,0.500000000,-0.179102898,-10.261840134,0.000000000,0.422004700,0.500000000,0.200000003,0.641386032,36.748712678,0.000000000,0.000097963,0.000000000,0.100000001
2026-07-06 23:42:11.612,1783352531.612293720,129.001749512,1,1,128.987536333,1,0.004670053,5,1,0.004373331,5,1,0,0,0,0,1,1,1,1,1,1,0.023979448,-1.652286640,1.757189045,1.665170545,1,127.930418340,6,1,6,1:-0.006:-0.020|2:-1.843:0.764|3:-1.680:1.112|4:-1.685:1.809|5:-1.709:2.569|6:-0.827:2.882,1,86.716004214,pickup,0,4,-1.685056000,1.809350000,1,86.715978998,1,received,0,-1.000000000,,0,-1.000000000,0,,1,0.006675720,0.382490594,0.007326126,-0.109889984,1,3.266286135,187.144410202,0.002442360,-2.755556107,1,-2.892156601,-165.708366925,0.002442360,2.550426483,1,-0.171473503,-9.824708027,-0.007326126,0.407814026,1,0.641002655,36.726746790,-0.012210846,-0.003663063,-0.004005432,-0.229494356,0.000000000,-0.000000000,8.000000000,2.500000000,3.297948122,188.958508445,0.000000000,-2.821826696,2.000000000,0.500000000,-2.900548935,-166.189212243,0.000000000,2.576432705,1.000000000,0.500000000,-0.179102898,-10.261840134,0.000000000,0.422004700,0.500000000,0.200000003,0.641386032,36.748712678,0.000000000,0.000097963,0.000000000,0.100000001
2026-07-06 23:42:12.612,1783352532.612195253,130.001651399,1,1,129.987438220,1,0.004532005,5,1,0.004205257,5,1,0,0,0,0,1,1,1,1,1,1,0.024303297,-1.659471525,1.755261621,1.664139663,1,128.930320227,6,1,6,1:-0.006:-0.020|2:-1.843:0.764|3:-1.680:1.112|4:-1.685:1.809|5:-1.709:2.569|6:-0.827:2.882,1,87.715906101,pickup,0,4,-1.685056000,1.809350000,1,87.715880885,1,received,0,-1.000000000,,0,-1.000000000,0,,1,0.006675720,0.382490594,-0.007326126,-0.105006218,1,3.266286135,187.144410202,-0.002442360,-2.769229889,1,-2.892156601,-165.708366925,-0.002442360,2.550426483,1,-0.171092033,-9.802851421,0.007326126,0.407814026,1,0.641002655,36.726746790,-0.012210846,-0.003663063,-0.004005432,-0.229494356,0.000000000,-0.000000000,8.000000000,2.500000000,3.297948122,188.958508445,0.000000000,-2.821826696,2.000000000,0.500000000,-2.900548935,-166.189212243,0.000000000,2.576432705,1.000000000,0.500000000,-0.179102898,-10.261840134,0.000000000,0.422004700,0.500000000,0.200000003,0.641386032,36.748712678,0.000000000,0.000097963,0.000000000,0.100000001
2026-07-06 23:42:13.612,1783352533.612154961,131.001610857,1,1,130.987397678,1,0.004648886,5,1,0.004379942,5,1,0,0,0,0,1,1,1,1,1,1,0.023706676,-1.653984488,1.758038239,1.664308400,1,129.930279685,6,1,6,1:-0.006:-0.020|2:-1.843:0.764|3:-1.680:1.112|4:-1.685:1.809|5:-1.709:2.569|6:-0.827:2.882,1,88.715865559,pickup,0,4,-1.685056000,1.809350000,1,88.715840343,1,received,0,-1.000000000,,0,-1.000000000,0,,1,0.006675720,0.382490594,-0.021978378,-0.109889984,1,3.266286135,187.144410202,-0.002442360,-2.769229889,1,-2.892156601,-165.708366925,-0.002442360,2.550426483,1,-0.171473503,-9.824708027,-0.007326126,0.407814026,1,0.641002655,36.726746790,0.012210846,-0.003663063,-0.004005432,-0.229494356,0.000000000,-0.000000000,8.000000000,2.500000000,3.297948122,188.958508445,0.000000000,-2.821826696,2.000000000,0.500000000,-2.900548935,-166.189212243,0.000000000,2.576432705,1.000000000,0.500000000,-0.179102898,-10.261840134,0.000000000,0.422004700,0.500000000,0.200000003,0.641386032,36.748712678,0.000000000,0.000097963,0.000000000,0.100000001
2026-07-06 23:42:14.612,1783352534.612079859,132.001535734,1,1,131.987322555,1,0.004098220,5,1,0.003953141,5,1,0,0,0,0,1,1,1,1,1,1,0.022983279,-1.651612051,1.758882718,1.663955834,1,130.930204562,6,1,6,1:-0.006:-0.020|2:-1.843:0.764|3:-1.680:1.112|4:-1.685:1.809|5:-1.709:2.569|6:-0.827:2.882,1,89.715790436,pickup,0,4,-1.685056000,1.809350000,1,89.715765220,1,received,0,-1.000000000,,0,-1.000000000,0,,1,0.006675720,0.382490594,-0.007326126,-0.109889984,1,3.266286135,187.144410202,-0.002442360,-2.782905579,1,-2.892156601,-165.708366925,-0.002442360,2.550426483,1,-0.171092033,-9.802851421,0.007326126,0.407814026,1,0.641002655,36.726746790,-0.012210846,-0.003663063,-0.004005432,-0.229494356,0.000000000,-0.000000000,8.000000000,2.500000000,3.297948122,188.958508445,0.000000000,-2.821826696,2.000000000,0.500000000,-2.900548935,-166.189212243,0.000000000,2.576432705,1.000000000,0.500000000,-0.179102898,-10.261840134,0.000000000,0.422004700,0.500000000,0.200000003,0.641386032,36.748712678,0.000000000,0.000097963,0.000000000,0.100000001
2026-07-06 23:42:15.612,1783352535.611994505,133.001450693,1,1,132.987237514,1,0.004649134,5,1,0.004325684,5,1,0,0,0,0,1,1,1,1,1,1,0.023027401,-1.658974923,1.755435284,1.663585230,1,131.930119521,6,1,6,1:-0.006:-0.020|2:-1.843:0.764|3:-1.680:1.112|4:-1.685:1.809|5:-1.709:2.569|6:-0.827:2.882,1,90.715705395,pickup,0,4,-1.685056000,1.809350000,1,90.715680179,1,received,0,-1.000000000,,0,-1.000000000,0,,1,0.006675720,0.382490594,-0.007326126,-0.109889984,1,3.266286135,187.144410202,-0.002442360,-2.769229889,1,-2.892156601,-165.708366925,-0.002442360,2.536752701,1,-0.171473503,-9.824708027,-0.007326126,0.407814026,1,0.641002655,36.726746790,0.012210846,-0.003663063,-0.004005432,-0.229494356,0.000000000,-0.000000000,8.000000000,2.500000000,3.297948122,188.958508445,0.000000000,-2.821826696,2.000000000,0.500000000,-2.900548935,-166.189212243,0.000000000,2.576432705,1.000000000,0.500000000,-0.179102898,-10.261840134,0.000000000,0.422004700,0.500000000,0.200000003,0.641386032,36.748712678,0.000000000,0.000097963,0.000000000,0.100000001
2026-07-06 23:42:16.612,1783352536.611917257,134.001373266,1,1,133.987160087,1,0.004483956,5,1,0.004334730,5,1,0,0,0,0,1,1,1,1,1,1,0.024548511,-1.648418335,1.758688323,1.665633229,1,132.930042094,6,1,6,1:-0.006:-0.020|2:-1.843:0.764|3:-1.680:1.112|4:-1.685:1.809|5:-1.709:2.569|6:-0.827:2.882,1,91.715627968,pickup,0,4,-1.685056000,1.809350000,1,91.715602752,1,received,0,-1.000000000,,0,-1.000000000,0,,1,0.006675720,0.382490594,-0.007326126,-0.109889984,1,3.266286135,187.144410202,-0.007326126,-2.769229889,1,-2.892156601,-165.708366925,-0.002442360,2.550426483,1,-0.171092033,-9.802851421,-0.007326126,0.407814026,1,0.641002655,36.726746790,-0.012210846,-0.003663063,-0.004005432,-0.229494356,0.000000000,-0.000000000,8.000000000,2.500000000,3.297948122,188.958508445,0.000000000,-2.821826696,2.000000000,0.500000000,-2.900548935,-166.189212243,0.000000000,2.576432705,1.000000000,0.500000000,-0.179102898,-10.261840134,0.000000000,0.422004700,0.500000000,0.200000003,0.641386032,36.748712678,0.000000000,0.000097963,0.000000000,0.100000001
2026-07-06 23:42:17.611,1783352537.611858606,135.001314604,1,1,134.987101425,1,0.004456709,5,1,0.004260339,5,1,0,0,0,0,1,1,1,1,1,1,0.024602770,-1.652094175,1.757206599,1.665039646,1,133.929983432,6,1,6,1:-0.006:-0.020|2:-1.843:0.764|3:-1.680:1.112|4:-1.685:1.809|5:-1.709:2.569|6:-0.827:2.882,1,92.715569306,pickup,0,4,-1.685056000,1.809350000,1,92.715544090,1,received,0,-1.000000000,,0,-1.000000000,0,,1,0.006675720,0.382490594,0.007326126,-0.109889984,1,3.266286135,187.144410202,-0.002442360,-2.782905579,1,-2.892156601,-165.708366925,0.002442360,2.550426483,1,-0.171473503,-9.824708027,-0.007326126,0.407814026,1,0.641002655,36.726746790,-0.036628723,-0.003663063,-0.004005432,-0.229494356,0.000000000,-0.000000000,8.000000000,2.500000000,3.297948122,188.958508445,0.000000000,-2.821826696,2.000000000,0.500000000,-2.900548935,-166.189212243,0.000000000,2.576432705,1.000000000,0.500000000,-0.179102898,-10.261840134,0.000000000,0.422004700,0.500000000,0.200000003,0.641386032,36.748712678,0.000000000,0.000097963,0.000000000,0.100000001
2026-07-06 23:42:18.611,1783352538.611808538,136.001264562,1,1,135.987051383,1,0.004528325,5,1,0.004372150,5,1,0,0,0,0,1,1,1,1,1,1,0.024563972,-1.654977325,1.754791068,1.664470786,1,134.929933390,6,1,6,1:-0.006:-0.020|2:-1.843:0.764|3:-1.680:1.112|4:-1.685:1.809|5:-1.709:2.569|6:-0.827:2.882,1,93.715519264,pickup,0,4,-1.685056000,1.809350000,1,93.715494048,1,received,0,-1.000000000,,0,-1.000000000,0,,1,0.006675720,0.382490594,-0.007326126,-0.109889984,1,3.266286135,187.144410202,-0.002442360,-2.769229889,1,-2.892156601,-165.708366925,-0.002442360,2.536752701,1,-0.171473503,-9.824708027,-0.007326126,0.407814026,1,0.641002655,36.726746790,-0.012210846,-0.003663063,-0.004005432,-0.229494356,0.000000000,-0.000000000,8.000000000,2.500000000,3.297948122,188.958508445,0.000000000,-2.821826696,2.000000000,0.500000000,-2.900548935,-166.189212243,0.000000000,2.576432705,1.000000000,0.500000000,-0.179102898,-10.261840134,0.000000000,0.422004700,0.500000000,0.200000003,0.641386032,36.748712678,0.000000000,0.000097963,0.000000000,0.100000001
2026-07-06 23:42:19.611,1783352539.611724854,137.001180679,1,1,136.986967500,1,0.004554560,5,1,0.004316837,5,1,0,0,0,0,1,1,1,1,1,1,0.024565311,-1.663666122,1.757986820,1.664604253,1,135.929849507,6,1,6,1:-0.006:-0.020|2:-1.843:0.764|3:-1.680:1.112|4:-1.685:1.809|5:-1.709:2.569|6:-0.827:2.882,1,94.715435381,pickup,0,4,-1.685056000,1.809350000,1,94.715410165,1,received,0,-1.000000000,,0,-1.000000000,0,,1,0.006675720,0.382490594,-0.021978378,-0.109889984,1,3.266286135,187.144410202,0.002442360,-2.769229889,1,-2.892156601,-165.708366925,-0.002442360,2.550426483,1,-0.171092033,-9.802851421,0.007326126,0.412698746,1,0.641002655,36.726746790,-0.036628723,-0.003663063,-0.004005432,-0.229494356,0.000000000,-0.000000000,8.000000000,2.500000000,3.297948122,188.958508445,0.000000000,-2.821826696,2.000000000,0.500000000,-2.900548935,-166.189212243,0.000000000,2.576432705,1.000000000,0.500000000,-0.179102898,-10.261840134,0.000000000,0.422004700,0.500000000,0.200000003,0.641386032,36.748712678,0.000000000,0.000097963,0.000000000,0.100000001
2026-07-06 23:42:20.611,1783352540.611681461,138.001137565,1,1,137.986924386,1,0.004492042,5,1,0.004331320,5,1,0,0,0,0,1,1,1,1,1,1,0.024619198,-1.642503397,1.755368959,1.665135698,1,136.929806393,6,1,6,1:-0.006:-0.020|2:-1.843:0.764|3:-1.680:1.112|4:-1.685:1.809|5:-1.709:2.569|6:-0.827:2.882,1,95.715392267,pickup,0,4,-1.685056000,1.809350000,1,95.715367051,1,received,0,-1.000000000,,0,-1.000000000,0,,1,0.006675720,0.382490594,-0.007326126,-0.109889984,1,3.266286135,187.144410202,-0.002442360,-2.769229889,1,-2.892156601,-165.708366925,-0.002442360,2.550426483,1,-0.171473503,-9.824708027,-0.007326126,0.407814026,1,0.641002655,36.726746790,-0.012210846,-0.003663063,-0.004005432,-0.229494356,0.000000000,-0.000000000,8.000000000,2.500000000,3.297948122,188.958508445,0.000000000,-2.821826696,2.000000000,0.500000000,-2.900548935,-166.189212243,0.000000000,2.576432705,1.000000000,0.500000000,-0.179102898,-10.261840134,0.000000000,0.422004700,0.500000000,0.200000003,0.641386032,36.748712678,0.000000000,0.000097963,0.000000000,0.100000001
2026-07-06 23:42:21.611,1783352541.611550570,139.001006482,1,1,138.986793303,1,0.004675625,5,1,0.004264247,5,1,0,0,0,0,1,1,1,1,1,1,0.024506181,-1.655634846,1.756811902,1.665632004,1,137.929675310,6,1,6,1:-0.006:-0.020|2:-1.843:0.764|3:-1.680:1.112|4:-1.685:1.809|5:-1.709:2.569|6:-0.827:2.882,1,96.715261184,pickup,0,4,-1.685056000,1.809350000,1,96.715235968,1,received,0,-1.000000000,,0,-1.000000000,0,,1,0.006675720,0.382490594,-0.021978378,-0.109889984,1,3.266286135,187.144410202,-0.002442360,-2.769229889,1,-2.892156601,-165.708366925,-0.002442360,2.550426483,1,-0.171473503,-9.824708027,-0.007326126,0.407814026,1,0.641002655,36.726746790,-0.036628723,-0.003663063,-0.004005432,-0.229494356,0.000000000,-0.000000000,8.000000000,2.500000000,3.297948122,188.958508445,0.000000000,-2.821826696,2.000000000,0.500000000,-2.900548935,-166.189212243,0.000000000,2.576432705,1.000000000,0.500000000,-0.179102898,-10.261840134,0.000000000,0.422004700,0.500000000,0.200000003,0.641386032,36.748712678,0.000000000,0.000097963,0.000000000,0.100000001
2026-07-06 23:42:22.611,1783352542.611510277,140.000966206,1,1,139.986753027,1,0.004328335,5,1,0.004284536,5,1,0,0,0,0,1,1,1,1,1,1,0.024707223,-1.656334430,1.754875384,1.664933103,1,138.929635034,6,1,6,1:-0.006:-0.020|2:-1.843:0.764|3:-1.680:1.112|4:-1.685:1.809|5:-1.709:2.569|6:-0.827:2.882,1,97.715220908,pickup,0,4,-1.685056000,1.809350000,1,97.715195692,1,received,0,-1.000000000,,0,-1.000000000,0,,1,0.006675720,0.382490594,-0.021978378,-0.114773750,1,3.266286135,187.144410202,-0.002442360,-2.769229889,1,-2.892156601,-165.708366925,-0.002442360,2.550426483,1,-0.171473503,-9.824708027,-0.007326126,0.407814026,1,0.641002655,36.726746790,-0.012210846,-0.003663063,-0.004005432,-0.229494356,0.000000000,-0.000000000,8.000000000,2.500000000,3.297948122,188.958508445,0.000000000,-2.821826696,2.000000000,0.500000000,-2.900548935,-166.189212243,0.000000000,2.576432705,1.000000000,0.500000000,-0.179102898,-10.261840134,0.000000000,0.422004700,0.500000000,0.200000003,0.641386032,36.748712678,0.000000000,0.000097963,0.000000000,0.100000001
2026-07-06 23:42:23.611,1783352543.611475468,141.000931511,1,1,140.986718332,1,0.004599733,5,1,0.004405897,5,1,0,0,0,0,1,1,1,1,1,1,0.024654770,-1.649648582,1.755014172,1.663302640,1,139.929600339,6,1,6,1:-0.006:-0.020|2:-1.843:0.764|3:-1.680:1.112|4:-1.685:1.809|5:-1.709:2.569|6:-0.827:2.882,1,98.715186213,pickup,0,4,-1.685056000,1.809350000,1,98.715160997,1,received,0,-1.000000000,,0,-1.000000000,0,,1,0.006675720,0.382490594,-0.007326126,-0.109889984,1,3.266286135,187.144410202,-0.002442360,-2.769229889,1,-2.892156601,-165.708366925,-0.002442360,2.550426483,1,-0.171473503,-9.824708027,-0.007326126,0.412698746,1,0.641002655,36.726746790,-0.012210846,-0.003663063,-0.004005432,-0.229494356,0.000000000,-0.000000000,8.000000000,2.500000000,3.297948122,188.958508445,0.000000000,-2.821826696,2.000000000,0.500000000,-2.900548935,-166.189212243,0.000000000,2.576432705,1.000000000,0.500000000,-0.179102898,-10.261840134,0.000000000,0.422004700,0.500000000,0.200000003,0.641386032,36.748712678,0.000000000,0.000097963,0.000000000,0.100000001
2026-07-06 23:42:24.611,1783352544.611379385,142.000835350,1,1,141.986622171,1,0.004530275,5,1,0.004248012,5,1,0,0,0,0,1,1,1,1,1,1,0.024522309,-1.648529279,1.758854119,1.665686021,1,140.929504178,6,1,6,1:-0.006:-0.020|2:-1.843:0.764|3:-1.680:1.112|4:-1.685:1.809|5:-1.709:2.569|6:-0.827:2.882,1,99.715090052,pickup,0,4,-1.685056000,1.809350000,1,99.715064836,1,received,0,-1.000000000,,0,-1.000000000,0,,1,0.006675720,0.382490594,-0.007326126,-0.109889984,1,3.266286135,187.144410202,-0.002442360,-2.769229889,1,-2.892156601,-165.708366925,-0.002442360,2.550426483,1,-0.171473503,-9.824708027,-0.007326126,0.407814026,1,0.641002655,36.726746790,-0.036628723,-0.003663063,-0.004005432,-0.229494356,0.000000000,-0.000000000,8.000000000,2.500000000,3.297948122,188.958508445,0.000000000,-2.821826696,2.000000000,0.500000000,-2.900548935,-166.189212243,0.000000000,2.576432705,1.000000000,0.500000000,-0.179102898,-10.261840134,0.000000000,0.422004700,0.500000000,0.200000003,0.641386032,36.748712678,0.000000000,0.000097963,0.000000000,0.100000001
2026-07-06 23:42:25.611,1783352545.611408710,143.000864628,1,1,142.986651449,1,0.004594400,5,1,0.004339780,5,1,0,0,0,0,1,1,1,1,1,1,0.024686247,-1.654942928,1.753511611,1.664822875,1,141.929533456,6,1,6,1:-0.006:-0.020|2:-1.843:0.764|3:-1.680:1.112|4:-1.685:1.809|5:-1.709:2.569|6:-0.827:2.882,1,100.715119330,pickup,0,4,-1.685056000,1.809350000,1,100.715094114,1,received,0,-1.000000000,,0,-1.000000000,0,,1,0.006675720,0.382490594,0.007326126,-0.109889984,1,3.266286135,187.144410202,-0.002442360,-2.769229889,1,-2.892156601,-165.708366925,-0.002442360,2.536752701,1,-0.171473503,-9.824708027,-0.021978378,0.407814026,1,0.641002655,36.726746790,-0.012210846,-0.003663063,-0.004005432,-0.229494356,0.000000000,-0.000000000,8.000000000,2.500000000,3.297948122,188.958508445,0.000000000,-2.821826696,2.000000000,0.500000000,-2.900548935,-166.189212243,0.000000000,2.576432705,1.000000000,0.500000000,-0.179102898,-10.261840134,0.000000000,0.422004700,0.500000000,0.200000003,0.641386032,36.748712678,0.000000000,0.000097963,0.000000000,0.100000001
2026-07-06 23:42:26.611,1783352546.611243486,144.000699502,1,1,143.986486323,1,0.004529455,5,1,0.004361470,5,1,0,0,0,0,1,1,1,1,1,1,0.024546702,-1.663993324,1.754752896,1.665731551,1,142.929368330,6,1,6,1:-0.006:-0.020|2:-1.843:0.764|3:-1.680:1.112|4:-1.685:1.809|5:-1.709:2.569|6:-0.827:2.882,1,101.714954204,pickup,0,4,-1.685056000,1.809350000,1,101.714928988,1,received,0,-1.000000000,,0,-1.000000000,0,,1,0.006675720,0.382490594,-0.007326126,-0.105006218,1,3.266286135,187.144410202,-0.007326126,-2.782905579,1,-2.892156601,-165.708366925,0.002442360,2.550426483,1,-0.171473503,-9.824708027,0.007326126,0.412698746,1,0.641002655,36.726746790,-0.036628723,-0.003663063,-0.004005432,-0.229494356,0.000000000,-0.000000000,8.000000000,2.500000000,3.297948122,188.958508445,0.000000000,-2.821826696,2.000000000,0.500000000,-2.900548935,-166.189212243,0.000000000,2.576432705,1.000000000,0.500000000,-0.179102898,-10.261840134,0.000000000,0.422004700,0.500000000,0.200000003,0.641386032,36.748712678,0.000000000,0.000097963,0.000000000,0.100000001
2026-07-06 23:42:27.611,1783352547.611217737,145.000673671,1,1,144.986460492,1,0.004390663,5,1,0.004330436,5,1,0,0,0,0,1,1,1,1,1,1,0.024651814,-1.654149253,1.753072886,1.664549582,1,143.929342499,6,1,6,1:-0.006:-0.020|2:-1.843:0.764|3:-1.680:1.112|4:-1.685:1.809|5:-1.709:2.569|6:-0.827:2.882,1,102.714928373,pickup,0,4,-1.685056000,1.809350000,1,102.714903157,1,received,0,-1.000000000,,0,-1.000000000,0,,1,0.006675720,0.382490594,-0.007326126,-0.109889984,1,3.266286135,187.144410202,-0.002442360,-2.769229889,1,-2.892156601,-165.708366925,-0.002442360,2.550426483,1,-0.171092033,-9.802851421,-0.007326126,0.407814026,1,0.641002655,36.726746790,-0.012210846,-0.003663063,-0.004005432,-0.229494356,0.000000000,-0.000000000,8.000000000,2.500000000,3.297948122,188.958508445,0.000000000,-2.821826696,2.000000000,0.500000000,-2.900548935,-166.189212243,0.000000000,2.576432705,1.000000000,0.500000000,-0.179102898,-10.261840134,0.000000000,0.422004700,0.500000000,0.200000003,0.641386032,36.748712678,0.000000000,0.000097963,0.000000000,0.100000001
2026-07-06 23:42:28.611,1783352548.611108065,146.000563959,1,1,145.986350780,1,0.004512619,5,1,0.004259934,5,1,0,0,0,0,1,1,1,1,1,1,0.024568728,-1.647697342,1.757176644,1.664265131,1,144.929232787,6,1,6,1:-0.006:-0.020|2:-1.843:0.764|3:-1.680:1.112|4:-1.685:1.809|5:-1.709:2.569|6:-0.827:2.882,1,103.714818661,pickup,0,4,-1.685056000,1.809350000,1,103.714793445,1,received,0,-1.000000000,,0,-1.000000000,0,,1,0.006675720,0.382490594,-0.007326126,-0.109889984,1,3.266286135,187.144410202,-0.002442360,-2.769229889,1,-2.892156601,-165.708366925,-0.002442360,2.536752701,1,-0.171473503,-9.824708027,-0.007326126,0.407814026,1,0.641002655,36.726746790,-0.036628723,-0.003663063,-0.004005432,-0.229494356,0.000000000,-0.000000000,8.000000000,2.500000000,3.297948122,188.958508445,0.000000000,-2.821826696,2.000000000,0.500000000,-2.900548935,-166.189212243,0.000000000,2.576432705,1.000000000,0.500000000,-0.179102898,-10.261840134,0.000000000,0.422004700,0.500000000,0.200000003,0.641386032,36.748712678,0.000000000,0.000097963,0.000000000,0.100000001
2026-07-06 23:42:29.611,1783352549.611065626,147.000521700,1,1,146.986308521,1,0.004584571,5,1,0.004384717,5,1,0,0,0,0,1,1,1,1,1,1,0.024692213,-1.652359591,1.762312858,1.665160953,1,145.929190528,6,1,6,1:-0.006:-0.020|2:-1.843:0.764|3:-1.680:1.112|4:-1.685:1.809|5:-1.709:2.569|6:-0.827:2.882,1,104.714776402,pickup,0,4,-1.685056000,1.809350000,1,104.714751186,1,received,0,-1.000000000,,0,-1.000000000,0,,1,0.006675720,0.382490594,-0.021978378,-0.109889984,1,3.266286135,187.144410202,-0.002442360,-2.769229889,1,-2.892156601,-165.708366925,-0.007326126,2.536752701,1,-0.171092033,-9.802851421,-0.007326126,0.412698746,1,0.641002655,36.726746790,-0.012210846,-0.003663063,-0.004005432,-0.229494356,0.000000000,-0.000000000,8.000000000,2.500000000,3.297948122,188.958508445,0.000000000,-2.821826696,2.000000000,0.500000000,-2.900548935,-166.189212243,0.000000000,2.576432705,1.000000000,0.500000000,-0.179102898,-10.261840134,0.000000000,0.422004700,0.500000000,0.200000003,0.641386032,36.748712678,0.000000000,0.000097963,0.000000000,0.100000001
2026-07-06 23:42:30.611,1783352550.610964060,148.000419900,1,1,147.986206721,1,0.004532071,5,1,0.004322095,5,1,0,0,0,0,1,1,1,1,1,1,0.024567543,-1.649798320,1.752286617,1.664797469,1,146.929088728,6,1,6,1:-0.006:-0.020|2:-1.843:0.764|3:-1.680:1.112|4:-1.685:1.809|5:-1.709:2.569|6:-0.827:2.882,1,105.714674602,pickup,0,4,-1.685056000,1.809350000,1,105.714649386,1,received,0,-1.000000000,,0,-1.000000000,0,,1,0.006675720,0.382490594,-0.007326126,-0.109889984,1,3.266286135,187.144410202,-0.002442360,-2.769229889,1,-2.892156601,-165.708366925,-0.002442360,2.536752701,1,-0.171473503,-9.824708027,-0.007326126,0.412698746,1,0.641002655,36.726746790,-0.012210846,-0.003663063,-0.004005432,-0.229494356,0.000000000,-0.000000000,8.000000000,2.500000000,3.297948122,188.958508445,0.000000000,-2.821826696,2.000000000,0.500000000,-2.900548935,-166.189212243,0.000000000,2.576432705,1.000000000,0.500000000,-0.179102898,-10.261840134,0.000000000,0.422004700,0.500000000,0.200000003,0.641386032,36.748712678,0.000000000,0.000097963,0.000000000,0.100000001
2026-07-06 23:42:31.611,1783352551.610903025,149.000359002,1,1,148.986145823,1,0.004391951,5,1,0.004287449,5,1,0,0,0,0,1,1,1,1,1,1,0.024668851,-1.658749502,1.757191427,1.663814550,1,147.929027830,6,1,6,1:-0.006:-0.020|2:-1.843:0.764|3:-1.680:1.112|4:-1.685:1.809|5:-1.709:2.569|6:-0.827:2.882,1,106.714613704,pickup,0,4,-1.685056000,1.809350000,1,106.714588488,1,received,0,-1.000000000,,0,-1.000000000,0,,1,0.006675720,0.382490594,-0.007326126,-0.114773750,1,3.266286135,187.144410202,-0.002442360,-2.769229889,1,-2.892156601,-165.708366925,-0.002442360,2.550426483,1,-0.171473503,-9.824708027,-0.007326126,0.407814026,1,0.640619278,36.704780901,-0.061050415,-0.003663063,-0.004005432,-0.229494356,0.000000000,-0.000000000,8.000000000,2.500000000,3.297948122,188.958508445,0.000000000,-2.821826696,2.000000000,0.500000000,-2.900548935,-166.189212243,0.000000000,2.576432705,1.000000000,0.500000000,-0.179102898,-10.261840134,0.000000000,0.422004700,0.500000000,0.200000003,0.641386032,36.748712678,0.000000000,0.000097963,0.000000000,0.100000001
2026-07-06 23:42:32.610,1783352552.610831976,150.000287798,1,1,149.986074619,1,0.004678188,5,1,0.004300900,5,1,0,0,0,0,1,1,1,1,1,1,0.024622402,-1.651509503,1.753931120,1.665543024,1,148.928956626,6,1,6,1:-0.006:-0.020|2:-1.843:0.764|3:-1.680:1.112|4:-1.685:1.809|5:-1.709:2.569|6:-0.827:2.882,1,107.714542500,pickup,0,4,-1.685056000,1.809350000,1,107.714517284,1,received,0,-1.000000000,,0,-1.000000000,0,,1,0.006675720,0.382490594,-0.021978378,-0.109889984,1,3.266286135,187.144410202,-0.002442360,-2.769229889,1,-2.892156601,-165.708366925,0.002442360,2.550426483,1,-0.171473503,-9.824708027,-0.007326126,0.407814026,1,0.641002655,36.726746790,0.012210846,-0.003663063,-0.004005432,-0.229494356,0.000000000,-0.000000000,8.000000000,2.500000000,3.297948122,188.958508445,0.000000000,-2.821826696,2.000000000,0.500000000,-2.900548935,-166.189212243,0.000000000,2.576432705,1.000000000,0.500000000,-0.179102898,-10.261840134,0.000000000,0.422004700,0.500000000,0.200000003,0.641386032,36.748712678,0.000000000,0.000097963,0.000000000,0.100000001
2026-07-06 23:42:33.610,1783352553.610778809,151.000234907,1,1,150.986021728,1,0.004484302,5,1,0.004305670,5,1,0,0,0,0,1,1,1,1,1,1,0.024638221,-1.661102125,1.755349785,1.663254641,1,149.928903735,6,1,6,1:-0.006:-0.020|2:-1.843:0.764|3:-1.680:1.112|4:-1.685:1.809|5:-1.709:2.569|6:-0.827:2.882,1,108.714489609,pickup,0,4,-1.685056000,1.809350000,1,108.714464393,1,received,0,-1.000000000,,0,-1.000000000,0,,1,0.006675720,0.382490594,-0.007326126,-0.109889984,1,3.266286135,187.144410202,-0.002442360,-2.769229889,1,-2.892156601,-165.708366925,-0.002442360,2.550426483,1,-0.171092033,-9.802851421,0.007326126,0.407814026,1,0.641002655,36.726746790,-0.012210846,-0.003663063,-0.004005432,-0.229494356,0.000000000,-0.000000000,8.000000000,2.500000000,3.297948122,188.958508445,0.000000000,-2.821826696,2.000000000,0.500000000,-2.900548935,-166.189212243,0.000000000,2.576432705,1.000000000,0.500000000,-0.179102898,-10.261840134,0.000000000,0.422004700,0.500000000,0.200000003,0.641386032,36.748712678,0.000000000,0.000097963,0.000000000,0.100000001
2026-07-06 23:42:34.610,1783352554.610733986,152.000190144,1,1,151.985976965,1,0.004662219,5,1,0.004361979,5,1,0,0,0,0,1,1,1,1,1,1,0.024686868,-1.660917025,1.758753262,1.664491158,1,150.928858972,6,1,6,1:-0.006:-0.020|2:-1.843:0.764|3:-1.680:1.112|4:-1.685:1.809|5:-1.709:2.569|6:-0.827:2.882,1,109.714444846,pickup,0,4,-1.685056000,1.809350000,1,109.714419630,1,received,0,-1.000000000,,0,-1.000000000,0,,1,0.006675720,0.382490594,-0.007326126,-0.109889984,1,3.266286135,187.144410202,-0.002442360,-2.769229889,1,-2.892156601,-165.708366925,-0.002442360,2.550426483,1,-0.171473503,-9.824708027,-0.007326126,0.407814026,1,0.640619278,36.704780901,-0.061050415,-0.003663063,-0.004005432,-0.229494356,0.000000000,-0.000000000,8.000000000,2.500000000,3.297948122,188.958508445,0.000000000,-2.821826696,2.000000000,0.500000000,-2.900548935,-166.189212243,0.000000000,2.576432705,1.000000000,0.500000000,-0.179102898,-10.261840134,0.000000000,0.422004700,0.500000000,0.200000003,0.641386032,36.748712678,0.000000000,0.000097963,0.000000000,0.100000001
2026-07-06 23:42:35.610,1783352555.610661745,153.000117584,1,1,152.985904405,1,0.004562182,5,1,0.004320260,5,1,0,0,0,0,1,1,1,1,1,1,0.023164431,-1.653926354,1.754745119,1.663094884,1,151.928786412,6,1,6,1:-0.006:-0.020|2:-1.843:0.764|3:-1.680:1.112|4:-1.685:1.809|5:-1.709:2.569|6:-0.827:2.882,1,110.714372286,pickup,0,4,-1.685056000,1.809350000,1,110.714347070,1,received,0,-1.000000000,,0,-1.000000000,0,,1,0.006675720,0.382490594,0.007326126,-0.105006218,1,3.266286135,187.144410202,-0.007326126,-2.769229889,1,-2.892156601,-165.708366925,-0.002442360,2.550426483,1,-0.171473503,-9.824708027,-0.007326126,0.407814026,1,0.641002655,36.726746790,-0.012210846,-0.003663063,-0.004005432,-0.229494356,0.000000000,-0.000000000,8.000000000,2.500000000,3.297948122,188.958508445,0.000000000,-2.821826696,2.000000000,0.500000000,-2.900548935,-166.189212243,0.000000000,2.576432705,1.000000000,0.500000000,-0.179102898,-10.261840134,0.000000000,0.422004700,0.500000000,0.200000003,0.641386032,36.748712678,0.000000000,0.000097963,0.000000000,0.100000001
2026-07-06 23:42:36.610,1783352556.610587120,154.000043180,1,1,153.985830001,1,0.004670167,5,1,0.004354616,5,1,0,0,0,0,1,1,1,1,1,1,0.024697556,-1.656395600,1.759126310,1.665064228,1,152.928712008,6,1,6,1:-0.006:-0.020|2:-1.843:0.764|3:-1.680:1.112|4:-1.685:1.809|5:-1.709:2.569|6:-0.827:2.882,1,111.714297882,pickup,0,4,-1.685056000,1.809350000,1,111.714272666,1,received,0,-1.000000000,,0,-1.000000000,0,,1,0.006675720,0.382490594,0.007326126,-0.109889984,1,3.266286135,187.144410202,-0.002442360,-2.769229889,1,-2.892156601,-165.708366925,0.002442360,2.536752701,1,-0.171092033,-9.802851421,0.007326126,0.407814026,1,0.641002655,36.726746790,-0.012210846,-0.003663063,-0.004005432,-0.229494356,0.000000000,-0.000000000,8.000000000,2.500000000,3.297948122,188.958508445,0.000000000,-2.821826696,2.000000000,0.500000000,-2.900548935,-166.189212243,0.000000000,2.576432705,1.000000000,0.500000000,-0.179102898,-10.261840134,0.000000000,0.422004700,0.500000000,0.200000003,0.641386032,36.748712678,0.000000000,0.000097963,0.000000000,0.100000001
2026-07-06 23:42:37.610,1783352557.610523939,154.999979977,1,1,154.985766798,1,0.004657265,5,1,0.004339208,5,1,0,0,0,0,1,1,1,1,1,1,0.024713173,-1.656956199,1.759330107,1.664291021,1,153.928648805,6,1,6,1:-0.006:-0.020|2:-1.843:0.764|3:-1.680:1.112|4:-1.685:1.809|5:-1.709:2.569|6:-0.827:2.882,1,112.714234679,pickup,0,4,-1.685056000,1.809350000,1,112.714209463,1,received,0,-1.000000000,,0,-1.000000000,0,,1,0.006675720,0.382490594,0.007326126,-0.109889984,1,3.266286135,187.144410202,-0.002442360,-2.769229889,1,-2.892156601,-165.708366925,-0.002442360,2.550426483,1,-0.171092033,-9.802851421,-0.007326126,0.412698746,1,0.641002655,36.726746790,-0.036628723,-0.003663063,-0.004005432,-0.229494356,0.000000000,-0.000000000,8.000000000,2.500000000,3.297948122,188.958508445,0.000000000,-2.821826696,2.000000000,0.500000000,-2.900548935,-166.189212243,0.000000000,2.576432705,1.000000000,0.500000000,-0.179102898,-10.261840134,0.000000000,0.422004700,0.500000000,0.200000003,0.641386032,36.748712678,0.000000000,0.000097963,0.000000000,0.100000001
2026-07-06 23:42:38.610,1783352558.610479355,155.999935223,1,1,155.985722044,1,0.004599751,5,1,0.004268232,5,1,0,0,0,0,1,1,1,1,1,1,0.024431725,-1.651461949,1.753347397,1.664985472,1,154.928604051,6,1,6,1:-0.006:-0.020|2:-1.843:0.764|3:-1.680:1.112|4:-1.685:1.809|5:-1.709:2.569|6:-0.827:2.882,1,113.714189925,pickup,0,4,-1.685056000,1.809350000,1,113.714164709,1,received,0,-1.000000000,,0,-1.000000000,0,,1,0.006675720,0.382490594,-0.021978378,-0.109889984,1,3.266286135,187.144410202,-0.002442360,-2.769229889,1,-2.892156601,-165.708366925,-0.002442360,2.550426483,1,-0.171473503,-9.824708027,0.007326126,0.407814026,1,0.641002655,36.726746790,-0.012210846,-0.003663063,-0.004005432,-0.229494356,0.000000000,-0.000000000,8.000000000,2.500000000,3.297948122,188.958508445,0.000000000,-2.821826696,2.000000000,0.500000000,-2.900548935,-166.189212243,0.000000000,2.576432705,1.000000000,0.500000000,-0.179102898,-10.261840134,0.000000000,0.422004700,0.500000000,0.200000003,0.641386032,36.748712678,0.000000000,0.000097963,0.000000000,0.100000001
2026-07-06 23:42:39.610,1783352559.610405207,156.999860993,1,1,156.985647814,1,0.004520287,5,1,0.004279555,5,1,0,0,0,0,1,1,1,1,1,1,0.024702341,-1.655532499,1.755815295,1.664509385,1,155.928529821,6,1,6,1:-0.006:-0.020|2:-1.843:0.764|3:-1.680:1.112|4:-1.685:1.809|5:-1.709:2.569|6:-0.827:2.882,1,114.714115695,pickup,0,4,-1.685056000,1.809350000,1,114.714090479,1,received,0,-1.000000000,,0,-1.000000000,0,,1,0.006675720,0.382490594,-0.007326126,-0.114773750,1,3.266286135,187.144410202,-0.002442360,-2.769229889,1,-2.892156601,-165.708366925,-0.002442360,2.550426483,1,-0.171473503,-9.824708027,-0.007326126,0.407814026,1,0.641002655,36.726746790,0.012210846,-0.003663063,-0.004005432,-0.229494356,0.000000000,-0.000000000,8.000000000,2.500000000,3.297948122,188.958508445,0.000000000,-2.821826696,2.000000000,0.500000000,-2.900548935,-166.189212243,0.000000000,2.576432705,1.000000000,0.500000000,-0.179102898,-10.261840134,0.000000000,0.422004700,0.500000000,0.200000003,0.641386032,36.748712678,0.000000000,0.000097963,0.000000000,0.100000001
2026-07-06 23:42:40.610,1783352560.610336781,157.999792671,1,1,157.985579492,1,0.004543235,5,1,0.004410446,5,1,0,0,0,0,1,1,1,1,1,1,0.024645877,-1.649772249,1.755633268,1.664033698,1,156.928461499,6,1,6,1:-0.006:-0.020|2:-1.843:0.764|3:-1.680:1.112|4:-1.685:1.809|5:-1.709:2.569|6:-0.827:2.882,1,115.714047373,pickup,0,4,-1.685056000,1.809350000,1,115.714022157,1,received,0,-1.000000000,,0,-1.000000000,0,,1,0.006675720,0.382490594,-0.007326126,-0.109889984,1,3.266286135,187.144410202,-0.002442360,-2.769229889,1,-2.892156601,-165.708366925,-0.007326126,2.550426483,1,-0.171092033,-9.802851421,0.007326126,0.407814026,1,0.641002655,36.726746790,0.012210846,-0.003663063,-0.004005432,-0.229494356,0.000000000,-0.000000000,8.000000000,2.500000000,3.297948122,188.958508445,0.000000000,-2.821826696,2.000000000,0.500000000,-2.900548935,-166.189212243,0.000000000,2.576432705,1.000000000,0.500000000,-0.179102898,-10.261840134,0.000000000,0.422004700,0.500000000,0.200000003,0.641386032,36.748712678,0.000000000,0.000097963,0.000000000,0.100000001
