wall_time,ros_time_sec,elapsed_sec,has_ready,driver_ready,ready_age_sec,has_state,state_age_sec,state_size,has_command,command_age_sec,command_size,service_mode,service_suction,service_pick,service_place,service_stack,service_payload_estimate,service_payload_state,service_arm_mission,service_nav_arm_event,action_move_joint,has_nav_state,nav_state_age_sec,nav_state_x,nav_state_y,nav_state_yaw,has_nav_task_points,nav_task_points_age_sec,nav_task_points_count,nav_task_points_min_id,nav_task_points_max_id,nav_task_points_summary,has_nav_mission_request,nav_mission_request_age_sec,nav_mission_action,nav_mission_task_index,nav_mission_point_id,nav_mission_x,nav_mission_y,has_nav_mission_response,nav_mission_response_age_sec,nav_mission_response_success,nav_mission_response_message,has_nav_arm_event_request,nav_arm_event_request_age_sec,nav_arm_event_request_message,has_nav_arm_event_response,nav_arm_event_response_age_sec,nav_arm_event_response_success,nav_arm_event_response_message,state_valid_0,state_q_rad_0,state_q_deg_0,state_dq_0,state_tau_est_0,state_valid_1,state_q_rad_1,state_q_deg_1,state_dq_1,state_tau_est_1,state_valid_2,state_q_rad_2,state_q_deg_2,state_dq_2,state_tau_est_2,state_valid_3,state_q_rad_3,state_q_deg_3,state_dq_3,state_tau_est_3,state_valid_4,state_q_rad_4,state_q_deg_4,state_dq_4,state_tau_est_4,cmd_q_rad_0,cmd_q_deg_0,cmd_dq_0,cmd_tau_0,cmd_kp_0,cmd_kd_0,cmd_q_rad_1,cmd_q_deg_1,cmd_dq_1,cmd_tau_1,cmd_kp_1,cmd_kd_1,cmd_q_rad_2,cmd_q_deg_2,cmd_dq_2,cmd_tau_2,cmd_kp_2,cmd_kd_2,cmd_q_rad_3,cmd_q_deg_3,cmd_dq_3,cmd_tau_3,cmd_kp_3,cmd_kd_3,cmd_q_rad_4,cmd_q_deg_4,cmd_dq_4,cmd_tau_4,cmd_kp_4,cmd_kd_4
2026-07-06 22:24:33.568,1783347873.568240643,1.014518342,1,1,0.997088752,1,0.008059330,5,1,0.004408575,5,1,0,1,0,0,1,1,0,0,1,0,-1.000000000,0.000000000,0.000000000,0.000000000,0,-1.000000000,0,0,0,,0,-1.000000000,,0,0,0.000000000,0.000000000,0,-1.000000000,0,,0,-1.000000000,,0,-1.000000000,0,,1,0.093651772,5.365851253,-0.021978378,-0.031745911,1,3.294514894,188.761798997,-0.002442360,-2.755556107,1,-2.898260117,-166.058072611,-0.007326126,2.509401321,1,-0.163462639,-9.365719314,-0.007326126,0.412698746,1,0.018598557,1.065618794,0.012210846,-0.003663063,0.093651772,5.365851253,0.000000000,-0.000000000,8.000000000,2.500000000,3.334188700,191.034940594,0.000000000,-2.814165831,2.000000000,0.500000000,-2.913138390,-166.910534861,0.000000000,2.549723148,1.000000000,0.500000000,-0.167277336,-9.584285368,0.000000000,0.418431431,0.500000000,0.200000003,0.018598557,1.065618794,0.000000000,-0.000029202,0.000000000,0.100000001
2026-07-06 22:24:34.568,1783347874.568273067,2.014551003,1,1,1.997121413,1,0.007687342,5,1,0.004409084,5,1,0,1,0,0,1,1,1,0,1,0,-1.000000000,0.000000000,0.000000000,0.000000000,0,-1.000000000,0,0,0,,0,-1.000000000,,0,0,0.000000000,0.000000000,0,-1.000000000,0,,0,-1.000000000,,0,-1.000000000,0,,1,0.093651772,5.365851253,-0.021978378,-0.026862144,1,3.294514894,188.761798997,-0.002442360,-2.755556107,1,-2.898260117,-166.058072611,-0.002442360,2.509401321,1,-0.163462639,-9.365719314,-0.007326126,0.412698746,1,0.018598557,1.065618794,-0.036628723,-0.003663063,0.093651772,5.365851253,0.000000000,-0.000000000,8.000000000,2.500000000,3.334188700,191.034940594,0.000000000,-2.814165831,2.000000000,0.500000000,-2.913138390,-166.910534861,0.000000000,2.549723148,1.000000000,0.500000000,-0.167277336,-9.584285368,0.000000000,0.418431431,0.500000000,0.200000003,0.018598557,1.065618794,0.000000000,-0.000029202,0.000000000,0.100000001
2026-07-06 22:24:35.568,1783347875.568288565,3.014566288,1,1,2.997136698,1,0.008130541,5,1,0.004383054,5,1,0,1,0,0,1,1,1,0,1,0,-1.000000000,0.000000000,0.000000000,0.000000000,0,-1.000000000,0,0,0,,0,-1.000000000,,0,0,0.000000000,0.000000000,0,-1.000000000,0,,0,-1.000000000,,0,-1.000000000,0,,1,0.093651772,5.365851253,-0.007326126,-0.026862144,1,3.294514894,188.761798997,-0.002442360,-2.755556107,1,-2.898260117,-166.058072611,-0.002442360,2.523077011,1,-0.163462639,-9.365719314,0.007326126,0.412698746,1,0.018598557,1.065618794,-0.012210846,-0.003663063,0.093651772,5.365851253,0.000000000,-0.000000000,8.000000000,2.500000000,3.334188700,191.034940594,0.000000000,-2.814165831,2.000000000,0.500000000,-2.913138390,-166.910534861,0.000000000,2.549723148,1.000000000,0.500000000,-0.167277336,-9.584285368,0.000000000,0.418431431,0.500000000,0.200000003,0.018598557,1.065618794,0.000000000,-0.000029202,0.000000000,0.100000001
2026-07-06 22:24:36.568,1783347876.568455219,4.014732962,1,1,3.997303372,1,0.008276376,5,1,0.004540861,5,1,0,1,0,0,1,1,1,0,1,0,-1.000000000,0.000000000,0.000000000,0.000000000,0,-1.000000000,0,0,0,,0,-1.000000000,,0,0,0.000000000,0.000000000,0,-1.000000000,0,,0,-1.000000000,,0,-1.000000000,0,,1,0.093651772,5.365851253,-0.007326126,-0.026862144,1,3.294514894,188.761798997,-0.002442360,-2.755556107,1,-2.898260117,-166.058072611,0.002442360,2.509401321,1,-0.163462639,-9.365719314,-0.007326126,0.407814026,1,0.018598557,1.065618794,-0.036628723,-0.003663063,0.093651772,5.365851253,0.000000000,-0.000000000,8.000000000,2.500000000,3.334188700,191.034940594,0.000000000,-2.814165831,2.000000000,0.500000000,-2.913138390,-166.910534861,0.000000000,2.549723148,1.000000000,0.500000000,-0.167277336,-9.584285368,0.000000000,0.418431431,0.500000000,0.200000003,0.018598557,1.065618794,0.000000000,-0.000029202,0.000000000,0.100000001
2026-07-06 22:24:37.568,1783347877.568346739,5.014624324,1,1,4.997194734,1,0.007768478,5,1,0.004381581,5,1,0,1,0,0,1,1,1,0,1,0,-1.000000000,0.000000000,0.000000000,0.000000000,0,-1.000000000,0,0,0,,0,-1.000000000,,0,0,0.000000000,0.000000000,0,-1.000000000,0,,0,-1.000000000,,0,-1.000000000,0,,1,0.093651772,5.365851253,-0.021978378,-0.021978378,1,3.294514894,188.761798997,-0.002442360,-2.755556107,1,-2.898260117,-166.058072611,-0.007326126,2.509401321,1,-0.163462639,-9.365719314,0.007326126,0.412698746,1,0.018598557,1.065618794,0.012210846,-0.003663063,0.093651772,5.365851253,0.000000000,-0.000000000,8.000000000,2.500000000,3.334188700,191.034940594,0.000000000,-2.814165831,2.000000000,0.500000000,-2.913138390,-166.910534861,0.000000000,2.549723148,1.000000000,0.500000000,-0.167277336,-9.584285368,0.000000000,0.418431431,0.500000000,0.200000003,0.018598557,1.065618794,0.000000000,-0.000029202,0.000000000,0.100000001
2026-07-06 22:24:38.568,1783347878.568323612,6.014601408,1,1,5.997171818,1,0.007690484,5,1,0.004344948,5,1,0,1,0,0,1,1,1,0,1,0,-1.000000000,0.000000000,0.000000000,0.000000000,0,-1.000000000,0,0,0,,0,-1.000000000,,0,0,0.000000000,0.000000000,0,-1.000000000,0,,0,-1.000000000,,0,-1.000000000,0,,1,0.093651772,5.365851253,-0.021978378,-0.031745911,1,3.294514894,188.761798997,-0.002442360,-2.755556107,1,-2.898260117,-166.058072611,0.002442360,2.509401321,1,-0.163462639,-9.365719314,-0.007326126,0.412698746,1,0.018215179,1.043652905,0.012210846,-0.003663063,0.093651772,5.365851253,0.000000000,-0.000000000,8.000000000,2.500000000,3.334188700,191.034940594,0.000000000,-2.814165831,2.000000000,0.500000000,-2.913138390,-166.910534861,0.000000000,2.549723148,1.000000000,0.500000000,-0.167277336,-9.584285368,0.000000000,0.418431431,0.500000000,0.200000003,0.018598557,1.065618794,0.000000000,-0.000029202,0.000000000,0.100000001
2026-07-06 22:24:39.568,1783347879.568362713,7.014640481,1,1,6.997210891,1,0.008041279,5,1,0.004387715,5,1,0,1,0,0,1,1,1,0,1,0,-1.000000000,0.000000000,0.000000000,0.000000000,0,-1.000000000,0,0,0,,0,-1.000000000,,0,0,0.000000000,0.000000000,0,-1.000000000,0,,0,-1.000000000,,0,-1.000000000,0,,1,0.093651772,5.365851253,-0.021978378,-0.026862144,1,3.294514894,188.761798997,-0.002442360,-2.755556107,1,-2.898260117,-166.058072611,0.002442360,2.509401321,1,-0.163462639,-9.365719314,-0.021978378,0.412698746,1,0.018215179,1.043652905,-0.036628723,-0.003663063,0.093651772,5.365851253,0.000000000,-0.000000000,8.000000000,2.500000000,3.334188700,191.034940594,0.000000000,-2.814165831,2.000000000,0.500000000,-2.913138390,-166.910534861,0.000000000,2.549723148,1.000000000,0.500000000,-0.167277336,-9.584285368,0.000000000,0.418431431,0.500000000,0.200000003,0.018598557,1.065618794,0.000000000,-0.000029202,0.000000000,0.100000001
2026-07-06 22:24:40.568,1783347880.568403244,8.014680838,1,1,7.997251248,1,0.008031220,5,1,0.004275834,5,1,0,1,0,0,1,1,1,0,1,0,-1.000000000,0.000000000,0.000000000,0.000000000,0,-1.000000000,0,0,0,,0,-1.000000000,,0,0,0.000000000,0.000000000,0,-1.000000000,0,,0,-1.000000000,,0,-1.000000000,0,,1,0.093651772,5.365851253,-0.007326126,-0.021978378,1,3.294514894,188.761798997,-0.002442360,-2.755556107,1,-2.898260117,-166.058072611,-0.002442360,2.509401321,1,-0.163462639,-9.365719314,-0.007326126,0.412698746,1,0.018598557,1.065618794,0.012210846,-0.003663063,0.093651772,5.365851253,0.000000000,-0.000000000,8.000000000,2.500000000,3.334188700,191.034940594,0.000000000,-2.814165831,2.000000000,0.500000000,-2.913138390,-166.910534861,0.000000000,2.549723148,1.000000000,0.500000000,-0.167277336,-9.584285368,0.000000000,0.418431431,0.500000000,0.200000003,0.018598557,1.065618794,0.000000000,-0.000029202,0.000000000,0.100000001
2026-07-06 22:24:41.568,1783347881.568429232,9.014707052,1,1,8.997277462,1,0.007994243,5,1,0.004472534,5,1,0,1,0,0,1,1,1,0,1,0,-1.000000000,0.000000000,0.000000000,0.000000000,0,-1.000000000,0,0,0,,0,-1.000000000,,0,0,0.000000000,0.000000000,0,-1.000000000,0,,0,-1.000000000,,0,-1.000000000,0,,1,0.093651772,5.365851253,-0.021978378,-0.026862144,1,3.294514894,188.761798997,-0.002442360,-2.755556107,1,-2.898260117,-166.058072611,-0.007326126,2.509401321,1,-0.163462639,-9.365719314,-0.007326126,0.412698746,1,0.018598557,1.065618794,-0.012210846,-0.003663063,0.093651772,5.365851253,0.000000000,-0.000000000,8.000000000,2.500000000,3.334188700,191.034940594,0.000000000,-2.814165831,2.000000000,0.500000000,-2.913138390,-166.910534861,0.000000000,2.549723148,1.000000000,0.500000000,-0.167277336,-9.584285368,0.000000000,0.418431431,0.500000000,0.200000003,0.018598557,1.065618794,0.000000000,-0.000029202,0.000000000,0.100000001
2026-07-06 22:24:42.568,1783347882.568410873,10.014688510,1,1,9.997258920,1,0.008148084,5,1,0.004356443,5,1,0,1,0,0,1,1,1,0,1,0,-1.000000000,0.000000000,0.000000000,0.000000000,0,-1.000000000,0,0,0,,0,-1.000000000,,0,0,0.000000000,0.000000000,0,-1.000000000,0,,0,-1.000000000,,0,-1.000000000,0,,1,0.093651772,5.365851253,0.007326126,-0.021978378,1,3.294514894,188.761798997,-0.002442360,-2.755556107,1,-2.898260117,-166.058072611,-0.007326126,2.523077011,1,-0.163462639,-9.365719314,-0.007326126,0.412698746,1,0.018215179,1.043652905,-0.012210846,-0.003663063,0.093651772,5.365851253,0.000000000,-0.000000000,8.000000000,2.500000000,3.334188700,191.034940594,0.000000000,-2.814165831,2.000000000,0.500000000,-2.913138390,-166.910534861,0.000000000,2.549723148,1.000000000,0.500000000,-0.167277336,-9.584285368,0.000000000,0.418431431,0.500000000,0.200000003,0.018598557,1.065618794,0.000000000,-0.000029202,0.000000000,0.100000001
2026-07-06 22:24:43.568,1783347883.568452597,11.014730342,1,1,10.997300752,1,0.007965162,5,1,0.004492947,5,1,0,1,0,0,1,1,1,0,1,0,-1.000000000,0.000000000,0.000000000,0.000000000,0,-1.000000000,0,0,0,,0,-1.000000000,,0,0,0.000000000,0.000000000,0,-1.000000000,0,,0,-1.000000000,,0,-1.000000000,0,,1,0.093651772,5.365851253,-0.021978378,-0.021978378,1,3.294514894,188.761798997,-0.002442360,-2.755556107,1,-2.898260117,-166.058072611,-0.002442360,2.509401321,1,-0.163462639,-9.365719314,-0.007326126,0.412698746,1,0.018598557,1.065618794,-0.036628723,-0.003663063,0.093651772,5.365851253,0.000000000,-0.000000000,8.000000000,2.500000000,3.334188700,191.034940594,0.000000000,-2.814165831,2.000000000,0.500000000,-2.913138390,-166.910534861,0.000000000,2.549723148,1.000000000,0.500000000,-0.167277336,-9.584285368,0.000000000,0.418431431,0.500000000,0.200000003,0.018598557,1.065618794,0.000000000,-0.000029202,0.000000000,0.100000001
2026-07-06 22:24:44.568,1783347884.568483114,12.014760676,1,1,11.997331086,1,0.007889497,5,1,0.004565727,5,1,0,1,0,0,1,1,1,0,1,0,-1.000000000,0.000000000,0.000000000,0.000000000,0,-1.000000000,0,0,0,,0,-1.000000000,,0,0,0.000000000,0.000000000,0,-1.000000000,0,,0,-1.000000000,,0,-1.000000000,0,,1,0.093651772,5.365851253,-0.007326126,-0.021978378,1,3.294514894,188.761798997,-0.002442360,-2.755556107,1,-2.898260117,-166.058072611,-0.002442360,2.509401321,1,-0.163844109,-9.387575920,-0.007326126,0.412698746,1,0.018598557,1.065618794,-0.012210846,-0.003663063,0.093651772,5.365851253,0.000000000,-0.000000000,8.000000000,2.500000000,3.334188700,191.034940594,0.000000000,-2.814165831,2.000000000,0.500000000,-2.913138390,-166.910534861,0.000000000,2.549723148,1.000000000,0.500000000,-0.167277336,-9.584285368,0.000000000,0.418431431,0.500000000,0.200000003,0.018598557,1.065618794,0.000000000,-0.000029202,0.000000000,0.100000001
2026-07-06 22:24:45.568,1783347885.568528891,13.014806649,1,1,12.997377059,1,0.008215111,5,1,0.004522010,5,1,0,1,0,0,1,1,1,0,1,0,-1.000000000,0.000000000,0.000000000,0.000000000,0,-1.000000000,0,0,0,,0,-1.000000000,,0,0,0.000000000,0.000000000,0,-1.000000000,0,,0,-1.000000000,,0,-1.000000000,0,,1,0.093651772,5.365851253,0.007326126,-0.021978378,1,3.294514894,188.761798997,-0.002442360,-2.755556107,1,-2.898260117,-166.058072611,0.002442360,2.509401321,1,-0.163462639,-9.365719314,-0.007326126,0.412698746,1,0.018598557,1.065618794,-0.036628723,-0.003663063,0.093651772,5.365851253,0.000000000,-0.000000000,8.000000000,2.500000000,3.334188700,191.034940594,0.000000000,-2.814165831,2.000000000,0.500000000,-2.913138390,-166.910534861,0.000000000,2.549723148,1.000000000,0.500000000,-0.167277336,-9.584285368,0.000000000,0.418431431,0.500000000,0.200000003,0.018598557,1.065618794,0.000000000,-0.000029202,0.000000000,0.100000001
2026-07-06 22:24:46.568,1783347886.568569183,14.014846773,1,1,13.997417183,1,0.008004146,5,1,0.004431987,5,1,0,1,0,0,1,1,1,0,1,0,-1.000000000,0.000000000,0.000000000,0.000000000,0,-1.000000000,0,0,0,,0,-1.000000000,,0,0,0.000000000,0.000000000,0,-1.000000000,0,,0,-1.000000000,,0,-1.000000000,0,,1,0.093651772,5.365851253,-0.007326126,-0.026862144,1,3.294514894,188.761798997,-0.002442360,-2.755556107,1,-2.898260117,-166.058072611,-0.002442360,2.509401321,1,-0.163462639,-9.365719314,-0.007326126,0.412698746,1,0.018598557,1.065618794,-0.012210846,-0.006104946,0.093651772,5.365851253,0.000000000,-0.000000000,8.000000000,2.500000000,3.334188700,191.034940594,0.000000000,-2.814165831,2.000000000,0.500000000,-2.913138390,-166.910534861,0.000000000,2.549723148,1.000000000,0.500000000,-0.167277336,-9.584285368,0.000000000,0.418431431,0.500000000,0.200000003,0.018598557,1.065618794,0.000000000,-0.000029202,0.000000000,0.100000001
2026-07-06 22:24:47.568,1783347887.568570614,15.014848421,1,1,14.997418831,1,0.007783900,5,1,0.004475401,5,1,0,1,0,0,1,1,1,0,1,0,-1.000000000,0.000000000,0.000000000,0.000000000,0,-1.000000000,0,0,0,,0,-1.000000000,,0,0,0.000000000,0.000000000,0,-1.000000000,0,,0,-1.000000000,,0,-1.000000000,0,,1,0.093651772,5.365851253,0.007326126,-0.021978378,1,3.294514894,188.761798997,-0.002442360,-2.755556107,1,-2.898260117,-166.058072611,-0.002442360,2.523077011,1,-0.163462639,-9.365719314,-0.007326126,0.412698746,1,0.018598557,1.065618794,-0.012210846,-0.003663063,0.093651772,5.365851253,0.000000000,-0.000000000,8.000000000,2.500000000,3.334188700,191.034940594,0.000000000,-2.814165831,2.000000000,0.500000000,-2.913138390,-166.910534861,0.000000000,2.549723148,1.000000000,0.500000000,-0.167277336,-9.584285368,0.000000000,0.418431431,0.500000000,0.200000003,0.018598557,1.065618794,0.000000000,-0.000029202,0.000000000,0.100000001
2026-07-06 22:24:48.568,1783347888.568616867,16.014894690,1,1,15.997465100,1,0.008041294,5,1,0.004563317,5,1,0,1,0,0,1,1,1,0,1,0,-1.000000000,0.000000000,0.000000000,0.000000000,0,-1.000000000,0,0,0,,0,-1.000000000,,0,0,0.000000000,0.000000000,0,-1.000000000,0,,0,-1.000000000,,0,-1.000000000,0,,1,0.093651772,5.365851253,-0.007326126,-0.021978378,1,3.294514894,188.761798997,-0.002442360,-2.755556107,1,-2.898260117,-166.058072611,-0.002442360,2.509401321,1,-0.163462639,-9.365719314,-0.007326126,0.412698746,1,0.018598557,1.065618794,0.012210846,-0.003663063,0.093651772,5.365851253,0.000000000,-0.000000000,8.000000000,2.500000000,3.334188700,191.034940594,0.000000000,-2.814165831,2.000000000,0.500000000,-2.913138390,-166.910534861,0.000000000,2.549723148,1.000000000,0.500000000,-0.167277336,-9.584285368,0.000000000,0.418431431,0.500000000,0.200000003,0.018598557,1.065618794,0.000000000,-0.000029202,0.000000000,0.100000001
2026-07-06 22:24:49.568,1783347889.568593740,17.014871304,1,1,16.997441714,1,0.008176276,5,1,0.004301694,5,1,0,1,0,0,1,1,1,0,1,0,-1.000000000,0.000000000,0.000000000,0.000000000,0,-1.000000000,0,0,0,,0,-1.000000000,,0,0,0.000000000,0.000000000,0,-1.000000000,0,,0,-1.000000000,,0,-1.000000000,0,,1,0.093651772,5.365851253,0.007326126,-0.026862144,1,3.294514894,188.761798997,-0.002442360,-2.755556107,1,-2.898260117,-166.058072611,0.002442360,2.523077011,1,-0.163844109,-9.387575920,-0.007326126,0.412698746,1,0.018215179,1.043652905,-0.036628723,-0.003663063,0.093651772,5.365851253,0.000000000,-0.000000000,8.000000000,2.500000000,3.334188700,191.034940594,0.000000000,-2.814165831,2.000000000,0.500000000,-2.913138390,-166.910534861,0.000000000,2.549723148,1.000000000,0.500000000,-0.167277336,-9.584285368,0.000000000,0.418431431,0.500000000,0.200000003,0.018598557,1.065618794,0.000000000,-0.000029202,0.000000000,0.100000001
2026-07-06 22:24:50.568,1783347890.568610907,18.014888441,1,1,17.997458851,1,0.007846772,5,1,0.004099392,5,1,0,1,0,0,1,1,1,0,1,0,-1.000000000,0.000000000,0.000000000,0.000000000,0,-1.000000000,0,0,0,,0,-1.000000000,,0,0,0.000000000,0.000000000,0,-1.000000000,0,,0,-1.000000000,,0,-1.000000000,0,,1,0.093651772,5.365851253,-0.007326126,-0.026862144,1,3.294514894,188.761798997,-0.002442360,-2.755556107,1,-2.898260117,-166.058072611,-0.002442360,2.509401321,1,-0.163462639,-9.365719314,-0.007326126,0.412698746,1,0.018598557,1.065618794,-0.036628723,-0.003663063,0.093651772,5.365851253,0.000000000,-0.000000000,8.000000000,2.500000000,3.334188700,191.034940594,0.000000000,-2.814165831,2.000000000,0.500000000,-2.913138390,-166.910534861,0.000000000,2.549723148,1.000000000,0.500000000,-0.167277336,-9.584285368,0.000000000,0.418431431,0.500000000,0.200000003,0.018598557,1.065618794,0.000000000,-0.000029202,0.000000000,0.100000001
2026-07-06 22:24:51.568,1783347891.568630219,19.014907881,1,1,18.997478291,1,0.007517973,5,1,0.004541814,5,1,0,1,0,0,1,1,1,0,1,0,-1.000000000,0.000000000,0.000000000,0.000000000,0,-1.000000000,0,0,0,,0,-1.000000000,,0,0,0.000000000,0.000000000,0,-1.000000000,0,,0,-1.000000000,,0,-1.000000000,0,,1,0.093651772,5.365851253,-0.021978378,-0.026862144,1,3.294514894,188.761798997,-0.007326126,-2.755556107,1,-2.898260117,-166.058072611,-0.002442360,2.509401321,1,-0.163462639,-9.365719314,-0.007326126,0.412698746,1,0.018598557,1.065618794,-0.012210846,-0.003663063,0.093651772,5.365851253,0.000000000,-0.000000000,8.000000000,2.500000000,3.334188700,191.034940594,0.000000000,-2.814165831,2.000000000,0.500000000,-2.913138390,-166.910534861,0.000000000,2.549723148,1.000000000,0.500000000,-0.167277336,-9.584285368,0.000000000,0.418431431,0.500000000,0.200000003,0.018598557,1.065618794,0.000000000,-0.000029202,0.000000000,0.100000001
2026-07-06 22:24:52.568,1783347892.568657160,20.014934847,1,1,19.997505257,1,0.008043041,5,1,0.004531517,5,1,0,1,0,0,1,1,1,0,1,0,-1.000000000,0.000000000,0.000000000,0.000000000,0,-1.000000000,0,0,0,,0,-1.000000000,,0,0,0.000000000,0.000000000,0,-1.000000000,0,,0,-1.000000000,,0,-1.000000000,0,,1,0.093651772,5.365851253,-0.007326126,-0.026862144,1,3.294514894,188.761798997,-0.002442360,-2.755556107,1,-2.898260117,-166.058072611,0.002442360,2.509401321,1,-0.163462639,-9.365719314,-0.007326126,0.412698746,1,0.018215179,1.043652905,-0.012210846,-0.003663063,0.093651772,5.365851253,0.000000000,-0.000000000,8.000000000,2.500000000,3.334188700,191.034940594,0.000000000,-2.814165831,2.000000000,0.500000000,-2.913138390,-166.910534861,0.000000000,2.549723148,1.000000000,0.500000000,-0.167277336,-9.584285368,0.000000000,0.418431431,0.500000000,0.200000003,0.018598557,1.065618794,0.000000000,-0.000029202,0.000000000,0.100000001
2026-07-06 22:24:53.568,1783347893.568666220,21.014943733,1,1,20.997514143,1,0.007877873,5,1,0.004365182,5,1,0,1,0,0,1,1,1,0,1,0,-1.000000000,0.000000000,0.000000000,0.000000000,0,-1.000000000,0,0,0,,0,-1.000000000,,0,0,0.000000000,0.000000000,0,-1.000000000,0,,0,-1.000000000,,0,-1.000000000,0,,1,0.093651772,5.365851253,-0.007326126,-0.021978378,1,3.294514894,188.761798997,-0.002442360,-2.755556107,1,-2.898260117,-166.058072611,-0.002442360,2.509401321,1,-0.163462639,-9.365719314,0.007326126,0.412698746,1,0.018598557,1.065618794,-0.012210846,-0.003663063,0.093651772,5.365851253,0.000000000,-0.000000000,8.000000000,2.500000000,3.334188700,191.034940594,0.000000000,-2.814165831,2.000000000,0.500000000,-2.913138390,-166.910534861,0.000000000,2.549723148,1.000000000,0.500000000,-0.167277336,-9.584285368,0.000000000,0.418431431,0.500000000,0.200000003,0.018598557,1.065618794,0.000000000,-0.000029202,0.000000000,0.100000001
2026-07-06 22:24:54.568,1783347894.568805933,22.015083547,1,1,21.997653957,1,0.008034906,5,1,0.004567754,5,1,0,1,0,0,1,1,1,0,1,0,-1.000000000,0.000000000,0.000000000,0.000000000,0,-1.000000000,0,0,0,,0,-1.000000000,,0,0,0.000000000,0.000000000,0,-1.000000000,0,,0,-1.000000000,,0,-1.000000000,0,,1,0.093651772,5.365851253,-0.007326126,-0.026862144,1,3.294514894,188.761798997,-0.002442360,-2.755556107,1,-2.898260117,-166.058072611,-0.002442360,2.509401321,1,-0.163462639,-9.365719314,0.007326126,0.412698746,1,0.018598557,1.065618794,-0.012210846,-0.003663063,0.093651772,5.365851253,0.000000000,-0.000000000,8.000000000,2.500000000,3.334188700,191.034940594,0.000000000,-2.814165831,2.000000000,0.500000000,-2.913138390,-166.910534861,0.000000000,2.549723148,1.000000000,0.500000000,-0.167277336,-9.584285368,0.000000000,0.418431431,0.500000000,0.200000003,0.018598557,1.065618794,0.000000000,-0.000029202,0.000000000,0.100000001
2026-07-06 22:24:55.568,1783347895.568770647,23.015048383,1,1,22.997618793,1,0.008055973,5,1,0.004537849,5,1,0,1,0,0,1,1,1,0,1,0,-1.000000000,0.000000000,0.000000000,0.000000000,0,-1.000000000,0,0,0,,0,-1.000000000,,0,0,0.000000000,0.000000000,0,-1.000000000,0,,0,-1.000000000,,0,-1.000000000,0,,1,0.093651772,5.365851253,0.007326126,-0.021978378,1,3.294514894,188.761798997,-0.002442360,-2.755556107,1,-2.898260117,-166.058072611,-0.007326126,2.509401321,1,-0.163462639,-9.365719314,-0.021978378,0.412698746,1,0.018598557,1.065618794,-0.012210846,-0.003663063,0.093651772,5.365851253,0.000000000,-0.000000000,8.000000000,2.500000000,3.334188700,191.034940594,0.000000000,-2.814165831,2.000000000,0.500000000,-2.913138390,-166.910534861,0.000000000,2.549723148,1.000000000,0.500000000,-0.167277336,-9.584285368,0.000000000,0.418431431,0.500000000,0.200000003,0.018598557,1.065618794,0.000000000,-0.000029202,0.000000000,0.100000001
2026-07-06 22:24:56.568,1783347896.568697453,24.014975200,1,1,23.997545610,1,0.007851589,5,1,0.004354419,5,1,0,1,0,0,1,1,1,0,1,0,-1.000000000,0.000000000,0.000000000,0.000000000,0,-1.000000000,0,0,0,,0,-1.000000000,,0,0,0.000000000,0.000000000,0,-1.000000000,0,,0,-1.000000000,,0,-1.000000000,0,,1,0.093651772,5.365851253,-0.007326126,-0.021978378,1,3.294514894,188.761798997,-0.002442360,-2.755556107,1,-2.898260117,-166.058072611,-0.007326126,2.509401321,1,-0.163462639,-9.365719314,-0.007326126,0.412698746,1,0.018598557,1.065618794,0.012210846,-0.003663063,0.093651772,5.365851253,0.000000000,-0.000000000,8.000000000,2.500000000,3.334188700,191.034940594,0.000000000,-2.814165831,2.000000000,0.500000000,-2.913138390,-166.910534861,0.000000000,2.549723148,1.000000000,0.500000000,-0.167277336,-9.584285368,0.000000000,0.418431431,0.500000000,0.200000003,0.018598557,1.065618794,0.000000000,-0.000029202,0.000000000,0.100000001
2026-07-06 22:24:57.568,1783347897.568674564,25.014952235,1,1,24.997522645,1,0.007866157,5,1,0.004340119,5,1,0,1,0,0,1,1,1,0,1,0,-1.000000000,0.000000000,0.000000000,0.000000000,0,-1.000000000,0,0,0,,0,-1.000000000,,0,0,0.000000000,0.000000000,0,-1.000000000,0,,0,-1.000000000,,0,-1.000000000,0,,1,0.093651772,5.365851253,-0.021978378,-0.021978378,1,3.294514894,188.761798997,0.002442360,-2.755556107,1,-2.898260117,-166.058072611,-0.007326126,2.523077011,1,-0.163462639,-9.365719314,-0.007326126,0.412698746,1,0.018598557,1.065618794,-0.012210846,-0.003663063,0.093651772,5.365851253,0.000000000,-0.000000000,8.000000000,2.500000000,3.334188700,191.034940594,0.000000000,-2.814165831,2.000000000,0.500000000,-2.913138390,-166.910534861,0.000000000,2.549723148,1.000000000,0.500000000,-0.167277336,-9.584285368,0.000000000,0.418431431,0.500000000,0.200000003,0.018598557,1.065618794,0.000000000,-0.000029202,0.000000000,0.100000001
2026-07-06 22:24:58.568,1783347898.568757057,26.015034809,1,1,25.997605219,1,0.007915714,5,1,0.004276052,5,1,0,1,0,0,1,1,1,0,1,0,-1.000000000,0.000000000,0.000000000,0.000000000,0,-1.000000000,0,0,0,,0,-1.000000000,,0,0,0.000000000,0.000000000,0,-1.000000000,0,,0,-1.000000000,,0,-1.000000000,0,,1,0.093651772,5.365851253,-0.007326126,-0.026862144,1,3.294514894,188.761798997,-0.002442360,-2.755556107,1,-2.898260117,-166.058072611,-0.007326126,2.509401321,1,-0.163462639,-9.365719314,-0.007326126,0.412698746,1,0.018598557,1.065618794,-0.012210846,-0.003663063,0.093651772,5.365851253,0.000000000,-0.000000000,8.000000000,2.500000000,3.334188700,191.034940594,0.000000000,-2.814165831,2.000000000,0.500000000,-2.913138390,-166.910534861,0.000000000,2.549723148,1.000000000,0.500000000,-0.167277336,-9.584285368,0.000000000,0.418431431,0.500000000,0.200000003,0.018598557,1.065618794,0.000000000,-0.000029202,0.000000000,0.100000001
2026-07-06 22:24:59.568,1783347899.568773270,27.015051203,1,1,26.997621613,1,0.008026168,5,1,0.003781560,5,1,0,1,0,0,1,1,1,0,1,0,-1.000000000,0.000000000,0.000000000,0.000000000,0,-1.000000000,0,0,0,,0,-1.000000000,,0,0,0.000000000,0.000000000,0,-1.000000000,0,,0,-1.000000000,,0,-1.000000000,0,,1,0.093651772,5.365851253,-0.007326126,-0.021978378,1,3.294514894,188.761798997,-0.002442360,-2.755556107,1,-2.898260117,-166.058072611,-0.002442360,2.523077011,1,-0.163844109,-9.387575920,-0.021978378,0.412698746,1,0.018598557,1.065618794,-0.036628723,-0.003663063,0.093651772,5.365851253,0.000000000,-0.000000000,8.000000000,2.500000000,3.334188700,191.034940594,0.000000000,-2.814165831,2.000000000,0.500000000,-2.913138390,-166.910534861,0.000000000,2.549723148,1.000000000,0.500000000,-0.167277336,-9.584285368,0.000000000,0.418431431,0.500000000,0.200000003,0.018598557,1.065618794,0.000000000,-0.000029202,0.000000000,0.100000001
2026-07-06 22:25:00.568,1783347900.568793774,28.015071535,1,1,27.997641945,1,0.008247184,5,1,0.004469992,5,1,0,1,0,0,1,1,1,0,1,0,-1.000000000,0.000000000,0.000000000,0.000000000,0,-1.000000000,0,0,0,,0,-1.000000000,,0,0,0.000000000,0.000000000,0,-1.000000000,0,,0,-1.000000000,,0,-1.000000000,0,,1,0.093651772,5.365851253,-0.007326126,-0.026862144,1,3.294514894,188.761798997,-0.002442360,-2.755556107,1,-2.898260117,-166.058072611,-0.007326126,2.509401321,1,-0.163462639,-9.365719314,-0.007326126,0.407814026,1,0.018215179,1.043652905,-0.036628723,-0.003663063,0.093651772,5.365851253,0.000000000,-0.000000000,8.000000000,2.500000000,3.334188700,191.034940594,0.000000000,-2.814165831,2.000000000,0.500000000,-2.913138390,-166.910534861,0.000000000,2.549723148,1.000000000,0.500000000,-0.167277336,-9.584285368,0.000000000,0.418431431,0.500000000,0.200000003,0.018598557,1.065618794,0.000000000,-0.000029202,0.000000000,0.100000001
2026-07-06 22:25:01.568,1783347901.568845987,29.015123844,1,1,28.997694254,1,0.007986587,5,1,0.004395584,5,1,0,1,0,0,1,1,1,0,1,0,-1.000000000,0.000000000,0.000000000,0.000000000,0,-1.000000000,0,0,0,,0,-1.000000000,,0,0,0.000000000,0.000000000,0,-1.000000000,0,,0,-1.000000000,,0,-1.000000000,0,,1,0.093651772,5.365851253,-0.021978378,-0.026862144,1,3.294514894,188.761798997,-0.002442360,-2.755556107,1,-2.898260117,-166.058072611,-0.007326126,2.523077011,1,-0.163462639,-9.365719314,0.007326126,0.412698746,1,0.018598557,1.065618794,-0.036628723,-0.003663063,0.093651772,5.365851253,0.000000000,-0.000000000,8.000000000,2.500000000,3.334188700,191.034940594,0.000000000,-2.814165831,2.000000000,0.500000000,-2.913138390,-166.910534861,0.000000000,2.549723148,1.000000000,0.500000000,-0.167277336,-9.584285368,0.000000000,0.418431431,0.500000000,0.200000003,0.018598557,1.065618794,0.000000000,-0.000029202,0.000000000,0.100000001
2026-07-06 22:25:02.568,1783347902.568842649,30.015120575,1,1,29.997690985,1,0.007935597,5,1,0.004490134,5,1,0,1,0,0,1,1,1,0,1,0,-1.000000000,0.000000000,0.000000000,0.000000000,0,-1.000000000,0,0,0,,0,-1.000000000,,0,0,0.000000000,0.000000000,0,-1.000000000,0,,0,-1.000000000,,0,-1.000000000,0,,1,0.093651772,5.365851253,0.007326126,-0.026862144,1,3.294514894,188.761798997,-0.002442360,-2.755556107,1,-2.898260117,-166.058072611,-0.012209892,2.523077011,1,-0.163462639,-9.365719314,-0.007326126,0.412698746,1,0.018598557,1.065618794,-0.012210846,-0.003663063,0.093651772,5.365851253,0.000000000,-0.000000000,8.000000000,2.500000000,3.334188700,191.034940594,0.000000000,-2.814165831,2.000000000,0.500000000,-2.913138390,-166.910534861,0.000000000,2.549723148,1.000000000,0.500000000,-0.167277336,-9.584285368,0.000000000,0.418431431,0.500000000,0.200000003,0.018598557,1.065618794,0.000000000,-0.000029202,0.000000000,0.100000001
2026-07-06 22:25:03.568,1783347903.568883181,31.015160969,1,1,30.997731379,1,0.008033848,5,1,0.004359097,5,1,0,1,0,0,1,1,1,0,1,0,-1.000000000,0.000000000,0.000000000,0.000000000,0,-1.000000000,0,0,0,,0,-1.000000000,,0,0,0.000000000,0.000000000,0,-1.000000000,0,,0,-1.000000000,,0,-1.000000000,0,,1,0.093651772,5.365851253,-0.007326126,-0.021978378,1,3.294514894,188.761798997,-0.002442360,-2.755556107,1,-2.898260117,-166.058072611,-0.002442360,2.509401321,1,-0.163462639,-9.365719314,-0.007326126,0.412698746,1,0.018598557,1.065618794,-0.012210846,-0.001221180,0.093651772,5.365851253,0.000000000,-0.000000000,8.000000000,2.500000000,3.334188700,191.034940594,0.000000000,-2.814165831,2.000000000,0.500000000,-2.913138390,-166.910534861,0.000000000,2.549723148,1.000000000,0.500000000,-0.167277336,-9.584285368,0.000000000,0.418431431,0.500000000,0.200000003,0.018598557,1.065618794,0.000000000,-0.000029202,0.000000000,0.100000001
2026-07-06 22:25:04.568,1783347904.568862915,32.015140602,1,1,31.997711012,1,0.007958628,5,1,0.004396650,5,1,0,1,0,0,1,1,1,0,1,0,-1.000000000,0.000000000,0.000000000,0.000000000,0,-1.000000000,0,0,0,,0,-1.000000000,,0,0,0.000000000,0.000000000,0,-1.000000000,0,,0,-1.000000000,,0,-1.000000000,0,,1,0.093651772,5.365851253,-0.021978378,-0.021978378,1,3.294514894,188.761798997,-0.002442360,-2.755556107,1,-2.898260117,-166.058072611,-0.002442360,2.523077011,1,-0.163462639,-9.365719314,-0.021978378,0.412698746,1,0.018215179,1.043652905,-0.036628723,-0.001221180,0.093651772,5.365851253,0.000000000,-0.000000000,8.000000000,2.500000000,3.334188700,191.034940594,0.000000000,-2.814165831,2.000000000,0.500000000,-2.913138390,-166.910534861,0.000000000,2.549723148,1.000000000,0.500000000,-0.167277336,-9.584285368,0.000000000,0.418431431,0.500000000,0.200000003,0.018598557,1.065618794,0.000000000,-0.000029202,0.000000000,0.100000001
2026-07-06 22:25:05.568,1783347905.568909645,33.015187421,1,1,32.997757831,1,0.008142135,5,1,0.004522689,5,1,0,1,0,0,1,1,1,0,1,0,-1.000000000,0.000000000,0.000000000,0.000000000,0,-1.000000000,0,0,0,,0,-1.000000000,,0,0,0.000000000,0.000000000,0,-1.000000000,0,,0,-1.000000000,,0,-1.000000000,0,,1,0.093651772,5.365851253,-0.007326126,-0.026862144,1,3.294514894,188.761798997,-0.002442360,-2.755556107,1,-2.898260117,-166.058072611,-0.002442360,2.523077011,1,-0.163462639,-9.365719314,-0.036630630,0.412698746,1,0.018598557,1.065618794,0.012210846,-0.003663063,0.093651772,5.365851253,0.000000000,-0.000000000,8.000000000,2.500000000,3.334188700,191.034940594,0.000000000,-2.814165831,2.000000000,0.500000000,-2.913138390,-166.910534861,0.000000000,2.549723148,1.000000000,0.500000000,-0.167277336,-9.584285368,0.000000000,0.418431431,0.500000000,0.200000003,0.018598557,1.065618794,0.000000000,-0.000029202,0.000000000,0.100000001
2026-07-06 22:25:06.569,1783347906.568967581,34.015245527,1,1,33.997815937,1,0.008072177,5,1,0.004398990,5,1,0,1,0,0,1,1,1,0,1,0,-1.000000000,0.000000000,0.000000000,0.000000000,0,-1.000000000,0,0,0,,0,-1.000000000,,0,0,0.000000000,0.000000000,0,-1.000000000,0,,0,-1.000000000,,0,-1.000000000,0,,1,0.093651772,5.365851253,-0.007326126,-0.021978378,1,3.294514894,188.761798997,-0.002442360,-2.755556107,1,-2.898260117,-166.058072611,-0.007326126,2.509401321,1,-0.163462639,-9.365719314,-0.007326126,0.412698746,1,0.018598557,1.065618794,-0.036628723,-0.003663063,0.093651772,5.365851253,0.000000000,-0.000000000,8.000000000,2.500000000,3.334188700,191.034940594,0.000000000,-2.814165831,2.000000000,0.500000000,-2.913138390,-166.910534861,0.000000000,2.549723148,1.000000000,0.500000000,-0.167277336,-9.584285368,0.000000000,0.418431431,0.500000000,0.200000003,0.018598557,1.065618794,0.000000000,-0.000029202,0.000000000,0.100000001
2026-07-06 22:25:07.569,1783347907.569012880,35.015290595,1,1,34.997861005,1,0.008114575,5,1,0.004502111,5,1,0,1,0,0,1,1,1,0,1,0,-1.000000000,0.000000000,0.000000000,0.000000000,0,-1.000000000,0,0,0,,0,-1.000000000,,0,0,0.000000000,0.000000000,0,-1.000000000,0,,0,-1.000000000,,0,-1.000000000,0,,1,0.093651772,5.365851253,0.007326126,-0.026862144,1,3.294514894,188.761798997,-0.002442360,-2.755556107,1,-2.898260117,-166.058072611,0.002442360,2.523077011,1,-0.163462639,-9.365719314,-0.021978378,0.412698746,1,0.018598557,1.065618794,-0.012210846,-0.003663063,0.093651772,5.365851253,0.000000000,-0.000000000,8.000000000,2.500000000,3.334188700,191.034940594,0.000000000,-2.814165831,2.000000000,0.500000000,-2.913138390,-166.910534861,0.000000000,2.549723148,1.000000000,0.500000000,-0.167277336,-9.584285368,0.000000000,0.418431431,0.500000000,0.200000003,0.018598557,1.065618794,0.000000000,-0.000029202,0.000000000,0.100000001
2026-07-06 22:25:08.569,1783347908.568963766,36.015241506,1,1,35.997811916,1,0.008024229,5,1,0.004504556,5,1,0,1,0,0,1,1,1,0,1,0,-1.000000000,0.000000000,0.000000000,0.000000000,0,-1.000000000,0,0,0,,0,-1.000000000,,0,0,0.000000000,0.000000000,0,-1.000000000,0,,0,-1.000000000,,0,-1.000000000,0,,1,0.093651772,5.365851253,-0.007326126,-0.021978378,1,3.294514894,188.761798997,-0.002442360,-2.755556107,1,-2.898260117,-166.058072611,0.002442360,2.509401321,1,-0.163462639,-9.365719314,-0.007326126,0.412698746,1,0.018598557,1.065618794,-0.036628723,-0.003663063,0.093651772,5.365851253,0.000000000,-0.000000000,8.000000000,2.500000000,3.334188700,191.034940594,0.000000000,-2.814165831,2.000000000,0.500000000,-2.913138390,-166.910534861,0.000000000,2.549723148,1.000000000,0.500000000,-0.167277336,-9.584285368,0.000000000,0.418431431,0.500000000,0.200000003,0.018598557,1.065618794,0.000000000,-0.000029202,0.000000000,0.100000001
2026-07-06 22:25:09.569,1783347909.568965673,37.015243423,1,1,36.997813833,1,0.008094400,5,1,0.004417906,5,1,0,1,0,0,1,1,1,0,1,0,-1.000000000,0.000000000,0.000000000,0.000000000,0,-1.000000000,0,0,0,,0,-1.000000000,,0,0,0.000000000,0.000000000,0,-1.000000000,0,,0,-1.000000000,,0,-1.000000000,0,,1,0.093651772,5.365851253,-0.007326126,-0.026862144,1,3.294514894,188.761798997,-0.007326126,-2.755556107,1,-2.898260117,-166.058072611,-0.007326126,2.523077011,1,-0.163462639,-9.365719314,-0.007326126,0.412698746,1,0.018598557,1.065618794,0.012210846,-0.003663063,0.093651772,5.365851253,0.000000000,-0.000000000,8.000000000,2.500000000,3.334188700,191.034940594,0.000000000,-2.814165831,2.000000000,0.500000000,-2.913138390,-166.910534861,0.000000000,2.549723148,1.000000000,0.500000000,-0.167277336,-9.584285368,0.000000000,0.418431431,0.500000000,0.200000003,0.018598557,1.065618794,0.000000000,-0.000029202,0.000000000,0.100000001
2026-07-06 22:25:10.569,1783347910.569033384,38.015311265,1,1,37.997881675,1,0.008211176,5,1,0.004429752,5,1,0,1,0,0,1,1,1,0,1,0,-1.000000000,0.000000000,0.000000000,0.000000000,0,-1.000000000,0,0,0,,0,-1.000000000,,0,0,0.000000000,0.000000000,0,-1.000000000,0,,0,-1.000000000,,0,-1.000000000,0,,1,0.093651772,5.365851253,0.007326126,-0.021978378,1,3.294514894,188.761798997,-0.002442360,-2.755556107,1,-2.898260117,-166.058072611,0.002442360,2.509401321,1,-0.163462639,-9.365719314,-0.021978378,0.412698746,1,0.018215179,1.043652905,-0.036628723,-0.003663063,0.093651772,5.365851253,0.000000000,-0.000000000,8.000000000,2.500000000,3.334188700,191.034940594,0.000000000,-2.814165831,2.000000000,0.500000000,-2.913138390,-166.910534861,0.000000000,2.549723148,1.000000000,0.500000000,-0.167277336,-9.584285368,0.000000000,0.418431431,0.500000000,0.200000003,0.018598557,1.065618794,0.000000000,-0.000029202,0.000000000,0.100000001
2026-07-06 22:25:11.569,1783347911.569027901,39.015305467,1,1,38.997875877,1,0.007809466,5,1,0.004400630,5,1,0,1,0,0,1,1,1,0,1,0,-1.000000000,0.000000000,0.000000000,0.000000000,0,-1.000000000,0,0,0,,0,-1.000000000,,0,0,0.000000000,0.000000000,0,-1.000000000,0,,0,-1.000000000,,0,-1.000000000,0,,1,0.093651772,5.365851253,-0.007326126,-0.021978378,1,3.294514894,188.761798997,-0.002442360,-2.755556107,1,-2.898260117,-166.058072611,-0.002442360,2.509401321,1,-0.163462639,-9.365719314,-0.007326126,0.412698746,1,0.018598557,1.065618794,-0.012210846,-0.003663063,0.093651772,5.365851253,0.000000000,-0.000000000,8.000000000,2.500000000,3.334188700,191.034940594,0.000000000,-2.814165831,2.000000000,0.500000000,-2.913138390,-166.910534861,0.000000000,2.549723148,1.000000000,0.500000000,-0.167277336,-9.584285368,0.000000000,0.418431431,0.500000000,0.200000003,0.018598557,1.065618794,0.000000000,-0.000029202,0.000000000,0.100000001
2026-07-06 22:25:12.569,1783347912.569055080,40.015332820,1,1,39.997903230,1,0.007762550,5,1,0.004393457,5,1,0,1,0,0,1,1,1,0,1,0,-1.000000000,0.000000000,0.000000000,0.000000000,0,-1.000000000,0,0,0,,0,-1.000000000,,0,0,0.000000000,0.000000000,0,-1.000000000,0,,0,-1.000000000,,0,-1.000000000,0,,1,0.093651772,5.365851253,-0.036630630,-0.021978378,1,3.294514894,188.761798997,-0.002442360,-2.755556107,1,-2.898260117,-166.058072611,-0.002442360,2.509401321,1,-0.163462639,-9.365719314,-0.007326126,0.412698746,1,0.018215179,1.043652905,-0.012210846,-0.003663063,0.093651772,5.365851253,0.000000000,-0.000000000,8.000000000,2.500000000,3.334188700,191.034940594,0.000000000,-2.814165831,2.000000000,0.500000000,-2.913138390,-166.910534861,0.000000000,2.549723148,1.000000000,0.500000000,-0.167277336,-9.584285368,0.000000000,0.418431431,0.500000000,0.200000003,0.018598557,1.065618794,0.000000000,-0.000029202,0.000000000,0.100000001
2026-07-06 22:25:13.569,1783347913.569108009,41.015385654,1,1,40.997956064,1,0.008053503,5,1,0.004327372,5,1,0,1,0,0,1,1,1,0,1,0,-1.000000000,0.000000000,0.000000000,0.000000000,0,-1.000000000,0,0,0,,0,-1.000000000,,0,0,0.000000000,0.000000000,0,-1.000000000,0,,0,-1.000000000,,0,-1.000000000,0,,1,0.093651772,5.365851253,-0.007326126,-0.026862144,1,3.294514894,188.761798997,-0.002442360,-2.755556107,1,-2.898260117,-166.058072611,-0.002442360,2.509401321,1,-0.163462639,-9.365719314,-0.007326126,0.412698746,1,0.018215179,1.043652905,-0.036628723,-0.003663063,0.093651772,5.365851253,0.000000000,-0.000000000,8.000000000,2.500000000,3.334188700,191.034940594,0.000000000,-2.814165831,2.000000000,0.500000000,-2.913138390,-166.910534861,0.000000000,2.549723148,1.000000000,0.500000000,-0.167277336,-9.584285368,0.000000000,0.418431431,0.500000000,0.200000003,0.018598557,1.065618794,0.000000000,-0.000029202,0.000000000,0.100000001
2026-07-06 22:25:14.569,1783347914.569111824,42.015389477,1,1,41.997959887,1,0.007701970,5,1,0.004329607,5,1,0,1,0,0,1,1,1,0,1,0,-1.000000000,0.000000000,0.000000000,0.000000000,0,-1.000000000,0,0,0,,0,-1.000000000,,0,0,0.000000000,0.000000000,0,-1.000000000,0,,0,-1.000000000,,0,-1.000000000,0,,1,0.093651772,5.365851253,0.007326126,-0.026862144,1,3.294514894,188.761798997,-0.002442360,-2.755556107,1,-2.898260117,-166.058072611,-0.007326126,2.509401321,1,-0.163462639,-9.365719314,-0.007326126,0.412698746,1,0.018598557,1.065618794,0.012210846,-0.003663063,0.093651772,5.365851253,0.000000000,-0.000000000,8.000000000,2.500000000,3.334188700,191.034940594,0.000000000,-2.814165831,2.000000000,0.500000000,-2.913138390,-166.910534861,0.000000000,2.549723148,1.000000000,0.500000000,-0.167277336,-9.584285368,0.000000000,0.418431431,0.500000000,0.200000003,0.018598557,1.065618794,0.000000000,-0.000029202,0.000000000,0.100000001
2026-07-06 22:25:15.569,1783347915.569171906,43.015449574,1,1,42.998019984,1,0.007755476,5,1,0.004370101,5,1,0,1,0,0,1,1,1,0,1,0,-1.000000000,0.000000000,0.000000000,0.000000000,0,-1.000000000,0,0,0,,0,-1.000000000,,0,0,0.000000000,0.000000000,0,-1.000000000,0,,0,-1.000000000,,0,-1.000000000,0,,1,0.076485634,4.382304013,-0.080585480,0.256410599,1,3.294514894,188.761798997,-0.002442360,-2.755556107,1,-2.898260117,-166.058072611,-0.002442360,2.523077011,1,-0.163462639,-9.365719314,-0.021978378,0.412698746,1,0.018598557,1.065618794,-0.012210846,-0.003663063,0.093651772,5.365851253,0.000000000,-0.000000000,8.000000000,2.500000000,3.334188700,191.034940594,0.000000000,-2.814165831,2.000000000,0.500000000,-2.913138390,-166.910534861,0.000000000,2.549723148,1.000000000,0.500000000,-0.167277336,-9.584285368,0.000000000,0.418431431,0.500000000,0.200000003,0.018598557,1.065618794,0.000000000,-0.000029202,0.000000000,0.100000001
2026-07-06 22:25:16.569,1783347916.569192886,44.015470655,1,1,43.998041065,1,0.007841982,5,1,0.004375160,5,1,0,1,0,0,1,1,1,0,1,0,-1.000000000,0.000000000,0.000000000,0.000000000,0,-1.000000000,0,0,0,,0,-1.000000000,,0,0,0.000000000,0.000000000,0,-1.000000000,0,,0,-1.000000000,,0,-1.000000000,0,,1,0.082589149,4.732009698,-0.021978378,0.075701714,1,3.268193483,187.253693228,-0.393162727,-2.523077011,1,-2.898260117,-166.058072611,-0.002442360,2.509401321,1,-0.163462639,-9.365719314,-0.007326126,0.412698746,1,0.018598557,1.065618794,-0.036628723,-0.006104946,0.093651772,5.365851253,0.000000000,-0.000000000,8.000000000,2.500000000,3.334188700,191.034940594,0.000000000,-2.814165831,2.000000000,0.500000000,-2.913138390,-166.910534861,0.000000000,2.549723148,1.000000000,0.500000000,-0.167277336,-9.584285368,0.000000000,0.418431431,0.500000000,0.200000003,0.018598557,1.065618794,0.000000000,-0.000029202,0.000000000,0.100000001
2026-07-06 22:25:17.569,1783347917.569279671,45.015557573,1,1,44.998127983,1,0.007987886,5,1,0.004357410,5,1,0,1,0,0,1,1,1,0,1,0,-1.000000000,0.000000000,0.000000000,0.000000000,0,-1.000000000,0,0,0,,0,-1.000000000,,0,0,0.000000000,0.000000000,0,-1.000000000,0,,0,-1.000000000,,0,-1.000000000,0,,1,0.067330360,3.857745485,0.021978378,0.070817947,1,3.218982935,184.434136497,-0.002442360,-2.591453552,1,-2.898260117,-166.058072611,0.002442360,2.523077011,1,-0.163844109,-9.387575920,-0.021978378,0.412698746,1,0.018598557,1.065618794,-0.036628723,-0.003663063,0.093651772,5.365851253,0.000000000,-0.000000000,8.000000000,2.500000000,3.334188700,191.034940594,0.000000000,-2.814165831,2.000000000,0.500000000,-2.913138390,-166.910534861,0.000000000,2.549723148,1.000000000,0.500000000,-0.167277336,-9.584285368,0.000000000,0.418431431,0.500000000,0.200000003,0.018598557,1.065618794,0.000000000,-0.000029202,0.000000000,0.100000001
2026-07-06 22:25:18.569,1783347918.569230080,46.015507703,1,1,45.998078113,1,0.007787652,5,1,0.004291250,5,1,0,1,0,0,1,1,1,0,1,0,-1.000000000,0.000000000,0.000000000,0.000000000,0,-1.000000000,0,0,0,,0,-1.000000000,,0,0,0.000000000,0.000000000,0,-1.000000000,0,,0,-1.000000000,,0,-1.000000000,0,,1,0.082207680,4.710153093,0.007326126,0.061050415,1,3.218982935,184.434136497,-0.002442360,-2.618803024,1,-2.898260117,-166.058072611,-0.002442360,2.509401321,1,-0.163844109,-9.387575920,-0.021978378,0.412698746,1,0.018598557,1.065618794,-0.012210846,-0.003663063,0.093651772,5.365851253,0.000000000,-0.000000000,8.000000000,2.500000000,3.334188700,191.034940594,0.000000000,-2.814165831,2.000000000,0.500000000,-2.913138390,-166.910534861,0.000000000,2.549723148,1.000000000,0.500000000,-0.167277336,-9.584285368,0.000000000,0.418431431,0.500000000,0.200000003,0.018598557,1.065618794,0.000000000,-0.000029202,0.000000000,0.100000001
2026-07-06 22:25:19.569,1783347919.569295645,47.015573396,1,1,46.998143806,1,0.008113952,5,1,0.004391293,5,1,0,1,0,0,1,1,1,0,1,0,-1.000000000,0.000000000,0.000000000,0.000000000,0,-1.000000000,0,0,0,,0,-1.000000000,,0,0,0.000000000,0.000000000,0,-1.000000000,0,,0,-1.000000000,,0,-1.000000000,0,,1,0.079537392,4.557156856,-0.007326126,0.085470200,1,3.218982935,184.434136497,-0.002442360,-2.605127335,1,-2.898260117,-166.058072611,-0.002442360,2.509401321,1,-0.163844109,-9.387575920,-0.007326126,0.412698746,1,0.018598557,1.065618794,-0.012210846,-0.003663063,0.093651772,5.365851253,0.000000000,-0.000000000,8.000000000,2.500000000,3.334188700,191.034940594,0.000000000,-2.814165831,2.000000000,0.500000000,-2.913138390,-166.910534861,0.000000000,2.549723148,1.000000000,0.500000000,-0.167277336,-9.584285368,0.000000000,0.418431431,0.500000000,0.200000003,0.018598557,1.065618794,0.000000000,-0.000029202,0.000000000,0.100000001
2026-07-06 22:25:20.569,1783347920.569225550,48.015503202,1,1,47.998073612,1,0.007539102,5,1,0.004443350,5,1,0,1,0,0,1,1,1,0,1,0,-1.000000000,0.000000000,0.000000000,0.000000000,0,-1.000000000,0,0,0,,0,-1.000000000,,0,0,0.000000000,0.000000000,0,-1.000000000,0,,0,-1.000000000,,0,-1.000000000,0,,1,0.076104164,4.360447408,-0.168498993,0.373626709,1,3.219364405,184.455993103,-0.002442360,-2.605127335,1,-2.898260117,-166.058072611,-0.007326126,2.509401321,1,-0.163844109,-9.387575920,-0.007326126,0.412698746,1,0.018215179,1.043652905,-0.036628723,-0.003663063,0.093651772,5.365851253,0.000000000,-0.000000000,8.000000000,2.500000000,3.334188700,191.034940594,0.000000000,-2.814165831,2.000000000,0.500000000,-2.913138390,-166.910534861,0.000000000,2.549723148,1.000000000,0.500000000,-0.167277336,-9.584285368,0.000000000,0.418431431,0.500000000,0.200000003,0.018598557,1.065618794,0.000000000,-0.000029202,0.000000000,0.100000001
2026-07-06 22:25:21.569,1783347921.569363117,49.015640864,1,1,48.998211274,1,0.008012949,5,1,0.004445352,5,1,0,1,0,0,1,1,1,0,1,0,-1.000000000,0.000000000,0.000000000,0.000000000,0,-1.000000000,0,0,0,,0,-1.000000000,,0,0,0.000000000,0.000000000,0,-1.000000000,0,,0,-1.000000000,,0,-1.000000000,0,,1,0.031853676,1.825081188,0.183149338,0.105006218,1,3.218982935,184.434136497,-0.007326126,-2.605127335,1,-2.898260117,-166.058072611,-0.002442360,2.509401321,1,-0.163844109,-9.387575920,-0.007326126,0.412698746,1,0.018215179,1.043652905,-0.012210846,-0.003663063,0.093651772,5.365851253,0.000000000,-0.000000000,8.000000000,2.500000000,3.334188700,191.034940594,0.000000000,-2.814165831,2.000000000,0.500000000,-2.913138390,-166.910534861,0.000000000,2.549723148,1.000000000,0.500000000,-0.167277336,-9.584285368,0.000000000,0.418431431,0.500000000,0.200000003,0.018598557,1.065618794,0.000000000,-0.000029202,0.000000000,0.100000001
2026-07-06 22:25:22.569,1783347922.569261789,50.015539642,1,1,49.998110052,1,0.007818066,5,1,0.004369024,5,1,0,1,0,0,1,1,1,0,1,0,-1.000000000,0.000000000,0.000000000,0.000000000,0,-1.000000000,0,0,0,,0,-1.000000000,,0,0,0.000000000,0.000000000,0,-1.000000000,0,,0,-1.000000000,,0,-1.000000000,0,,1,0.055123329,3.158334114,-0.139194489,0.847374916,1,3.218982935,184.434136497,-0.002442360,-2.605127335,1,-2.898260117,-166.058072611,0.002442360,2.509401321,1,-0.163844109,-9.387575920,0.007326126,0.412698746,1,0.018598557,1.065618794,-0.036628723,-0.003663063,0.093651772,5.365851253,0.000000000,-0.000000000,8.000000000,2.500000000,3.334188700,191.034940594,0.000000000,-2.814165831,2.000000000,0.500000000,-2.913138390,-166.910534861,0.000000000,2.549723148,1.000000000,0.500000000,-0.167277336,-9.584285368,0.000000000,0.418431431,0.500000000,0.200000003,0.018598557,1.065618794,0.000000000,-0.000029202,0.000000000,0.100000001
2026-07-06 22:25:23.569,1783347923.569306612,51.015584319,1,1,50.998154729,1,0.008266757,5,1,0.004544489,5,1,0,1,0,0,1,1,1,0,1,0,-1.000000000,0.000000000,0.000000000,0.000000000,0,-1.000000000,0,0,0,,0,-1.000000000,,0,0,0.000000000,0.000000000,0,-1.000000000,0,,0,-1.000000000,,0,-1.000000000,0,,1,0.061989784,3.551753010,0.109889984,-0.002442360,1,3.218982935,184.434136497,-0.002442360,-2.605127335,1,-2.898260117,-166.058072611,0.002442360,2.509401321,1,-0.163844109,-9.387575920,-0.007326126,0.412698746,1,0.018598557,1.065618794,0.012210846,-0.003663063,0.093651772,5.365851253,0.000000000,-0.000000000,8.000000000,2.500000000,3.334188700,191.034940594,0.000000000,-2.814165831,2.000000000,0.500000000,-2.913138390,-166.910534861,0.000000000,2.549723148,1.000000000,0.500000000,-0.167277336,-9.584285368,0.000000000,0.418431431,0.500000000,0.200000003,0.018598557,1.065618794,0.000000000,-0.000029202,0.000000000,0.100000001
2026-07-06 22:25:24.569,1783347924.569309235,52.015586853,1,1,51.998157263,1,0.007780648,5,1,0.004505983,5,1,0,1,0,0,1,1,1,0,1,0,-1.000000000,0.000000000,0.000000000,0.000000000,0,-1.000000000,0,0,0,,0,-1.000000000,,0,0,0.000000000,0.000000000,0,-1.000000000,0,,0,-1.000000000,,0,-1.000000000,0,,1,0.066948891,3.835888879,-0.007326126,0.188034058,1,3.218982935,184.434136497,-0.002442360,-2.605127335,1,-2.898260117,-166.058072611,-0.002442360,2.509401321,1,-0.163844109,-9.387575920,-0.007326126,0.412698746,1,0.018598557,1.065618794,0.012210846,-0.003663063,0.093651772,5.365851253,0.000000000,-0.000000000,8.000000000,2.500000000,3.334188700,191.034940594,0.000000000,-2.814165831,2.000000000,0.500000000,-2.913138390,-166.910534861,0.000000000,2.549723148,1.000000000,0.500000000,-0.167277336,-9.584285368,0.000000000,0.418431431,0.500000000,0.200000003,0.018598557,1.065618794,0.000000000,-0.000029202,0.000000000,0.100000001
2026-07-06 22:25:25.569,1783347925.569373846,53.015651787,1,1,52.998222197,1,0.007953545,5,1,0.004360183,5,1,0,1,0,0,1,1,1,0,1,0,-1.000000000,0.000000000,0.000000000,0.000000000,0,-1.000000000,0,0,0,,0,-1.000000000,,0,0,0.000000000,0.000000000,0,-1.000000000,0,,0,-1.000000000,,0,-1.000000000,0,,1,-0.029945374,-1.715743520,0.021978378,0.896214485,1,3.229664087,185.046121447,-0.002442360,-2.618803024,1,-2.898260117,-166.058072611,-0.002442360,2.523077011,1,-0.163844109,-9.387575920,-0.007326126,0.412698746,1,0.018215179,1.043652905,-0.012210846,-0.003663063,0.093651772,5.365851253,0.000000000,-0.000000000,8.000000000,2.500000000,3.334188700,191.034940594,0.000000000,-2.814165831,2.000000000,0.500000000,-2.913138390,-166.910534861,0.000000000,2.549723148,1.000000000,0.500000000,-0.167277336,-9.584285368,0.000000000,0.418431431,0.500000000,0.200000003,0.018598557,1.065618794,0.000000000,-0.000029202,0.000000000,0.100000001
2026-07-06 22:25:26.569,1783347926.569362164,54.015639966,1,1,53.998210376,1,0.007586975,5,1,0.004488622,5,1,0,1,0,0,1,1,1,0,1,0,-1.000000000,0.000000000,0.000000000,0.000000000,0,-1.000000000,0,0,0,,0,-1.000000000,,0,0,0.000000000,0.000000000,0,-1.000000000,0,,0,-1.000000000,,0,-1.000000000,0,,1,0.079537392,4.557156856,-0.021978378,0.075701714,1,3.229664087,185.046121447,-0.002442360,-2.618803024,1,-2.898260117,-166.058072611,-0.007326126,2.509401321,1,-0.163844109,-9.387575920,-0.021978378,0.412698746,1,0.018215179,1.043652905,0.012210846,-0.003663063,0.093651772,5.365851253,0.000000000,-0.000000000,8.000000000,2.500000000,3.334188700,191.034940594,0.000000000,-2.814165831,2.000000000,0.500000000,-2.913138390,-166.910534861,0.000000000,2.549723148,1.000000000,0.500000000,-0.167277336,-9.584285368,0.000000000,0.418431431,0.500000000,0.200000003,0.018598557,1.065618794,0.000000000,-0.000029202,0.000000000,0.100000001
2026-07-06 22:25:27.569,1783347927.569393158,55.015670950,1,1,54.998241360,1,0.007802600,5,1,0.004455211,5,1,0,1,0,0,1,1,1,0,1,0,-1.000000000,0.000000000,0.000000000,0.000000000,0,-1.000000000,0,0,0,,0,-1.000000000,,0,0,0.000000000,0.000000000,0,-1.000000000,0,,0,-1.000000000,,0,-1.000000000,0,,1,0.082207680,4.710153093,0.007326126,0.056165695,1,3.105303049,177.920758822,0.217338562,-2.523077011,1,-2.898260117,-166.058072611,0.007326126,2.509401321,1,-0.163844109,-9.387575920,-0.007326126,0.412698746,1,0.018598557,1.065618794,-0.061050415,-0.003663063,0.093651772,5.365851253,0.000000000,-0.000000000,8.000000000,2.500000000,3.334188700,191.034940594,0.000000000,-2.814165831,2.000000000,0.500000000,-2.913138390,-166.910534861,0.000000000,2.549723148,1.000000000,0.500000000,-0.167277336,-9.584285368,0.000000000,0.418431431,0.500000000,0.200000003,0.018598557,1.065618794,0.000000000,-0.000029202,0.000000000,0.100000001
2026-07-06 22:25:28.569,1783347928.569449186,56.015727058,1,1,55.998297468,1,0.008028265,5,1,0.004297605,5,1,0,1,0,0,1,1,1,0,1,0,-1.000000000,0.000000000,0.000000000,0.000000000,0,-1.000000000,0,0,0,,0,-1.000000000,,0,0,0.000000000,0.000000000,0,-1.000000000,0,,0,-1.000000000,,0,-1.000000000,0,,1,0.086403847,4.950575752,-0.007326126,0.031745911,1,3.183886766,182.423274164,-0.002442360,-2.536752701,1,-2.898260117,-166.058072611,-0.002442360,2.509401321,1,-0.163844109,-9.387575920,-0.007326126,0.412698746,1,0.018598557,1.065618794,-0.012210846,-0.003663063,0.093651772,5.365851253,0.000000000,-0.000000000,8.000000000,2.500000000,3.334188700,191.034940594,0.000000000,-2.814165831,2.000000000,0.500000000,-2.913138390,-166.910534861,0.000000000,2.549723148,1.000000000,0.500000000,-0.167277336,-9.584285368,0.000000000,0.418431431,0.500000000,0.200000003,0.018598557,1.065618794,0.000000000,-0.000029202,0.000000000,0.100000001
2026-07-06 22:25:29.569,1783347929.569435358,57.015713201,1,1,56.998283611,1,0.008050777,5,1,0.004498465,5,1,0,1,0,0,1,1,1,0,1,0,-1.000000000,0.000000000,0.000000000,0.000000000,0,-1.000000000,0,0,0,,0,-1.000000000,,0,0,0.000000000,0.000000000,0,-1.000000000,0,,0,-1.000000000,,0,-1.000000000,0,,1,0.090600014,5.190998411,-0.007326126,0.007326126,1,3.183886766,182.423274164,-0.002442360,-2.536752701,1,-2.898260117,-166.058072611,-0.002442360,2.509401321,1,-0.163844109,-9.387575920,-0.007326126,0.412698746,1,0.018215179,1.043652905,-0.036628723,-0.003663063,0.093651772,5.365851253,0.000000000,-0.000000000,8.000000000,2.500000000,3.334188700,191.034940594,0.000000000,-2.814165831,2.000000000,0.500000000,-2.913138390,-166.910534861,0.000000000,2.549723148,1.000000000,0.500000000,-0.167277336,-9.584285368,0.000000000,0.418431431,0.500000000,0.200000003,0.018598557,1.065618794,0.000000000,-0.000029202,0.000000000,0.100000001
2026-07-06 22:25:30.569,1783347930.569417477,58.015695196,1,1,57.998265606,1,0.007723835,5,1,0.004331235,5,1,0,1,0,0,1,1,1,0,1,0,-1.000000000,0.000000000,0.000000000,0.000000000,0,-1.000000000,0,0,0,,0,-1.000000000,,0,0,0.000000000,0.000000000,0,-1.000000000,0,,0,-1.000000000,,0,-1.000000000,0,,1,0.090600014,5.190998411,-0.007326126,0.002442360,1,3.183886766,182.423274164,-0.002442360,-2.536752701,1,-2.898260117,-166.058072611,-0.002442360,2.509401321,1,-0.163844109,-9.387575920,0.007326126,0.407814026,1,0.018598557,1.065618794,0.012210846,-0.003663063,0.093651772,5.365851253,0.000000000,-0.000000000,8.000000000,2.500000000,3.334188700,191.034940594,0.000000000,-2.814165831,2.000000000,0.500000000,-2.913138390,-166.910534861,0.000000000,2.549723148,1.000000000,0.500000000,-0.167277336,-9.584285368,0.000000000,0.418431431,0.500000000,0.200000003,0.018598557,1.065618794,0.000000000,-0.000029202,0.000000000,0.100000001
2026-07-06 22:25:31.569,1783347931.569483519,59.015761246,1,1,58.998331656,1,0.007781247,5,1,0.004296288,5,1,0,1,0,0,1,1,1,0,1,0,-1.000000000,0.000000000,0.000000000,0.000000000,0,-1.000000000,0,0,0,,0,-1.000000000,,0,0,0.000000000,0.000000000,0,-1.000000000,0,,0,-1.000000000,,0,-1.000000000,0,,1,0.090600014,5.190998411,-0.036630630,0.012209892,1,3.183886766,182.423274164,-0.002442360,-2.536752701,1,-2.898260117,-166.058072611,-0.002442360,2.523077011,1,-0.163844109,-9.387575920,-0.007326126,0.412698746,1,0.018598557,1.065618794,-0.012210846,-0.003663063,0.093651772,5.365851253,0.000000000,-0.000000000,8.000000000,2.500000000,3.334188700,191.034940594,0.000000000,-2.814165831,2.000000000,0.500000000,-2.913138390,-166.910534861,0.000000000,2.549723148,1.000000000,0.500000000,-0.167277336,-9.584285368,0.000000000,0.418431431,0.500000000,0.200000003,0.018598557,1.065618794,0.000000000,-0.000029202,0.000000000,0.100000001
2026-07-06 22:25:32.569,1783347932.569504976,60.015782753,1,1,59.998353163,1,0.008224894,5,1,0.004522829,5,1,0,1,0,0,1,1,1,0,1,0,-1.000000000,0.000000000,0.000000000,0.000000000,0,-1.000000000,0,0,0,,0,-1.000000000,,0,0,0.000000000,0.000000000,0,-1.000000000,0,,0,-1.000000000,,0,-1.000000000,0,,1,0.093651772,5.365851253,-0.007326126,-0.021978378,1,3.183886766,182.423274164,-0.007326126,-2.536752701,1,-2.898260117,-166.058072611,-0.002442360,2.509401321,1,-0.163844109,-9.387575920,-0.007326126,0.412698746,1,0.018215179,1.043652905,-0.036628723,-0.003663063,0.093651772,5.365851253,0.000000000,-0.000000000,8.000000000,2.500000000,3.334188700,191.034940594,0.000000000,-2.814165831,2.000000000,0.500000000,-2.913138390,-166.910534861,0.000000000,2.549723148,1.000000000,0.500000000,-0.167277336,-9.584285368,0.000000000,0.418431431,0.500000000,0.200000003,0.018598557,1.065618794,0.000000000,-0.000029202,0.000000000,0.100000001
2026-07-06 22:25:33.569,1783347933.569510460,61.015788021,1,1,60.998358431,1,0.007986555,5,1,0.004537882,5,1,0,1,0,0,1,1,1,0,1,0,-1.000000000,0.000000000,0.000000000,0.000000000,0,-1.000000000,0,0,0,,0,-1.000000000,,0,0,0.000000000,0.000000000,0,-1.000000000,0,,0,-1.000000000,,0,-1.000000000,0,,1,0.094034195,5.387762500,-0.007326126,-0.026862144,1,3.183886766,182.423274164,-0.007326126,-2.536752701,1,-2.898260117,-166.058072611,-0.002442360,2.523077011,1,-0.163844109,-9.387575920,0.007326126,0.412698746,1,0.018598557,1.065618794,-0.012210846,-0.003663063,0.093651772,5.365851253,0.000000000,-0.000000000,8.000000000,2.500000000,3.334188700,191.034940594,0.000000000,-2.814165831,2.000000000,0.500000000,-2.913138390,-166.910534861,0.000000000,2.549723148,1.000000000,0.500000000,-0.167277336,-9.584285368,0.000000000,0.418431431,0.500000000,0.200000003,0.018598557,1.065618794,0.000000000,-0.000029202,0.000000000,0.100000001
2026-07-06 22:25:34.569,1783347934.569540501,62.015818350,1,1,61.998388760,1,0.008012058,5,1,0.004483031,5,1,0,1,0,0,1,1,1,0,1,0,-1.000000000,0.000000000,0.000000000,0.000000000,0,-1.000000000,0,0,0,,0,-1.000000000,,0,0,0.000000000,0.000000000,0,-1.000000000,0,,0,-1.000000000,,0,-1.000000000,0,,1,0.094415665,5.409619106,0.007326126,-0.031745911,1,3.183886766,182.423274164,-0.002442360,-2.550426483,1,-2.898260117,-166.058072611,0.002442360,2.509401321,1,-0.163844109,-9.387575920,-0.007326126,0.412698746,1,0.018598557,1.065618794,-0.012210846,-0.003663063,0.093651772,5.365851253,0.000000000,-0.000000000,8.000000000,2.500000000,3.334188700,191.034940594,0.000000000,-2.814165831,2.000000000,0.500000000,-2.913138390,-166.910534861,0.000000000,2.549723148,1.000000000,0.500000000,-0.167277336,-9.584285368,0.000000000,0.418431431,0.500000000,0.200000003,0.018598557,1.065618794,0.000000000,-0.000029202,0.000000000,0.100000001
2026-07-06 22:25:35.569,1783347935.569539785,63.015817513,1,1,62.998387923,1,0.007959323,5,1,0.004431862,5,1,0,1,0,0,1,1,1,0,1,0,-1.000000000,0.000000000,0.000000000,0.000000000,0,-1.000000000,0,0,0,,0,-1.000000000,,0,0,0.000000000,0.000000000,0,-1.000000000,0,,0,-1.000000000,,0,-1.000000000,0,,1,0.094034195,5.387762500,-0.007326126,-0.026862144,1,3.183886766,182.423274164,-0.002442360,-2.536752701,1,-2.898260117,-166.058072611,-0.002442360,2.509401321,1,-0.163844109,-9.387575920,-0.007326126,0.412698746,1,0.018215179,1.043652905,-0.036628723,-0.003663063,0.093651772,5.365851253,0.000000000,-0.000000000,8.000000000,2.500000000,3.334188700,191.034940594,0.000000000,-2.814165831,2.000000000,0.500000000,-2.913138390,-166.910534861,0.000000000,2.549723148,1.000000000,0.500000000,-0.167277336,-9.584285368,0.000000000,0.418431431,0.500000000,0.200000003,0.018598557,1.065618794,0.000000000,-0.000029202,0.000000000,0.100000001
2026-07-06 22:25:36.569,1783347936.569639921,64.015917708,1,1,63.998488118,1,0.007602126,5,1,0.004591476,5,1,0,1,0,0,1,1,1,0,1,0,-1.000000000,0.000000000,0.000000000,0.000000000,0,-1.000000000,0,0,0,,0,-1.000000000,,0,0,0.000000000,0.000000000,0,-1.000000000,0,,0,-1.000000000,,0,-1.000000000,0,,1,0.094415665,5.409619106,-0.007326126,-0.026862144,1,3.183886766,182.423274164,-0.007326126,-2.536752701,1,-2.898260117,-166.058072611,-0.002442360,2.509401321,1,-0.163844109,-9.387575920,-0.007326126,0.412698746,1,0.018598557,1.065618794,0.012210846,-0.003663063,0.093651772,5.365851253,0.000000000,-0.000000000,8.000000000,2.500000000,3.334188700,191.034940594,0.000000000,-2.814165831,2.000000000,0.500000000,-2.913138390,-166.910534861,0.000000000,2.549723148,1.000000000,0.500000000,-0.167277336,-9.584285368,0.000000000,0.418431431,0.500000000,0.200000003,0.018598557,1.065618794,0.000000000,-0.000029202,0.000000000,0.100000001
2026-07-06 22:25:37.569,1783347937.569669724,65.015947321,1,1,64.998517731,1,0.008125733,5,1,0.004608310,5,1,0,1,0,0,1,1,1,0,1,0,-1.000000000,0.000000000,0.000000000,0.000000000,0,-1.000000000,0,0,0,,0,-1.000000000,,0,0,0.000000000,0.000000000,0,-1.000000000,0,,0,-1.000000000,,0,-1.000000000,0,,1,0.093651772,5.365851253,-0.021978378,-0.026862144,1,3.183886766,182.423274164,-0.002442360,-2.536752701,1,-2.898260117,-166.058072611,-0.002442360,2.509401321,1,-0.163844109,-9.387575920,-0.007326126,0.412698746,1,0.018215179,1.043652905,-0.036628723,-0.003663063,0.093651772,5.365851253,0.000000000,-0.000000000,8.000000000,2.500000000,3.334188700,191.034940594,0.000000000,-2.814165831,2.000000000,0.500000000,-2.913138390,-166.910534861,0.000000000,2.549723148,1.000000000,0.500000000,-0.167277336,-9.584285368,0.000000000,0.418431431,0.500000000,0.200000003,0.018598557,1.065618794,0.000000000,-0.000029202,0.000000000,0.100000001
2026-07-06 22:25:38.569,1783347938.569594145,66.015871715,1,1,65.998442125,1,0.007768591,5,1,0.004306254,5,1,0,1,0,0,1,1,1,0,1,0,-1.000000000,0.000000000,0.000000000,0.000000000,0,-1.000000000,0,0,0,,0,-1.000000000,,0,0,0.000000000,0.000000000,0,-1.000000000,0,,0,-1.000000000,,0,-1.000000000,0,,1,0.100900650,5.781181397,-0.021978378,-0.085470200,1,3.183886766,182.423274164,-0.002442360,-2.550426483,1,-2.898260117,-166.058072611,0.002442360,2.523077011,1,-0.163844109,-9.387575920,-0.007326126,0.407814026,1,0.018598557,1.065618794,-0.012210846,-0.003663063,0.093651772,5.365851253,0.000000000,-0.000000000,8.000000000,2.500000000,3.334188700,191.034940594,0.000000000,-2.814165831,2.000000000,0.500000000,-2.913138390,-166.910534861,0.000000000,2.549723148,1.000000000,0.500000000,-0.167277336,-9.584285368,0.000000000,0.418431431,0.500000000,0.200000003,0.018598557,1.065618794,0.000000000,-0.000029202,0.000000000,0.100000001
2026-07-06 22:25:39.569,1783347939.569604397,67.015882150,1,1,66.998452560,1,0.008132962,5,1,0.004308218,5,1,0,1,0,0,1,1,1,0,1,0,-1.000000000,0.000000000,0.000000000,0.000000000,0,-1.000000000,0,0,0,,0,-1.000000000,,0,0,0.000000000,0.000000000,0,-1.000000000,0,,0,-1.000000000,,0,-1.000000000,0,,1,0.100900650,5.781181397,-0.007326126,-0.090353966,1,3.183886766,182.423274164,0.002442360,-2.536752701,1,-2.898260117,-166.058072611,0.002442360,2.509401321,1,-0.163844109,-9.387575920,-0.021978378,0.412698746,1,0.018598557,1.065618794,-0.012210846,-0.003663063,0.093651772,5.365851253,0.000000000,-0.000000000,8.000000000,2.500000000,3.334188700,191.034940594,0.000000000,-2.814165831,2.000000000,0.500000000,-2.913138390,-166.910534861,0.000000000,2.549723148,1.000000000,0.500000000,-0.167277336,-9.584285368,0.000000000,0.418431431,0.500000000,0.200000003,0.018598557,1.065618794,0.000000000,-0.000029202,0.000000000,0.100000001
2026-07-06 22:25:40.569,1783347940.569616795,68.015894522,1,1,67.998464932,1,0.007543735,5,1,0.004574508,5,1,0,1,0,0,1,1,1,0,1,0,-1.000000000,0.000000000,0.000000000,0.000000000,0,-1.000000000,0,0,0,,0,-1.000000000,,0,0,0.000000000,0.000000000,0,-1.000000000,0,,0,-1.000000000,,0,-1.000000000,0,,1,0.100900650,5.781181397,-0.021978378,-0.080586433,1,3.183886766,182.423274164,-0.002442360,-2.536752701,1,-2.898260117,-166.058072611,0.002442360,2.509401321,1,-0.163844109,-9.387575920,-0.021978378,0.412698746,1,0.018598557,1.065618794,0.012210846,-0.001221180,0.093651772,5.365851253,0.000000000,-0.000000000,8.000000000,2.500000000,3.334188700,191.034940594,0.000000000,-2.814165831,2.000000000,0.500000000,-2.913138390,-166.910534861,0.000000000,2.549723148,1.000000000,0.500000000,-0.167277336,-9.584285368,0.000000000,0.418431431,0.500000000,0.200000003,0.018598557,1.065618794,0.000000000,-0.000029202,0.000000000,0.100000001
2026-07-06 22:25:41.569,1783347941.569683790,69.015961418,1,1,68.998531828,1,0.008159344,5,1,0.004539290,5,1,0,1,0,0,1,1,1,0,1,0,-1.000000000,0.000000000,0.000000000,0.000000000,0,-1.000000000,0,0,0,,0,-1.000000000,,0,0,0.000000000,0.000000000,0,-1.000000000,0,,0,-1.000000000,,0,-1.000000000,0,,1,0.100900650,5.781181397,-0.021978378,-0.080586433,1,3.183886766,182.423274164,0.002442360,-2.536752701,1,-2.898260117,-166.058072611,0.002442360,2.523077011,1,-0.163844109,-9.387575920,0.007326126,0.412698746,1,0.018598557,1.065618794,-0.036628723,-0.003663063,0.093651772,5.365851253,0.000000000,-0.000000000,8.000000000,2.500000000,3.334188700,191.034940594,0.000000000,-2.814165831,2.000000000,0.500000000,-2.913138390,-166.910534861,0.000000000,2.549723148,1.000000000,0.500000000,-0.167277336,-9.584285368,0.000000000,0.418431431,0.500000000,0.200000003,0.018598557,1.065618794,0.000000000,-0.000029202,0.000000000,0.100000001
2026-07-06 22:25:42.569,1783347942.569679976,70.015957660,1,1,69.998528070,1,0.007883991,5,1,0.004499983,5,1,0,1,0,0,1,1,1,0,1,0,-1.000000000,0.000000000,0.000000000,0.000000000,0,-1.000000000,0,0,0,,0,-1.000000000,,0,0,0.000000000,0.000000000,0,-1.000000000,0,,0,-1.000000000,,0,-1.000000000,0,,1,0.100900650,5.781181397,0.007326126,-0.080586433,1,3.183886766,182.423274164,-0.002442360,-2.536752701,1,-2.898260117,-166.058072611,-0.007326126,2.523077011,1,-0.163844109,-9.387575920,0.007326126,0.407814026,1,0.018598557,1.065618794,-0.036628723,-0.003663063,0.093651772,5.365851253,0.000000000,-0.000000000,8.000000000,2.500000000,3.334188700,191.034940594,0.000000000,-2.814165831,2.000000000,0.500000000,-2.913138390,-166.910534861,0.000000000,2.549723148,1.000000000,0.500000000,-0.167277336,-9.584285368,0.000000000,0.418431431,0.500000000,0.200000003,0.018598557,1.065618794,0.000000000,-0.000029202,0.000000000,0.100000001
2026-07-06 22:25:43.569,1783347943.569791555,71.016069276,1,1,70.998639686,1,0.007441173,5,1,0.004646947,5,1,0,1,0,0,1,1,1,0,1,0,-1.000000000,0.000000000,0.000000000,0.000000000,0,-1.000000000,0,0,0,,0,-1.000000000,,0,0,0.000000000,0.000000000,0,-1.000000000,0,,0,-1.000000000,,0,-1.000000000,0,,1,0.100900650,5.781181397,-0.021978378,-0.080586433,1,3.183886766,182.423274164,-0.002442360,-2.550426483,1,-2.898260117,-166.058072611,-0.007326126,2.509401321,1,-0.163844109,-9.387575920,-0.007326126,0.412698746,1,0.018598557,1.065618794,0.012210846,-0.003663063,0.093651772,5.365851253,0.000000000,-0.000000000,8.000000000,2.500000000,3.334188700,191.034940594,0.000000000,-2.814165831,2.000000000,0.500000000,-2.913138390,-166.910534861,0.000000000,2.549723148,1.000000000,0.500000000,-0.167277336,-9.584285368,0.000000000,0.418431431,0.500000000,0.200000003,0.018598557,1.065618794,0.000000000,-0.000029202,0.000000000,0.100000001
2026-07-06 22:25:44.569,1783347944.569759369,72.016037178,1,1,71.998607588,1,0.007711875,5,1,0.004588634,5,1,0,1,0,0,1,1,1,0,1,0,-1.000000000,0.000000000,0.000000000,0.000000000,0,-1.000000000,0,0,0,,0,-1.000000000,,0,0,0.000000000,0.000000000,0,-1.000000000,0,,0,-1.000000000,,0,-1.000000000,0,,1,0.100900650,5.781181397,-0.021978378,-0.080586433,1,3.183886766,182.423274164,-0.002442360,-2.550426483,1,-2.898260117,-166.058072611,-0.002442360,2.509401321,1,-0.163844109,-9.387575920,-0.007326126,0.412698746,1,0.018598557,1.065618794,-0.012210846,-0.003663063,0.093651772,5.365851253,0.000000000,-0.000000000,8.000000000,2.500000000,3.334188700,191.034940594,0.000000000,-2.814165831,2.000000000,0.500000000,-2.913138390,-166.910534861,0.000000000,2.549723148,1.000000000,0.500000000,-0.167277336,-9.584285368,0.000000000,0.418431431,0.500000000,0.200000003,0.018598557,1.065618794,0.000000000,-0.000029202,0.000000000,0.100000001
2026-07-06 22:25:45.569,1783347945.569668055,73.015945920,1,1,72.998516330,1,0.007955916,5,1,0.004411100,5,1,0,1,0,0,1,1,1,0,1,0,-1.000000000,0.000000000,0.000000000,0.000000000,0,-1.000000000,0,0,0,,0,-1.000000000,,0,0,0.000000000,0.000000000,0,-1.000000000,0,,0,-1.000000000,,0,-1.000000000,0,,1,0.100900650,5.781181397,-0.021978378,-0.085470200,1,3.183886766,182.423274164,-0.002442360,-2.536752701,1,-2.898260117,-166.058072611,-0.002442360,2.509401321,1,-0.163844109,-9.387575920,-0.021978378,0.412698746,1,0.018215179,1.043652905,-0.012210846,-0.003663063,0.093651772,5.365851253,0.000000000,-0.000000000,8.000000000,2.500000000,3.334188700,191.034940594,0.000000000,-2.814165831,2.000000000,0.500000000,-2.913138390,-166.910534861,0.000000000,2.549723148,1.000000000,0.500000000,-0.167277336,-9.584285368,0.000000000,0.418431431,0.500000000,0.200000003,0.018598557,1.065618794,0.000000000,-0.000029202,0.000000000,0.100000001
2026-07-06 22:25:46.569,1783347946.569730043,74.016007820,1,1,73.998578230,1,0.007815869,5,1,0.004461123,5,1,0,1,0,0,1,1,1,0,1,0,-1.000000000,0.000000000,0.000000000,0.000000000,0,-1.000000000,0,0,0,,0,-1.000000000,,0,0,0.000000000,0.000000000,0,-1.000000000,0,,0,-1.000000000,,0,-1.000000000,0,,1,0.100900650,5.781181397,-0.021978378,-0.080586433,1,3.183886766,182.423274164,-0.002442360,-2.550426483,1,-2.898260117,-166.058072611,-0.002442360,2.509401321,1,-0.163844109,-9.387575920,-0.007326126,0.412698746,1,0.018215179,1.043652905,-0.061050415,-0.003663063,0.093651772,5.365851253,0.000000000,-0.000000000,8.000000000,2.500000000,3.334188700,191.034940594,0.000000000,-2.814165831,2.000000000,0.500000000,-2.913138390,-166.910534861,0.000000000,2.549723148,1.000000000,0.500000000,-0.167277336,-9.584285368,0.000000000,0.418431431,0.500000000,0.200000003,0.018598557,1.065618794,0.000000000,-0.000029202,0.000000000,0.100000001
2026-07-06 22:25:47.569,1783347947.569754839,75.016032562,1,1,74.998602972,1,0.007926962,5,1,0.004356259,5,1,0,1,0,0,1,1,1,0,1,0,-1.000000000,0.000000000,0.000000000,0.000000000,0,-1.000000000,0,0,0,,0,-1.000000000,,0,0,0.000000000,0.000000000,0,-1.000000000,0,,0,-1.000000000,,0,-1.000000000,0,,1,0.100900650,5.781181397,-0.007326126,-0.080586433,1,3.183886766,182.423274164,0.002442360,-2.536752701,1,-2.898260117,-166.058072611,0.002442360,2.495725632,1,-0.163844109,-9.387575920,0.007326126,0.412698746,1,0.018598557,1.065618794,0.012210846,-0.003663063,0.093651772,5.365851253,0.000000000,-0.000000000,8.000000000,2.500000000,3.334188700,191.034940594,0.000000000,-2.814165831,2.000000000,0.500000000,-2.913138390,-166.910534861,0.000000000,2.549723148,1.000000000,0.500000000,-0.167277336,-9.584285368,0.000000000,0.418431431,0.500000000,0.200000003,0.018598557,1.065618794,0.000000000,-0.000029202,0.000000000,0.100000001
2026-07-06 22:25:48.569,1783347948.569770575,76.016048243,1,1,75.998618653,1,0.007924085,5,1,0.004388356,5,1,0,1,0,0,1,1,1,0,1,0,-1.000000000,0.000000000,0.000000000,0.000000000,0,-1.000000000,0,0,0,,0,-1.000000000,,0,0,0.000000000,0.000000000,0,-1.000000000,0,,0,-1.000000000,,0,-1.000000000,0,,1,0.101282120,5.803038002,-0.007326126,-0.085470200,1,3.183886766,182.423274164,-0.002442360,-2.536752701,1,-2.898260117,-166.058072611,0.002442360,2.509401321,1,-0.163844109,-9.387575920,-0.007326126,0.412698746,1,0.018215179,1.043652905,-0.036628723,-0.003663063,0.093651772,5.365851253,0.000000000,-0.000000000,8.000000000,2.500000000,3.334188700,191.034940594,0.000000000,-2.814165831,2.000000000,0.500000000,-2.913138390,-166.910534861,0.000000000,2.549723148,1.000000000,0.500000000,-0.167277336,-9.584285368,0.000000000,0.418431431,0.500000000,0.200000003,0.018598557,1.065618794,0.000000000,-0.000029202,0.000000000,0.100000001
2026-07-06 22:25:49.569,1783347949.569786549,77.016064442,1,1,76.998634852,1,0.007509488,5,1,0.004411867,5,1,0,1,0,0,1,1,1,0,1,0,-1.000000000,0.000000000,0.000000000,0.000000000,0,-1.000000000,0,0,0,,0,-1.000000000,,0,0,0.000000000,0.000000000,0,-1.000000000,0,,0,-1.000000000,,0,-1.000000000,0,,1,0.101282120,5.803038002,-0.007326126,-0.080586433,1,3.183886766,182.423274164,-0.002442360,-2.550426483,1,-2.898260117,-166.058072611,0.002442360,2.509401321,1,-0.163844109,-9.387575920,-0.007326126,0.412698746,1,0.018598557,1.065618794,0.012210846,-0.003663063,0.093651772,5.365851253,0.000000000,-0.000000000,8.000000000,2.500000000,3.334188700,191.034940594,0.000000000,-2.814165831,2.000000000,0.500000000,-2.913138390,-166.910534861,0.000000000,2.549723148,1.000000000,0.500000000,-0.167277336,-9.584285368,0.000000000,0.418431431,0.500000000,0.200000003,0.018598557,1.065618794,0.000000000,-0.000029202,0.000000000,0.100000001
2026-07-06 22:25:50.569,1783347950.569823265,78.016100992,1,1,77.998671402,1,0.007396196,5,1,0.004463073,5,1,0,1,0,0,1,1,1,0,1,0,-1.000000000,0.000000000,0.000000000,0.000000000,0,-1.000000000,0,0,0,,0,-1.000000000,,0,0,0.000000000,0.000000000,0,-1.000000000,0,,0,-1.000000000,,0,-1.000000000,0,,1,0.101282120,5.803038002,0.007326126,-0.085470200,1,3.183886766,182.423274164,-0.002442360,-2.550426483,1,-2.898260117,-166.058072611,-0.002442360,2.523077011,1,-0.163844109,-9.387575920,-0.007326126,0.412698746,1,0.018598557,1.065618794,0.012210846,-0.003663063,0.093651772,5.365851253,0.000000000,-0.000000000,8.000000000,2.500000000,3.334188700,191.034940594,0.000000000,-2.814165831,2.000000000,0.500000000,-2.913138390,-166.910534861,0.000000000,2.549723148,1.000000000,0.500000000,-0.167277336,-9.584285368,0.000000000,0.418431431,0.500000000,0.200000003,0.018598557,1.065618794,0.000000000,-0.000029202,0.000000000,0.100000001
2026-07-06 22:25:51.569,1783347951.569862127,79.016139977,1,1,78.998710387,1,0.007682561,5,1,0.004368540,5,1,0,1,0,0,1,1,1,0,1,0,-1.000000000,0.000000000,0.000000000,0.000000000,0,-1.000000000,0,0,0,,0,-1.000000000,,0,0,0.000000000,0.000000000,0,-1.000000000,0,,0,-1.000000000,,0,-1.000000000,0,,1,0.101282120,5.803038002,-0.021978378,-0.085470200,1,3.183886766,182.423274164,-0.002442360,-2.536752701,1,-2.898260117,-166.058072611,-0.002442360,2.509401321,1,-0.163844109,-9.387575920,-0.007326126,0.412698746,1,0.018598557,1.065618794,-0.012210846,-0.003663063,0.093651772,5.365851253,0.000000000,-0.000000000,8.000000000,2.500000000,3.334188700,191.034940594,0.000000000,-2.814165831,2.000000000,0.500000000,-2.913138390,-166.910534861,0.000000000,2.549723148,1.000000000,0.500000000,-0.167277336,-9.584285368,0.000000000,0.418431431,0.500000000,0.200000003,0.018598557,1.065618794,0.000000000,-0.000029202,0.000000000,0.100000001
2026-07-06 22:25:52.569,1783347952.569925785,80.016203597,1,1,79.998774007,1,0.007599368,5,1,0.004402504,5,1,0,1,0,0,1,1,1,0,1,0,-1.000000000,0.000000000,0.000000000,0.000000000,0,-1.000000000,0,0,0,,0,-1.000000000,,0,0,0.000000000,0.000000000,0,-1.000000000,0,,0,-1.000000000,,0,-1.000000000,0,,1,0.101663589,5.824894607,-0.007326126,-0.090353966,1,3.183886766,182.423274164,-0.002442360,-2.550426483,1,-2.898260117,-166.058072611,-0.007326126,2.509401321,1,-0.163844109,-9.387575920,-0.007326126,0.412698746,1,0.018598557,1.065618794,0.012210846,-0.003663063,0.093651772,5.365851253,0.000000000,-0.000000000,8.000000000,2.500000000,3.334188700,191.034940594,0.000000000,-2.814165831,2.000000000,0.500000000,-2.913138390,-166.910534861,0.000000000,2.549723148,1.000000000,0.500000000,-0.167277336,-9.584285368,0.000000000,0.418431431,0.500000000,0.200000003,0.018598557,1.065618794,0.000000000,-0.000029202,0.000000000,0.100000001
2026-07-06 22:25:53.569,1783347953.569874763,81.016152348,1,1,80.998722758,1,0.007807601,5,1,0.004441912,5,1,0,1,0,0,1,1,1,0,1,0,-1.000000000,0.000000000,0.000000000,0.000000000,0,-1.000000000,0,0,0,,0,-1.000000000,,0,0,0.000000000,0.000000000,0,-1.000000000,0,,0,-1.000000000,,0,-1.000000000,0,,1,0.101663589,5.824894607,-0.007326126,-0.109889984,1,3.183886766,182.423274164,-0.002442360,-2.536752701,1,-2.898260117,-166.058072611,-0.002442360,2.509401321,1,-0.163844109,-9.387575920,-0.021978378,0.412698746,1,0.018215179,1.043652905,-0.012210846,-0.003663063,0.093651772,5.365851253,0.000000000,-0.000000000,8.000000000,2.500000000,3.334188700,191.034940594,0.000000000,-2.814165831,2.000000000,0.500000000,-2.913138390,-166.910534861,0.000000000,2.549723148,1.000000000,0.500000000,-0.167277336,-9.584285368,0.000000000,0.418431431,0.500000000,0.200000003,0.018598557,1.065618794,0.000000000,-0.000029202,0.000000000,0.100000001
2026-07-06 22:25:54.569,1783347954.569896460,82.016174114,1,1,81.998744524,1,0.007459689,5,1,0.004401693,5,1,0,1,0,0,1,1,1,0,1,0,-1.000000000,0.000000000,0.000000000,0.000000000,0,-1.000000000,0,0,0,,0,-1.000000000,,0,0,0.000000000,0.000000000,0,-1.000000000,0,,0,-1.000000000,,0,-1.000000000,0,,1,0.101663589,5.824894607,-0.007326126,-0.085470200,1,3.183886766,182.423274164,-0.002442360,-2.536752701,1,-2.898260117,-166.058072611,-0.002442360,2.509401321,1,-0.163844109,-9.387575920,0.007326126,0.412698746,1,0.018598557,1.065618794,-0.012210846,-0.003663063,0.093651772,5.365851253,0.000000000,-0.000000000,8.000000000,2.500000000,3.334188700,191.034940594,0.000000000,-2.814165831,2.000000000,0.500000000,-2.913138390,-166.910534861,0.000000000,2.549723148,1.000000000,0.500000000,-0.167277336,-9.584285368,0.000000000,0.418431431,0.500000000,0.200000003,0.018598557,1.065618794,0.000000000,-0.000029202,0.000000000,0.100000001
2026-07-06 22:25:55.570,1783347955.569935322,83.016212971,1,1,82.998783381,1,0.007502633,5,1,0.004549006,5,1,0,1,0,0,1,1,1,0,1,0,-1.000000000,0.000000000,0.000000000,0.000000000,0,-1.000000000,0,0,0,,0,-1.000000000,,0,0,0.000000000,0.000000000,0,-1.000000000,0,,0,-1.000000000,,0,-1.000000000,0,,1,0.101282120,5.803038002,-0.007326126,-0.085470200,1,3.183886766,182.423274164,-0.002442360,-2.536752701,1,-2.898260117,-166.058072611,-0.002442360,2.523077011,1,-0.163844109,-9.387575920,-0.007326126,0.412698746,1,0.018598557,1.065618794,-0.036628723,-0.003663063,0.093651772,5.365851253,0.000000000,-0.000000000,8.000000000,2.500000000,3.334188700,191.034940594,0.000000000,-2.814165831,2.000000000,0.500000000,-2.913138390,-166.910534861,0.000000000,2.549723148,1.000000000,0.500000000,-0.167277336,-9.584285368,0.000000000,0.418431431,0.500000000,0.200000003,0.018598557,1.065618794,0.000000000,-0.000029202,0.000000000,0.100000001
2026-07-06 22:25:56.570,1783347956.569951773,84.016229513,1,1,83.998799923,1,0.008103486,5,1,0.004423583,5,1,0,1,0,0,1,1,1,0,1,0,-1.000000000,0.000000000,0.000000000,0.000000000,0,-1.000000000,0,0,0,,0,-1.000000000,,0,0,0.000000000,0.000000000,0,-1.000000000,0,,0,-1.000000000,,0,-1.000000000,0,,1,0.101282120,5.803038002,-0.021978378,-0.090353966,1,3.183886766,182.423274164,0.002442360,-2.536752701,1,-2.898260117,-166.058072611,-0.007326126,2.523077011,1,-0.163844109,-9.387575920,-0.007326126,0.407814026,1,0.018598557,1.065618794,-0.012210846,-0.003663063,0.093651772,5.365851253,0.000000000,-0.000000000,8.000000000,2.500000000,3.334188700,191.034940594,0.000000000,-2.814165831,2.000000000,0.500000000,-2.913138390,-166.910534861,0.000000000,2.549723148,1.000000000,0.500000000,-0.167277336,-9.584285368,0.000000000,0.418431431,0.500000000,0.200000003,0.018598557,1.065618794,0.000000000,-0.000029202,0.000000000,0.100000001
2026-07-06 22:25:57.570,1783347957.569944859,85.016222591,1,1,84.998793001,1,0.007681037,5,1,0.004446637,5,1,0,1,0,0,1,1,1,0,1,0,-1.000000000,0.000000000,0.000000000,0.000000000,0,-1.000000000,0,0,0,,0,-1.000000000,,0,0,0.000000000,0.000000000,0,-1.000000000,0,,0,-1.000000000,,0,-1.000000000,0,,1,0.101663589,5.824894607,-0.021978378,-0.080586433,1,3.183886766,182.423274164,-0.002442360,-2.536752701,1,-2.898260117,-166.058072611,0.002442360,2.523077011,1,-0.163844109,-9.387575920,-0.007326126,0.412698746,1,0.018598557,1.065618794,0.036628723,-0.003663063,0.093651772,5.365851253,0.000000000,-0.000000000,8.000000000,2.500000000,3.334188700,191.034940594,0.000000000,-2.814165831,2.000000000,0.500000000,-2.913138390,-166.910534861,0.000000000,2.549723148,1.000000000,0.500000000,-0.167277336,-9.584285368,0.000000000,0.418431431,0.500000000,0.200000003,0.018598557,1.065618794,0.000000000,-0.000029202,0.000000000,0.100000001
2026-07-06 22:25:58.570,1783347958.570022345,86.016300050,1,1,85.998870460,1,0.007723600,5,1,0.004589005,5,1,0,1,0,0,1,1,1,0,1,0,-1.000000000,0.000000000,0.000000000,0.000000000,0,-1.000000000,0,0,0,,0,-1.000000000,,0,0,0.000000000,0.000000000,0,-1.000000000,0,,0,-1.000000000,,0,-1.000000000,0,,1,0.101282120,5.803038002,-0.007326126,-0.085470200,1,3.183886766,182.423274164,-0.002442360,-2.536752701,1,-2.898260117,-166.058072611,-0.002442360,2.509401321,1,-0.163844109,-9.387575920,0.007326126,0.407814026,1,0.018598557,1.065618794,-0.012210846,-0.003663063,0.093651772,5.365851253,0.000000000,-0.000000000,8.000000000,2.500000000,3.334188700,191.034940594,0.000000000,-2.814165831,2.000000000,0.500000000,-2.913138390,-166.910534861,0.000000000,2.549723148,1.000000000,0.500000000,-0.167277336,-9.584285368,0.000000000,0.418431431,0.500000000,0.200000003,0.018598557,1.065618794,0.000000000,-0.000029202,0.000000000,0.100000001
2026-07-06 22:25:59.570,1783347959.569997787,87.016275611,1,1,86.998846021,1,0.007340689,5,1,0.004436348,5,1,0,1,0,0,1,1,1,0,1,0,-1.000000000,0.000000000,0.000000000,0.000000000,0,-1.000000000,0,0,0,,0,-1.000000000,,0,0,0.000000000,0.000000000,0,-1.000000000,0,,0,-1.000000000,,0,-1.000000000,0,,1,0.101282120,5.803038002,-0.007326126,-0.085470200,1,3.183886766,182.423274164,-0.002442360,-2.536752701,1,-2.898260117,-166.058072611,0.002442360,2.509401321,1,-0.163844109,-9.387575920,0.007326126,0.412698746,1,0.018598557,1.065618794,0.012210846,-0.003663063,0.093651772,5.365851253,0.000000000,-0.000000000,8.000000000,2.500000000,3.334188700,191.034940594,0.000000000,-2.814165831,2.000000000,0.500000000,-2.913138390,-166.910534861,0.000000000,2.549723148,1.000000000,0.500000000,-0.167277336,-9.584285368,0.000000000,0.418431431,0.500000000,0.200000003,0.018598557,1.065618794,0.000000000,-0.000029202,0.000000000,0.100000001
2026-07-06 22:26:00.570,1783347960.570090771,88.016368587,1,1,87.998938997,1,0.007521512,5,1,0.004539457,5,1,0,1,0,0,1,1,1,0,1,0,-1.000000000,0.000000000,0.000000000,0.000000000,0,-1.000000000,0,0,0,,0,-1.000000000,,0,0,0.000000000,0.000000000,0,-1.000000000,0,,0,-1.000000000,,0,-1.000000000,0,,1,0.101663589,5.824894607,-0.021978378,-0.085470200,1,3.183886766,182.423274164,-0.002442360,-2.536752701,1,-2.898260117,-166.058072611,0.002442360,2.509401321,1,-0.163844109,-9.387575920,0.007326126,0.412698746,1,0.018598557,1.065618794,-0.012210846,-0.003663063,0.093651772,5.365851253,0.000000000,-0.000000000,8.000000000,2.500000000,3.334188700,191.034940594,0.000000000,-2.814165831,2.000000000,0.500000000,-2.913138390,-166.910534861,0.000000000,2.549723148,1.000000000,0.500000000,-0.167277336,-9.584285368,0.000000000,0.418431431,0.500000000,0.200000003,0.018598557,1.065618794,0.000000000,-0.000029202,0.000000000,0.100000001
2026-07-06 22:26:01.570,1783347961.570073128,89.016350809,1,1,88.998921219,1,0.007547086,5,1,0.004580492,5,1,0,1,0,0,1,1,1,0,1,0,-1.000000000,0.000000000,0.000000000,0.000000000,0,-1.000000000,0,0,0,,0,-1.000000000,,0,0,0.000000000,0.000000000,0,-1.000000000,0,,0,-1.000000000,,0,-1.000000000,0,,1,0.101282120,5.803038002,-0.021978378,-0.056165695,1,3.183886766,182.423274164,0.002442360,-2.536752701,1,-2.898260117,-166.058072611,-0.002442360,2.509401321,1,-0.163844109,-9.387575920,-0.007326126,0.412698746,1,0.018598557,1.065618794,-0.012210846,-0.003663063,0.093651772,5.365851253,0.000000000,-0.000000000,8.000000000,2.500000000,3.334188700,191.034940594,0.000000000,-2.814165831,2.000000000,0.500000000,-2.913138390,-166.910534861,0.000000000,2.549723148,1.000000000,0.500000000,-0.167277336,-9.584285368,0.000000000,0.418431431,0.500000000,0.200000003,0.018598557,1.065618794,0.000000000,-0.000029202,0.000000000,0.100000001
2026-07-06 22:26:02.570,1783347962.570182562,90.016460390,1,1,89.999030800,1,0.007780761,5,1,0.004510408,5,1,0,1,0,0,1,1,1,0,1,0,-1.000000000,0.000000000,0.000000000,0.000000000,0,-1.000000000,0,0,0,,0,-1.000000000,,0,0,0.000000000,0.000000000,0,-1.000000000,0,,0,-1.000000000,,0,-1.000000000,0,,1,0.101663589,5.824894607,-0.007326126,-0.095237732,1,3.183886766,182.423274164,-0.007326126,-2.536752701,1,-2.898260117,-166.058072611,-0.002442360,2.509401321,1,-0.164225578,-9.409432525,-0.021978378,0.412698746,1,0.018598557,1.065618794,-0.012210846,-0.003663063,0.093651772,5.365851253,0.000000000,-0.000000000,8.000000000,2.500000000,3.334188700,191.034940594,0.000000000,-2.814165831,2.000000000,0.500000000,-2.913138390,-166.910534861,0.000000000,2.549723148,1.000000000,0.500000000,-0.167277336,-9.584285368,0.000000000,0.418431431,0.500000000,0.200000003,0.018598557,1.065618794,0.000000000,-0.000029202,0.000000000,0.100000001
2026-07-06 22:26:03.570,1783347963.570110559,91.016388190,1,1,90.998958600,1,0.007313911,5,1,0.004481773,5,1,0,1,0,0,1,1,1,0,1,0,-1.000000000,0.000000000,0.000000000,0.000000000,0,-1.000000000,0,0,0,,0,-1.000000000,,0,0,0.000000000,0.000000000,0,-1.000000000,0,,0,-1.000000000,,0,-1.000000000,0,,1,0.102045059,5.846751213,-0.007326126,-0.119658470,1,3.183886766,182.423274164,-0.002442360,-2.536752701,1,-2.898260117,-166.058072611,-0.007326126,2.509401321,1,-0.163844109,-9.387575920,-0.007326126,0.412698746,1,0.018598557,1.065618794,0.012210846,-0.003663063,0.093651772,5.365851253,0.000000000,-0.000000000,8.000000000,2.500000000,3.334188700,191.034940594,0.000000000,-2.814165831,2.000000000,0.500000000,-2.913138390,-166.910534861,0.000000000,2.549723148,1.000000000,0.500000000,-0.167277336,-9.584285368,0.000000000,0.418431431,0.500000000,0.200000003,0.018598557,1.065618794,0.000000000,-0.000029202,0.000000000,0.100000001
2026-07-06 22:26:04.570,1783347964.570143938,92.016421686,1,1,91.998992096,1,0.007428990,5,1,0.004517438,5,1,0,1,0,0,1,1,1,0,1,0,-1.000000000,0.000000000,0.000000000,0.000000000,0,-1.000000000,0,0,0,,0,-1.000000000,,0,0,0.000000000,0.000000000,0,-1.000000000,0,,0,-1.000000000,,0,-1.000000000,0,,1,0.101282120,5.803038002,0.007326126,-0.095237732,1,3.183886766,182.423274164,-0.002442360,-2.536752701,1,-2.898260117,-166.058072611,-0.002442360,2.509401321,1,-0.163844109,-9.387575920,-0.007326126,0.412698746,1,0.018598557,1.065618794,-0.012210846,-0.003663063,0.093651772,5.365851253,0.000000000,-0.000000000,8.000000000,2.500000000,3.334188700,191.034940594,0.000000000,-2.814165831,2.000000000,0.500000000,-2.913138390,-166.910534861,0.000000000,2.549723148,1.000000000,0.500000000,-0.167277336,-9.584285368,0.000000000,0.418431431,0.500000000,0.200000003,0.018598557,1.065618794,0.000000000,-0.000029202,0.000000000,0.100000001
2026-07-06 22:26:05.570,1783347965.570152760,93.016430423,1,1,92.999000833,1,0.007575122,5,1,0.004557718,5,1,0,1,0,0,1,1,1,0,1,0,-1.000000000,0.000000000,0.000000000,0.000000000,0,-1.000000000,0,0,0,,0,-1.000000000,,0,0,0.000000000,0.000000000,0,-1.000000000,0,,0,-1.000000000,,0,-1.000000000,0,,1,0.104715347,5.999747450,-0.021978378,-0.075701714,1,3.183886766,182.423274164,-0.002442360,-2.536752701,1,-2.898260117,-166.058072611,-0.002442360,2.509401321,1,-0.163844109,-9.387575920,-0.021978378,0.407814026,1,0.018598557,1.065618794,-0.061050415,-0.003663063,0.093651772,5.365851253,0.000000000,-0.000000000,8.000000000,2.500000000,3.334188700,191.034940594,0.000000000,-2.814165831,2.000000000,0.500000000,-2.913138390,-166.910534861,0.000000000,2.549723148,1.000000000,0.500000000,-0.167277336,-9.584285368,0.000000000,0.418431431,0.500000000,0.200000003,0.018598557,1.065618794,0.000000000,-0.000029202,0.000000000,0.100000001
2026-07-06 22:26:06.570,1783347966.570163250,94.016440899,1,1,93.999011309,1,0.007554919,5,1,0.004567743,5,1,0,1,0,0,1,1,1,0,1,0,-1.000000000,0.000000000,0.000000000,0.000000000,0,-1.000000000,0,0,0,,0,-1.000000000,,0,0,0.000000000,0.000000000,0,-1.000000000,0,,0,-1.000000000,,0,-1.000000000,0,,1,0.105096817,6.021604055,-0.036630630,-0.114773750,1,3.183886766,182.423274164,-0.002442360,-2.536752701,1,-2.898260117,-166.058072611,0.002442360,2.523077011,1,-0.163844109,-9.387575920,-0.007326126,0.412698746,1,0.018215179,1.043652905,-0.036628723,-0.003663063,0.093651772,5.365851253,0.000000000,-0.000000000,8.000000000,2.500000000,3.334188700,191.034940594,0.000000000,-2.814165831,2.000000000,0.500000000,-2.913138390,-166.910534861,0.000000000,2.549723148,1.000000000,0.500000000,-0.167277336,-9.584285368,0.000000000,0.418431431,0.500000000,0.200000003,0.018598557,1.065618794,0.000000000,-0.000029202,0.000000000,0.100000001
2026-07-06 22:26:07.570,1783347967.570194960,95.016472545,1,1,94.999042955,1,0.007496025,5,1,0.004450658,5,1,0,1,0,0,1,1,1,0,1,0,-1.000000000,0.000000000,0.000000000,0.000000000,0,-1.000000000,0,0,0,,0,-1.000000000,,0,0,0.000000000,0.000000000,0,-1.000000000,0,,0,-1.000000000,,0,-1.000000000,0,,1,0.105096817,6.021604055,-0.007326126,-0.109889984,1,3.183886766,182.423274164,-0.002442360,-2.536752701,1,-2.898260117,-166.058072611,0.002442360,2.509401321,1,-0.163844109,-9.387575920,-0.021978378,0.417582512,1,0.018598557,1.065618794,-0.012210846,-0.006104946,0.093651772,5.365851253,0.000000000,-0.000000000,8.000000000,2.500000000,3.334188700,191.034940594,0.000000000,-2.814165831,2.000000000,0.500000000,-2.913138390,-166.910534861,0.000000000,2.549723148,1.000000000,0.500000000,-0.167277336,-9.584285368,0.000000000,0.418431431,0.500000000,0.200000003,0.018598557,1.065618794,0.000000000,-0.000029202,0.000000000,0.100000001
2026-07-06 22:26:08.570,1783347968.570224047,96.016501881,1,1,95.999072291,1,0.007777367,5,1,0.004637555,5,1,0,1,0,0,1,1,1,0,1,0,-1.000000000,0.000000000,0.000000000,0.000000000,0,-1.000000000,0,0,0,,0,-1.000000000,,0,0,0.000000000,0.000000000,0,-1.000000000,0,,0,-1.000000000,,0,-1.000000000,0,,1,0.105096817,6.021604055,-0.007326126,-0.114773750,1,3.183886766,182.423274164,-0.002442360,-2.550426483,1,-2.898260117,-166.058072611,-0.007326126,2.509401321,1,-0.163844109,-9.387575920,-0.007326126,0.412698746,1,0.018598557,1.065618794,-0.012210846,-0.003663063,0.093651772,5.365851253,0.000000000,-0.000000000,8.000000000,2.500000000,3.334188700,191.034940594,0.000000000,-2.814165831,2.000000000,0.500000000,-2.913138390,-166.910534861,0.000000000,2.549723148,1.000000000,0.500000000,-0.167277336,-9.584285368,0.000000000,0.418431431,0.500000000,0.200000003,0.018598557,1.065618794,0.000000000,-0.000029202,0.000000000,0.100000001
2026-07-06 22:26:09.570,1783347969.570326567,97.016604344,1,1,96.999174754,1,0.007712164,5,1,0.004671648,5,1,0,1,0,0,1,1,1,0,1,0,-1.000000000,0.000000000,0.000000000,0.000000000,0,-1.000000000,0,0,0,,0,-1.000000000,,0,0,0.000000000,0.000000000,0,-1.000000000,0,,0,-1.000000000,,0,-1.000000000,0,,1,0.105096817,6.021604055,-0.007326126,-0.124542236,1,3.183886766,182.423274164,-0.002442360,-2.536752701,1,-2.898260117,-166.058072611,-0.002442360,2.509401321,1,-0.163844109,-9.387575920,-0.021978378,0.412698746,1,0.018598557,1.065618794,-0.012210846,-0.003663063,0.093651772,5.365851253,0.000000000,-0.000000000,8.000000000,2.500000000,3.334188700,191.034940594,0.000000000,-2.814165831,2.000000000,0.500000000,-2.913138390,-166.910534861,0.000000000,2.549723148,1.000000000,0.500000000,-0.167277336,-9.584285368,0.000000000,0.418431431,0.500000000,0.200000003,0.018598557,1.065618794,0.000000000,-0.000029202,0.000000000,0.100000001
2026-07-06 22:26:10.570,1783347970.570296288,98.016574016,1,1,97.999144426,1,0.007855924,5,1,0.004525234,5,1,0,1,0,0,1,1,1,0,1,0,-1.000000000,0.000000000,0.000000000,0.000000000,0,-1.000000000,0,0,0,,0,-1.000000000,,0,0,0.000000000,0.000000000,0,-1.000000000,0,,0,-1.000000000,,0,-1.000000000,0,,1,0.105096817,6.021604055,-0.007326126,-0.114773750,1,3.183886766,182.423274164,-0.007326126,-2.550426483,1,-2.898260117,-166.058072611,-0.002442360,2.523077011,1,-0.163844109,-9.387575920,0.007326126,0.412698746,1,0.018598557,1.065618794,-0.012210846,-0.003663063,0.093651772,5.365851253,0.000000000,-0.000000000,8.000000000,2.500000000,3.334188700,191.034940594,0.000000000,-2.814165831,2.000000000,0.500000000,-2.913138390,-166.910534861,0.000000000,2.549723148,1.000000000,0.500000000,-0.167277336,-9.584285368,0.000000000,0.418431431,0.500000000,0.200000003,0.018598557,1.065618794,0.000000000,-0.000029202,0.000000000,0.100000001
2026-07-06 22:26:11.570,1783347971.570286036,99.016563817,1,1,98.999134227,1,0.007916196,5,1,0.004548007,5,1,0,1,0,0,1,1,1,0,1,0,-1.000000000,0.000000000,0.000000000,0.000000000,0,-1.000000000,0,0,0,,0,-1.000000000,,0,0,0.000000000,0.000000000,0,-1.000000000,0,,0,-1.000000000,,0,-1.000000000,0,,1,0.105096817,6.021604055,0.007326126,-0.109889984,1,3.183886766,182.423274164,-0.002442360,-2.550426483,1,-2.898260117,-166.058072611,0.002442360,2.509401321,1,-0.163844109,-9.387575920,-0.021978378,0.412698746,1,0.018598557,1.065618794,-0.012210846,-0.003663063,0.093651772,5.365851253,0.000000000,-0.000000000,8.000000000,2.500000000,3.334188700,191.034940594,0.000000000,-2.814165831,2.000000000,0.500000000,-2.913138390,-166.910534861,0.000000000,2.549723148,1.000000000,0.500000000,-0.167277336,-9.584285368,0.000000000,0.418431431,0.500000000,0.200000003,0.018598557,1.065618794,0.000000000,-0.000029202,0.000000000,0.100000001
2026-07-06 22:26:12.570,1783347972.570314407,100.016592215,1,1,99.999162625,1,0.007512585,5,1,0.004631868,5,1,0,1,0,0,1,1,1,0,1,0,-1.000000000,0.000000000,0.000000000,0.000000000,0,-1.000000000,0,0,0,,0,-1.000000000,,0,0,0.000000000,0.000000000,0,-1.000000000,0,,0,-1.000000000,,0,-1.000000000,0,,1,0.105096817,6.021604055,0.007326126,-0.109889984,1,3.183886766,182.423274164,-0.002442360,-2.536752701,1,-2.898260117,-166.058072611,-0.007326126,2.523077011,1,-0.163844109,-9.387575920,-0.007326126,0.412698746,1,0.018598557,1.065618794,-0.012210846,-0.003663063,0.093651772,5.365851253,0.000000000,-0.000000000,8.000000000,2.500000000,3.334188700,191.034940594,0.000000000,-2.814165831,2.000000000,0.500000000,-2.913138390,-166.910534861,0.000000000,2.549723148,1.000000000,0.500000000,-0.167277336,-9.584285368,0.000000000,0.418431431,0.500000000,0.200000003,0.018598557,1.065618794,0.000000000,-0.000029202,0.000000000,0.100000001
2026-07-06 22:26:13.570,1783347973.570312977,101.016590566,1,1,100.999160976,1,0.007487373,5,1,0.004518416,5,1,0,1,0,0,1,1,1,0,1,0,-1.000000000,0.000000000,0.000000000,0.000000000,0,-1.000000000,0,0,0,,0,-1.000000000,,0,0,0.000000000,0.000000000,0,-1.000000000,0,,0,-1.000000000,,0,-1.000000000,0,,1,0.104715347,5.999747450,-0.021978378,-0.119658470,1,3.183886766,182.423274164,-0.002442360,-2.536752701,1,-2.898260117,-166.058072611,-0.002442360,2.509401321,1,-0.163844109,-9.387575920,0.007326126,0.412698746,1,0.018215179,1.043652905,-0.036628723,-0.003663063,0.093651772,5.365851253,0.000000000,-0.000000000,8.000000000,2.500000000,3.334188700,191.034940594,0.000000000,-2.814165831,2.000000000,0.500000000,-2.913138390,-166.910534861,0.000000000,2.549723148,1.000000000,0.500000000,-0.167277336,-9.584285368,0.000000000,0.418431431,0.500000000,0.200000003,0.018598557,1.065618794,0.000000000,-0.000029202,0.000000000,0.100000001
2026-07-06 22:26:14.570,1783347974.570352554,102.016630423,1,1,101.999200833,1,0.007495152,5,1,0.004527069,5,1,0,1,0,0,1,1,1,0,1,0,-1.000000000,0.000000000,0.000000000,0.000000000,0,-1.000000000,0,0,0,,0,-1.000000000,,0,0,0.000000000,0.000000000,0,-1.000000000,0,,0,-1.000000000,,0,-1.000000000,0,,1,0.105096817,6.021604055,-0.007326126,-0.109889984,1,3.183886766,182.423274164,-0.007326126,-2.536752701,1,-2.898260117,-166.058072611,-0.002442360,2.509401321,1,-0.163844109,-9.387575920,0.007326126,0.412698746,1,0.018598557,1.065618794,-0.012210846,-0.003663063,0.093651772,5.365851253,0.000000000,-0.000000000,8.000000000,2.500000000,3.334188700,191.034940594,0.000000000,-2.814165831,2.000000000,0.500000000,-2.913138390,-166.910534861,0.000000000,2.549723148,1.000000000,0.500000000,-0.167277336,-9.584285368,0.000000000,0.418431431,0.500000000,0.200000003,0.018598557,1.065618794,0.000000000,-0.000029202,0.000000000,0.100000001
2026-07-06 22:26:15.570,1783347975.570304871,103.016582422,1,1,102.999152832,1,0.007533644,5,1,0.004414674,5,1,0,1,0,0,1,1,1,0,1,0,-1.000000000,0.000000000,0.000000000,0.000000000,0,-1.000000000,0,0,0,,0,-1.000000000,,0,0,0.000000000,0.000000000,0,-1.000000000,0,,0,-1.000000000,,0,-1.000000000,0,,1,0.105096817,6.021604055,0.007326126,-0.109889984,1,3.183886766,182.423274164,0.002442360,-2.550426483,1,-2.898260117,-166.058072611,0.002442360,2.509401321,1,-0.163844109,-9.387575920,-0.021978378,0.412698746,1,0.018598557,1.065618794,0.036628723,-0.003663063,0.093651772,5.365851253,0.000000000,-0.000000000,8.000000000,2.500000000,3.334188700,191.034940594,0.000000000,-2.814165831,2.000000000,0.500000000,-2.913138390,-166.910534861,0.000000000,2.549723148,1.000000000,0.500000000,-0.167277336,-9.584285368,0.000000000,0.418431431,0.500000000,0.200000003,0.018598557,1.065618794,0.000000000,-0.000029202,0.000000000,0.100000001
2026-07-06 22:26:16.570,1783347976.570352316,104.016630102,1,1,103.999200512,1,0.007516071,5,1,0.004492923,5,1,0,1,0,0,1,1,1,0,1,0,-1.000000000,0.000000000,0.000000000,0.000000000,0,-1.000000000,0,0,0,,0,-1.000000000,,0,0,0.000000000,0.000000000,0,-1.000000000,0,,0,-1.000000000,,0,-1.000000000,0,,1,0.105096817,6.021604055,-0.007326126,-0.114773750,1,3.183886766,182.423274164,-0.007326126,-2.536752701,1,-2.898260117,-166.058072611,-0.002442360,2.509401321,1,-0.163844109,-9.387575920,-0.021978378,0.407814026,1,0.018598557,1.065618794,0.012210846,-0.003663063,0.093651772,5.365851253,0.000000000,-0.000000000,8.000000000,2.500000000,3.334188700,191.034940594,0.000000000,-2.814165831,2.000000000,0.500000000,-2.913138390,-166.910534861,0.000000000,2.549723148,1.000000000,0.500000000,-0.167277336,-9.584285368,0.000000000,0.418431431,0.500000000,0.200000003,0.018598557,1.065618794,0.000000000,-0.000029202,0.000000000,0.100000001
2026-07-06 22:26:17.570,1783347977.570380449,105.016658322,1,1,104.999228732,1,0.007342066,5,1,0.004510203,5,1,0,1,0,0,1,1,1,0,1,0,-1.000000000,0.000000000,0.000000000,0.000000000,0,-1.000000000,0,0,0,,0,-1.000000000,,0,0,0.000000000,0.000000000,0,-1.000000000,0,,0,-1.000000000,,0,-1.000000000,0,,1,0.105096817,6.021604055,-0.007326126,-0.114773750,1,3.183886766,182.423274164,-0.007326126,-2.536752701,1,-2.898260117,-166.058072611,0.002442360,2.523077011,1,-0.163844109,-9.387575920,0.007326126,0.407814026,1,0.018598557,1.065618794,0.012210846,-0.003663063,0.093651772,5.365851253,0.000000000,-0.000000000,8.000000000,2.500000000,3.334188700,191.034940594,0.000000000,-2.814165831,2.000000000,0.500000000,-2.913138390,-166.910534861,0.000000000,2.549723148,1.000000000,0.500000000,-0.167277336,-9.584285368,0.000000000,0.418431431,0.500000000,0.200000003,0.018598557,1.065618794,0.000000000,-0.000029202,0.000000000,0.100000001
2026-07-06 22:26:18.570,1783347978.570426941,106.016704665,1,1,105.999275075,1,0.007583318,5,1,0.004585428,5,1,0,1,0,0,1,1,1,0,1,0,-1.000000000,0.000000000,0.000000000,0.000000000,0,-1.000000000,0,0,0,,0,-1.000000000,,0,0,0.000000000,0.000000000,0,-1.000000000,0,,0,-1.000000000,,0,-1.000000000,0,,1,0.105096817,6.021604055,-0.021978378,-0.119658470,1,3.183886766,182.423274164,0.002442360,-2.550426483,1,-2.898260117,-166.058072611,-0.007326126,2.509401321,1,-0.163844109,-9.387575920,-0.007326126,0.412698746,1,0.018215179,1.043652905,-0.036628723,-0.003663063,0.093651772,5.365851253,0.000000000,-0.000000000,8.000000000,2.500000000,3.334188700,191.034940594,0.000000000,-2.814165831,2.000000000,0.500000000,-2.913138390,-166.910534861,0.000000000,2.549723148,1.000000000,0.500000000,-0.167277336,-9.584285368,0.000000000,0.418431431,0.500000000,0.200000003,0.018598557,1.065618794,0.000000000,-0.000029202,0.000000000,0.100000001
2026-07-06 22:26:19.570,1783347979.570461988,107.016739748,1,1,106.999310158,1,0.007627330,5,1,0.004417419,5,1,0,1,0,0,1,1,1,0,1,0,-1.000000000,0.000000000,0.000000000,0.000000000,0,-1.000000000,0,0,0,,0,-1.000000000,,0,0,0.000000000,0.000000000,0,-1.000000000,0,,0,-1.000000000,,0,-1.000000000,0,,1,0.105096817,6.021604055,-0.007326126,-0.114773750,1,3.183886766,182.423274164,-0.002442360,-2.523077011,1,-2.898260117,-166.058072611,0.002442360,2.523077011,1,-0.163844109,-9.387575920,-0.007326126,0.412698746,1,0.018598557,1.065618794,0.012210846,-0.003663063,0.093651772,5.365851253,0.000000000,-0.000000000,8.000000000,2.500000000,3.334188700,191.034940594,0.000000000,-2.814165831,2.000000000,0.500000000,-2.913138390,-166.910534861,0.000000000,2.549723148,1.000000000,0.500000000,-0.167277336,-9.584285368,0.000000000,0.418431431,0.500000000,0.200000003,0.018598557,1.065618794,0.000000000,-0.000029202,0.000000000,0.100000001
2026-07-06 22:26:20.570,1783347980.570449114,108.016726811,1,1,107.999297221,1,0.007211647,5,1,0.004472985,5,1,0,1,0,0,1,1,1,0,1,0,-1.000000000,0.000000000,0.000000000,0.000000000,0,-1.000000000,0,0,0,,0,-1.000000000,,0,0,0.000000000,0.000000000,0,-1.000000000,0,,0,-1.000000000,,0,-1.000000000,0,,1,0.105096817,6.021604055,-0.007326126,-0.114773750,1,3.183886766,182.423274164,-0.002442360,-2.536752701,1,-2.898260117,-166.058072611,-0.002442360,2.509401321,1,-0.163844109,-9.387575920,-0.007326126,0.412698746,1,0.018598557,1.065618794,-0.012210846,-0.003663063,0.093651772,5.365851253,0.000000000,-0.000000000,8.000000000,2.500000000,3.334188700,191.034940594,0.000000000,-2.814165831,2.000000000,0.500000000,-2.913138390,-166.910534861,0.000000000,2.549723148,1.000000000,0.500000000,-0.167277336,-9.584285368,0.000000000,0.418431431,0.500000000,0.200000003,0.018598557,1.065618794,0.000000000,-0.000029202,0.000000000,0.100000001
2026-07-06 22:26:21.570,1783347981.570483208,109.016760934,1,1,108.999331344,1,0.007585820,5,1,0.004665284,5,1,0,1,0,0,1,1,1,0,1,0,-1.000000000,0.000000000,0.000000000,0.000000000,0,-1.000000000,0,0,0,,0,-1.000000000,,0,0,0.000000000,0.000000000,0,-1.000000000,0,,0,-1.000000000,,0,-1.000000000,0,,1,0.105096817,6.021604055,0.007326126,-0.109889984,1,3.183886766,182.423274164,-0.002442360,-2.550426483,1,-2.898260117,-166.058072611,0.002442360,2.509401321,1,-0.163844109,-9.387575920,-0.021978378,0.412698746,1,0.018598557,1.065618794,0.012210846,-0.003663063,0.093651772,5.365851253,0.000000000,-0.000000000,8.000000000,2.500000000,3.334188700,191.034940594,0.000000000,-2.814165831,2.000000000,0.500000000,-2.913138390,-166.910534861,0.000000000,2.549723148,1.000000000,0.500000000,-0.167277336,-9.584285368,0.000000000,0.418431431,0.500000000,0.200000003,0.018598557,1.065618794,0.000000000,-0.000029202,0.000000000,0.100000001
2026-07-06 22:26:22.570,1783347982.570517302,110.016795055,1,1,109.999365465,1,0.008048261,5,1,0.004538282,5,1,0,1,0,0,1,1,1,0,1,0,-1.000000000,0.000000000,0.000000000,0.000000000,0,-1.000000000,0,0,0,,0,-1.000000000,,0,0,0.000000000,0.000000000,0,-1.000000000,0,,0,-1.000000000,,0,-1.000000000,0,,1,0.105096817,6.021604055,-0.007326126,-0.114773750,1,3.183886766,182.423274164,-0.002442360,-2.550426483,1,-2.898260117,-166.058072611,-0.007326126,2.509401321,1,-0.163844109,-9.387575920,-0.007326126,0.412698746,1,0.018598557,1.065618794,0.012210846,-0.003663063,0.093651772,5.365851253,0.000000000,-0.000000000,8.000000000,2.500000000,3.334188700,191.034940594,0.000000000,-2.814165831,2.000000000,0.500000000,-2.913138390,-166.910534861,0.000000000,2.549723148,1.000000000,0.500000000,-0.167277336,-9.584285368,0.000000000,0.418431431,0.500000000,0.200000003,0.018598557,1.065618794,0.000000000,-0.000029202,0.000000000,0.100000001
2026-07-06 22:26:23.570,1783347983.570518255,111.016795988,1,1,110.999366398,1,0.007696518,5,1,0.004481651,5,1,0,1,0,0,1,1,1,0,1,0,-1.000000000,0.000000000,0.000000000,0.000000000,0,-1.000000000,0,0,0,,0,-1.000000000,,0,0,0.000000000,0.000000000,0,-1.000000000,0,,0,-1.000000000,,0,-1.000000000,0,,1,0.105096817,6.021604055,-0.007326126,-0.109889984,1,3.183886766,182.423274164,-0.002442360,-2.550426483,1,-2.898260117,-166.058072611,-0.007326126,2.509401321,1,-0.163844109,-9.387575920,-0.007326126,0.412698746,1,0.018215179,1.043652905,-0.012210846,-0.003663063,0.093651772,5.365851253,0.000000000,-0.000000000,8.000000000,2.500000000,3.334188700,191.034940594,0.000000000,-2.814165831,2.000000000,0.500000000,-2.913138390,-166.910534861,0.000000000,2.549723148,1.000000000,0.500000000,-0.167277336,-9.584285368,0.000000000,0.418431431,0.500000000,0.200000003,0.018598557,1.065618794,0.000000000,-0.000029202,0.000000000,0.100000001
2026-07-06 22:26:24.570,1783347984.570565224,112.016842965,1,1,111.999413375,1,0.007162661,5,1,0.004598108,5,1,0,1,0,0,1,1,1,0,1,0,-1.000000000,0.000000000,0.000000000,0.000000000,0,-1.000000000,0,0,0,,0,-1.000000000,,0,0,0.000000000,0.000000000,0,-1.000000000,0,,0,-1.000000000,,0,-1.000000000,0,,1,0.105096817,6.021604055,-0.021978378,-0.114773750,1,3.183886766,182.423274164,0.002442360,-2.536752701,1,-2.898260117,-166.058072611,-0.007326126,2.509401321,1,-0.163844109,-9.387575920,-0.007326126,0.412698746,1,0.018598557,1.065618794,-0.012210846,-0.003663063,0.093651772,5.365851253,0.000000000,-0.000000000,8.000000000,2.500000000,3.334188700,191.034940594,0.000000000,-2.814165831,2.000000000,0.500000000,-2.913138390,-166.910534861,0.000000000,2.549723148,1.000000000,0.500000000,-0.167277336,-9.584285368,0.000000000,0.418431431,0.500000000,0.200000003,0.018598557,1.065618794,0.000000000,-0.000029202,0.000000000,0.100000001
2026-07-06 22:26:25.570,1783347985.570552349,113.016830076,1,1,112.999400486,1,0.007801392,5,1,0.004517890,5,1,0,1,0,0,1,1,1,0,1,0,-1.000000000,0.000000000,0.000000000,0.000000000,0,-1.000000000,0,0,0,,0,-1.000000000,,0,0,0.000000000,0.000000000,0,-1.000000000,0,,0,-1.000000000,,0,-1.000000000,0,,1,0.105096817,6.021604055,0.007326126,-0.114773750,1,3.183886766,182.423274164,-0.002442360,-2.536752701,1,-2.898260117,-166.058072611,0.002442360,2.523077011,1,-0.163844109,-9.387575920,-0.007326126,0.412698746,1,0.018215179,1.043652905,-0.012210846,-0.003663063,0.093651772,5.365851253,0.000000000,-0.000000000,8.000000000,2.500000000,3.334188700,191.034940594,0.000000000,-2.814165831,2.000000000,0.500000000,-2.913138390,-166.910534861,0.000000000,2.549723148,1.000000000,0.500000000,-0.167277336,-9.584285368,0.000000000,0.418431431,0.500000000,0.200000003,0.018598557,1.065618794,0.000000000,-0.000029202,0.000000000,0.100000001
2026-07-06 22:26:26.570,1783347986.570566416,114.016844033,1,1,113.999414443,1,0.007720877,5,1,0.004429737,5,1,0,1,0,0,1,1,1,0,1,0,-1.000000000,0.000000000,0.000000000,0.000000000,0,-1.000000000,0,0,0,,0,-1.000000000,,0,0,0.000000000,0.000000000,0,-1.000000000,0,,0,-1.000000000,,0,-1.000000000,0,,1,0.105096817,6.021604055,-0.021978378,-0.114773750,1,3.183886766,182.423274164,-0.002442360,-2.536752701,1,-2.898260117,-166.058072611,-0.002442360,2.509401321,1,-0.163844109,-9.387575920,-0.007326126,0.412698746,1,0.018598557,1.065618794,0.012210846,-0.003663063,0.093651772,5.365851253,0.000000000,-0.000000000,8.000000000,2.500000000,3.334188700,191.034940594,0.000000000,-2.814165831,2.000000000,0.500000000,-2.913138390,-166.910534861,0.000000000,2.549723148,1.000000000,0.500000000,-0.167277336,-9.584285368,0.000000000,0.418431431,0.500000000,0.200000003,0.018598557,1.065618794,0.000000000,-0.000029202,0.000000000,0.100000001
