wall_time,ros_time_sec,elapsed_sec,has_ready,driver_ready,ready_age_sec,has_state,state_age_sec,state_size,has_command,command_age_sec,command_size,service_mode,service_suction,service_pick,service_place,service_stack,service_payload_estimate,service_payload_state,service_arm_mission,service_nav_arm_event,action_move_joint,has_nav_state,nav_state_age_sec,nav_state_x,nav_state_y,nav_state_yaw,has_nav_task_points,nav_task_points_age_sec,nav_task_points_count,nav_task_points_min_id,nav_task_points_max_id,nav_task_points_summary,has_nav_mission_request,nav_mission_request_age_sec,nav_mission_action,nav_mission_task_index,nav_mission_point_id,nav_mission_x,nav_mission_y,has_nav_mission_response,nav_mission_response_age_sec,nav_mission_response_success,nav_mission_response_message,has_nav_arm_event_request,nav_arm_event_request_age_sec,nav_arm_event_request_message,has_nav_arm_event_response,nav_arm_event_response_age_sec,nav_arm_event_response_success,nav_arm_event_response_message,state_valid_0,state_q_rad_0,state_q_deg_0,state_dq_0,state_tau_est_0,state_valid_1,state_q_rad_1,state_q_deg_1,state_dq_1,state_tau_est_1,state_valid_2,state_q_rad_2,state_q_deg_2,state_dq_2,state_tau_est_2,state_valid_3,state_q_rad_3,state_q_deg_3,state_dq_3,state_tau_est_3,state_valid_4,state_q_rad_4,state_q_deg_4,state_dq_4,state_tau_est_4,cmd_q_rad_0,cmd_q_deg_0,cmd_dq_0,cmd_tau_0,cmd_kp_0,cmd_kd_0,cmd_q_rad_1,cmd_q_deg_1,cmd_dq_1,cmd_tau_1,cmd_kp_1,cmd_kd_1,cmd_q_rad_2,cmd_q_deg_2,cmd_dq_2,cmd_tau_2,cmd_kp_2,cmd_kd_2,cmd_q_rad_3,cmd_q_deg_3,cmd_dq_3,cmd_tau_3,cmd_kp_3,cmd_kd_3,cmd_q_rad_4,cmd_q_deg_4,cmd_dq_4,cmd_tau_4,cmd_kp_4,cmd_kd_4
2026-07-06 20:13:25.751,1783340005.751750469,1.009934247,1,1,0.996984198,1,0.004823575,5,1,0.005615948,5,1,0,0,0,0,1,1,0,0,1,0,-1.000000000,0.000000000,0.000000000,0.000000000,0,-1.000000000,0,0,0,,0,-1.000000000,,0,0,0.000000000,0.000000000,0,-1.000000000,0,,0,-1.000000000,,0,-1.000000000,0,,1,2.992812634,171.475532774,-0.021978378,-0.051281929,1,0.000000000,0.000000000,-0.002442360,6.147006989,1,-3.000000000,-171.887338539,-0.002442360,-2.728204727,1,-0.222591400,-12.753547784,-0.007326126,-0.432234764,1,-1.183641434,-67.817658609,-0.036628723,-0.003663063,2.988997936,171.256966720,0.000000000,-0.000000000,8.000000000,2.500000000,0.000000000,0.000000000,0.000000000,2.708557367,2.000000000,0.500000000,-3.000000000,-171.887338539,0.000000000,-2.756333113,1.000000000,0.500000000,-0.219158173,-12.556838336,0.000000000,-0.430917025,0.500000000,0.200000003,-1.183641434,-67.817658609,0.000000000,0.000209900,0.000000000,0.100000001
2026-07-06 20:13:26.751,1783340006.751812458,2.009996138,1,1,1.997046089,1,0.004550252,5,1,0.005534219,5,1,0,0,0,0,1,1,1,0,1,0,-1.000000000,0.000000000,0.000000000,0.000000000,0,-1.000000000,0,0,0,,0,-1.000000000,,0,0,0.000000000,0.000000000,0,-1.000000000,0,,0,-1.000000000,,0,-1.000000000,0,,1,2.992812634,171.475532774,-0.007326126,-0.051281929,1,0.000000000,0.000000000,-0.002442360,6.147006989,1,-3.000000000,-171.887338539,-0.002442360,-2.728204727,1,-0.222591400,-12.753547784,-0.021978378,-0.432234764,1,-1.183258057,-67.795692720,0.012210846,-0.003663063,2.988997936,171.256966720,0.000000000,-0.000000000,8.000000000,2.500000000,0.000000000,0.000000000,0.000000000,2.708557367,2.000000000,0.500000000,-3.000000000,-171.887338539,0.000000000,-2.756333113,1.000000000,0.500000000,-0.219158173,-12.556838336,0.000000000,-0.430917025,0.500000000,0.200000003,-1.183641434,-67.817658609,0.000000000,0.000209900,0.000000000,0.100000001
2026-07-06 20:13:27.751,1783340007.751842737,3.010026603,1,1,2.997076554,1,0.004042223,5,1,0.005492246,5,1,0,0,0,0,1,1,1,0,1,0,-1.000000000,0.000000000,0.000000000,0.000000000,0,-1.000000000,0,0,0,,0,-1.000000000,,0,0,0.000000000,0.000000000,0,-1.000000000,0,,0,-1.000000000,,0,-1.000000000,0,,1,2.989760876,171.300679931,-0.007326126,-0.065934181,0,0.000000000,0.000000000,-0.070817947,5.258121490,0,-3.000000000,-171.887338539,0.007326126,-2.112819672,0,-0.218776703,-12.534981731,0.139194489,-0.378510475,1,-1.183641434,-67.817658609,-0.012210846,-0.003663063,2.988997936,171.256966720,0.000000000,-0.000000000,8.000000000,2.500000000,0.000000000,0.000000000,0.000000000,2.708557367,2.000000000,0.500000000,-3.000000000,-171.887338539,0.000000000,-2.756333113,1.000000000,0.500000000,-0.219158173,-12.556838336,0.000000000,-0.430917025,0.500000000,0.200000003,-1.183641434,-67.817658609,0.000000000,0.000209900,0.000000000,0.100000001
2026-07-06 20:13:28.751,1783340008.751796722,4.009980549,1,1,3.997030500,1,0.004233723,5,1,0.005596996,5,1,0,0,0,0,1,1,1,0,1,0,-1.000000000,0.000000000,0.000000000,0.000000000,0,-1.000000000,0,0,0,,0,-1.000000000,,0,0,0.000000000,0.000000000,0,-1.000000000,0,,0,-1.000000000,,0,-1.000000000,0,,1,2.995865345,171.650440258,-0.007326126,-0.080586433,1,0.000000000,0.000000000,-0.251525879,1.743589401,1,-3.000000000,-171.887338539,0.002442360,-0.034187317,1,-0.214579582,-12.294504431,-0.007326126,-0.007326126,1,-1.183641434,-67.817658609,-0.012210846,-0.003663063,2.988997936,171.256966720,0.000000000,-0.000000000,8.000000000,2.500000000,0.000000000,0.000000000,0.000000000,2.708557367,2.000000000,0.500000000,-3.000000000,-171.887338539,0.000000000,-2.756333113,1.000000000,0.500000000,-0.219158173,-12.556838336,0.000000000,-0.430917025,0.500000000,0.200000003,-1.183641434,-67.817658609,0.000000000,0.000209900,0.000000000,0.100000001
2026-07-06 20:13:29.751,1783340009.751818895,5.010002754,1,1,4.997052705,1,0.004308774,5,1,0.005383318,5,1,0,0,0,0,1,1,1,0,1,0,-1.000000000,0.000000000,0.000000000,0.000000000,0,-1.000000000,0,0,0,,0,-1.000000000,,0,0,0.000000000,0.000000000,0,-1.000000000,0,,0,-1.000000000,,0,-1.000000000,0,,1,2.977553844,170.601268560,-0.007326126,0.080586433,1,0.000000000,0.000000000,0.295482635,-2.345298767,1,-3.000000000,-171.887338539,-0.002442360,-0.034187317,1,-0.219539642,-12.578694942,-0.021978378,-0.002442360,1,-1.183641434,-67.817658609,-0.012210846,-0.003663063,2.988997936,171.256966720,0.000000000,-0.000000000,8.000000000,2.500000000,0.000000000,0.000000000,0.000000000,2.708557367,2.000000000,0.500000000,-3.000000000,-171.887338539,0.000000000,-2.756333113,1.000000000,0.500000000,-0.219158173,-12.556838336,0.000000000,-0.430917025,0.500000000,0.200000003,-1.183641434,-67.817658609,0.000000000,0.000209900,0.000000000,0.100000001
2026-07-06 20:13:30.751,1783340010.751844645,6.010028431,1,1,5.997078382,1,0.004144007,5,1,0.005290155,5,1,0,0,0,0,1,1,1,0,1,0,-1.000000000,0.000000000,0.000000000,0.000000000,0,-1.000000000,0,0,0,,0,-1.000000000,,0,0,0.000000000,0.000000000,0,-1.000000000,0,,0,-1.000000000,,0,-1.000000000,0,,1,2.990523815,171.344393142,0.168498993,-0.437118530,1,0.000000000,0.000000000,-0.002442360,0.020513535,1,-3.000000000,-171.887338539,-0.002442360,-0.034187317,1,-0.218776703,-12.534981731,-0.007326126,-0.007326126,1,-1.184024811,-67.839624497,-0.012210846,-0.003663063,2.988997936,171.256966720,0.000000000,-0.000000000,8.000000000,2.500000000,0.000000000,0.000000000,0.000000000,2.708557367,2.000000000,0.500000000,-3.000000000,-171.887338539,0.000000000,-2.756333113,1.000000000,0.500000000,-0.219158173,-12.556838336,0.000000000,-0.430917025,0.500000000,0.200000003,-1.183641434,-67.817658609,0.000000000,0.000209900,0.000000000,0.100000001
2026-07-06 20:13:31.752,1783340011.752029419,7.010213152,1,1,6.997263103,1,0.004264387,5,1,0.005570885,5,1,0,0,0,0,1,1,1,0,1,0,-1.000000000,0.000000000,0.000000000,0.000000000,0,-1.000000000,0,0,0,,0,-1.000000000,,0,0,0.000000000,0.000000000,0,-1.000000000,0,,0,-1.000000000,,0,-1.000000000,0,,1,3.053467274,174.950787665,-0.109889984,-0.324786186,1,0.000000000,0.000000000,-0.007326126,0.020513535,1,-3.000000000,-171.887338539,-0.002442360,-0.034187317,1,-0.218776703,-12.534981731,-0.007326126,-0.002442360,1,-1.184024811,-67.839624497,-0.036628723,-0.003663063,2.988997936,171.256966720,0.000000000,-0.000000000,8.000000000,2.500000000,0.000000000,0.000000000,0.000000000,2.708557367,2.000000000,0.500000000,-3.000000000,-171.887338539,0.000000000,-2.756333113,1.000000000,0.500000000,-0.219158173,-12.556838336,0.000000000,-0.430917025,0.500000000,0.200000003,-1.183641434,-67.817658609,0.000000000,0.000209900,0.000000000,0.100000001
2026-07-06 20:13:32.752,1783340012.752032518,8.010216395,1,1,7.997266346,1,0.004868649,5,1,0.005748837,5,1,0,0,0,0,1,1,1,0,1,0,-1.000000000,0.000000000,0.000000000,0.000000000,0,-1.000000000,0,0,0,,0,-1.000000000,,0,0,0.000000000,0.000000000,0,-1.000000000,0,,0,-1.000000000,,0,-1.000000000,0,,1,2.987090588,171.147683694,-0.007326126,-0.021978378,1,0.000000000,0.000000000,-0.256410599,1.811965942,1,-3.000000000,-171.887338539,-0.007326126,-0.034187317,1,-0.215342522,-12.338217641,0.007326126,-0.007326126,1,-1.183641434,-67.817658609,-0.012210846,-0.003663063,2.988997936,171.256966720,0.000000000,-0.000000000,8.000000000,2.500000000,0.000000000,0.000000000,0.000000000,2.708557367,2.000000000,0.500000000,-3.000000000,-171.887338539,0.000000000,-2.756333113,1.000000000,0.500000000,-0.219158173,-12.556838336,0.000000000,-0.430917025,0.500000000,0.200000003,-1.183641434,-67.817658609,0.000000000,0.000209900,0.000000000,0.100000001
2026-07-06 20:13:33.752,1783340013.752001762,9.010185514,1,1,8.997235465,1,0.003903047,5,1,0.005220602,5,1,0,0,0,0,1,1,1,0,1,0,-1.000000000,0.000000000,0.000000000,0.000000000,0,-1.000000000,0,0,0,,0,-1.000000000,,0,0,0.000000000,0.000000000,0,-1.000000000,0,,0,-1.000000000,,0,-1.000000000,0,,1,2.977553844,170.601268560,-0.065933228,0.231989861,1,0.000000000,0.000000000,0.227106094,-1.538461685,1,-3.000000000,-171.887338539,-0.002442360,-0.034187317,1,-0.216486931,-12.403787457,-0.021978378,-0.002442360,1,-1.183641434,-67.817658609,-0.012210846,-0.003663063,2.988997936,171.256966720,0.000000000,-0.000000000,8.000000000,2.500000000,0.000000000,0.000000000,0.000000000,2.708557367,2.000000000,0.500000000,-3.000000000,-171.887338539,0.000000000,-2.756333113,1.000000000,0.500000000,-0.219158173,-12.556838336,0.000000000,-0.430917025,0.500000000,0.200000003,-1.183641434,-67.817658609,0.000000000,0.000209900,0.000000000,0.100000001
2026-07-06 20:13:34.752,1783340014.752121925,10.010305633,1,1,9.997355584,1,0.003377978,5,1,0.005354633,5,1,0,0,0,0,1,1,1,0,1,0,-1.000000000,0.000000000,0.000000000,0.000000000,0,-1.000000000,0,0,0,,0,-1.000000000,,0,0,0.000000000,0.000000000,0,-1.000000000,0,,0,-1.000000000,,0,-1.000000000,0,,1,2.967254162,170.011140216,-0.021978378,0.134309769,1,0.000000000,0.000000000,0.119658470,-0.444444656,1,-3.000000000,-171.887338539,-0.002442360,-0.034187317,1,-0.219158173,-12.556838336,-0.007326126,-0.007326126,1,-1.184024811,-67.839624497,-0.036628723,-0.003663063,2.988997936,171.256966720,0.000000000,-0.000000000,8.000000000,2.500000000,0.000000000,0.000000000,0.000000000,2.708557367,2.000000000,0.500000000,-3.000000000,-171.887338539,0.000000000,-2.756333113,1.000000000,0.500000000,-0.219158173,-12.556838336,0.000000000,-0.430917025,0.500000000,0.200000003,-1.183641434,-67.817658609,0.000000000,0.000209900,0.000000000,0.100000001
2026-07-06 20:13:35.752,1783340015.752022266,11.010206069,1,1,10.997256020,1,0.004273622,5,1,0.005426946,5,1,0,0,0,0,1,1,1,0,1,0,-1.000000000,0.000000000,0.000000000,0.000000000,0,-1.000000000,0,0,0,,0,-1.000000000,,0,0,0.000000000,0.000000000,0,-1.000000000,0,,0,-1.000000000,,0,-1.000000000,0,,1,2.978316784,170.644981771,0.007326126,0.061050415,1,0.000000000,0.000000000,-0.007326126,0.020513535,1,-3.000000000,-171.887338539,-0.002442360,-0.047863007,1,-0.219158173,-12.556838336,-0.007326126,-0.002442360,1,-1.184024811,-67.839624497,-0.036628723,-0.006104946,2.988997936,171.256966720,0.000000000,-0.000000000,8.000000000,2.500000000,0.000000000,0.000000000,0.000000000,2.708557367,2.000000000,0.500000000,-3.000000000,-171.887338539,0.000000000,-2.756333113,1.000000000,0.500000000,-0.219158173,-12.556838336,0.000000000,-0.430917025,0.500000000,0.200000003,-1.183641434,-67.817658609,0.000000000,0.000209900,0.000000000,0.100000001
2026-07-06 20:13:36.752,1783340016.752092600,12.010276529,1,1,11.997326480,1,0.003215150,5,1,0.005541895,5,1,0,0,0,0,1,1,1,0,1,0,-1.000000000,0.000000000,0.000000000,0.000000000,0,-1.000000000,0,0,0,,0,-1.000000000,,0,0,0.000000000,0.000000000,0,-1.000000000,0,,0,-1.000000000,,0,-1.000000000,0,,1,2.978316784,170.644981771,-0.007326126,0.061050415,1,0.000000000,0.000000000,-0.002442360,0.020513535,1,-3.000000000,-171.887338539,-0.002442360,-0.034187317,1,-0.219158173,-12.556838336,-0.007326126,-0.007326126,1,-1.183641434,-67.817658609,0.012210846,-0.003663063,2.988997936,171.256966720,0.000000000,-0.000000000,8.000000000,2.500000000,0.000000000,0.000000000,0.000000000,2.708557367,2.000000000,0.500000000,-3.000000000,-171.887338539,0.000000000,-2.756333113,1.000000000,0.500000000,-0.219158173,-12.556838336,0.000000000,-0.430917025,0.500000000,0.200000003,-1.183641434,-67.817658609,0.000000000,0.000209900,0.000000000,0.100000001
2026-07-06 20:13:37.752,1783340017.752089500,13.010273524,1,1,12.997323475,1,0.004222305,5,1,0.005398183,5,1,0,0,0,0,1,1,1,0,1,0,-1.000000000,0.000000000,0.000000000,0.000000000,0,-1.000000000,0,0,0,,0,-1.000000000,,0,0,0.000000000,0.000000000,0,-1.000000000,0,,0,-1.000000000,,0,-1.000000000,0,,1,2.978316784,170.644981771,0.007326126,0.061050415,1,0.000000000,0.000000000,-0.002442360,0.006837845,1,-3.000000000,-171.887338539,-0.002442360,-0.034187317,1,-0.219158173,-12.556838336,-0.007326126,-0.002442360,1,-1.183641434,-67.817658609,0.012210846,-0.003663063,2.988997936,171.256966720,0.000000000,-0.000000000,8.000000000,2.500000000,0.000000000,0.000000000,0.000000000,2.708557367,2.000000000,0.500000000,-3.000000000,-171.887338539,0.000000000,-2.756333113,1.000000000,0.500000000,-0.219158173,-12.556838336,0.000000000,-0.430917025,0.500000000,0.200000003,-1.183641434,-67.817658609,0.000000000,0.000209900,0.000000000,0.100000001
2026-07-06 20:13:38.752,1783340018.752164841,14.010348674,1,1,13.997398625,1,0.003456947,5,1,0.005062025,5,1,0,0,0,0,1,1,1,0,1,0,-1.000000000,0.000000000,0.000000000,0.000000000,0,-1.000000000,0,0,0,,0,-1.000000000,,0,0,0.000000000,0.000000000,0,-1.000000000,0,,0,-1.000000000,,0,-1.000000000,0,,1,2.978316784,170.644981771,-0.007326126,0.056165695,1,0.000000000,0.000000000,-0.002442360,0.006837845,1,-3.000000000,-171.887338539,-0.002442360,-0.034187317,1,-0.219158173,-12.556838336,-0.007326126,-0.007326126,1,-1.183641434,-67.817658609,-0.012210846,-0.003663063,2.988997936,171.256966720,0.000000000,-0.000000000,8.000000000,2.500000000,0.000000000,0.000000000,0.000000000,2.708557367,2.000000000,0.500000000,-3.000000000,-171.887338539,0.000000000,-2.756333113,1.000000000,0.500000000,-0.219158173,-12.556838336,0.000000000,-0.430917025,0.500000000,0.200000003,-1.183641434,-67.817658609,0.000000000,0.000209900,0.000000000,0.100000001
2026-07-06 20:13:39.752,1783340019.752224207,15.010408168,1,1,14.997458119,1,0.003422004,5,1,0.005108795,5,1,0,0,0,0,1,1,1,0,1,0,-1.000000000,0.000000000,0.000000000,0.000000000,0,-1.000000000,0,0,0,,0,-1.000000000,,0,0,0.000000000,0.000000000,0,-1.000000000,0,,0,-1.000000000,,0,-1.000000000,0,,1,2.978698254,170.666838376,-0.007326126,0.061050415,1,0.000000000,0.000000000,-0.002442360,0.006837845,1,-3.000000000,-171.887338539,-0.002442360,-0.034187317,1,-0.218776703,-12.534981731,0.007326126,-0.002442360,1,-1.183641434,-67.817658609,-0.012210846,-0.003663063,2.988997936,171.256966720,0.000000000,-0.000000000,8.000000000,2.500000000,0.000000000,0.000000000,0.000000000,2.708557367,2.000000000,0.500000000,-3.000000000,-171.887338539,0.000000000,-2.756333113,1.000000000,0.500000000,-0.219158173,-12.556838336,0.000000000,-0.430917025,0.500000000,0.200000003,-1.183641434,-67.817658609,0.000000000,0.000209900,0.000000000,0.100000001
2026-07-06 20:13:40.752,1783340020.752283573,16.010467553,1,1,15.997517504,1,0.003815590,5,1,0.005086197,5,1,0,0,0,0,1,1,1,0,1,0,-1.000000000,0.000000000,0.000000000,0.000000000,0,-1.000000000,0,0,0,,0,-1.000000000,,0,0,0.000000000,0.000000000,0,-1.000000000,0,,0,-1.000000000,,0,-1.000000000,0,,0,2.978698254,170.666838376,0.007326126,0.061050415,0,0.000000000,0.000000000,-0.002442360,0.020513535,0,-3.000000000,-171.887338539,0.002442360,-0.034187317,0,-0.218776703,-12.534981731,0.007326126,-0.007326126,0,-1.183641434,-67.817658609,0.012210846,-0.003663063,2.988997936,171.256966720,0.000000000,-0.000000000,8.000000000,2.500000000,0.000000000,0.000000000,0.000000000,2.708557367,2.000000000,0.500000000,-3.000000000,-171.887338539,0.000000000,-2.756333113,1.000000000,0.500000000,-0.219158173,-12.556838336,0.000000000,-0.430917025,0.500000000,0.200000003,-1.183641434,-67.817658609,0.000000000,0.000209900,0.000000000,0.100000001
2026-07-06 20:13:41.752,1783340021.752250671,17.010434511,1,1,16.997484462,1,0.003019317,5,1,0.005107378,5,1,0,0,0,0,1,1,1,0,1,0,-1.000000000,0.000000000,0.000000000,0.000000000,0,-1.000000000,0,0,0,,0,-1.000000000,,0,0,0.000000000,0.000000000,0,-1.000000000,0,,0,-1.000000000,,0,-1.000000000,0,,1,2.978698254,170.666838376,-0.021978378,0.061050415,1,0.000000000,0.000000000,0.002442360,0.006837845,1,-3.000000000,-171.887338539,-0.002442360,-0.034187317,1,-0.219158173,-12.556838336,-0.007326126,-0.002442360,1,-1.183641434,-67.817658609,-0.012210846,-0.003663063,2.988997936,171.256966720,0.000000000,-0.000000000,8.000000000,2.500000000,0.000000000,0.000000000,0.000000000,2.708557367,2.000000000,0.500000000,-3.000000000,-171.887338539,0.000000000,-2.756333113,1.000000000,0.500000000,-0.219158173,-12.556838336,0.000000000,-0.430917025,0.500000000,0.200000003,-1.183641434,-67.817658609,0.000000000,0.000209900,0.000000000,0.100000001
2026-07-06 20:13:42.752,1783340022.752288103,18.010471913,1,1,17.997521864,1,0.003390451,5,1,0.005109059,5,1,0,0,0,0,1,1,1,0,1,0,-1.000000000,0.000000000,0.000000000,0.000000000,0,-1.000000000,0,0,0,,0,-1.000000000,,0,0,0.000000000,0.000000000,0,-1.000000000,0,,0,-1.000000000,,0,-1.000000000,0,,1,2.979079723,170.688694981,-0.007326126,0.051281929,1,0.000000000,0.000000000,-0.002442360,0.006837845,1,-3.000000000,-171.887338539,0.002442360,-0.034187317,1,-0.218776703,-12.534981731,0.007326126,-0.007326126,1,-1.183641434,-67.817658609,0.012210846,-0.003663063,2.988997936,171.256966720,0.000000000,-0.000000000,8.000000000,2.500000000,0.000000000,0.000000000,0.000000000,2.708557367,2.000000000,0.500000000,-3.000000000,-171.887338539,0.000000000,-2.756333113,1.000000000,0.500000000,-0.219158173,-12.556838336,0.000000000,-0.430917025,0.500000000,0.200000003,-1.183641434,-67.817658609,0.000000000,0.000209900,0.000000000,0.100000001
2026-07-06 20:13:43.752,1783340023.752337694,19.010521362,1,1,18.997571313,1,0.003772771,5,1,0.005420453,5,1,0,0,0,0,1,1,1,0,1,0,-1.000000000,0.000000000,0.000000000,0.000000000,0,-1.000000000,0,0,0,,0,-1.000000000,,0,0,0.000000000,0.000000000,0,-1.000000000,0,,0,-1.000000000,,0,-1.000000000,0,,1,2.980987072,170.797978008,-0.007326126,0.036629677,1,0.000000000,0.000000000,-0.002442360,0.020513535,1,-3.000000000,-171.887338539,-0.002442360,-0.047863007,1,-0.219158173,-12.556838336,-0.007326126,-0.002442360,1,-1.183641434,-67.817658609,-0.012210846,-0.003663063,2.988997936,171.256966720,0.000000000,-0.000000000,8.000000000,2.500000000,0.000000000,0.000000000,0.000000000,2.708557367,2.000000000,0.500000000,-3.000000000,-171.887338539,0.000000000,-2.756333113,1.000000000,0.500000000,-0.219158173,-12.556838336,0.000000000,-0.430917025,0.500000000,0.200000003,-1.183641434,-67.817658609,0.000000000,0.000209900,0.000000000,0.100000001
2026-07-06 20:13:44.752,1783340024.752339125,20.010523073,1,1,19.997573024,1,0.003677098,5,1,0.005252667,5,1,0,0,0,0,1,1,1,0,1,0,-1.000000000,0.000000000,0.000000000,0.000000000,0,-1.000000000,0,0,0,,0,-1.000000000,,0,0,0.000000000,0.000000000,0,-1.000000000,0,,0,-1.000000000,,0,-1.000000000,0,,1,2.980987072,170.797978008,-0.021978378,0.036629677,1,0.000000000,0.000000000,-0.002442360,0.006837845,1,-3.000000000,-171.887338539,-0.002442360,-0.047863007,1,-0.219158173,-12.556838336,-0.021978378,-0.002442360,1,-1.184024811,-67.839624497,-0.061050415,-0.003663063,2.988997936,171.256966720,0.000000000,-0.000000000,8.000000000,2.500000000,0.000000000,0.000000000,0.000000000,2.708557367,2.000000000,0.500000000,-3.000000000,-171.887338539,0.000000000,-2.756333113,1.000000000,0.500000000,-0.219158173,-12.556838336,0.000000000,-0.430917025,0.500000000,0.200000003,-1.183641434,-67.817658609,0.000000000,0.000209900,0.000000000,0.100000001
2026-07-06 20:13:45.752,1783340025.752375603,21.010559233,1,1,20.997609184,1,0.003206236,5,1,0.004972279,5,1,0,0,0,0,1,1,1,0,1,0,-1.000000000,0.000000000,0.000000000,0.000000000,0,-1.000000000,0,0,0,,0,-1.000000000,,0,0,0.000000000,0.000000000,0,-1.000000000,0,,0,-1.000000000,,0,-1.000000000,0,,1,2.980987072,170.797978008,-0.007326126,0.036629677,1,0.000000000,0.000000000,-0.002442360,0.006837845,1,-3.000000000,-171.887338539,-0.002442360,-0.034187317,1,-0.219158173,-12.556838336,-0.007326126,-0.007326126,0,-1.184024811,-67.839624497,-0.061050415,-0.003663063,2.988997936,171.256966720,0.000000000,-0.000000000,8.000000000,2.500000000,0.000000000,0.000000000,0.000000000,2.708557367,2.000000000,0.500000000,-3.000000000,-171.887338539,0.000000000,-2.756333113,1.000000000,0.500000000,-0.219158173,-12.556838336,0.000000000,-0.430917025,0.500000000,0.200000003,-1.183641434,-67.817658609,0.000000000,0.000209900,0.000000000,0.100000001
2026-07-06 20:13:46.752,1783340026.752543688,22.010727550,1,1,21.997777501,1,0.002812806,5,1,0.005063677,5,1,0,0,0,0,1,1,1,0,1,0,-1.000000000,0.000000000,0.000000000,0.000000000,0,-1.000000000,0,0,0,,0,-1.000000000,,0,0,0.000000000,0.000000000,0,-1.000000000,0,,0,-1.000000000,,0,-1.000000000,0,,1,2.981368542,170.819834613,-0.007326126,0.036629677,1,0.000000000,0.000000000,-0.002442360,0.006837845,1,-3.000000000,-171.887338539,-0.002442360,-0.047863007,1,-0.219158173,-12.556838336,-0.021978378,-0.002442360,1,-1.184024811,-67.839624497,0.012210846,-0.003663063,2.988997936,171.256966720,0.000000000,-0.000000000,8.000000000,2.500000000,0.000000000,0.000000000,0.000000000,2.708557367,2.000000000,0.500000000,-3.000000000,-171.887338539,0.000000000,-2.756333113,1.000000000,0.500000000,-0.219158173,-12.556838336,0.000000000,-0.430917025,0.500000000,0.200000003,-1.183641434,-67.817658609,0.000000000,0.000209900,0.000000000,0.100000001
2026-07-06 20:13:47.752,1783340027.752437830,23.010621457,1,1,22.997671408,1,0.003308834,5,1,0.005246492,5,1,0,0,0,0,1,1,1,0,1,0,-1.000000000,0.000000000,0.000000000,0.000000000,0,-1.000000000,0,0,0,,0,-1.000000000,,0,0,0.000000000,0.000000000,0,-1.000000000,0,,0,-1.000000000,,0,-1.000000000,0,,1,2.980987072,170.797978008,-0.007326126,0.036629677,1,0.000000000,0.000000000,-0.002442360,0.006837845,1,-3.000000000,-171.887338539,-0.002442360,-0.047863007,1,-0.219158173,-12.556838336,-0.007326126,-0.007326126,1,-1.183641434,-67.817658609,-0.036628723,-0.003663063,2.988997936,171.256966720,0.000000000,-0.000000000,8.000000000,2.500000000,0.000000000,0.000000000,0.000000000,2.708557367,2.000000000,0.500000000,-3.000000000,-171.887338539,0.000000000,-2.756333113,1.000000000,0.500000000,-0.219158173,-12.556838336,0.000000000,-0.430917025,0.500000000,0.200000003,-1.183641434,-67.817658609,0.000000000,0.000209900,0.000000000,0.100000001
2026-07-06 20:13:48.752,1783340028.752458572,24.010642306,1,1,23.997692257,1,0.002696779,5,1,0.004631845,5,1,0,0,0,0,1,1,1,0,1,0,-1.000000000,0.000000000,0.000000000,0.000000000,0,-1.000000000,0,0,0,,0,-1.000000000,,0,0,0.000000000,0.000000000,0,-1.000000000,0,,0,-1.000000000,,0,-1.000000000,0,,1,2.981368542,170.819834613,-0.007326126,0.036629677,1,0.000000000,0.000000000,-0.002442360,0.006837845,1,-3.000000000,-171.887338539,-0.007326126,-0.034187317,1,-0.218776703,-12.534981731,-0.007326126,-0.002442360,1,-1.183641434,-67.817658609,0.012210846,-0.006104946,2.988997936,171.256966720,0.000000000,-0.000000000,8.000000000,2.500000000,0.000000000,0.000000000,0.000000000,2.708557367,2.000000000,0.500000000,-3.000000000,-171.887338539,0.000000000,-2.756333113,1.000000000,0.500000000,-0.219158173,-12.556838336,0.000000000,-0.430917025,0.500000000,0.200000003,-1.183641434,-67.817658609,0.000000000,0.000209900,0.000000000,0.100000001
2026-07-06 20:13:49.752,1783340029.752477646,25.010661602,1,1,24.997711553,1,0.003785010,5,1,0.004931170,5,1,0,0,0,0,1,1,1,0,1,0,-1.000000000,0.000000000,0.000000000,0.000000000,0,-1.000000000,0,0,0,,0,-1.000000000,,0,0,0.000000000,0.000000000,0,-1.000000000,0,,0,-1.000000000,,0,-1.000000000,0,,1,2.981368542,170.819834613,-0.007326126,0.036629677,1,0.000000000,0.000000000,0.002442360,0.020513535,1,-3.000000000,-171.887338539,-0.002442360,-0.047863007,1,-0.219158173,-12.556838336,-0.007326126,-0.002442360,1,-1.184024811,-67.839624497,-0.012210846,-0.003663063,2.988997936,171.256966720,0.000000000,-0.000000000,8.000000000,2.500000000,0.000000000,0.000000000,0.000000000,2.708557367,2.000000000,0.500000000,-3.000000000,-171.887338539,0.000000000,-2.756333113,1.000000000,0.500000000,-0.219158173,-12.556838336,0.000000000,-0.430917025,0.500000000,0.200000003,-1.183641434,-67.817658609,0.000000000,0.000209900,0.000000000,0.100000001
2026-07-06 20:13:50.753,1783340030.752958298,26.011142097,1,1,25.998192048,1,0.004505590,5,1,0.006111783,5,1,0,0,0,0,1,1,1,0,1,0,-1.000000000,0.000000000,0.000000000,0.000000000,0,-1.000000000,0,0,0,,0,-1.000000000,,0,0,0.000000000,0.000000000,0,-1.000000000,0,,0,-1.000000000,,0,-1.000000000,0,,1,2.981368542,170.819834613,-0.021978378,0.036629677,1,0.000000000,0.000000000,-0.002442360,0.020513535,1,-3.000000000,-171.887338539,-0.002442360,-0.047863007,1,-0.219158173,-12.556838336,-0.021978378,-0.007326126,1,-1.183641434,-67.817658609,0.012210846,-0.003663063,2.988997936,171.256966720,0.000000000,-0.000000000,8.000000000,2.500000000,0.000000000,0.000000000,0.000000000,2.708557367,2.000000000,0.500000000,-3.000000000,-171.887338539,0.000000000,-2.756333113,1.000000000,0.500000000,-0.219158173,-12.556838336,0.000000000,-0.430917025,0.500000000,0.200000003,-1.183641434,-67.817658609,0.000000000,0.000209900,0.000000000,0.100000001
2026-07-06 20:13:51.752,1783340031.752642393,27.010826203,1,1,26.997876154,1,0.003504571,5,1,0.005177514,5,1,0,0,0,0,1,1,1,0,1,0,-1.000000000,0.000000000,0.000000000,0.000000000,0,-1.000000000,0,0,0,,0,-1.000000000,,0,0,0.000000000,0.000000000,0,-1.000000000,0,,0,-1.000000000,,0,-1.000000000,0,,1,2.981368542,170.819834613,0.007326126,0.036629677,1,0.000000000,0.000000000,0.002442360,0.006837845,1,-3.000000000,-171.887338539,-0.002442360,-0.047863007,1,-0.219158173,-12.556838336,-0.007326126,-0.002442360,1,-1.183641434,-67.817658609,-0.012210846,-0.003663063,2.988997936,171.256966720,0.000000000,-0.000000000,8.000000000,2.500000000,0.000000000,0.000000000,0.000000000,2.708557367,2.000000000,0.500000000,-3.000000000,-171.887338539,0.000000000,-2.756333113,1.000000000,0.500000000,-0.219158173,-12.556838336,0.000000000,-0.430917025,0.500000000,0.200000003,-1.183641434,-67.817658609,0.000000000,0.000209900,0.000000000,0.100000001
2026-07-06 20:13:52.752,1783340032.752576590,28.010760437,1,1,27.997810388,1,0.003409316,5,1,0.005400793,5,1,0,0,0,0,1,1,1,0,1,0,-1.000000000,0.000000000,0.000000000,0.000000000,0,-1.000000000,0,0,0,,0,-1.000000000,,0,0,0.000000000,0.000000000,0,-1.000000000,0,,0,-1.000000000,,0,-1.000000000,0,,1,2.981368542,170.819834613,0.007326126,0.036629677,1,0.000000000,0.000000000,-0.002442360,0.020513535,1,-3.000000000,-171.887338539,0.002442360,-0.047863007,1,-0.219158173,-12.556838336,-0.007326126,-0.002442360,0,-1.183641434,-67.817658609,-0.012210846,-0.003663063,2.988997936,171.256966720,0.000000000,-0.000000000,8.000000000,2.500000000,0.000000000,0.000000000,0.000000000,2.708557367,2.000000000,0.500000000,-3.000000000,-171.887338539,0.000000000,-2.756333113,1.000000000,0.500000000,-0.219158173,-12.556838336,0.000000000,-0.430917025,0.500000000,0.200000003,-1.183641434,-67.817658609,0.000000000,0.000209900,0.000000000,0.100000001
2026-07-06 20:13:53.752,1783340033.752610922,29.010794619,1,1,28.997844570,1,0.003771370,5,1,0.005436335,5,1,0,0,0,0,1,1,1,0,1,0,-1.000000000,0.000000000,0.000000000,0.000000000,0,-1.000000000,0,0,0,,0,-1.000000000,,0,0,0.000000000,0.000000000,0,-1.000000000,0,,0,-1.000000000,,0,-1.000000000,0,,1,2.981368542,170.819834613,-0.007326126,0.036629677,1,0.000000000,0.000000000,-0.002442360,0.006837845,1,-3.000000000,-171.887338539,0.002442360,-0.034187317,1,-0.219158173,-12.556838336,-0.007326126,-0.007326126,1,-1.183641434,-67.817658609,-0.012210846,-0.003663063,2.988997936,171.256966720,0.000000000,-0.000000000,8.000000000,2.500000000,0.000000000,0.000000000,0.000000000,2.708557367,2.000000000,0.500000000,-3.000000000,-171.887338539,0.000000000,-2.756333113,1.000000000,0.500000000,-0.219158173,-12.556838336,0.000000000,-0.430917025,0.500000000,0.200000003,-1.183641434,-67.817658609,0.000000000,0.000209900,0.000000000,0.100000001
2026-07-06 20:13:54.752,1783340034.752612114,30.010795815,1,1,29.997845766,1,0.003112956,5,1,0.005253367,5,1,0,0,0,0,1,1,1,0,1,0,-1.000000000,0.000000000,0.000000000,0.000000000,0,-1.000000000,0,0,0,,0,-1.000000000,,0,0,0.000000000,0.000000000,0,-1.000000000,0,,0,-1.000000000,,0,-1.000000000,0,,1,2.981368542,170.819834613,-0.007326126,0.041514397,1,0.000000000,0.000000000,-0.002442360,0.020513535,1,-3.000000000,-171.887338539,-0.002442360,-0.034187317,1,-0.219158173,-12.556838336,-0.021978378,-0.007326126,1,-1.184024811,-67.839624497,-0.036628723,-0.003663063,2.988997936,171.256966720,0.000000000,-0.000000000,8.000000000,2.500000000,0.000000000,0.000000000,0.000000000,2.708557367,2.000000000,0.500000000,-3.000000000,-171.887338539,0.000000000,-2.756333113,1.000000000,0.500000000,-0.219158173,-12.556838336,0.000000000,-0.430917025,0.500000000,0.200000003,-1.183641434,-67.817658609,0.000000000,0.000209900,0.000000000,0.100000001
2026-07-06 20:13:55.752,1783340035.752817869,31.011001600,1,1,30.998051551,1,0.004205479,5,1,0.005361837,5,1,0,0,0,0,1,1,1,0,1,0,-1.000000000,0.000000000,0.000000000,0.000000000,0,-1.000000000,0,0,0,,0,-1.000000000,,0,0,0.000000000,0.000000000,0,-1.000000000,0,,0,-1.000000000,,0,-1.000000000,0,,1,2.981368542,170.819834613,-0.007326126,0.036629677,1,0.000000000,0.000000000,-0.002442360,0.020513535,1,-3.000000000,-171.887338539,-0.002442360,-0.034187317,1,-0.219158173,-12.556838336,-0.007326126,-0.002442360,1,-1.184024811,-67.839624497,-0.036628723,-0.006104946,2.988997936,171.256966720,0.000000000,-0.000000000,8.000000000,2.500000000,0.000000000,0.000000000,0.000000000,2.708557367,2.000000000,0.500000000,-3.000000000,-171.887338539,0.000000000,-2.756333113,1.000000000,0.500000000,-0.219158173,-12.556838336,0.000000000,-0.430917025,0.500000000,0.200000003,-1.183641434,-67.817658609,0.000000000,0.000209900,0.000000000,0.100000001
2026-07-06 20:13:56.752,1783340036.752790451,32.010974240,1,1,31.998024191,1,0.003449128,5,1,0.005246544,5,1,0,0,0,0,1,1,1,0,1,0,-1.000000000,0.000000000,0.000000000,0.000000000,0,-1.000000000,0,0,0,,0,-1.000000000,,0,0,0.000000000,0.000000000,0,-1.000000000,0,,0,-1.000000000,,0,-1.000000000,0,,1,2.981368542,170.819834613,-0.007326126,0.041514397,1,0.000000000,0.000000000,-0.007326126,0.020513535,1,-3.000000000,-171.887338539,-0.002442360,-0.034187317,1,-0.219158173,-12.556838336,-0.007326126,-0.007326126,1,-1.183641434,-67.817658609,-0.012210846,-0.003663063,2.988997936,171.256966720,0.000000000,-0.000000000,8.000000000,2.500000000,0.000000000,0.000000000,0.000000000,2.708557367,2.000000000,0.500000000,-3.000000000,-171.887338539,0.000000000,-2.756333113,1.000000000,0.500000000,-0.219158173,-12.556838336,0.000000000,-0.430917025,0.500000000,0.200000003,-1.183641434,-67.817658609,0.000000000,0.000209900,0.000000000,0.100000001
2026-07-06 20:13:57.752,1783340037.752871752,33.011055576,1,1,32.998105527,1,0.003339663,5,1,0.005308054,5,1,0,0,0,0,1,1,1,0,1,0,-1.000000000,0.000000000,0.000000000,0.000000000,0,-1.000000000,0,0,0,,0,-1.000000000,,0,0,0.000000000,0.000000000,0,-1.000000000,0,,0,-1.000000000,,0,-1.000000000,0,,1,2.981368542,170.819834613,-0.007326126,0.036629677,1,0.000000000,0.000000000,-0.007326126,0.020513535,1,-3.000000000,-171.887338539,-0.002442360,-0.034187317,1,-0.218776703,-12.534981731,-0.021978378,-0.002442360,1,-1.183641434,-67.817658609,-0.036628723,-0.003663063,2.988997936,171.256966720,0.000000000,-0.000000000,8.000000000,2.500000000,0.000000000,0.000000000,0.000000000,2.708557367,2.000000000,0.500000000,-3.000000000,-171.887338539,0.000000000,-2.756333113,1.000000000,0.500000000,-0.219158173,-12.556838336,0.000000000,-0.430917025,0.500000000,0.200000003,-1.183641434,-67.817658609,0.000000000,0.000209900,0.000000000,0.100000001
2026-07-06 20:13:58.752,1783340038.752875805,34.011059496,1,1,33.998109447,1,0.003213181,5,1,0.005426759,5,1,0,0,0,0,1,1,1,0,1,0,-1.000000000,0.000000000,0.000000000,0.000000000,0,-1.000000000,0,0,0,,0,-1.000000000,,0,0,0.000000000,0.000000000,0,-1.000000000,0,,0,-1.000000000,,0,-1.000000000,0,,1,2.981368542,170.819834613,-0.021978378,0.036629677,1,0.000000000,0.000000000,-0.002442360,0.020513535,1,-3.000000000,-171.887338539,-0.002442360,-0.047863007,1,-0.219158173,-12.556838336,-0.007326126,-0.007326126,1,-1.183641434,-67.817658609,0.012210846,-0.003663063,2.988997936,171.256966720,0.000000000,-0.000000000,8.000000000,2.500000000,0.000000000,0.000000000,0.000000000,2.708557367,2.000000000,0.500000000,-3.000000000,-171.887338539,0.000000000,-2.756333113,1.000000000,0.500000000,-0.219158173,-12.556838336,0.000000000,-0.430917025,0.500000000,0.200000003,-1.183641434,-67.817658609,0.000000000,0.000209900,0.000000000,0.100000001
2026-07-06 20:13:59.752,1783340039.752893686,35.011077603,1,1,34.998127554,1,0.003665367,5,1,0.005407989,5,1,0,0,0,0,1,1,1,0,1,0,-1.000000000,0.000000000,0.000000000,0.000000000,0,-1.000000000,0,0,0,,0,-1.000000000,,0,0,0.000000000,0.000000000,0,-1.000000000,0,,0,-1.000000000,,0,-1.000000000,0,,1,2.981368542,170.819834613,0.007326126,0.041514397,1,0.000000000,0.000000000,-0.002442360,0.006837845,1,-3.000000000,-171.887338539,-0.002442360,-0.034187317,1,-0.219158173,-12.556838336,-0.007326126,-0.002442360,1,-1.183641434,-67.817658609,0.036628723,-0.003663063,2.988997936,171.256966720,0.000000000,-0.000000000,8.000000000,2.500000000,0.000000000,0.000000000,0.000000000,2.708557367,2.000000000,0.500000000,-3.000000000,-171.887338539,0.000000000,-2.756333113,1.000000000,0.500000000,-0.219158173,-12.556838336,0.000000000,-0.430917025,0.500000000,0.200000003,-1.183641434,-67.817658609,0.000000000,0.000209900,0.000000000,0.100000001
2026-07-06 20:14:00.753,1783340040.752910614,36.011094398,1,1,35.998144349,1,0.003758558,5,1,0.005474252,5,1,0,0,0,0,1,1,1,0,1,0,-1.000000000,0.000000000,0.000000000,0.000000000,0,-1.000000000,0,0,0,,0,-1.000000000,,0,0,0.000000000,0.000000000,0,-1.000000000,0,,0,-1.000000000,,0,-1.000000000,0,,1,2.981368542,170.819834613,-0.021978378,0.031745911,1,0.000000000,0.000000000,-0.002442360,0.006837845,1,-3.000000000,-171.887338539,-0.007326126,-0.034187317,1,-0.219158173,-12.556838336,-0.007326126,-0.002442360,1,-1.183641434,-67.817658609,-0.012210846,-0.003663063,2.988997936,171.256966720,0.000000000,-0.000000000,8.000000000,2.500000000,0.000000000,0.000000000,0.000000000,2.708557367,2.000000000,0.500000000,-3.000000000,-171.887338539,0.000000000,-2.756333113,1.000000000,0.500000000,-0.219158173,-12.556838336,0.000000000,-0.430917025,0.500000000,0.200000003,-1.183641434,-67.817658609,0.000000000,0.000209900,0.000000000,0.100000001
2026-07-06 20:14:01.752,1783340041.752839327,37.011023221,1,1,36.998073172,1,0.003575405,5,1,0.005403819,5,1,0,0,0,0,1,1,1,0,1,0,-1.000000000,0.000000000,0.000000000,0.000000000,0,-1.000000000,0,0,0,,0,-1.000000000,,0,0,0.000000000,0.000000000,0,-1.000000000,0,,0,-1.000000000,,0,-1.000000000,0,,1,2.981368542,170.819834613,-0.007326126,0.036629677,1,0.000000000,0.000000000,-0.007326126,0.006837845,1,-3.000000000,-171.887338539,-0.007326126,-0.034187317,1,-0.219158173,-12.556838336,-0.021978378,-0.002442360,1,-1.184024811,-67.839624497,-0.036628723,-0.003663063,2.988997936,171.256966720,0.000000000,-0.000000000,8.000000000,2.500000000,0.000000000,0.000000000,0.000000000,2.708557367,2.000000000,0.500000000,-3.000000000,-171.887338539,0.000000000,-2.756333113,1.000000000,0.500000000,-0.219158173,-12.556838336,0.000000000,-0.430917025,0.500000000,0.200000003,-1.183641434,-67.817658609,0.000000000,0.000209900,0.000000000,0.100000001
2026-07-06 20:14:02.752,1783340042.752845526,38.011029417,1,1,37.998079368,1,0.003478571,5,1,0.005252157,5,1,0,0,0,0,1,1,1,0,1,0,-1.000000000,0.000000000,0.000000000,0.000000000,0,-1.000000000,0,0,0,,0,-1.000000000,,0,0,0.000000000,0.000000000,0,-1.000000000,0,,0,-1.000000000,,0,-1.000000000,0,,1,2.981368542,170.819834613,-0.007326126,0.036629677,1,0.000000000,0.000000000,-0.002442360,0.020513535,1,-3.000000000,-171.887338539,-0.002442360,-0.034187317,1,-0.219158173,-12.556838336,-0.007326126,-0.007326126,1,-1.183641434,-67.817658609,-0.012210846,-0.003663063,2.988997936,171.256966720,0.000000000,-0.000000000,8.000000000,2.500000000,0.000000000,0.000000000,0.000000000,2.708557367,2.000000000,0.500000000,-3.000000000,-171.887338539,0.000000000,-2.756333113,1.000000000,0.500000000,-0.219158173,-12.556838336,0.000000000,-0.430917025,0.500000000,0.200000003,-1.183641434,-67.817658609,0.000000000,0.000209900,0.000000000,0.100000001
2026-07-06 20:14:03.753,1783340043.752920866,39.011104658,1,1,38.998154609,1,0.003424818,5,1,0.005111802,5,1,0,0,0,0,1,1,1,0,1,0,-1.000000000,0.000000000,0.000000000,0.000000000,0,-1.000000000,0,0,0,,0,-1.000000000,,0,0,0.000000000,0.000000000,0,-1.000000000,0,,0,-1.000000000,,0,-1.000000000,0,,1,2.981368542,170.819834613,-0.007326126,0.036629677,1,0.000000000,0.000000000,-0.002442360,0.006837845,1,-3.000000000,-171.887338539,-0.002442360,-0.034187317,1,-0.218776703,-12.534981731,-0.007326126,-0.007326126,1,-1.183641434,-67.817658609,-0.012210846,-0.003663063,2.988997936,171.256966720,0.000000000,-0.000000000,8.000000000,2.500000000,0.000000000,0.000000000,0.000000000,2.708557367,2.000000000,0.500000000,-3.000000000,-171.887338539,0.000000000,-2.756333113,1.000000000,0.500000000,-0.219158173,-12.556838336,0.000000000,-0.430917025,0.500000000,0.200000003,-1.183641434,-67.817658609,0.000000000,0.000209900,0.000000000,0.100000001
2026-07-06 20:14:04.753,1783340044.752943754,40.011127579,1,1,39.998177530,1,0.003408765,5,1,0.005273277,5,1,0,0,0,0,1,1,1,0,1,0,-1.000000000,0.000000000,0.000000000,0.000000000,0,-1.000000000,0,0,0,,0,-1.000000000,,0,0,0.000000000,0.000000000,0,-1.000000000,0,,0,-1.000000000,,0,-1.000000000,0,,1,2.981368542,170.819834613,-0.021978378,0.041514397,1,0.000000000,0.000000000,0.002442360,0.006837845,1,-3.000000000,-171.887338539,-0.002442360,-0.034187317,1,-0.219158173,-12.556838336,-0.021978378,-0.007326126,1,-1.184024811,-67.839624497,-0.061050415,-0.003663063,2.988997936,171.256966720,0.000000000,-0.000000000,8.000000000,2.500000000,0.000000000,0.000000000,0.000000000,2.708557367,2.000000000,0.500000000,-3.000000000,-171.887338539,0.000000000,-2.756333113,1.000000000,0.500000000,-0.219158173,-12.556838336,0.000000000,-0.430917025,0.500000000,0.200000003,-1.183641434,-67.817658609,0.000000000,0.000209900,0.000000000,0.100000001
2026-07-06 20:14:05.753,1783340045.752989292,41.011172926,1,1,40.998222877,1,0.003596852,5,1,0.005090918,5,1,0,0,0,0,1,1,1,0,1,0,-1.000000000,0.000000000,0.000000000,0.000000000,0,-1.000000000,0,0,0,,0,-1.000000000,,0,0,0.000000000,0.000000000,0,-1.000000000,0,,0,-1.000000000,,0,-1.000000000,0,,1,2.981368542,170.819834613,-0.007326126,0.036629677,1,0.000000000,0.000000000,-0.002442360,0.020513535,1,-3.000000000,-171.887338539,-0.002442360,-0.034187317,1,-0.219158173,-12.556838336,-0.007326126,-0.007326126,1,-1.184024811,-67.839624497,-0.012210846,-0.003663063,2.988997936,171.256966720,0.000000000,-0.000000000,8.000000000,2.500000000,0.000000000,0.000000000,0.000000000,2.708557367,2.000000000,0.500000000,-3.000000000,-171.887338539,0.000000000,-2.756333113,1.000000000,0.500000000,-0.219158173,-12.556838336,0.000000000,-0.430917025,0.500000000,0.200000003,-1.183641434,-67.817658609,0.000000000,0.000209900,0.000000000,0.100000001
2026-07-06 20:14:06.753,1783340046.752960682,42.011144486,1,1,41.998194437,1,0.004146549,5,1,0.005481816,5,1,0,0,0,0,1,1,1,0,1,0,-1.000000000,0.000000000,0.000000000,0.000000000,0,-1.000000000,0,0,0,,0,-1.000000000,,0,0,0.000000000,0.000000000,0,-1.000000000,0,,0,-1.000000000,,0,-1.000000000,0,,1,2.981368542,170.819834613,-0.007326126,0.036629677,1,0.000000000,0.000000000,0.002442360,0.020513535,1,-3.000000000,-171.887338539,-0.002442360,-0.034187317,1,-0.219158173,-12.556838336,-0.007326126,-0.002442360,1,-1.183641434,-67.817658609,-0.036628723,-0.003663063,2.988997936,171.256966720,0.000000000,-0.000000000,8.000000000,2.500000000,0.000000000,0.000000000,0.000000000,2.708557367,2.000000000,0.500000000,-3.000000000,-171.887338539,0.000000000,-2.756333113,1.000000000,0.500000000,-0.219158173,-12.556838336,0.000000000,-0.430917025,0.500000000,0.200000003,-1.183641434,-67.817658609,0.000000000,0.000209900,0.000000000,0.100000001
2026-07-06 20:14:07.753,1783340047.753019333,43.011203066,1,1,42.998253017,1,0.003501771,5,1,0.005133434,5,1,0,0,0,0,1,1,1,0,1,0,-1.000000000,0.000000000,0.000000000,0.000000000,0,-1.000000000,0,0,0,,0,-1.000000000,,0,0,0.000000000,0.000000000,0,-1.000000000,0,,0,-1.000000000,,0,-1.000000000,0,,1,2.981368542,170.819834613,-0.007326126,0.036629677,1,0.000000000,0.000000000,-0.002442360,0.006837845,1,-3.000000000,-171.887338539,-0.002442360,-0.047863007,1,-0.219158173,-12.556838336,-0.007326126,-0.002442360,1,-1.183641434,-67.817658609,-0.012210846,-0.003663063,2.988997936,171.256966720,0.000000000,-0.000000000,8.000000000,2.500000000,0.000000000,0.000000000,0.000000000,2.708557367,2.000000000,0.500000000,-3.000000000,-171.887338539,0.000000000,-2.756333113,1.000000000,0.500000000,-0.219158173,-12.556838336,0.000000000,-0.430917025,0.500000000,0.200000003,-1.183641434,-67.817658609,0.000000000,0.000209900,0.000000000,0.100000001
2026-07-06 20:14:08.753,1783340048.753024340,44.011208086,1,1,43.998258037,1,0.003345050,5,1,0.005176582,5,1,0,0,0,0,1,1,1,0,1,0,-1.000000000,0.000000000,0.000000000,0.000000000,0,-1.000000000,0,0,0,,0,-1.000000000,,0,0,0.000000000,0.000000000,0,-1.000000000,0,,0,-1.000000000,,0,-1.000000000,0,,1,2.981368542,170.819834613,-0.007326126,0.036629677,1,0.000000000,0.000000000,0.002442360,0.006837845,1,-3.000000000,-171.887338539,0.002442360,-0.034187317,1,-0.219158173,-12.556838336,0.007326126,-0.007326126,1,-1.184024811,-67.839624497,-0.036628723,-0.003663063,2.988997936,171.256966720,0.000000000,-0.000000000,8.000000000,2.500000000,0.000000000,0.000000000,0.000000000,2.708557367,2.000000000,0.500000000,-3.000000000,-171.887338539,0.000000000,-2.756333113,1.000000000,0.500000000,-0.219158173,-12.556838336,0.000000000,-0.430917025,0.500000000,0.200000003,-1.183641434,-67.817658609,0.000000000,0.000209900,0.000000000,0.100000001
2026-07-06 20:14:09.753,1783340049.753045082,45.011228684,1,1,44.998278635,1,0.003508964,5,1,0.005087108,5,1,0,0,0,0,1,1,1,0,1,0,-1.000000000,0.000000000,0.000000000,0.000000000,0,-1.000000000,0,0,0,,0,-1.000000000,,0,0,0.000000000,0.000000000,0,-1.000000000,0,,0,-1.000000000,,0,-1.000000000,0,,1,2.981368542,170.819834613,-0.007326126,0.036629677,1,0.000000000,0.000000000,-0.007326126,0.006837845,1,-3.000000000,-171.887338539,-0.002442360,-0.034187317,1,-0.219158173,-12.556838336,-0.007326126,-0.007326126,1,-1.184024811,-67.839624497,-0.036628723,-0.003663063,2.988997936,171.256966720,0.000000000,-0.000000000,8.000000000,2.500000000,0.000000000,0.000000000,0.000000000,2.708557367,2.000000000,0.500000000,-3.000000000,-171.887338539,0.000000000,-2.756333113,1.000000000,0.500000000,-0.219158173,-12.556838336,0.000000000,-0.430917025,0.500000000,0.200000003,-1.183641434,-67.817658609,0.000000000,0.000209900,0.000000000,0.100000001
2026-07-06 20:14:10.753,1783340050.753244162,46.011427904,1,1,45.998477855,1,0.004484079,5,1,0.005642322,5,1,0,0,0,0,1,1,1,0,1,0,-1.000000000,0.000000000,0.000000000,0.000000000,0,-1.000000000,0,0,0,,0,-1.000000000,,0,0,0.000000000,0.000000000,0,-1.000000000,0,,0,-1.000000000,,0,-1.000000000,0,,1,2.981368542,170.819834613,0.007326126,0.031745911,1,0.000000000,0.000000000,-0.002442360,0.006837845,1,-3.000000000,-171.887338539,-0.007326126,-0.047863007,1,-0.219158173,-12.556838336,0.007326126,-0.007326126,1,-1.183641434,-67.817658609,0.012210846,-0.003663063,2.988997936,171.256966720,0.000000000,-0.000000000,8.000000000,2.500000000,0.000000000,0.000000000,0.000000000,2.708557367,2.000000000,0.500000000,-3.000000000,-171.887338539,0.000000000,-2.756333113,1.000000000,0.500000000,-0.219158173,-12.556838336,0.000000000,-0.430917025,0.500000000,0.200000003,-1.183641434,-67.817658609,0.000000000,0.000209900,0.000000000,0.100000001
2026-07-06 20:14:11.753,1783340051.753198147,47.011381787,1,1,46.998431738,1,0.003462207,5,1,0.005642068,5,1,0,0,0,0,1,1,1,0,1,0,-1.000000000,0.000000000,0.000000000,0.000000000,0,-1.000000000,0,0,0,,0,-1.000000000,,0,0,0.000000000,0.000000000,0,-1.000000000,0,,0,-1.000000000,,0,-1.000000000,0,,1,2.981368542,170.819834613,-0.007326126,0.036629677,1,0.000000000,0.000000000,-0.002442360,0.006837845,1,-3.000000000,-171.887338539,-0.002442360,-0.047863007,1,-0.218776703,-12.534981731,0.007326126,-0.007326126,1,-1.183641434,-67.817658609,-0.012210846,-0.003663063,2.988997936,171.256966720,0.000000000,-0.000000000,8.000000000,2.500000000,0.000000000,0.000000000,0.000000000,2.708557367,2.000000000,0.500000000,-3.000000000,-171.887338539,0.000000000,-2.756333113,1.000000000,0.500000000,-0.219158173,-12.556838336,0.000000000,-0.430917025,0.500000000,0.200000003,-1.183641434,-67.817658609,0.000000000,0.000209900,0.000000000,0.100000001
2026-07-06 20:14:12.753,1783340052.753542423,48.011726291,1,1,47.998776242,1,0.004567931,5,1,0.006092278,5,1,0,0,0,0,1,1,1,0,1,0,-1.000000000,0.000000000,0.000000000,0.000000000,0,-1.000000000,0,0,0,,0,-1.000000000,,0,0,0.000000000,0.000000000,0,-1.000000000,0,,0,-1.000000000,,0,-1.000000000,0,,1,2.981368542,170.819834613,-0.007326126,0.036629677,0,0.000000000,0.000000000,-0.002442360,0.006837845,0,-3.000000000,-171.887338539,0.002442360,-0.034187317,1,-0.219158173,-12.556838336,-0.007326126,-0.007326126,1,-1.184024811,-67.839624497,-0.036628723,-0.003663063,2.988997936,171.256966720,0.000000000,-0.000000000,8.000000000,2.500000000,0.000000000,0.000000000,0.000000000,2.708557367,2.000000000,0.500000000,-3.000000000,-171.887338539,0.000000000,-2.756333113,1.000000000,0.500000000,-0.219158173,-12.556838336,0.000000000,-0.430917025,0.500000000,0.200000003,-1.183641434,-67.817658609,0.000000000,0.000209900,0.000000000,0.100000001
2026-07-06 20:14:13.753,1783340053.753185272,49.011369013,1,1,48.998418964,1,0.003704168,5,1,0.004954478,5,1,0,0,0,0,1,1,1,0,1,0,-1.000000000,0.000000000,0.000000000,0.000000000,0,-1.000000000,0,0,0,,0,-1.000000000,,0,0,0.000000000,0.000000000,0,-1.000000000,0,,0,-1.000000000,,0,-1.000000000,0,,1,2.981368542,170.819834613,-0.021978378,0.036629677,1,0.000000000,0.000000000,-0.002442360,0.006837845,1,-3.000000000,-171.887338539,0.002442360,-0.020513535,1,-0.219158173,-12.556838336,-0.007326126,-0.007326126,1,-1.184024811,-67.839624497,-0.036628723,-0.003663063,2.988997936,171.256966720,0.000000000,-0.000000000,8.000000000,2.500000000,0.000000000,0.000000000,0.000000000,2.708557367,2.000000000,0.500000000,-3.000000000,-171.887338539,0.000000000,-2.756333113,1.000000000,0.500000000,-0.219158173,-12.556838336,0.000000000,-0.430917025,0.500000000,0.200000003,-1.183641434,-67.817658609,0.000000000,0.000209900,0.000000000,0.100000001
2026-07-06 20:14:14.753,1783340054.753207922,50.011391673,1,1,49.998441624,1,0.004200350,5,1,0.005416713,5,1,0,0,0,0,1,1,1,0,1,0,-1.000000000,0.000000000,0.000000000,0.000000000,0,-1.000000000,0,0,0,,0,-1.000000000,,0,0,0.000000000,0.000000000,0,-1.000000000,0,,0,-1.000000000,,0,-1.000000000,0,,1,2.981368542,170.819834613,-0.007326126,0.036629677,1,0.000000000,0.000000000,-0.002442360,0.006837845,1,-3.000000000,-171.887338539,-0.002442360,-0.034187317,1,-0.218776703,-12.534981731,0.021978378,-0.007326126,1,-1.183641434,-67.817658609,-0.012210846,-0.003663063,2.988997936,171.256966720,0.000000000,-0.000000000,8.000000000,2.500000000,0.000000000,0.000000000,0.000000000,2.708557367,2.000000000,0.500000000,-3.000000000,-171.887338539,0.000000000,-2.756333113,1.000000000,0.500000000,-0.219158173,-12.556838336,0.000000000,-0.430917025,0.500000000,0.200000003,-1.183641434,-67.817658609,0.000000000,0.000209900,0.000000000,0.100000001
2026-07-06 20:14:15.753,1783340055.753467560,51.011651533,1,1,50.998701484,1,0.003708620,5,1,0.005670936,5,1,0,0,0,0,1,1,1,0,1,0,-1.000000000,0.000000000,0.000000000,0.000000000,0,-1.000000000,0,0,0,,0,-1.000000000,,0,0,0.000000000,0.000000000,0,-1.000000000,0,,0,-1.000000000,,0,-1.000000000,0,,1,2.981368542,170.819834613,-0.007326126,0.031745911,1,0.000000000,0.000000000,-0.002442360,0.006837845,1,-3.000000000,-171.887338539,-0.002442360,-0.034187317,1,-0.219158173,-12.556838336,-0.021978378,-0.007326126,1,-1.183641434,-67.817658609,-0.036628723,-0.003663063,2.988997936,171.256966720,0.000000000,-0.000000000,8.000000000,2.500000000,0.000000000,0.000000000,0.000000000,2.708557367,2.000000000,0.500000000,-3.000000000,-171.887338539,0.000000000,-2.756333113,1.000000000,0.500000000,-0.219158173,-12.556838336,0.000000000,-0.430917025,0.500000000,0.200000003,-1.183641434,-67.817658609,0.000000000,0.000209900,0.000000000,0.100000001
2026-07-06 20:14:16.753,1783340056.753260136,52.011443777,1,1,51.998493728,1,0.003331728,5,1,0.004982702,5,1,0,0,0,0,1,1,1,0,1,0,-1.000000000,0.000000000,0.000000000,0.000000000,0,-1.000000000,0,0,0,,0,-1.000000000,,0,0,0.000000000,0.000000000,0,-1.000000000,0,,0,-1.000000000,,0,-1.000000000,0,,1,2.981368542,170.819834613,-0.007326126,0.036629677,1,0.000000000,0.000000000,-0.007326126,0.006837845,1,-3.000000000,-171.887338539,-0.002442360,-0.034187317,1,-0.219158173,-12.556838336,-0.007326126,-0.002442360,1,-1.183641434,-67.817658609,-0.012210846,-0.003663063,2.988997936,171.256966720,0.000000000,-0.000000000,8.000000000,2.500000000,0.000000000,0.000000000,0.000000000,2.708557367,2.000000000,0.500000000,-3.000000000,-171.887338539,0.000000000,-2.756333113,1.000000000,0.500000000,-0.219158173,-12.556838336,0.000000000,-0.430917025,0.500000000,0.200000003,-1.183641434,-67.817658609,0.000000000,0.000209900,0.000000000,0.100000001
2026-07-06 20:14:17.753,1783340057.753486156,53.011669918,1,1,52.998719869,1,0.003373464,5,1,0.005321040,5,1,0,0,0,0,1,1,1,0,1,0,-1.000000000,0.000000000,0.000000000,0.000000000,0,-1.000000000,0,0,0,,0,-1.000000000,,0,0,0.000000000,0.000000000,0,-1.000000000,0,,0,-1.000000000,,0,-1.000000000,0,,1,2.981368542,170.819834613,-0.007326126,0.031745911,1,0.000000000,0.000000000,-0.002442360,0.006837845,1,-3.000000000,-171.887338539,0.002442360,-0.034187317,1,-0.219158173,-12.556838336,0.007326126,-0.002442360,1,-1.183641434,-67.817658609,-0.036628723,-0.003663063,2.988997936,171.256966720,0.000000000,-0.000000000,8.000000000,2.500000000,0.000000000,0.000000000,0.000000000,2.708557367,2.000000000,0.500000000,-3.000000000,-171.887338539,0.000000000,-2.756333113,1.000000000,0.500000000,-0.219158173,-12.556838336,0.000000000,-0.430917025,0.500000000,0.200000003,-1.183641434,-67.817658609,0.000000000,0.000209900,0.000000000,0.100000001
2026-07-06 20:14:18.753,1783340058.753348351,54.011532043,1,1,53.998581994,1,0.003049660,5,1,0.005320398,5,1,0,0,0,0,1,1,1,0,1,0,-1.000000000,0.000000000,0.000000000,0.000000000,0,-1.000000000,0,0,0,,0,-1.000000000,,0,0,0.000000000,0.000000000,0,-1.000000000,0,,0,-1.000000000,,0,-1.000000000,0,,1,2.981368542,170.819834613,0.007326126,0.036629677,1,0.000000000,0.000000000,-0.002442360,0.006837845,1,-3.000000000,-171.887338539,-0.002442360,-0.034187317,1,-0.219158173,-12.556838336,-0.007326126,-0.007326126,1,-1.183641434,-67.817658609,-0.012210846,-0.003663063,2.988997936,171.256966720,0.000000000,-0.000000000,8.000000000,2.500000000,0.000000000,0.000000000,0.000000000,2.708557367,2.000000000,0.500000000,-3.000000000,-171.887338539,0.000000000,-2.756333113,1.000000000,0.500000000,-0.219158173,-12.556838336,0.000000000,-0.430917025,0.500000000,0.200000003,-1.183641434,-67.817658609,0.000000000,0.000209900,0.000000000,0.100000001
2026-07-06 20:14:19.754,1783340059.754059076,55.012242736,1,1,54.999292687,1,0.004418379,5,1,0.005807184,5,1,0,0,0,0,1,1,1,0,1,0,-1.000000000,0.000000000,0.000000000,0.000000000,0,-1.000000000,0,0,0,,0,-1.000000000,,0,0,0.000000000,0.000000000,0,-1.000000000,0,,0,-1.000000000,,0,-1.000000000,0,,1,2.981368542,170.819834613,-0.007326126,0.036629677,1,0.000000000,0.000000000,-0.002442360,0.020513535,1,-3.000000000,-171.887338539,-0.002442360,-0.047863007,1,-0.219158173,-12.556838336,-0.007326126,-0.002442360,1,-1.183641434,-67.817658609,-0.012210846,-0.003663063,2.988997936,171.256966720,0.000000000,-0.000000000,8.000000000,2.500000000,0.000000000,0.000000000,0.000000000,2.708557367,2.000000000,0.500000000,-3.000000000,-171.887338539,0.000000000,-2.756333113,1.000000000,0.500000000,-0.219158173,-12.556838336,0.000000000,-0.430917025,0.500000000,0.200000003,-1.183641434,-67.817658609,0.000000000,0.000209900,0.000000000,0.100000001
2026-07-06 20:14:20.753,1783340060.753360987,56.011544611,1,1,55.998594562,1,0.003940015,5,1,0.005546493,5,1,0,0,0,0,1,1,1,0,1,0,-1.000000000,0.000000000,0.000000000,0.000000000,0,-1.000000000,0,0,0,,0,-1.000000000,,0,0,0.000000000,0.000000000,0,-1.000000000,0,,0,-1.000000000,,0,-1.000000000,0,,1,2.981368542,170.819834613,-0.021978378,0.031745911,1,0.000000000,0.000000000,-0.002442360,0.006837845,1,-3.000000000,-171.887338539,0.002442360,-0.034187317,1,-0.219158173,-12.556838336,0.007326126,-0.007326126,1,-1.183641434,-67.817658609,-0.012210846,-0.003663063,2.988997936,171.256966720,0.000000000,-0.000000000,8.000000000,2.500000000,0.000000000,0.000000000,0.000000000,2.708557367,2.000000000,0.500000000,-3.000000000,-171.887338539,0.000000000,-2.756333113,1.000000000,0.500000000,-0.219158173,-12.556838336,0.000000000,-0.430917025,0.500000000,0.200000003,-1.183641434,-67.817658609,0.000000000,0.000209900,0.000000000,0.100000001
2026-07-06 20:14:21.753,1783340061.753453970,57.011637946,1,1,56.998687897,1,0.002353458,5,1,0.005459282,5,1,0,0,0,0,1,1,1,0,1,0,-1.000000000,0.000000000,0.000000000,0.000000000,0,-1.000000000,0,0,0,,0,-1.000000000,,0,0,0.000000000,0.000000000,0,-1.000000000,0,,0,-1.000000000,,0,-1.000000000,0,,1,2.981368542,170.819834613,-0.021978378,0.036629677,1,0.000000000,0.000000000,-0.002442360,0.006837845,1,-3.000000000,-171.887338539,-0.002442360,-0.047863007,1,-0.219158173,-12.556838336,-0.007326126,-0.007326126,1,-1.183641434,-67.817658609,0.012210846,-0.003663063,2.988997936,171.256966720,0.000000000,-0.000000000,8.000000000,2.500000000,0.000000000,0.000000000,0.000000000,2.708557367,2.000000000,0.500000000,-3.000000000,-171.887338539,0.000000000,-2.756333113,1.000000000,0.500000000,-0.219158173,-12.556838336,0.000000000,-0.430917025,0.500000000,0.200000003,-1.183641434,-67.817658609,0.000000000,0.000209900,0.000000000,0.100000001
2026-07-06 20:14:22.753,1783340062.753834486,58.012018345,1,1,57.999068296,1,0.004014683,5,1,0.005723708,5,1,0,0,0,0,1,1,1,0,1,0,-1.000000000,0.000000000,0.000000000,0.000000000,0,-1.000000000,0,0,0,,0,-1.000000000,,0,0,0.000000000,0.000000000,0,-1.000000000,0,,0,-1.000000000,,0,-1.000000000,0,,1,2.981368542,170.819834613,-0.007326126,0.036629677,1,0.000000000,0.000000000,-0.002442360,0.020513535,1,-3.000000000,-171.887338539,-0.002442360,-0.034187317,1,-0.219158173,-12.556838336,-0.007326126,-0.007326126,1,-1.183641434,-67.817658609,-0.012210846,-0.003663063,2.988997936,171.256966720,0.000000000,-0.000000000,8.000000000,2.500000000,0.000000000,0.000000000,0.000000000,2.708557367,2.000000000,0.500000000,-3.000000000,-171.887338539,0.000000000,-2.756333113,1.000000000,0.500000000,-0.219158173,-12.556838336,0.000000000,-0.430917025,0.500000000,0.200000003,-1.183641434,-67.817658609,0.000000000,0.000209900,0.000000000,0.100000001
2026-07-06 20:14:23.753,1783340063.753803015,59.011986733,1,1,58.999036684,1,0.003267494,5,1,0.005523258,5,1,0,0,0,0,1,1,1,0,1,0,-1.000000000,0.000000000,0.000000000,0.000000000,0,-1.000000000,0,0,0,,0,-1.000000000,,0,0,0.000000000,0.000000000,0,-1.000000000,0,,0,-1.000000000,,0,-1.000000000,0,,1,2.981368542,170.819834613,-0.007326126,0.036629677,1,0.000000000,0.000000000,-0.002442360,0.006837845,1,-3.000000000,-171.887338539,-0.002442360,-0.034187317,1,-0.218776703,-12.534981731,-0.007326126,-0.007326126,1,-1.183641434,-67.817658609,-0.012210846,-0.003663063,2.988997936,171.256966720,0.000000000,-0.000000000,8.000000000,2.500000000,0.000000000,0.000000000,0.000000000,2.708557367,2.000000000,0.500000000,-3.000000000,-171.887338539,0.000000000,-2.756333113,1.000000000,0.500000000,-0.219158173,-12.556838336,0.000000000,-0.430917025,0.500000000,0.200000003,-1.183641434,-67.817658609,0.000000000,0.000209900,0.000000000,0.100000001
2026-07-06 20:14:24.754,1783340064.754116774,60.012300614,1,1,59.999350565,1,0.004015667,5,1,0.005546893,5,1,0,0,0,0,1,1,1,0,1,0,-1.000000000,0.000000000,0.000000000,0.000000000,0,-1.000000000,0,0,0,,0,-1.000000000,,0,0,0.000000000,0.000000000,0,-1.000000000,0,,0,-1.000000000,,0,-1.000000000,0,,1,2.981368542,170.819834613,-0.007326126,0.036629677,1,0.000000000,0.000000000,-0.002442360,0.020513535,1,-3.000000000,-171.887338539,-0.007326126,-0.034187317,1,-0.219158173,-12.556838336,-0.021978378,-0.007326126,1,-1.183641434,-67.817658609,-0.012210846,-0.003663063,2.988997936,171.256966720,0.000000000,-0.000000000,8.000000000,2.500000000,0.000000000,0.000000000,0.000000000,2.708557367,2.000000000,0.500000000,-3.000000000,-171.887338539,0.000000000,-2.756333113,1.000000000,0.500000000,-0.219158173,-12.556838336,0.000000000,-0.430917025,0.500000000,0.200000003,-1.183641434,-67.817658609,0.000000000,0.000209900,0.000000000,0.100000001
2026-07-06 20:14:25.754,1783340065.753996372,61.012180100,1,1,60.999230051,1,0.003571481,5,1,0.005878216,5,1,0,0,0,0,1,1,1,0,1,0,-1.000000000,0.000000000,0.000000000,0.000000000,0,-1.000000000,0,0,0,,0,-1.000000000,,0,0,0.000000000,0.000000000,0,-1.000000000,0,,0,-1.000000000,,0,-1.000000000,0,,1,2.981368542,170.819834613,-0.007326126,0.036629677,1,0.000000000,0.000000000,-0.002442360,0.020513535,1,-3.000000000,-171.887338539,-0.002442360,-0.034187317,1,-0.219158173,-12.556838336,-0.007326126,-0.002442360,1,-1.183641434,-67.817658609,-0.012210846,-0.003663063,2.988997936,171.256966720,0.000000000,-0.000000000,8.000000000,2.500000000,0.000000000,0.000000000,0.000000000,2.708557367,2.000000000,0.500000000,-3.000000000,-171.887338539,0.000000000,-2.756333113,1.000000000,0.500000000,-0.219158173,-12.556838336,0.000000000,-0.430917025,0.500000000,0.200000003,-1.183641434,-67.817658609,0.000000000,0.000209900,0.000000000,0.100000001
2026-07-06 20:14:26.753,1783340066.753604889,62.011788727,1,1,61.998838678,1,0.004374368,5,1,0.005486762,5,1,0,0,0,0,1,1,1,0,1,0,-1.000000000,0.000000000,0.000000000,0.000000000,0,-1.000000000,0,0,0,,0,-1.000000000,,0,0,0.000000000,0.000000000,0,-1.000000000,0,,0,-1.000000000,,0,-1.000000000,0,,1,2.981368542,170.819834613,0.007326126,0.036629677,1,0.000000000,0.000000000,-0.002442360,0.020513535,1,-3.000000000,-171.887338539,-0.002442360,-0.034187317,1,-0.219158173,-12.556838336,0.007326126,-0.007326126,1,-1.183641434,-67.817658609,-0.012210846,-0.003663063,2.988997936,171.256966720,0.000000000,-0.000000000,8.000000000,2.500000000,0.000000000,0.000000000,0.000000000,2.708557367,2.000000000,0.500000000,-3.000000000,-171.887338539,0.000000000,-2.756333113,1.000000000,0.500000000,-0.219158173,-12.556838336,0.000000000,-0.430917025,0.500000000,0.200000003,-1.183641434,-67.817658609,0.000000000,0.000209900,0.000000000,0.100000001
2026-07-06 20:14:27.753,1783340067.753564596,63.011748585,1,1,62.998798536,1,0.003821392,5,1,0.005180982,5,1,0,0,0,0,1,1,1,0,1,0,-1.000000000,0.000000000,0.000000000,0.000000000,0,-1.000000000,0,0,0,,0,-1.000000000,,0,0,0.000000000,0.000000000,0,-1.000000000,0,,0,-1.000000000,,0,-1.000000000,0,,1,2.981368542,170.819834613,-0.007326126,0.036629677,1,0.000000000,0.000000000,0.002442360,0.006837845,1,-3.000000000,-171.887338539,-0.002442360,-0.034187317,1,-0.219158173,-12.556838336,-0.007326126,-0.002442360,0,-1.183641434,-67.817658609,-0.012210846,-0.003663063,2.988997936,171.256966720,0.000000000,-0.000000000,8.000000000,2.500000000,0.000000000,0.000000000,0.000000000,2.708557367,2.000000000,0.500000000,-3.000000000,-171.887338539,0.000000000,-2.756333113,1.000000000,0.500000000,-0.219158173,-12.556838336,0.000000000,-0.430917025,0.500000000,0.200000003,-1.183641434,-67.817658609,0.000000000,0.000209900,0.000000000,0.100000001
2026-07-06 20:14:28.753,1783340068.753571272,64.011755203,1,1,63.998805154,1,0.004493611,5,1,0.005661144,5,1,0,0,0,0,1,1,1,0,1,0,-1.000000000,0.000000000,0.000000000,0.000000000,0,-1.000000000,0,0,0,,0,-1.000000000,,0,0,0.000000000,0.000000000,0,-1.000000000,0,,0,-1.000000000,,0,-1.000000000,0,,1,2.981368542,170.819834613,-0.007326126,0.036629677,1,0.000000000,0.000000000,0.002442360,0.020513535,1,-3.000000000,-171.887338539,0.002442360,-0.034187317,1,-0.219158173,-12.556838336,-0.021978378,-0.002442360,1,-1.183641434,-67.817658609,-0.036628723,-0.003663063,2.988997936,171.256966720,0.000000000,-0.000000000,8.000000000,2.500000000,0.000000000,0.000000000,0.000000000,2.708557367,2.000000000,0.500000000,-3.000000000,-171.887338539,0.000000000,-2.756333113,1.000000000,0.500000000,-0.219158173,-12.556838336,0.000000000,-0.430917025,0.500000000,0.200000003,-1.183641434,-67.817658609,0.000000000,0.000209900,0.000000000,0.100000001
2026-07-06 20:14:29.753,1783340069.753595114,65.011778823,1,1,64.998828774,1,0.004270460,5,1,0.005562764,5,1,0,0,0,0,1,1,1,0,1,0,-1.000000000,0.000000000,0.000000000,0.000000000,0,-1.000000000,0,0,0,,0,-1.000000000,,0,0,0.000000000,0.000000000,0,-1.000000000,0,,0,-1.000000000,,0,-1.000000000,0,,1,2.981368542,170.819834613,-0.007326126,0.036629677,1,0.000000000,0.000000000,-0.002442360,0.020513535,1,-3.000000000,-171.887338539,-0.002442360,-0.034187317,1,-0.219158173,-12.556838336,-0.021978378,-0.007326126,1,-1.183641434,-67.817658609,-0.012210846,-0.003663063,2.988997936,171.256966720,0.000000000,-0.000000000,8.000000000,2.500000000,0.000000000,0.000000000,0.000000000,2.708557367,2.000000000,0.500000000,-3.000000000,-171.887338539,0.000000000,-2.756333113,1.000000000,0.500000000,-0.219158173,-12.556838336,0.000000000,-0.430917025,0.500000000,0.200000003,-1.183641434,-67.817658609,0.000000000,0.000209900,0.000000000,0.100000001
2026-07-06 20:14:30.753,1783340070.753760815,66.011944648,1,1,65.998994599,1,0.003960178,5,1,0.005675638,5,1,0,0,0,0,1,1,1,0,1,0,-1.000000000,0.000000000,0.000000000,0.000000000,0,-1.000000000,0,0,0,,0,-1.000000000,,0,0,0.000000000,0.000000000,0,-1.000000000,0,,0,-1.000000000,,0,-1.000000000,0,,1,2.981368542,170.819834613,-0.007326126,0.036629677,1,0.000000000,0.000000000,-0.007326126,0.006837845,1,-3.000000000,-171.887338539,0.002442360,-0.034187317,1,-0.219158173,-12.556838336,-0.007326126,-0.002442360,1,-1.183641434,-67.817658609,-0.012210846,-0.003663063,2.988997936,171.256966720,0.000000000,-0.000000000,8.000000000,2.500000000,0.000000000,0.000000000,0.000000000,2.708557367,2.000000000,0.500000000,-3.000000000,-171.887338539,0.000000000,-2.756333113,1.000000000,0.500000000,-0.219158173,-12.556838336,0.000000000,-0.430917025,0.500000000,0.200000003,-1.183641434,-67.817658609,0.000000000,0.000209900,0.000000000,0.100000001
2026-07-06 20:14:31.753,1783340071.753874063,67.012057947,1,1,66.999107898,1,0.004070294,5,1,0.005936803,5,1,0,0,0,0,1,1,1,0,1,0,-1.000000000,0.000000000,0.000000000,0.000000000,0,-1.000000000,0,0,0,,0,-1.000000000,,0,0,0.000000000,0.000000000,0,-1.000000000,0,,0,-1.000000000,,0,-1.000000000,0,,1,2.981368542,170.819834613,-0.021978378,0.036629677,1,0.000000000,0.000000000,-0.002442360,0.006837845,1,-3.000000000,-171.887338539,-0.002442360,-0.034187317,1,-0.219158173,-12.556838336,-0.007326126,-0.002442360,1,-1.183641434,-67.817658609,-0.012210846,-0.003663063,2.988997936,171.256966720,0.000000000,-0.000000000,8.000000000,2.500000000,0.000000000,0.000000000,0.000000000,2.708557367,2.000000000,0.500000000,-3.000000000,-171.887338539,0.000000000,-2.756333113,1.000000000,0.500000000,-0.219158173,-12.556838336,0.000000000,-0.430917025,0.500000000,0.200000003,-1.183641434,-67.817658609,0.000000000,0.000209900,0.000000000,0.100000001
2026-07-06 20:14:32.753,1783340072.753766775,68.011950441,1,1,67.999000392,1,0.004256057,5,1,0.005567010,5,1,0,0,0,0,1,1,1,0,1,0,-1.000000000,0.000000000,0.000000000,0.000000000,0,-1.000000000,0,0,0,,0,-1.000000000,,0,0,0.000000000,0.000000000,0,-1.000000000,0,,0,-1.000000000,,0,-1.000000000,0,,1,2.981368542,170.819834613,-0.021978378,0.036629677,1,0.000000000,0.000000000,0.002442360,0.006837845,1,-3.000000000,-171.887338539,-0.002442360,-0.034187317,1,-0.219158173,-12.556838336,-0.007326126,-0.007326126,1,-1.183641434,-67.817658609,0.012210846,-0.001221180,2.988997936,171.256966720,0.000000000,-0.000000000,8.000000000,2.500000000,0.000000000,0.000000000,0.000000000,2.708557367,2.000000000,0.500000000,-3.000000000,-171.887338539,0.000000000,-2.756333113,1.000000000,0.500000000,-0.219158173,-12.556838336,0.000000000,-0.430917025,0.500000000,0.200000003,-1.183641434,-67.817658609,0.000000000,0.000209900,0.000000000,0.100000001
2026-07-06 20:14:33.754,1783340073.754236937,69.012420689,1,1,68.999470640,1,0.003800852,5,1,0.005918231,5,1,0,0,0,0,1,1,1,0,1,0,-1.000000000,0.000000000,0.000000000,0.000000000,0,-1.000000000,0,0,0,,0,-1.000000000,,0,0,0.000000000,0.000000000,0,-1.000000000,0,,0,-1.000000000,,0,-1.000000000,0,,1,2.981368542,170.819834613,-0.007326126,0.036629677,1,0.000000000,0.000000000,-0.002442360,0.006837845,1,-3.000000000,-171.887338539,-0.007326126,-0.047863007,1,-0.219158173,-12.556838336,-0.007326126,-0.002442360,1,-1.183641434,-67.817658609,-0.036628723,-0.003663063,2.988997936,171.256966720,0.000000000,-0.000000000,8.000000000,2.500000000,0.000000000,0.000000000,0.000000000,2.708557367,2.000000000,0.500000000,-3.000000000,-171.887338539,0.000000000,-2.756333113,1.000000000,0.500000000,-0.219158173,-12.556838336,0.000000000,-0.430917025,0.500000000,0.200000003,-1.183641434,-67.817658609,0.000000000,0.000209900,0.000000000,0.100000001
2026-07-06 20:14:34.753,1783340074.753854275,70.012038001,1,1,69.999087952,1,0.004853982,5,1,0.005818187,5,1,0,0,0,0,1,1,1,0,1,0,-1.000000000,0.000000000,0.000000000,0.000000000,0,-1.000000000,0,0,0,,0,-1.000000000,,0,0,0.000000000,0.000000000,0,-1.000000000,0,,0,-1.000000000,,0,-1.000000000,0,,1,2.981368542,170.819834613,-0.007326126,0.036629677,1,0.000000000,0.000000000,-0.007326126,0.006837845,1,-3.000000000,-171.887338539,-0.007326126,-0.034187317,1,-0.219158173,-12.556838336,-0.007326126,-0.007326126,1,-1.183641434,-67.817658609,-0.012210846,-0.003663063,2.988997936,171.256966720,0.000000000,-0.000000000,8.000000000,2.500000000,0.000000000,0.000000000,0.000000000,2.708557367,2.000000000,0.500000000,-3.000000000,-171.887338539,0.000000000,-2.756333113,1.000000000,0.500000000,-0.219158173,-12.556838336,0.000000000,-0.430917025,0.500000000,0.200000003,-1.183641434,-67.817658609,0.000000000,0.000209900,0.000000000,0.100000001
2026-07-06 20:14:35.753,1783340075.753837824,71.012021602,1,1,70.999071553,1,0.003482073,5,1,0.005347475,5,1,0,0,0,0,1,1,1,0,1,0,-1.000000000,0.000000000,0.000000000,0.000000000,0,-1.000000000,0,0,0,,0,-1.000000000,,0,0,0.000000000,0.000000000,0,-1.000000000,0,,0,-1.000000000,,0,-1.000000000,0,,1,2.981368542,170.819834613,-0.007326126,0.036629677,1,0.000000000,0.000000000,-0.002442360,0.020513535,1,-3.000000000,-171.887338539,-0.002442360,-0.034187317,1,-0.219158173,-12.556838336,-0.007326126,-0.002442360,1,-1.183641434,-67.817658609,-0.012210846,-0.003663063,2.988997936,171.256966720,0.000000000,-0.000000000,8.000000000,2.500000000,0.000000000,0.000000000,0.000000000,2.708557367,2.000000000,0.500000000,-3.000000000,-171.887338539,0.000000000,-2.756333113,1.000000000,0.500000000,-0.219158173,-12.556838336,0.000000000,-0.430917025,0.500000000,0.200000003,-1.183641434,-67.817658609,0.000000000,0.000209900,0.000000000,0.100000001
2026-07-06 20:14:36.753,1783340076.753791809,72.011975561,1,1,71.999025512,1,0.003548764,5,1,0.004792729,5,1,0,0,0,0,1,1,1,0,1,0,-1.000000000,0.000000000,0.000000000,0.000000000,0,-1.000000000,0,0,0,,0,-1.000000000,,0,0,0.000000000,0.000000000,0,-1.000000000,0,,0,-1.000000000,,0,-1.000000000,0,,1,2.981368542,170.819834613,-0.021978378,0.036629677,1,0.000000000,0.000000000,-0.002442360,0.006837845,1,-3.000000000,-171.887338539,-0.002442360,-0.034187317,1,-0.218776703,-12.534981731,-0.007326126,-0.002442360,1,-1.183641434,-67.817658609,-0.012210846,-0.003663063,2.988997936,171.256966720,0.000000000,-0.000000000,8.000000000,2.500000000,0.000000000,0.000000000,0.000000000,2.708557367,2.000000000,0.500000000,-3.000000000,-171.887338539,0.000000000,-2.756333113,1.000000000,0.500000000,-0.219158173,-12.556838336,0.000000000,-0.430917025,0.500000000,0.200000003,-1.183641434,-67.817658609,0.000000000,0.000209900,0.000000000,0.100000001
2026-07-06 20:14:37.753,1783340077.753816843,73.012000734,1,1,72.999050685,1,0.002608614,5,1,0.005109322,5,1,0,0,0,0,1,1,1,0,1,0,-1.000000000,0.000000000,0.000000000,0.000000000,0,-1.000000000,0,0,0,,0,-1.000000000,,0,0,0.000000000,0.000000000,0,-1.000000000,0,,0,-1.000000000,,0,-1.000000000,0,,1,2.981368542,170.819834613,-0.021978378,0.036629677,1,0.000000000,0.000000000,-0.002442360,0.006837845,1,-3.000000000,-171.887338539,-0.002442360,-0.034187317,1,-0.219158173,-12.556838336,-0.007326126,-0.007326126,1,-1.183641434,-67.817658609,-0.012210846,-0.003663063,2.988997936,171.256966720,0.000000000,-0.000000000,8.000000000,2.500000000,0.000000000,0.000000000,0.000000000,2.708557367,2.000000000,0.500000000,-3.000000000,-171.887338539,0.000000000,-2.756333113,1.000000000,0.500000000,-0.219158173,-12.556838336,0.000000000,-0.430917025,0.500000000,0.200000003,-1.183641434,-67.817658609,0.000000000,0.000209900,0.000000000,0.100000001
2026-07-06 20:14:38.754,1783340078.754029036,74.012212880,1,1,73.999262831,1,0.003946675,5,1,0.005345643,5,1,0,0,0,0,1,1,1,0,1,0,-1.000000000,0.000000000,0.000000000,0.000000000,0,-1.000000000,0,0,0,,0,-1.000000000,,0,0,0.000000000,0.000000000,0,-1.000000000,0,,0,-1.000000000,,0,-1.000000000,0,,1,2.981368542,170.819834613,-0.007326126,0.036629677,1,0.000000000,0.000000000,-0.002442360,0.006837845,1,-3.000000000,-171.887338539,-0.002442360,-0.047863007,1,-0.219158173,-12.556838336,-0.007326126,-0.007326126,1,-1.184024811,-67.839624497,-0.036628723,-0.003663063,2.988997936,171.256966720,0.000000000,-0.000000000,8.000000000,2.500000000,0.000000000,0.000000000,0.000000000,2.708557367,2.000000000,0.500000000,-3.000000000,-171.887338539,0.000000000,-2.756333113,1.000000000,0.500000000,-0.219158173,-12.556838336,0.000000000,-0.430917025,0.500000000,0.200000003,-1.183641434,-67.817658609,0.000000000,0.000209900,0.000000000,0.100000001
2026-07-06 20:14:39.754,1783340079.753897905,75.012081862,1,1,74.999131813,1,0.002804561,5,1,0.005189585,5,1,0,0,0,0,1,1,1,0,1,0,-1.000000000,0.000000000,0.000000000,0.000000000,0,-1.000000000,0,0,0,,0,-1.000000000,,0,0,0.000000000,0.000000000,0,-1.000000000,0,,0,-1.000000000,,0,-1.000000000,0,,1,2.981368542,170.819834613,-0.007326126,0.036629677,1,0.000000000,0.000000000,-0.002442360,0.020513535,1,-3.000000000,-171.887338539,-0.002442360,-0.047863007,1,-0.219158173,-12.556838336,-0.007326126,-0.007326126,1,-1.183641434,-67.817658609,-0.036628723,-0.003663063,2.988997936,171.256966720,0.000000000,-0.000000000,8.000000000,2.500000000,0.000000000,0.000000000,0.000000000,2.708557367,2.000000000,0.500000000,-3.000000000,-171.887338539,0.000000000,-2.756333113,1.000000000,0.500000000,-0.219158173,-12.556838336,0.000000000,-0.430917025,0.500000000,0.200000003,-1.183641434,-67.817658609,0.000000000,0.000209900,0.000000000,0.100000001
2026-07-06 20:14:40.754,1783340080.753951311,76.012135113,1,1,75.999185064,1,0.003657729,5,1,0.005133036,5,1,0,0,0,0,1,1,1,0,1,0,-1.000000000,0.000000000,0.000000000,0.000000000,0,-1.000000000,0,0,0,,0,-1.000000000,,0,0,0.000000000,0.000000000,0,-1.000000000,0,,0,-1.000000000,,0,-1.000000000,0,,1,2.981368542,170.819834613,-0.007326126,0.036629677,1,0.000000000,0.000000000,0.002442360,0.020513535,1,-3.000000000,-171.887338539,-0.002442360,-0.034187317,1,-0.219158173,-12.556838336,-0.021978378,-0.002442360,1,-1.183641434,-67.817658609,-0.012210846,-0.003663063,2.988997936,171.256966720,0.000000000,-0.000000000,8.000000000,2.500000000,0.000000000,0.000000000,0.000000000,2.708557367,2.000000000,0.500000000,-3.000000000,-171.887338539,0.000000000,-2.756333113,1.000000000,0.500000000,-0.219158173,-12.556838336,0.000000000,-0.430917025,0.500000000,0.200000003,-1.183641434,-67.817658609,0.000000000,0.000209900,0.000000000,0.100000001
2026-07-06 20:14:41.754,1783340081.753996372,77.012180153,1,1,76.999230104,1,0.004162904,5,1,0.005628547,5,1,0,0,0,0,1,1,1,0,1,0,-1.000000000,0.000000000,0.000000000,0.000000000,0,-1.000000000,0,0,0,,0,-1.000000000,,0,0,0.000000000,0.000000000,0,-1.000000000,0,,0,-1.000000000,,0,-1.000000000,0,,1,2.981368542,170.819834613,-0.021978378,0.031745911,1,0.000000000,0.000000000,-0.002442360,0.020513535,1,-3.000000000,-171.887338539,-0.002442360,-0.034187317,1,-0.219158173,-12.556838336,-0.007326126,-0.007326126,1,-1.183641434,-67.817658609,0.012210846,-0.003663063,2.988997936,171.256966720,0.000000000,-0.000000000,8.000000000,2.500000000,0.000000000,0.000000000,0.000000000,2.708557367,2.000000000,0.500000000,-3.000000000,-171.887338539,0.000000000,-2.756333113,1.000000000,0.500000000,-0.219158173,-12.556838336,0.000000000,-0.430917025,0.500000000,0.200000003,-1.183641434,-67.817658609,0.000000000,0.000209900,0.000000000,0.100000001
2026-07-06 20:14:42.754,1783340082.753951550,78.012135244,1,1,77.999185195,1,0.003489733,5,1,0.005267499,5,1,0,0,0,0,1,1,1,0,1,0,-1.000000000,0.000000000,0.000000000,0.000000000,0,-1.000000000,0,0,0,,0,-1.000000000,,0,0,0.000000000,0.000000000,0,-1.000000000,0,,0,-1.000000000,,0,-1.000000000,0,,1,2.981368542,170.819834613,-0.007326126,0.041514397,1,0.000000000,0.000000000,-0.002442360,0.006837845,1,-3.000000000,-171.887338539,-0.007326126,-0.034187317,1,-0.219158173,-12.556838336,-0.021978378,-0.002442360,1,-1.183641434,-67.817658609,-0.036628723,-0.003663063,2.988997936,171.256966720,0.000000000,-0.000000000,8.000000000,2.500000000,0.000000000,0.000000000,0.000000000,2.708557367,2.000000000,0.500000000,-3.000000000,-171.887338539,0.000000000,-2.756333113,1.000000000,0.500000000,-0.219158173,-12.556838336,0.000000000,-0.430917025,0.500000000,0.200000003,-1.183641434,-67.817658609,0.000000000,0.000209900,0.000000000,0.100000001
2026-07-06 20:14:43.754,1783340083.753962517,79.012146177,1,1,78.999196128,1,0.003465561,5,1,0.005365602,5,1,0,0,0,0,1,1,1,0,1,0,-1.000000000,0.000000000,0.000000000,0.000000000,0,-1.000000000,0,0,0,,0,-1.000000000,,0,0,0.000000000,0.000000000,0,-1.000000000,0,,0,-1.000000000,,0,-1.000000000,0,,1,2.981368542,170.819834613,-0.021978378,0.036629677,1,0.000000000,0.000000000,0.002442360,0.006837845,1,-3.000000000,-171.887338539,0.002442360,-0.047863007,1,-0.219158173,-12.556838336,-0.007326126,-0.007326126,1,-1.183641434,-67.817658609,0.012210846,-0.003663063,2.988997936,171.256966720,0.000000000,-0.000000000,8.000000000,2.500000000,0.000000000,0.000000000,0.000000000,2.708557367,2.000000000,0.500000000,-3.000000000,-171.887338539,0.000000000,-2.756333113,1.000000000,0.500000000,-0.219158173,-12.556838336,0.000000000,-0.430917025,0.500000000,0.200000003,-1.183641434,-67.817658609,0.000000000,0.000209900,0.000000000,0.100000001
2026-07-06 20:14:44.754,1783340084.754008770,80.012192525,1,1,79.999242476,1,0.002691523,5,1,0.005001582,5,1,0,0,0,0,1,1,1,0,1,0,-1.000000000,0.000000000,0.000000000,0.000000000,0,-1.000000000,0,0,0,,0,-1.000000000,,0,0,0.000000000,0.000000000,0,-1.000000000,0,,0,-1.000000000,,0,-1.000000000,0,,1,2.981368542,170.819834613,-0.036630630,0.031745911,1,0.000000000,0.000000000,-0.002442360,0.006837845,1,-3.000000000,-171.887338539,-0.002442360,-0.034187317,1,-0.218776703,-12.534981731,-0.007326126,-0.007326126,1,-1.183641434,-67.817658609,-0.012210846,-0.001221180,2.988997936,171.256966720,0.000000000,-0.000000000,8.000000000,2.500000000,0.000000000,0.000000000,0.000000000,2.708557367,2.000000000,0.500000000,-3.000000000,-171.887338539,0.000000000,-2.756333113,1.000000000,0.500000000,-0.219158173,-12.556838336,0.000000000,-0.430917025,0.500000000,0.200000003,-1.183641434,-67.817658609,0.000000000,0.000209900,0.000000000,0.100000001
2026-07-06 20:14:45.754,1783340085.754081726,81.012265708,1,1,80.999315659,1,0.002884759,5,1,0.005217827,5,1,0,0,0,0,1,1,1,0,1,0,-1.000000000,0.000000000,0.000000000,0.000000000,0,-1.000000000,0,0,0,,0,-1.000000000,,0,0,0.000000000,0.000000000,0,-1.000000000,0,,0,-1.000000000,,0,-1.000000000,0,,1,2.981368542,170.819834613,-0.007326126,0.031745911,1,0.000000000,0.000000000,-0.007326126,0.020513535,1,-3.000000000,-171.887338539,-0.002442360,-0.034187317,1,-0.219158173,-12.556838336,-0.021978378,-0.007326126,1,-1.184024811,-67.839624497,-0.012210846,-0.003663063,2.988997936,171.256966720,0.000000000,-0.000000000,8.000000000,2.500000000,0.000000000,0.000000000,0.000000000,2.708557367,2.000000000,0.500000000,-3.000000000,-171.887338539,0.000000000,-2.756333113,1.000000000,0.500000000,-0.219158173,-12.556838336,0.000000000,-0.430917025,0.500000000,0.200000003,-1.183641434,-67.817658609,0.000000000,0.000209900,0.000000000,0.100000001
2026-07-06 20:14:46.754,1783340086.754122257,82.012305981,1,1,81.999355932,1,0.002956260,5,1,0.005143173,5,1,0,0,0,0,1,1,1,0,1,0,-1.000000000,0.000000000,0.000000000,0.000000000,0,-1.000000000,0,0,0,,0,-1.000000000,,0,0,0.000000000,0.000000000,0,-1.000000000,0,,0,-1.000000000,,0,-1.000000000,0,,1,2.981368542,170.819834613,-0.007326126,0.036629677,1,0.000000000,0.000000000,-0.007326126,0.006837845,1,-3.000000000,-171.887338539,-0.007326126,-0.034187317,1,-0.219158173,-12.556838336,-0.007326126,-0.007326126,1,-1.183641434,-67.817658609,-0.012210846,-0.006104946,2.988997936,171.256966720,0.000000000,-0.000000000,8.000000000,2.500000000,0.000000000,0.000000000,0.000000000,2.708557367,2.000000000,0.500000000,-3.000000000,-171.887338539,0.000000000,-2.756333113,1.000000000,0.500000000,-0.219158173,-12.556838336,0.000000000,-0.430917025,0.500000000,0.200000003,-1.183641434,-67.817658609,0.000000000,0.000209900,0.000000000,0.100000001
2026-07-06 20:14:47.754,1783340087.754087925,83.012271609,1,1,82.999321560,1,0.002553470,5,1,0.005100254,5,1,0,0,0,0,1,1,1,0,1,0,-1.000000000,0.000000000,0.000000000,0.000000000,0,-1.000000000,0,0,0,,0,-1.000000000,,0,0,0.000000000,0.000000000,0,-1.000000000,0,,0,-1.000000000,,0,-1.000000000,0,,1,2.981368542,170.819834613,-0.007326126,0.036629677,1,0.000000000,0.000000000,-0.002442360,0.006837845,1,-3.000000000,-171.887338539,-0.007326126,-0.034187317,1,-0.219158173,-12.556838336,-0.007326126,-0.007326126,0,-1.183641434,-67.817658609,-0.012210846,-0.003663063,2.988997936,171.256966720,0.000000000,-0.000000000,8.000000000,2.500000000,0.000000000,0.000000000,0.000000000,2.708557367,2.000000000,0.500000000,-3.000000000,-171.887338539,0.000000000,-2.756333113,1.000000000,0.500000000,-0.219158173,-12.556838336,0.000000000,-0.430917025,0.500000000,0.200000003,-1.183641434,-67.817658609,0.000000000,0.000209900,0.000000000,0.100000001
2026-07-06 20:14:48.754,1783340088.754109621,84.012293377,1,1,83.999343328,1,0.002958604,5,1,0.005124078,5,1,0,0,0,0,1,1,1,0,1,0,-1.000000000,0.000000000,0.000000000,0.000000000,0,-1.000000000,0,0,0,,0,-1.000000000,,0,0,0.000000000,0.000000000,0,-1.000000000,0,,0,-1.000000000,,0,-1.000000000,0,,1,2.981368542,170.819834613,-0.007326126,0.036629677,1,0.000000000,0.000000000,-0.002442360,0.006837845,1,-3.000000000,-171.887338539,-0.002442360,-0.034187317,1,-0.219158173,-12.556838336,-0.007326126,-0.007326126,1,-1.184024811,-67.839624497,-0.036628723,-0.003663063,2.988997936,171.256966720,0.000000000,-0.000000000,8.000000000,2.500000000,0.000000000,0.000000000,0.000000000,2.708557367,2.000000000,0.500000000,-3.000000000,-171.887338539,0.000000000,-2.756333113,1.000000000,0.500000000,-0.219158173,-12.556838336,0.000000000,-0.430917025,0.500000000,0.200000003,-1.183641434,-67.817658609,0.000000000,0.000209900,0.000000000,0.100000001
2026-07-06 20:14:49.754,1783340089.754225969,85.012409694,1,1,84.999459645,1,0.004017982,5,1,0.005456998,5,1,0,0,0,0,1,1,1,0,1,0,-1.000000000,0.000000000,0.000000000,0.000000000,0,-1.000000000,0,0,0,,0,-1.000000000,,0,0,0.000000000,0.000000000,0,-1.000000000,0,,0,-1.000000000,,0,-1.000000000,0,,1,2.981368542,170.819834613,0.007326126,0.036629677,1,0.000000000,0.000000000,-0.002442360,0.006837845,1,-3.000000000,-171.887338539,-0.002442360,-0.034187317,1,-0.219158173,-12.556838336,-0.007326126,-0.007326126,1,-1.183641434,-67.817658609,-0.036628723,-0.003663063,2.988997936,171.256966720,0.000000000,-0.000000000,8.000000000,2.500000000,0.000000000,0.000000000,0.000000000,2.708557367,2.000000000,0.500000000,-3.000000000,-171.887338539,0.000000000,-2.756333113,1.000000000,0.500000000,-0.219158173,-12.556838336,0.000000000,-0.430917025,0.500000000,0.200000003,-1.183641434,-67.817658609,0.000000000,0.000209900,0.000000000,0.100000001
2026-07-06 20:14:50.754,1783340090.754201174,86.012384985,1,1,85.999434936,1,0.004815981,5,1,0.005693603,5,1,0,0,0,0,1,1,1,0,1,0,-1.000000000,0.000000000,0.000000000,0.000000000,0,-1.000000000,0,0,0,,0,-1.000000000,,0,0,0.000000000,0.000000000,0,-1.000000000,0,,0,-1.000000000,,0,-1.000000000,0,,1,2.981368542,170.819834613,-0.007326126,0.036629677,1,0.000000000,0.000000000,-0.002442360,0.020513535,1,-3.000000000,-171.887338539,-0.002442360,-0.047863007,1,-0.219158173,-12.556838336,0.007326126,-0.007326126,1,-1.184024811,-67.839624497,-0.036628723,-0.003663063,2.988997936,171.256966720,0.000000000,-0.000000000,8.000000000,2.500000000,0.000000000,0.000000000,0.000000000,2.708557367,2.000000000,0.500000000,-3.000000000,-171.887338539,0.000000000,-2.756333113,1.000000000,0.500000000,-0.219158173,-12.556838336,0.000000000,-0.430917025,0.500000000,0.200000003,-1.183641434,-67.817658609,0.000000000,0.000209900,0.000000000,0.100000001
2026-07-06 20:14:51.754,1783340091.754335165,87.012519051,1,1,86.999569002,1,0.004899164,5,1,0.005718508,5,1,0,0,0,0,1,1,1,0,1,0,-1.000000000,0.000000000,0.000000000,0.000000000,0,-1.000000000,0,0,0,,0,-1.000000000,,0,0,0.000000000,0.000000000,0,-1.000000000,0,,0,-1.000000000,,0,-1.000000000,0,,1,2.981368542,170.819834613,-0.007326126,0.036629677,1,0.000000000,0.000000000,-0.002442360,0.006837845,1,-3.000000000,-171.887338539,-0.007326126,-0.034187317,1,-0.219158173,-12.556838336,0.007326126,-0.007326126,1,-1.183641434,-67.817658609,-0.036628723,-0.003663063,2.988997936,171.256966720,0.000000000,-0.000000000,8.000000000,2.500000000,0.000000000,0.000000000,0.000000000,2.708557367,2.000000000,0.500000000,-3.000000000,-171.887338539,0.000000000,-2.756333113,1.000000000,0.500000000,-0.219158173,-12.556838336,0.000000000,-0.430917025,0.500000000,0.200000003,-1.183641434,-67.817658609,0.000000000,0.000209900,0.000000000,0.100000001
2026-07-06 20:14:52.754,1783340092.754251480,88.012435325,1,1,87.999485276,1,0.003335579,5,1,0.005397564,5,1,0,0,0,0,1,1,1,0,1,0,-1.000000000,0.000000000,0.000000000,0.000000000,0,-1.000000000,0,0,0,,0,-1.000000000,,0,0,0.000000000,0.000000000,0,-1.000000000,0,,0,-1.000000000,,0,-1.000000000,0,,1,2.981368542,170.819834613,0.007326126,0.036629677,1,0.000000000,0.000000000,-0.002442360,0.020513535,1,-3.000000000,-171.887338539,-0.002442360,-0.034187317,0,-0.219158173,-12.556838336,-0.007326126,-0.007326126,1,-1.184024811,-67.839624497,-0.012210846,-0.003663063,2.988997936,171.256966720,0.000000000,-0.000000000,8.000000000,2.500000000,0.000000000,0.000000000,0.000000000,2.708557367,2.000000000,0.500000000,-3.000000000,-171.887338539,0.000000000,-2.756333113,1.000000000,0.500000000,-0.219158173,-12.556838336,0.000000000,-0.430917025,0.500000000,0.200000003,-1.183641434,-67.817658609,0.000000000,0.000209900,0.000000000,0.100000001
2026-07-06 20:14:53.754,1783340093.754200459,89.012384495,1,1,88.999434446,1,0.004601895,5,1,0.005764510,5,1,0,0,0,0,1,1,1,0,1,0,-1.000000000,0.000000000,0.000000000,0.000000000,0,-1.000000000,0,0,0,,0,-1.000000000,,0,0,0.000000000,0.000000000,0,-1.000000000,0,,0,-1.000000000,,0,-1.000000000,0,,1,2.981368542,170.819834613,-0.007326126,0.031745911,1,0.000000000,0.000000000,-0.002442360,0.006837845,1,-3.000000000,-171.887338539,-0.002442360,-0.034187317,1,-0.219158173,-12.556838336,-0.007326126,-0.002442360,1,-1.183641434,-67.817658609,0.012210846,-0.003663063,2.988997936,171.256966720,0.000000000,-0.000000000,8.000000000,2.500000000,0.000000000,0.000000000,0.000000000,2.708557367,2.000000000,0.500000000,-3.000000000,-171.887338539,0.000000000,-2.756333113,1.000000000,0.500000000,-0.219158173,-12.556838336,0.000000000,-0.430917025,0.500000000,0.200000003,-1.183641434,-67.817658609,0.000000000,0.000209900,0.000000000,0.100000001
2026-07-06 20:14:54.754,1783340094.754234791,90.012418656,1,1,89.999468607,1,0.004362274,5,1,0.005605333,5,1,0,0,0,0,1,1,1,0,1,0,-1.000000000,0.000000000,0.000000000,0.000000000,0,-1.000000000,0,0,0,,0,-1.000000000,,0,0,0.000000000,0.000000000,0,-1.000000000,0,,0,-1.000000000,,0,-1.000000000,0,,1,2.981368542,170.819834613,-0.007326126,0.036629677,1,0.000000000,0.000000000,-0.002442360,0.006837845,1,-3.000000000,-171.887338539,-0.002442360,-0.034187317,1,-0.219158173,-12.556838336,-0.021978378,-0.007326126,1,-1.183641434,-67.817658609,0.012210846,-0.003663063,2.988997936,171.256966720,0.000000000,-0.000000000,8.000000000,2.500000000,0.000000000,0.000000000,0.000000000,2.708557367,2.000000000,0.500000000,-3.000000000,-171.887338539,0.000000000,-2.756333113,1.000000000,0.500000000,-0.219158173,-12.556838336,0.000000000,-0.430917025,0.500000000,0.200000003,-1.183641434,-67.817658609,0.000000000,0.000209900,0.000000000,0.100000001
2026-07-06 20:14:55.754,1783340095.754308939,91.012492725,1,1,90.999542676,1,0.002440149,5,1,0.005157030,5,1,0,1,0,0,1,1,1,0,1,0,-1.000000000,0.000000000,0.000000000,0.000000000,0,-1.000000000,0,0,0,,0,-1.000000000,,0,0,0.000000000,0.000000000,0,-1.000000000,0,,0,-1.000000000,,0,-1.000000000,0,,1,2.981368542,170.819834613,-0.007326126,0.041514397,1,0.000000000,0.000000000,0.002442360,0.020513535,1,-3.000000000,-171.887338539,0.002442360,-0.034187317,1,-0.219158173,-12.556838336,-0.007326126,-0.007326126,1,-1.183641434,-67.817658609,-0.012210846,-0.003663063,2.988997936,171.256966720,0.000000000,-0.000000000,8.000000000,2.500000000,0.000000000,0.000000000,0.000000000,2.708557367,2.000000000,0.500000000,-3.000000000,-171.887338539,0.000000000,-2.756333113,1.000000000,0.500000000,-0.219158173,-12.556838336,0.000000000,-0.430917025,0.500000000,0.200000003,-1.183641434,-67.817658609,0.000000000,0.000209900,0.000000000,0.100000001
2026-07-06 20:14:56.754,1783340096.754338741,92.012522701,1,1,91.999572652,1,0.004314109,5,1,0.005241085,5,1,0,1,0,0,1,1,1,0,1,0,-1.000000000,0.000000000,0.000000000,0.000000000,0,-1.000000000,0,0,0,,0,-1.000000000,,0,0,0.000000000,0.000000000,0,-1.000000000,0,,0,-1.000000000,,0,-1.000000000,0,,1,2.981368542,170.819834613,-0.007326126,0.036629677,1,0.000000000,0.000000000,-0.007326126,0.006837845,1,-3.000000000,-171.887338539,-0.002442360,-0.034187317,1,-0.219158173,-12.556838336,-0.007326126,-0.007326126,1,-1.183641434,-67.817658609,0.012210846,-0.003663063,2.988997936,171.256966720,0.000000000,-0.000000000,8.000000000,2.500000000,0.000000000,0.000000000,0.000000000,2.708557367,2.000000000,0.500000000,-3.000000000,-171.887338539,0.000000000,-2.756333113,1.000000000,0.500000000,-0.219158173,-12.556838336,0.000000000,-0.430917025,0.500000000,0.200000003,-1.183641434,-67.817658609,0.000000000,0.000209900,0.000000000,0.100000001
2026-07-06 20:14:57.754,1783340097.754358053,93.012541739,1,1,92.999591690,1,0.004569480,5,1,0.005370282,5,1,0,1,0,0,1,1,1,0,1,0,-1.000000000,0.000000000,0.000000000,0.000000000,0,-1.000000000,0,0,0,,0,-1.000000000,,0,0,0.000000000,0.000000000,0,-1.000000000,0,,0,-1.000000000,,0,-1.000000000,0,,1,2.981368542,170.819834613,-0.021978378,0.036629677,1,0.000000000,0.000000000,0.002442360,0.020513535,1,-3.000000000,-171.887338539,-0.002442360,-0.034187317,1,-0.219158173,-12.556838336,-0.007326126,-0.007326126,1,-1.183641434,-67.817658609,-0.012210846,-0.003663063,2.988997936,171.256966720,0.000000000,-0.000000000,8.000000000,2.500000000,0.000000000,0.000000000,0.000000000,2.708557367,2.000000000,0.500000000,-3.000000000,-171.887338539,0.000000000,-2.756333113,1.000000000,0.500000000,-0.219158173,-12.556838336,0.000000000,-0.430917025,0.500000000,0.200000003,-1.183641434,-67.817658609,0.000000000,0.000209900,0.000000000,0.100000001
2026-07-06 20:14:58.754,1783340098.754381895,94.012565557,1,1,93.999615508,1,0.004222272,5,1,0.005186995,5,1,0,1,0,0,1,1,1,0,1,0,-1.000000000,0.000000000,0.000000000,0.000000000,0,-1.000000000,0,0,0,,0,-1.000000000,,0,0,0.000000000,0.000000000,0,-1.000000000,0,,0,-1.000000000,,0,-1.000000000,0,,1,2.981368542,170.819834613,-0.007326126,0.036629677,1,0.000000000,0.000000000,0.002442360,0.020513535,1,-3.000000000,-171.887338539,-0.007326126,-0.034187317,1,-0.218776703,-12.534981731,0.007326126,-0.007326126,1,-1.183641434,-67.817658609,0.012210846,-0.003663063,2.988997936,171.256966720,0.000000000,-0.000000000,8.000000000,2.500000000,0.000000000,0.000000000,0.000000000,2.708557367,2.000000000,0.500000000,-3.000000000,-171.887338539,0.000000000,-2.756333113,1.000000000,0.500000000,-0.219158173,-12.556838336,0.000000000,-0.430917025,0.500000000,0.200000003,-1.183641434,-67.817658609,0.000000000,0.000209900,0.000000000,0.100000001
2026-07-06 20:14:59.754,1783340099.754398346,95.012582287,1,1,94.999632238,1,0.004057451,5,1,0.005441900,5,1,0,1,0,0,1,1,1,0,1,0,-1.000000000,0.000000000,0.000000000,0.000000000,0,-1.000000000,0,0,0,,0,-1.000000000,,0,0,0.000000000,0.000000000,0,-1.000000000,0,,0,-1.000000000,,0,-1.000000000,0,,1,2.981368542,170.819834613,-0.007326126,0.036629677,1,0.000000000,0.000000000,-0.007326126,0.006837845,1,-3.000000000,-171.887338539,-0.002442360,-0.034187317,1,-0.218776703,-12.534981731,-0.007326126,-0.002442360,1,-1.183641434,-67.817658609,-0.036628723,-0.003663063,2.988997936,171.256966720,0.000000000,-0.000000000,8.000000000,2.500000000,0.000000000,0.000000000,0.000000000,2.708557367,2.000000000,0.500000000,-3.000000000,-171.887338539,0.000000000,-2.756333113,1.000000000,0.500000000,-0.219158173,-12.556838336,0.000000000,-0.430917025,0.500000000,0.200000003,-1.183641434,-67.817658609,0.000000000,0.000209900,0.000000000,0.100000001
2026-07-06 20:15:00.754,1783340100.754453659,96.012637585,1,1,95.999687536,1,0.004175437,5,1,0.005498154,5,1,0,1,0,0,1,1,1,0,1,0,-1.000000000,0.000000000,0.000000000,0.000000000,0,-1.000000000,0,0,0,,0,-1.000000000,,0,0,0.000000000,0.000000000,0,-1.000000000,0,,0,-1.000000000,,0,-1.000000000,0,,1,2.981368542,170.819834613,-0.021978378,0.036629677,1,0.000000000,0.000000000,-0.002442360,0.020513535,1,-3.000000000,-171.887338539,-0.002442360,-0.034187317,1,-0.219158173,-12.556838336,-0.007326126,-0.002442360,1,-1.183641434,-67.817658609,0.012210846,-0.003663063,2.988997936,171.256966720,0.000000000,-0.000000000,8.000000000,2.500000000,0.000000000,0.000000000,0.000000000,2.708557367,2.000000000,0.500000000,-3.000000000,-171.887338539,0.000000000,-2.756333113,1.000000000,0.500000000,-0.219158173,-12.556838336,0.000000000,-0.430917025,0.500000000,0.200000003,-1.183641434,-67.817658609,0.000000000,0.000209900,0.000000000,0.100000001
2026-07-06 20:15:01.754,1783340101.754474640,97.012658583,1,1,96.999708534,1,0.004374653,5,1,0.005492137,5,1,0,1,0,0,1,1,1,0,1,0,-1.000000000,0.000000000,0.000000000,0.000000000,0,-1.000000000,0,0,0,,0,-1.000000000,,0,0,0.000000000,0.000000000,0,-1.000000000,0,,0,-1.000000000,,0,-1.000000000,0,,1,2.981368542,170.819834613,0.007326126,0.036629677,1,0.000000000,0.000000000,0.002442360,0.006837845,1,-3.000000000,-171.887338539,-0.007326126,-0.034187317,1,-0.219158173,-12.556838336,-0.021978378,-0.007326126,1,-1.183641434,-67.817658609,0.012210846,-0.003663063,2.988997936,171.256966720,0.000000000,-0.000000000,8.000000000,2.500000000,0.000000000,0.000000000,0.000000000,2.708557367,2.000000000,0.500000000,-3.000000000,-171.887338539,0.000000000,-2.756333113,1.000000000,0.500000000,-0.219158173,-12.556838336,0.000000000,-0.430917025,0.500000000,0.200000003,-1.183641434,-67.817658609,0.000000000,0.000209900,0.000000000,0.100000001
2026-07-06 20:15:02.754,1783340102.754470348,98.012654152,1,1,97.999704103,1,0.003621841,5,1,0.005252550,5,1,0,1,0,0,1,1,1,0,1,0,-1.000000000,0.000000000,0.000000000,0.000000000,0,-1.000000000,0,0,0,,0,-1.000000000,,0,0,0.000000000,0.000000000,0,-1.000000000,0,,0,-1.000000000,,0,-1.000000000,0,,1,2.981368542,170.819834613,-0.007326126,0.036629677,1,0.000000000,0.000000000,-0.002442360,0.006837845,1,-3.000000000,-171.887338539,0.002442360,-0.034187317,1,-0.219158173,-12.556838336,-0.007326126,-0.007326126,1,-1.183641434,-67.817658609,0.012210846,-0.003663063,2.988997936,171.256966720,0.000000000,-0.000000000,8.000000000,2.500000000,0.000000000,0.000000000,0.000000000,2.708557367,2.000000000,0.500000000,-3.000000000,-171.887338539,0.000000000,-2.756333113,1.000000000,0.500000000,-0.219158173,-12.556838336,0.000000000,-0.430917025,0.500000000,0.200000003,-1.183641434,-67.817658609,0.000000000,0.000209900,0.000000000,0.100000001
2026-07-06 20:15:03.754,1783340103.754527092,99.012710724,1,1,98.999760675,1,0.003662293,5,1,0.005540398,5,1,0,1,0,0,1,1,1,0,1,0,-1.000000000,0.000000000,0.000000000,0.000000000,0,-1.000000000,0,0,0,,0,-1.000000000,,0,0,0.000000000,0.000000000,0,-1.000000000,0,,0,-1.000000000,,0,-1.000000000,0,,1,2.981368542,170.819834613,-0.021978378,0.031745911,1,0.000000000,0.000000000,-0.007326126,0.020513535,1,-3.000000000,-171.887338539,-0.002442360,-0.034187317,1,-0.219158173,-12.556838336,-0.021978378,-0.007326126,1,-1.183641434,-67.817658609,-0.012210846,-0.003663063,2.988997936,171.256966720,0.000000000,-0.000000000,8.000000000,2.500000000,0.000000000,0.000000000,0.000000000,2.708557367,2.000000000,0.500000000,-3.000000000,-171.887338539,0.000000000,-2.756333113,1.000000000,0.500000000,-0.219158173,-12.556838336,0.000000000,-0.430917025,0.500000000,0.200000003,-1.183641434,-67.817658609,0.000000000,0.000209900,0.000000000,0.100000001
2026-07-06 20:15:04.754,1783340104.754467487,100.012651408,1,1,99.999701359,1,0.003967237,5,1,0.005437055,5,1,0,1,0,0,1,1,1,0,1,0,-1.000000000,0.000000000,0.000000000,0.000000000,0,-1.000000000,0,0,0,,0,-1.000000000,,0,0,0.000000000,0.000000000,0,-1.000000000,0,,0,-1.000000000,,0,-1.000000000,0,,1,2.981368542,170.819834613,-0.007326126,0.036629677,1,0.000000000,0.000000000,-0.002442360,0.020513535,1,-3.000000000,-171.887338539,-0.007326126,-0.034187317,1,-0.218776703,-12.534981731,0.007326126,-0.002442360,1,-1.183641434,-67.817658609,-0.012210846,-0.003663063,2.988997936,171.256966720,0.000000000,-0.000000000,8.000000000,2.500000000,0.000000000,0.000000000,0.000000000,2.708557367,2.000000000,0.500000000,-3.000000000,-171.887338539,0.000000000,-2.756333113,1.000000000,0.500000000,-0.219158173,-12.556838336,0.000000000,-0.430917025,0.500000000,0.200000003,-1.183641434,-67.817658609,0.000000000,0.000209900,0.000000000,0.100000001
2026-07-06 20:15:05.754,1783340105.754556417,101.012740297,1,1,100.999790248,1,0.004441944,5,1,0.005491820,5,1,0,1,0,0,1,1,1,0,1,0,-1.000000000,0.000000000,0.000000000,0.000000000,0,-1.000000000,0,0,0,,0,-1.000000000,,0,0,0.000000000,0.000000000,0,-1.000000000,0,,0,-1.000000000,,0,-1.000000000,0,,1,2.981368542,170.819834613,-0.021978378,0.036629677,1,0.000000000,0.000000000,-0.002442360,0.020513535,1,-3.000000000,-171.887338539,-0.002442360,-0.034187317,1,-0.219158173,-12.556838336,-0.007326126,-0.002442360,1,-1.183641434,-67.817658609,-0.012210846,-0.003663063,2.988997936,171.256966720,0.000000000,-0.000000000,8.000000000,2.500000000,0.000000000,0.000000000,0.000000000,2.708557367,2.000000000,0.500000000,-3.000000000,-171.887338539,0.000000000,-2.756333113,1.000000000,0.500000000,-0.219158173,-12.556838336,0.000000000,-0.430917025,0.500000000,0.200000003,-1.183641434,-67.817658609,0.000000000,0.000209900,0.000000000,0.100000001
2026-07-06 20:15:06.754,1783340106.754581451,102.012765303,1,1,101.999815254,1,0.003319816,5,1,0.005292746,5,1,0,1,0,0,1,1,1,0,1,0,-1.000000000,0.000000000,0.000000000,0.000000000,0,-1.000000000,0,0,0,,0,-1.000000000,,0,0,0.000000000,0.000000000,0,-1.000000000,0,,0,-1.000000000,,0,-1.000000000,0,,0,2.981368542,170.819834613,-0.007326126,0.036629677,0,0.000000000,0.000000000,-0.002442360,0.006837845,0,-3.000000000,-171.887338539,-0.002442360,-0.047863007,0,-0.219158173,-12.556838336,-0.021978378,-0.002442360,0,-1.183641434,-67.817658609,0.012210846,-0.003663063,2.988997936,171.256966720,0.000000000,-0.000000000,8.000000000,2.500000000,0.000000000,0.000000000,0.000000000,2.708557367,2.000000000,0.500000000,-3.000000000,-171.887338539,0.000000000,-2.756333113,1.000000000,0.500000000,-0.219158173,-12.556838336,0.000000000,-0.430917025,0.500000000,0.200000003,-1.183641434,-67.817658609,0.000000000,0.000209900,0.000000000,0.100000001
2026-07-06 20:15:07.754,1783340107.754629850,103.012813592,1,1,102.999863543,1,0.004252238,5,1,0.005471515,5,1,0,1,0,0,1,1,1,0,1,0,-1.000000000,0.000000000,0.000000000,0.000000000,0,-1.000000000,0,0,0,,0,-1.000000000,,0,0,0.000000000,0.000000000,0,-1.000000000,0,,0,-1.000000000,,0,-1.000000000,0,,1,2.981368542,170.819834613,-0.007326126,0.036629677,1,0.000000000,0.000000000,-0.002442360,0.020513535,1,-3.000000000,-171.887338539,-0.002442360,-0.034187317,1,-0.219158173,-12.556838336,-0.007326126,-0.007326126,1,-1.183641434,-67.817658609,0.012210846,-0.003663063,2.988997936,171.256966720,0.000000000,-0.000000000,8.000000000,2.500000000,0.000000000,0.000000000,0.000000000,2.708557367,2.000000000,0.500000000,-3.000000000,-171.887338539,0.000000000,-2.756333113,1.000000000,0.500000000,-0.219158173,-12.556838336,0.000000000,-0.430917025,0.500000000,0.200000003,-1.183641434,-67.817658609,0.000000000,0.000209900,0.000000000,0.100000001
2026-07-06 20:15:08.754,1783340108.754777908,104.012961631,1,1,104.000011582,1,0.004328690,5,1,0.005645359,5,1,0,1,0,0,1,1,1,0,1,0,-1.000000000,0.000000000,0.000000000,0.000000000,0,-1.000000000,0,0,0,,0,-1.000000000,,0,0,0.000000000,0.000000000,0,-1.000000000,0,,0,-1.000000000,,0,-1.000000000,0,,1,2.981368542,170.819834613,0.007326126,0.036629677,1,0.000000000,0.000000000,-0.002442360,0.006837845,0,-3.000000000,-171.887338539,-0.002442360,-0.034187317,0,-0.219158173,-12.556838336,-0.007326126,-0.007326126,1,-1.183641434,-67.817658609,0.012210846,-0.003663063,2.988997936,171.256966720,0.000000000,-0.000000000,8.000000000,2.500000000,0.000000000,0.000000000,0.000000000,2.708557367,2.000000000,0.500000000,-3.000000000,-171.887338539,0.000000000,-2.756333113,1.000000000,0.500000000,-0.219158173,-12.556838336,0.000000000,-0.430917025,0.500000000,0.200000003,-1.183641434,-67.817658609,0.000000000,0.000209900,0.000000000,0.100000001
2026-07-06 20:15:09.754,1783340109.754637480,105.012821379,1,1,104.999871330,1,0.004722038,5,1,0.005555232,5,1,0,1,0,0,1,1,1,0,1,0,-1.000000000,0.000000000,0.000000000,0.000000000,0,-1.000000000,0,0,0,,0,-1.000000000,,0,0,0.000000000,0.000000000,0,-1.000000000,0,,0,-1.000000000,,0,-1.000000000,0,,1,2.981368542,170.819834613,-0.007326126,0.036629677,1,0.000000000,0.000000000,0.002442360,0.006837845,1,-3.000000000,-171.887338539,0.002442360,-0.047863007,1,-0.219158173,-12.556838336,-0.007326126,-0.007326126,1,-1.184024811,-67.839624497,-0.012210846,-0.003663063,2.988997936,171.256966720,0.000000000,-0.000000000,8.000000000,2.500000000,0.000000000,0.000000000,0.000000000,2.708557367,2.000000000,0.500000000,-3.000000000,-171.887338539,0.000000000,-2.756333113,1.000000000,0.500000000,-0.219158173,-12.556838336,0.000000000,-0.430917025,0.500000000,0.200000003,-1.183641434,-67.817658609,0.000000000,0.000209900,0.000000000,0.100000001
2026-07-06 20:15:10.754,1783340110.754739761,106.012923438,1,1,105.999973389,1,0.004202907,5,1,0.005401726,5,1,0,1,0,0,1,1,1,0,1,0,-1.000000000,0.000000000,0.000000000,0.000000000,0,-1.000000000,0,0,0,,0,-1.000000000,,0,0,0.000000000,0.000000000,0,-1.000000000,0,,0,-1.000000000,,0,-1.000000000,0,,1,2.981368542,170.819834613,0.007326126,0.036629677,1,0.000000000,0.000000000,-0.002442360,0.020513535,1,-3.000000000,-171.887338539,0.002442360,-0.034187317,1,-0.219158173,-12.556838336,-0.007326126,-0.007326126,1,-1.183641434,-67.817658609,-0.012210846,-0.003663063,2.988997936,171.256966720,0.000000000,-0.000000000,8.000000000,2.500000000,0.000000000,0.000000000,0.000000000,2.708557367,2.000000000,0.500000000,-3.000000000,-171.887338539,0.000000000,-2.756333113,1.000000000,0.500000000,-0.219158173,-12.556838336,0.000000000,-0.430917025,0.500000000,0.200000003,-1.183641434,-67.817658609,0.000000000,0.000209900,0.000000000,0.100000001
2026-07-06 20:15:11.754,1783340111.754674435,107.012858320,1,1,106.999908271,1,0.004420785,5,1,0.005265118,5,1,0,1,0,0,1,1,1,0,1,0,-1.000000000,0.000000000,0.000000000,0.000000000,0,-1.000000000,0,0,0,,0,-1.000000000,,0,0,0.000000000,0.000000000,0,-1.000000000,0,,0,-1.000000000,,0,-1.000000000,0,,1,2.981368542,170.819834613,-0.007326126,0.036629677,1,0.000000000,0.000000000,-0.002442360,0.020513535,1,-3.000000000,-171.887338539,0.002442360,-0.034187317,1,-0.219158173,-12.556838336,-0.007326126,-0.007326126,1,-1.184024811,-67.839624497,-0.036628723,-0.003663063,2.988997936,171.256966720,0.000000000,-0.000000000,8.000000000,2.500000000,0.000000000,0.000000000,0.000000000,2.708557367,2.000000000,0.500000000,-3.000000000,-171.887338539,0.000000000,-2.756333113,1.000000000,0.500000000,-0.219158173,-12.556838336,0.000000000,-0.430917025,0.500000000,0.200000003,-1.183641434,-67.817658609,0.000000000,0.000209900,0.000000000,0.100000001
2026-07-06 20:15:12.754,1783340112.754715443,108.012899237,1,1,107.999949188,1,0.003630300,5,1,0.005451800,5,1,0,1,0,0,1,1,1,0,1,0,-1.000000000,0.000000000,0.000000000,0.000000000,0,-1.000000000,0,0,0,,0,-1.000000000,,0,0,0.000000000,0.000000000,0,-1.000000000,0,,0,-1.000000000,,0,-1.000000000,0,,1,2.981368542,170.819834613,-0.007326126,0.036629677,1,0.000000000,0.000000000,-0.002442360,0.006837845,1,-3.000000000,-171.887338539,-0.002442360,-0.034187317,1,-0.219158173,-12.556838336,-0.007326126,-0.002442360,1,-1.183641434,-67.817658609,-0.036628723,-0.003663063,2.988997936,171.256966720,0.000000000,-0.000000000,8.000000000,2.500000000,0.000000000,0.000000000,0.000000000,2.708557367,2.000000000,0.500000000,-3.000000000,-171.887338539,0.000000000,-2.756333113,1.000000000,0.500000000,-0.219158173,-12.556838336,0.000000000,-0.430917025,0.500000000,0.200000003,-1.183641434,-67.817658609,0.000000000,0.000209900,0.000000000,0.100000001
2026-07-06 20:15:13.754,1783340113.754818916,109.013002567,1,1,109.000052518,1,0.003796370,5,1,0.005536666,5,1,0,1,0,0,1,1,1,0,1,0,-1.000000000,0.000000000,0.000000000,0.000000000,0,-1.000000000,0,0,0,,0,-1.000000000,,0,0,0.000000000,0.000000000,0,-1.000000000,0,,0,-1.000000000,,0,-1.000000000,0,,1,2.981368542,170.819834613,-0.007326126,0.036629677,1,0.000000000,0.000000000,-0.002442360,0.006837845,1,-3.000000000,-171.887338539,-0.002442360,-0.034187317,1,-0.219158173,-12.556838336,-0.021978378,-0.002442360,1,-1.183641434,-67.817658609,-0.012210846,-0.003663063,2.988997936,171.256966720,0.000000000,-0.000000000,8.000000000,2.500000000,0.000000000,0.000000000,0.000000000,2.708557367,2.000000000,0.500000000,-3.000000000,-171.887338539,0.000000000,-2.756333113,1.000000000,0.500000000,-0.219158173,-12.556838336,0.000000000,-0.430917025,0.500000000,0.200000003,-1.183641434,-67.817658609,0.000000000,0.000209900,0.000000000,0.100000001
2026-07-06 20:15:14.754,1783340114.754809856,110.012993656,1,1,110.000043607,1,0.004513746,5,1,0.005492639,5,1,0,1,0,0,1,1,1,0,1,0,-1.000000000,0.000000000,0.000000000,0.000000000,0,-1.000000000,0,0,0,,0,-1.000000000,,0,0,0.000000000,0.000000000,0,-1.000000000,0,,0,-1.000000000,,0,-1.000000000,0,,1,2.981368542,170.819834613,-0.007326126,0.036629677,1,0.000000000,0.000000000,-0.002442360,0.020513535,1,-3.000000000,-171.887338539,-0.007326126,-0.034187317,1,-0.219158173,-12.556838336,-0.021978378,-0.007326126,1,-1.183641434,-67.817658609,-0.012210846,-0.003663063,2.988997936,171.256966720,0.000000000,-0.000000000,8.000000000,2.500000000,0.000000000,0.000000000,0.000000000,2.708557367,2.000000000,0.500000000,-3.000000000,-171.887338539,0.000000000,-2.756333113,1.000000000,0.500000000,-0.219158173,-12.556838336,0.000000000,-0.430917025,0.500000000,0.200000003,-1.183641434,-67.817658609,0.000000000,0.000209900,0.000000000,0.100000001
2026-07-06 20:15:15.755,1783340115.754871130,111.013054822,1,1,111.000104773,1,0.004946034,5,1,0.005617218,5,1,0,1,0,0,1,1,1,0,1,0,-1.000000000,0.000000000,0.000000000,0.000000000,0,-1.000000000,0,0,0,,0,-1.000000000,,0,0,0.000000000,0.000000000,0,-1.000000000,0,,0,-1.000000000,,0,-1.000000000,0,,1,2.981368542,170.819834613,-0.021978378,0.031745911,1,0.000000000,0.000000000,-0.002442360,0.006837845,1,-3.000000000,-171.887338539,-0.002442360,-0.047863007,1,-0.219158173,-12.556838336,-0.021978378,-0.007326126,1,-1.183641434,-67.817658609,-0.012210846,-0.003663063,2.988997936,171.256966720,0.000000000,-0.000000000,8.000000000,2.500000000,0.000000000,0.000000000,0.000000000,2.708557367,2.000000000,0.500000000,-3.000000000,-171.887338539,0.000000000,-2.756333113,1.000000000,0.500000000,-0.219158173,-12.556838336,0.000000000,-0.430917025,0.500000000,0.200000003,-1.183641434,-67.817658609,0.000000000,0.000209900,0.000000000,0.100000001
2026-07-06 20:15:16.754,1783340116.754773140,112.012957053,1,1,112.000007004,1,0.004211316,5,1,0.005228268,5,1,0,1,0,0,1,1,1,0,1,0,-1.000000000,0.000000000,0.000000000,0.000000000,0,-1.000000000,0,0,0,,0,-1.000000000,,0,0,0.000000000,0.000000000,0,-1.000000000,0,,0,-1.000000000,,0,-1.000000000,0,,1,2.981368542,170.819834613,-0.007326126,0.036629677,1,0.000000000,0.000000000,-0.007326126,0.020513535,1,-3.000000000,-171.887338539,-0.002442360,-0.047863007,1,-0.219158173,-12.556838336,-0.021978378,-0.007326126,1,-1.183641434,-67.817658609,0.012210846,-0.003663063,2.988997936,171.256966720,0.000000000,-0.000000000,8.000000000,2.500000000,0.000000000,0.000000000,0.000000000,2.708557367,2.000000000,0.500000000,-3.000000000,-171.887338539,0.000000000,-2.756333113,1.000000000,0.500000000,-0.219158173,-12.556838336,0.000000000,-0.430917025,0.500000000,0.200000003,-1.183641434,-67.817658609,0.000000000,0.000209900,0.000000000,0.100000001
2026-07-06 20:15:17.754,1783340117.754836559,113.013020323,1,1,113.000070274,1,0.003931370,5,1,0.005729799,5,1,0,1,0,0,1,1,1,0,1,0,-1.000000000,0.000000000,0.000000000,0.000000000,0,-1.000000000,0,0,0,,0,-1.000000000,,0,0,0.000000000,0.000000000,0,-1.000000000,0,,0,-1.000000000,,0,-1.000000000,0,,1,2.981368542,170.819834613,-0.021978378,0.036629677,1,0.000000000,0.000000000,-0.002442360,0.020513535,1,-3.000000000,-171.887338539,-0.002442360,-0.034187317,1,-0.219158173,-12.556838336,0.007326126,-0.002442360,1,-1.184024811,-67.839624497,0.012210846,-0.003663063,2.988997936,171.256966720,0.000000000,-0.000000000,8.000000000,2.500000000,0.000000000,0.000000000,0.000000000,2.708557367,2.000000000,0.500000000,-3.000000000,-171.887338539,0.000000000,-2.756333113,1.000000000,0.500000000,-0.219158173,-12.556838336,0.000000000,-0.430917025,0.500000000,0.200000003,-1.183641434,-67.817658609,0.000000000,0.000209900,0.000000000,0.100000001
2026-07-06 20:15:18.754,1783340118.754826307,114.013010034,1,1,114.000059985,1,0.003471697,5,1,0.005426670,5,1,0,1,0,0,1,1,1,0,1,0,-1.000000000,0.000000000,0.000000000,0.000000000,0,-1.000000000,0,0,0,,0,-1.000000000,,0,0,0.000000000,0.000000000,0,-1.000000000,0,,0,-1.000000000,,0,-1.000000000,0,,1,2.981368542,170.819834613,-0.021978378,0.036629677,1,0.000000000,0.000000000,-0.002442360,0.020513535,1,-3.000000000,-171.887338539,-0.002442360,-0.034187317,1,-0.219158173,-12.556838336,-0.007326126,-0.007326126,1,-1.183641434,-67.817658609,-0.036628723,-0.003663063,2.988997936,171.256966720,0.000000000,-0.000000000,8.000000000,2.500000000,0.000000000,0.000000000,0.000000000,2.708557367,2.000000000,0.500000000,-3.000000000,-171.887338539,0.000000000,-2.756333113,1.000000000,0.500000000,-0.219158173,-12.556838336,0.000000000,-0.430917025,0.500000000,0.200000003,-1.183641434,-67.817658609,0.000000000,0.000209900,0.000000000,0.100000001
2026-07-06 20:15:19.755,1783340119.755576372,115.013760144,1,1,115.000810095,1,0.003876761,5,1,0.005997196,5,1,0,1,0,0,1,1,1,0,1,0,-1.000000000,0.000000000,0.000000000,0.000000000,0,-1.000000000,0,0,0,,0,-1.000000000,,0,0,0.000000000,0.000000000,0,-1.000000000,0,,0,-1.000000000,,0,-1.000000000,0,,1,2.981368542,170.819834613,-0.021978378,0.036629677,1,0.000000000,0.000000000,-0.002442360,0.006837845,1,-3.000000000,-171.887338539,0.002442360,-0.034187317,1,-0.219158173,-12.556838336,-0.007326126,-0.002442360,1,-1.183641434,-67.817658609,-0.012210846,-0.003663063,2.988997936,171.256966720,0.000000000,-0.000000000,8.000000000,2.500000000,0.000000000,0.000000000,0.000000000,2.708557367,2.000000000,0.500000000,-3.000000000,-171.887338539,0.000000000,-2.756333113,1.000000000,0.500000000,-0.219158173,-12.556838336,0.000000000,-0.430917025,0.500000000,0.200000003,-1.183641434,-67.817658609,0.000000000,0.000209900,0.000000000,0.100000001
2026-07-06 20:15:20.754,1783340120.754832268,116.013016230,1,1,116.000066181,1,0.004335207,5,1,0.005239243,5,1,0,1,0,0,1,1,1,0,1,0,-1.000000000,0.000000000,0.000000000,0.000000000,0,-1.000000000,0,0,0,,0,-1.000000000,,0,0,0.000000000,0.000000000,0,-1.000000000,0,,0,-1.000000000,,0,-1.000000000,0,,1,2.981368542,170.819834613,-0.021978378,0.031745911,1,0.000000000,0.000000000,-0.002442360,0.006837845,1,-3.000000000,-171.887338539,-0.002442360,-0.034187317,1,-0.219158173,-12.556838336,-0.007326126,-0.007326126,1,-1.183641434,-67.817658609,-0.012210846,-0.003663063,2.988997936,171.256966720,0.000000000,-0.000000000,8.000000000,2.500000000,0.000000000,0.000000000,0.000000000,2.708557367,2.000000000,0.500000000,-3.000000000,-171.887338539,0.000000000,-2.756333113,1.000000000,0.500000000,-0.219158173,-12.556838336,0.000000000,-0.430917025,0.500000000,0.200000003,-1.183641434,-67.817658609,0.000000000,0.000209900,0.000000000,0.100000001
2026-07-06 20:15:21.755,1783340121.755582571,117.013766361,1,1,117.000816312,1,0.004778602,5,1,0.006261744,5,1,0,1,0,0,1,1,1,0,1,0,-1.000000000,0.000000000,0.000000000,0.000000000,0,-1.000000000,0,0,0,,0,-1.000000000,,0,0,0.000000000,0.000000000,0,-1.000000000,0,,0,-1.000000000,,0,-1.000000000,0,,1,2.981368542,170.819834613,-0.007326126,0.031745911,1,0.000000000,0.000000000,-0.002442360,0.020513535,1,-3.000000000,-171.887338539,-0.007326126,-0.034187317,1,-0.218776703,-12.534981731,-0.021978378,-0.002442360,1,-1.183641434,-67.817658609,-0.036628723,-0.003663063,2.988997936,171.256966720,0.000000000,-0.000000000,8.000000000,2.500000000,0.000000000,0.000000000,0.000000000,2.708557367,2.000000000,0.500000000,-3.000000000,-171.887338539,0.000000000,-2.756333113,1.000000000,0.500000000,-0.219158173,-12.556838336,0.000000000,-0.430917025,0.500000000,0.200000003,-1.183641434,-67.817658609,0.000000000,0.000209900,0.000000000,0.100000001
2026-07-06 20:15:22.755,1783340122.754960060,118.013143944,1,1,118.000193895,1,0.003857011,5,1,0.005232893,5,1,0,1,0,0,1,1,1,0,1,0,-1.000000000,0.000000000,0.000000000,0.000000000,0,-1.000000000,0,0,0,,0,-1.000000000,,0,0,0.000000000,0.000000000,0,-1.000000000,0,,0,-1.000000000,,0,-1.000000000,0,,1,2.981368542,170.819834613,0.007326126,0.031745911,1,0.000000000,0.000000000,-0.007326126,0.006837845,1,-3.000000000,-171.887338539,-0.002442360,-0.034187317,1,-0.219158173,-12.556838336,-0.007326126,-0.007326126,1,-1.183641434,-67.817658609,-0.012210846,-0.003663063,2.988997936,171.256966720,0.000000000,-0.000000000,8.000000000,2.500000000,0.000000000,0.000000000,0.000000000,2.708557367,2.000000000,0.500000000,-3.000000000,-171.887338539,0.000000000,-2.756333113,1.000000000,0.500000000,-0.219158173,-12.556838336,0.000000000,-0.430917025,0.500000000,0.200000003,-1.183641434,-67.817658609,0.000000000,0.000209900,0.000000000,0.100000001
2026-07-06 20:15:23.755,1783340123.754914761,119.013098585,1,1,119.000148536,1,0.004458904,5,1,0.005530537,5,1,0,1,0,0,1,1,1,0,1,0,-1.000000000,0.000000000,0.000000000,0.000000000,0,-1.000000000,0,0,0,,0,-1.000000000,,0,0,0.000000000,0.000000000,0,-1.000000000,0,,0,-1.000000000,,0,-1.000000000,0,,1,2.981368542,170.819834613,-0.007326126,0.031745911,1,0.000000000,0.000000000,-0.002442360,0.020513535,1,-3.000000000,-171.887338539,-0.002442360,-0.047863007,1,-0.219158173,-12.556838336,-0.007326126,-0.007326126,1,-1.184024811,-67.839624497,-0.012210846,-0.003663063,2.988997936,171.256966720,0.000000000,-0.000000000,8.000000000,2.500000000,0.000000000,0.000000000,0.000000000,2.708557367,2.000000000,0.500000000,-3.000000000,-171.887338539,0.000000000,-2.756333113,1.000000000,0.500000000,-0.219158173,-12.556838336,0.000000000,-0.430917025,0.500000000,0.200000003,-1.183641434,-67.817658609,0.000000000,0.000209900,0.000000000,0.100000001
2026-07-06 20:15:24.755,1783340124.754997015,120.013180709,1,1,120.000230660,1,0.004169430,5,1,0.005330765,5,1,0,1,0,0,1,1,1,0,1,0,-1.000000000,0.000000000,0.000000000,0.000000000,0,-1.000000000,0,0,0,,0,-1.000000000,,0,0,0.000000000,0.000000000,0,-1.000000000,0,,0,-1.000000000,,0,-1.000000000,0,,1,2.981368542,170.819834613,-0.007326126,0.036629677,1,0.000000000,0.000000000,-0.002442360,0.006837845,1,-3.000000000,-171.887338539,-0.002442360,-0.034187317,1,-0.219158173,-12.556838336,-0.007326126,-0.007326126,1,-1.183641434,-67.817658609,-0.012210846,-0.003663063,2.988997936,171.256966720,0.000000000,-0.000000000,8.000000000,2.500000000,0.000000000,0.000000000,0.000000000,2.708557367,2.000000000,0.500000000,-3.000000000,-171.887338539,0.000000000,-2.756333113,1.000000000,0.500000000,-0.219158173,-12.556838336,0.000000000,-0.430917025,0.500000000,0.200000003,-1.183641434,-67.817658609,0.000000000,0.000209900,0.000000000,0.100000001
2026-07-06 20:15:25.755,1783340125.755004883,121.013188605,1,1,121.000238556,1,0.003959488,5,1,0.005474176,5,1,0,1,0,0,1,1,1,0,1,0,-1.000000000,0.000000000,0.000000000,0.000000000,0,-1.000000000,0,0,0,,0,-1.000000000,,0,0,0.000000000,0.000000000,0,-1.000000000,0,,0,-1.000000000,,0,-1.000000000,0,,1,2.981368542,170.819834613,-0.007326126,0.036629677,1,0.000000000,0.000000000,-0.002442360,0.006837845,1,-3.000000000,-171.887338539,-0.007326126,-0.034187317,1,-0.218776703,-12.534981731,-0.007326126,-0.007326126,1,-1.183641434,-67.817658609,0.012210846,-0.003663063,2.988997936,171.256966720,0.000000000,-0.000000000,8.000000000,2.500000000,0.000000000,0.000000000,0.000000000,2.708557367,2.000000000,0.500000000,-3.000000000,-171.887338539,0.000000000,-2.756333113,1.000000000,0.500000000,-0.219158173,-12.556838336,0.000000000,-0.430917025,0.500000000,0.200000003,-1.183641434,-67.817658609,0.000000000,0.000209900,0.000000000,0.100000001
2026-07-06 20:15:26.755,1783340126.755023003,122.013206940,1,1,122.000256891,1,0.004423828,5,1,0.005541568,5,1,0,1,0,0,1,1,1,0,1,0,-1.000000000,0.000000000,0.000000000,0.000000000,0,-1.000000000,0,0,0,,0,-1.000000000,,0,0,0.000000000,0.000000000,0,-1.000000000,0,,0,-1.000000000,,0,-1.000000000,0,,1,2.981368542,170.819834613,-0.007326126,0.036629677,1,0.000000000,0.000000000,-0.007326126,0.006837845,1,-3.000000000,-171.887338539,0.002442360,-0.020513535,1,-0.219158173,-12.556838336,-0.007326126,-0.007326126,1,-1.183641434,-67.817658609,-0.012210846,-0.003663063,2.988997936,171.256966720,0.000000000,-0.000000000,8.000000000,2.500000000,0.000000000,0.000000000,0.000000000,2.708557367,2.000000000,0.500000000,-3.000000000,-171.887338539,0.000000000,-2.756333113,1.000000000,0.500000000,-0.219158173,-12.556838336,0.000000000,-0.430917025,0.500000000,0.200000003,-1.183641434,-67.817658609,0.000000000,0.000209900,0.000000000,0.100000001
2026-07-06 20:15:27.755,1783340127.755031109,123.013214803,1,1,123.000264754,1,0.004532534,5,1,0.005440588,5,1,0,1,0,0,1,1,1,0,1,0,-1.000000000,0.000000000,0.000000000,0.000000000,0,-1.000000000,0,0,0,,0,-1.000000000,,0,0,0.000000000,0.000000000,0,-1.000000000,0,,0,-1.000000000,,0,-1.000000000,0,,1,2.981368542,170.819834613,-0.007326126,0.036629677,1,0.000000000,0.000000000,-0.002442360,0.006837845,1,-3.000000000,-171.887338539,-0.002442360,-0.034187317,1,-0.219158173,-12.556838336,-0.007326126,-0.007326126,1,-1.183641434,-67.817658609,-0.012210846,-0.003663063,2.988997936,171.256966720,0.000000000,-0.000000000,8.000000000,2.500000000,0.000000000,0.000000000,0.000000000,2.708557367,2.000000000,0.500000000,-3.000000000,-171.887338539,0.000000000,-2.756333113,1.000000000,0.500000000,-0.219158173,-12.556838336,0.000000000,-0.430917025,0.500000000,0.200000003,-1.183641434,-67.817658609,0.000000000,0.000209900,0.000000000,0.100000001
2026-07-06 20:15:28.755,1783340128.755049706,124.013233404,1,1,124.000283355,1,0.004198598,5,1,0.005165360,5,1,0,1,0,0,1,1,1,0,1,0,-1.000000000,0.000000000,0.000000000,0.000000000,0,-1.000000000,0,0,0,,0,-1.000000000,,0,0,0.000000000,0.000000000,0,-1.000000000,0,,0,-1.000000000,,0,-1.000000000,0,,1,2.981368542,170.819834613,-0.007326126,0.036629677,1,0.000000000,0.000000000,0.002442360,0.020513535,1,-3.000000000,-171.887338539,-0.002442360,-0.034187317,1,-0.219158173,-12.556838336,-0.007326126,-0.007326126,1,-1.183641434,-67.817658609,-0.012210846,-0.006104946,2.988997936,171.256966720,0.000000000,-0.000000000,8.000000000,2.500000000,0.000000000,0.000000000,0.000000000,2.708557367,2.000000000,0.500000000,-3.000000000,-171.887338539,0.000000000,-2.756333113,1.000000000,0.500000000,-0.219158173,-12.556838336,0.000000000,-0.430917025,0.500000000,0.200000003,-1.183641434,-67.817658609,0.000000000,0.000209900,0.000000000,0.100000001
2026-07-06 20:15:29.755,1783340129.755068064,125.013251899,1,1,125.000301850,1,0.004259198,5,1,0.005536047,5,1,0,1,0,0,1,1,1,0,1,0,-1.000000000,0.000000000,0.000000000,0.000000000,0,-1.000000000,0,0,0,,0,-1.000000000,,0,0,0.000000000,0.000000000,0,-1.000000000,0,,0,-1.000000000,,0,-1.000000000,0,,1,2.981368542,170.819834613,-0.007326126,0.031745911,1,0.000000000,0.000000000,-0.002442360,0.020513535,1,-3.000000000,-171.887338539,-0.002442360,-0.034187317,1,-0.219158173,-12.556838336,-0.007326126,-0.007326126,1,-1.183641434,-67.817658609,-0.012210846,-0.003663063,2.988997936,171.256966720,0.000000000,-0.000000000,8.000000000,2.500000000,0.000000000,0.000000000,0.000000000,2.708557367,2.000000000,0.500000000,-3.000000000,-171.887338539,0.000000000,-2.756333113,1.000000000,0.500000000,-0.219158173,-12.556838336,0.000000000,-0.430917025,0.500000000,0.200000003,-1.183641434,-67.817658609,0.000000000,0.000209900,0.000000000,0.100000001
2026-07-06 20:15:30.755,1783340130.755072117,126.013255912,1,1,126.000305863,1,0.004305412,5,1,0.005562069,5,1,0,1,0,0,1,1,1,0,1,0,-1.000000000,0.000000000,0.000000000,0.000000000,0,-1.000000000,0,0,0,,0,-1.000000000,,0,0,0.000000000,0.000000000,0,-1.000000000,0,,0,-1.000000000,,0,-1.000000000,0,,1,2.981368542,170.819834613,-0.007326126,0.036629677,1,0.000000000,0.000000000,-0.002442360,0.006837845,1,-3.000000000,-171.887338539,-0.002442360,-0.034187317,1,-0.219158173,-12.556838336,-0.021978378,-0.007326126,1,-1.184024811,-67.839624497,-0.036628723,-0.003663063,2.988997936,171.256966720,0.000000000,-0.000000000,8.000000000,2.500000000,0.000000000,0.000000000,0.000000000,2.708557367,2.000000000,0.500000000,-3.000000000,-171.887338539,0.000000000,-2.756333113,1.000000000,0.500000000,-0.219158173,-12.556838336,0.000000000,-0.430917025,0.500000000,0.200000003,-1.183641434,-67.817658609,0.000000000,0.000209900,0.000000000,0.100000001
2026-07-06 20:15:31.755,1783340131.755109072,127.013293008,1,1,127.000342959,1,0.004196626,5,1,0.005445034,5,1,0,1,0,0,1,1,1,0,1,0,-1.000000000,0.000000000,0.000000000,0.000000000,0,-1.000000000,0,0,0,,0,-1.000000000,,0,0,0.000000000,0.000000000,0,-1.000000000,0,,0,-1.000000000,,0,-1.000000000,0,,1,2.981368542,170.819834613,-0.007326126,0.036629677,1,0.000000000,0.000000000,-0.002442360,0.006837845,1,-3.000000000,-171.887338539,-0.002442360,-0.047863007,1,-0.218776703,-12.534981731,-0.007326126,-0.007326126,1,-1.183641434,-67.817658609,-0.012210846,-0.003663063,2.988997936,171.256966720,0.000000000,-0.000000000,8.000000000,2.500000000,0.000000000,0.000000000,0.000000000,2.708557367,2.000000000,0.500000000,-3.000000000,-171.887338539,0.000000000,-2.756333113,1.000000000,0.500000000,-0.219158173,-12.556838336,0.000000000,-0.430917025,0.500000000,0.200000003,-1.183641434,-67.817658609,0.000000000,0.000209900,0.000000000,0.100000001
2026-07-06 20:15:32.755,1783340132.755167961,128.013351679,1,1,128.000401630,1,0.004254071,5,1,0.005583804,5,1,0,1,0,0,1,1,1,0,1,0,-1.000000000,0.000000000,0.000000000,0.000000000,0,-1.000000000,0,0,0,,0,-1.000000000,,0,0,0.000000000,0.000000000,0,-1.000000000,0,,0,-1.000000000,,0,-1.000000000,0,,1,2.981368542,170.819834613,-0.007326126,0.031745911,1,0.000000000,0.000000000,-0.002442360,0.006837845,1,-3.000000000,-171.887338539,-0.002442360,-0.034187317,1,-0.219158173,-12.556838336,-0.021978378,-0.007326126,1,-1.184024811,-67.839624497,-0.012210846,-0.003663063,2.988997936,171.256966720,0.000000000,-0.000000000,8.000000000,2.500000000,0.000000000,0.000000000,0.000000000,2.708557367,2.000000000,0.500000000,-3.000000000,-171.887338539,0.000000000,-2.756333113,1.000000000,0.500000000,-0.219158173,-12.556838336,0.000000000,-0.430917025,0.500000000,0.200000003,-1.183641434,-67.817658609,0.000000000,0.000209900,0.000000000,0.100000001
2026-07-06 20:15:33.755,1783340133.755167961,129.013351907,1,1,129.000401858,1,0.004105022,5,1,0.005592012,5,1,0,1,0,0,1,1,1,0,1,0,-1.000000000,0.000000000,0.000000000,0.000000000,0,-1.000000000,0,0,0,,0,-1.000000000,,0,0,0.000000000,0.000000000,0,-1.000000000,0,,0,-1.000000000,,0,-1.000000000,0,,1,2.981368542,170.819834613,-0.007326126,0.031745911,1,0.000000000,0.000000000,-0.002442360,0.020513535,1,-3.000000000,-171.887338539,-0.002442360,-0.034187317,1,-0.219158173,-12.556838336,-0.007326126,-0.007326126,1,-1.184024811,-67.839624497,-0.036628723,-0.003663063,2.988997936,171.256966720,0.000000000,-0.000000000,8.000000000,2.500000000,0.000000000,0.000000000,0.000000000,2.708557367,2.000000000,0.500000000,-3.000000000,-171.887338539,0.000000000,-2.756333113,1.000000000,0.500000000,-0.219158173,-12.556838336,0.000000000,-0.430917025,0.500000000,0.200000003,-1.183641434,-67.817658609,0.000000000,0.000209900,0.000000000,0.100000001
2026-07-06 20:15:34.755,1783340134.755142450,130.013326223,1,1,130.000376174,1,0.004259377,5,1,0.005397554,5,1,0,1,0,0,1,1,1,0,1,0,-1.000000000,0.000000000,0.000000000,0.000000000,0,-1.000000000,0,0,0,,0,-1.000000000,,0,0,0.000000000,0.000000000,0,-1.000000000,0,,0,-1.000000000,,0,-1.000000000,0,,1,2.981368542,170.819834613,-0.007326126,0.036629677,1,0.000000000,0.000000000,-0.007326126,0.006837845,1,-3.000000000,-171.887338539,-0.007326126,-0.034187317,1,-0.219158173,-12.556838336,-0.007326126,-0.002442360,1,-1.184024811,-67.839624497,-0.012210846,-0.003663063,2.988997936,171.256966720,0.000000000,-0.000000000,8.000000000,2.500000000,0.000000000,0.000000000,0.000000000,2.708557367,2.000000000,0.500000000,-3.000000000,-171.887338539,0.000000000,-2.756333113,1.000000000,0.500000000,-0.219158173,-12.556838336,0.000000000,-0.430917025,0.500000000,0.200000003,-1.183641434,-67.817658609,0.000000000,0.000209900,0.000000000,0.100000001
2026-07-06 20:15:35.755,1783340135.755193710,131.013377278,1,1,131.000427229,1,0.004558935,5,1,0.005807595,5,1,0,1,0,0,1,1,1,0,1,0,-1.000000000,0.000000000,0.000000000,0.000000000,0,-1.000000000,0,0,0,,0,-1.000000000,,0,0,0.000000000,0.000000000,0,-1.000000000,0,,0,-1.000000000,,0,-1.000000000,0,,1,2.981368542,170.819834613,-0.007326126,0.031745911,1,0.000000000,0.000000000,-0.002442360,0.006837845,1,-3.000000000,-171.887338539,-0.002442360,-0.034187317,1,-0.219158173,-12.556838336,-0.021978378,-0.007326126,1,-1.183641434,-67.817658609,0.012210846,-0.003663063,2.988997936,171.256966720,0.000000000,-0.000000000,8.000000000,2.500000000,0.000000000,0.000000000,0.000000000,2.708557367,2.000000000,0.500000000,-3.000000000,-171.887338539,0.000000000,-2.756333113,1.000000000,0.500000000,-0.219158173,-12.556838336,0.000000000,-0.430917025,0.500000000,0.200000003,-1.183641434,-67.817658609,0.000000000,0.000209900,0.000000000,0.100000001
2026-07-06 20:15:36.755,1783340136.755222797,132.013406472,1,1,132.000456423,1,0.004312920,5,1,0.005551980,5,1,0,1,0,0,1,1,1,0,1,0,-1.000000000,0.000000000,0.000000000,0.000000000,0,-1.000000000,0,0,0,,0,-1.000000000,,0,0,0.000000000,0.000000000,0,-1.000000000,0,,0,-1.000000000,,0,-1.000000000,0,,1,2.981368542,170.819834613,-0.007326126,0.031745911,1,0.000000000,0.000000000,0.002442360,0.006837845,1,-3.000000000,-171.887338539,-0.002442360,-0.034187317,1,-0.218776703,-12.534981731,0.007326126,-0.007326126,1,-1.183641434,-67.817658609,-0.012210846,-0.003663063,2.988997936,171.256966720,0.000000000,-0.000000000,8.000000000,2.500000000,0.000000000,0.000000000,0.000000000,2.708557367,2.000000000,0.500000000,-3.000000000,-171.887338539,0.000000000,-2.756333113,1.000000000,0.500000000,-0.219158173,-12.556838336,0.000000000,-0.430917025,0.500000000,0.200000003,-1.183641434,-67.817658609,0.000000000,0.000209900,0.000000000,0.100000001
2026-07-06 20:15:37.755,1783340137.755226374,133.013410280,1,1,133.000460231,1,0.004449941,5,1,0.005525206,5,1,0,1,0,0,1,1,1,0,1,0,-1.000000000,0.000000000,0.000000000,0.000000000,0,-1.000000000,0,0,0,,0,-1.000000000,,0,0,0.000000000,0.000000000,0,-1.000000000,0,,0,-1.000000000,,0,-1.000000000,0,,1,2.981368542,170.819834613,-0.007326126,0.031745911,1,0.000000000,0.000000000,0.002442360,0.020513535,1,-3.000000000,-171.887338539,-0.007326126,-0.034187317,1,-0.219158173,-12.556838336,0.007326126,-0.002442360,1,-1.184024811,-67.839624497,-0.036628723,-0.003663063,2.988997936,171.256966720,0.000000000,-0.000000000,8.000000000,2.500000000,0.000000000,0.000000000,0.000000000,2.708557367,2.000000000,0.500000000,-3.000000000,-171.887338539,0.000000000,-2.756333113,1.000000000,0.500000000,-0.219158173,-12.556838336,0.000000000,-0.430917025,0.500000000,0.200000003,-1.183641434,-67.817658609,0.000000000,0.000209900,0.000000000,0.100000001
2026-07-06 20:15:38.755,1783340138.755252838,134.013436542,1,1,134.000486493,1,0.004331522,5,1,0.005737426,5,1,0,1,0,0,1,1,1,0,1,0,-1.000000000,0.000000000,0.000000000,0.000000000,0,-1.000000000,0,0,0,,0,-1.000000000,,0,0,0.000000000,0.000000000,0,-1.000000000,0,,0,-1.000000000,,0,-1.000000000,0,,1,2.981368542,170.819834613,-0.007326126,0.036629677,1,0.000000000,0.000000000,-0.002442360,0.020513535,1,-3.000000000,-171.887338539,-0.002442360,-0.034187317,1,-0.219158173,-12.556838336,-0.007326126,-0.002442360,1,-1.184024811,-67.839624497,-0.061050415,-0.003663063,2.988997936,171.256966720,0.000000000,-0.000000000,8.000000000,2.500000000,0.000000000,0.000000000,0.000000000,2.708557367,2.000000000,0.500000000,-3.000000000,-171.887338539,0.000000000,-2.756333113,1.000000000,0.500000000,-0.219158173,-12.556838336,0.000000000,-0.430917025,0.500000000,0.200000003,-1.183641434,-67.817658609,0.000000000,0.000209900,0.000000000,0.100000001
2026-07-06 20:15:39.755,1783340139.755293608,135.013477375,1,1,135.000527326,1,0.004658389,5,1,0.005475992,5,1,0,1,0,0,1,1,1,0,1,0,-1.000000000,0.000000000,0.000000000,0.000000000,0,-1.000000000,0,0,0,,0,-1.000000000,,0,0,0.000000000,0.000000000,0,-1.000000000,0,,0,-1.000000000,,0,-1.000000000,0,,1,2.981368542,170.819834613,-0.007326126,0.036629677,1,0.000000000,0.000000000,-0.002442360,0.020513535,1,-3.000000000,-171.887338539,-0.002442360,-0.034187317,1,-0.219158173,-12.556838336,-0.007326126,-0.007326126,1,-1.183641434,-67.817658609,-0.012210846,-0.003663063,2.988997936,171.256966720,0.000000000,-0.000000000,8.000000000,2.500000000,0.000000000,0.000000000,0.000000000,2.708557367,2.000000000,0.500000000,-3.000000000,-171.887338539,0.000000000,-2.756333113,1.000000000,0.500000000,-0.219158173,-12.556838336,0.000000000,-0.430917025,0.500000000,0.200000003,-1.183641434,-67.817658609,0.000000000,0.000209900,0.000000000,0.100000001
2026-07-06 20:15:40.755,1783340140.755331039,136.013514749,1,1,136.000564700,1,0.004726266,5,1,0.005613807,5,1,0,1,0,0,1,1,1,0,1,0,-1.000000000,0.000000000,0.000000000,0.000000000,0,-1.000000000,0,0,0,,0,-1.000000000,,0,0,0.000000000,0.000000000,0,-1.000000000,0,,0,-1.000000000,,0,-1.000000000,0,,1,2.981368542,170.819834613,-0.007326126,0.036629677,1,0.000000000,0.000000000,-0.002442360,0.020513535,1,-3.000000000,-171.887338539,-0.002442360,-0.047863007,1,-0.219158173,-12.556838336,-0.021978378,-0.002442360,1,-1.183641434,-67.817658609,0.012210846,-0.003663063,2.988997936,171.256966720,0.000000000,-0.000000000,8.000000000,2.500000000,0.000000000,0.000000000,0.000000000,2.708557367,2.000000000,0.500000000,-3.000000000,-171.887338539,0.000000000,-2.756333113,1.000000000,0.500000000,-0.219158173,-12.556838336,0.000000000,-0.430917025,0.500000000,0.200000003,-1.183641434,-67.817658609,0.000000000,0.000209900,0.000000000,0.100000001
2026-07-06 20:15:41.755,1783340141.755322933,137.013506762,1,1,137.000556713,1,0.004148197,5,1,0.005568067,5,1,0,1,0,0,1,1,1,0,1,0,-1.000000000,0.000000000,0.000000000,0.000000000,0,-1.000000000,0,0,0,,0,-1.000000000,,0,0,0.000000000,0.000000000,0,-1.000000000,0,,0,-1.000000000,,0,-1.000000000,0,,1,2.981368542,170.819834613,-0.007326126,0.036629677,1,0.000000000,0.000000000,-0.002442360,0.006837845,1,-3.000000000,-171.887338539,-0.002442360,-0.034187317,1,-0.218776703,-12.534981731,0.007326126,-0.007326126,1,-1.183641434,-67.817658609,-0.036628723,-0.003663063,2.988997936,171.256966720,0.000000000,-0.000000000,8.000000000,2.500000000,0.000000000,0.000000000,0.000000000,2.708557367,2.000000000,0.500000000,-3.000000000,-171.887338539,0.000000000,-2.756333113,1.000000000,0.500000000,-0.219158173,-12.556838336,0.000000000,-0.430917025,0.500000000,0.200000003,-1.183641434,-67.817658609,0.000000000,0.000209900,0.000000000,0.100000001
2026-07-06 20:15:42.755,1783340142.755424261,138.013608127,1,1,138.000658078,1,0.004422084,5,1,0.005378902,5,1,0,1,0,0,1,1,1,0,1,0,-1.000000000,0.000000000,0.000000000,0.000000000,0,-1.000000000,0,0,0,,0,-1.000000000,,0,0,0.000000000,0.000000000,0,-1.000000000,0,,0,-1.000000000,,0,-1.000000000,0,,1,2.981368542,170.819834613,-0.021978378,0.036629677,1,0.000000000,0.000000000,-0.002442360,0.006837845,1,-3.000000000,-171.887338539,-0.002442360,-0.034187317,1,-0.218776703,-12.534981731,-0.007326126,-0.007326126,1,-1.184024811,-67.839624497,-0.036628723,-0.003663063,2.988997936,171.256966720,0.000000000,-0.000000000,8.000000000,2.500000000,0.000000000,0.000000000,0.000000000,2.708557367,2.000000000,0.500000000,-3.000000000,-171.887338539,0.000000000,-2.756333113,1.000000000,0.500000000,-0.219158173,-12.556838336,0.000000000,-0.430917025,0.500000000,0.200000003,-1.183641434,-67.817658609,0.000000000,0.000209900,0.000000000,0.100000001
2026-07-06 20:15:43.755,1783340143.755382299,139.013565942,1,1,139.000615893,1,0.004426364,5,1,0.005540982,5,1,0,1,0,0,1,1,1,0,1,0,-1.000000000,0.000000000,0.000000000,0.000000000,0,-1.000000000,0,0,0,,0,-1.000000000,,0,0,0.000000000,0.000000000,0,-1.000000000,0,,0,-1.000000000,,0,-1.000000000,0,,1,2.981368542,170.819834613,-0.007326126,0.031745911,1,0.000000000,0.000000000,-0.002442360,0.020513535,1,-3.000000000,-171.887338539,-0.002442360,-0.034187317,1,-0.219158173,-12.556838336,0.007326126,-0.007326126,1,-1.183641434,-67.817658609,0.012210846,-0.003663063,2.988997936,171.256966720,0.000000000,-0.000000000,8.000000000,2.500000000,0.000000000,0.000000000,0.000000000,2.708557367,2.000000000,0.500000000,-3.000000000,-171.887338539,0.000000000,-2.756333113,1.000000000,0.500000000,-0.219158173,-12.556838336,0.000000000,-0.430917025,0.500000000,0.200000003,-1.183641434,-67.817658609,0.000000000,0.000209900,0.000000000,0.100000001
2026-07-06 20:15:44.755,1783340144.755444050,140.013627872,1,1,140.000677823,1,0.003773098,5,1,0.005582306,5,1,0,1,0,0,1,1,1,0,1,0,-1.000000000,0.000000000,0.000000000,0.000000000,0,-1.000000000,0,0,0,,0,-1.000000000,,0,0,0.000000000,0.000000000,0,-1.000000000,0,,0,-1.000000000,,0,-1.000000000,0,,1,2.981368542,170.819834613,-0.007326126,0.036629677,1,0.000000000,0.000000000,-0.002442360,0.006837845,1,-3.000000000,-171.887338539,-0.002442360,-0.034187317,1,-0.219158173,-12.556838336,-0.007326126,-0.007326126,1,-1.183641434,-67.817658609,-0.012210846,-0.006104946,2.988997936,171.256966720,0.000000000,-0.000000000,8.000000000,2.500000000,0.000000000,0.000000000,0.000000000,2.708557367,2.000000000,0.500000000,-3.000000000,-171.887338539,0.000000000,-2.756333113,1.000000000,0.500000000,-0.219158173,-12.556838336,0.000000000,-0.430917025,0.500000000,0.200000003,-1.183641434,-67.817658609,0.000000000,0.000209900,0.000000000,0.100000001
2026-07-06 20:15:45.755,1783340145.755441189,141.013625047,1,1,141.000674998,1,0.004042723,5,1,0.005520006,5,1,0,1,0,0,1,1,1,0,1,0,-1.000000000,0.000000000,0.000000000,0.000000000,0,-1.000000000,0,0,0,,0,-1.000000000,,0,0,0.000000000,0.000000000,0,-1.000000000,0,,0,-1.000000000,,0,-1.000000000,0,,1,2.981368542,170.819834613,-0.007326126,0.036629677,1,0.000000000,0.000000000,-0.002442360,0.006837845,1,-3.000000000,-171.887338539,-0.002442360,-0.047863007,1,-0.219158173,-12.556838336,-0.007326126,-0.002442360,1,-1.183641434,-67.817658609,0.036628723,-0.003663063,2.988997936,171.256966720,0.000000000,-0.000000000,8.000000000,2.500000000,0.000000000,0.000000000,0.000000000,2.708557367,2.000000000,0.500000000,-3.000000000,-171.887338539,0.000000000,-2.756333113,1.000000000,0.500000000,-0.219158173,-12.556838336,0.000000000,-0.430917025,0.500000000,0.200000003,-1.183641434,-67.817658609,0.000000000,0.000209900,0.000000000,0.100000001
2026-07-06 20:15:46.755,1783340146.755494595,142.013678442,1,1,142.000728393,1,0.003775801,5,1,0.005380106,5,1,0,1,0,0,1,1,1,0,1,0,-1.000000000,0.000000000,0.000000000,0.000000000,0,-1.000000000,0,0,0,,0,-1.000000000,,0,0,0.000000000,0.000000000,0,-1.000000000,0,,0,-1.000000000,,0,-1.000000000,0,,1,2.981368542,170.819834613,-0.021978378,0.031745911,1,0.000000000,0.000000000,-0.002442360,0.006837845,1,-3.000000000,-171.887338539,0.002442360,-0.047863007,1,-0.219158173,-12.556838336,-0.021978378,-0.007326126,1,-1.183641434,-67.817658609,0.012210846,-0.003663063,2.988997936,171.256966720,0.000000000,-0.000000000,8.000000000,2.500000000,0.000000000,0.000000000,0.000000000,2.708557367,2.000000000,0.500000000,-3.000000000,-171.887338539,0.000000000,-2.756333113,1.000000000,0.500000000,-0.219158173,-12.556838336,0.000000000,-0.430917025,0.500000000,0.200000003,-1.183641434,-67.817658609,0.000000000,0.000209900,0.000000000,0.100000001
2026-07-06 20:15:47.755,1783340147.755567789,143.013751678,1,1,143.000801629,1,0.004740253,5,1,0.005441624,5,1,0,1,0,0,1,1,1,0,1,0,-1.000000000,0.000000000,0.000000000,0.000000000,0,-1.000000000,0,0,0,,0,-1.000000000,,0,0,0.000000000,0.000000000,0,-1.000000000,0,,0,-1.000000000,,0,-1.000000000,0,,1,2.981368542,170.819834613,0.007326126,0.036629677,1,0.000000000,0.000000000,-0.002442360,0.020513535,1,-3.000000000,-171.887338539,-0.002442360,-0.034187317,1,-0.219158173,-12.556838336,-0.007326126,-0.007326126,1,-1.183641434,-67.817658609,-0.012210846,-0.003663063,2.988997936,171.256966720,0.000000000,-0.000000000,8.000000000,2.500000000,0.000000000,0.000000000,0.000000000,2.708557367,2.000000000,0.500000000,-3.000000000,-171.887338539,0.000000000,-2.756333113,1.000000000,0.500000000,-0.219158173,-12.556838336,0.000000000,-0.430917025,0.500000000,0.200000003,-1.183641434,-67.817658609,0.000000000,0.000209900,0.000000000,0.100000001
2026-07-06 20:15:48.755,1783340148.755552769,144.013736688,1,1,144.000786639,1,0.004037937,5,1,0.005016679,5,1,0,1,0,0,1,1,1,0,1,0,-1.000000000,0.000000000,0.000000000,0.000000000,0,-1.000000000,0,0,0,,0,-1.000000000,,0,0,0.000000000,0.000000000,0,-1.000000000,0,,0,-1.000000000,,0,-1.000000000,0,,1,2.981368542,170.819834613,0.007326126,0.036629677,1,0.000000000,0.000000000,-0.002442360,0.006837845,1,-3.000000000,-171.887338539,-0.007326126,-0.047863007,1,-0.219158173,-12.556838336,-0.007326126,-0.002442360,1,-1.184024811,-67.839624497,-0.061050415,-0.003663063,2.988997936,171.256966720,0.000000000,-0.000000000,8.000000000,2.500000000,0.000000000,0.000000000,0.000000000,2.708557367,2.000000000,0.500000000,-3.000000000,-171.887338539,0.000000000,-2.756333113,1.000000000,0.500000000,-0.219158173,-12.556838336,0.000000000,-0.430917025,0.500000000,0.200000003,-1.183641434,-67.817658609,0.000000000,0.000209900,0.000000000,0.100000001
2026-07-06 20:15:49.755,1783340149.755677462,145.013861175,1,1,145.000911126,1,0.003571885,5,1,0.005497666,5,1,0,1,0,0,1,1,1,0,1,0,-1.000000000,0.000000000,0.000000000,0.000000000,0,-1.000000000,0,0,0,,0,-1.000000000,,0,0,0.000000000,0.000000000,0,-1.000000000,0,,0,-1.000000000,,0,-1.000000000,0,,1,2.981368542,170.819834613,-0.021978378,0.031745911,1,0.000000000,0.000000000,-0.002442360,0.006837845,1,-3.000000000,-171.887338539,-0.002442360,-0.034187317,1,-0.219158173,-12.556838336,-0.007326126,-0.002442360,1,-1.184024811,-67.839624497,-0.012210846,-0.003663063,2.988997936,171.256966720,0.000000000,-0.000000000,8.000000000,2.500000000,0.000000000,0.000000000,0.000000000,2.708557367,2.000000000,0.500000000,-3.000000000,-171.887338539,0.000000000,-2.756333113,1.000000000,0.500000000,-0.219158173,-12.556838336,0.000000000,-0.430917025,0.500000000,0.200000003,-1.183641434,-67.817658609,0.000000000,0.000209900,0.000000000,0.100000001
2026-07-06 20:15:50.755,1783340150.755554914,146.013738490,1,1,146.000788441,1,0.002803713,5,1,0.004858997,5,1,0,1,0,0,1,1,1,0,1,0,-1.000000000,0.000000000,0.000000000,0.000000000,0,-1.000000000,0,0,0,,0,-1.000000000,,0,0,0.000000000,0.000000000,0,-1.000000000,0,,0,-1.000000000,,0,-1.000000000,0,,1,2.981368542,170.819834613,-0.007326126,0.036629677,1,0.000000000,0.000000000,-0.002442360,0.006837845,1,-3.000000000,-171.887338539,-0.007326126,-0.047863007,1,-0.219158173,-12.556838336,-0.007326126,-0.007326126,1,-1.183641434,-67.817658609,-0.012210846,-0.003663063,2.988997936,171.256966720,0.000000000,-0.000000000,8.000000000,2.500000000,0.000000000,0.000000000,0.000000000,2.708557367,2.000000000,0.500000000,-3.000000000,-171.887338539,0.000000000,-2.756333113,1.000000000,0.500000000,-0.219158173,-12.556838336,0.000000000,-0.430917025,0.500000000,0.200000003,-1.183641434,-67.817658609,0.000000000,0.000209900,0.000000000,0.100000001
2026-07-06 20:15:51.756,1783340151.756112099,147.014296030,1,1,147.001345981,1,0.004193371,5,1,0.006234490,5,1,0,1,0,0,1,1,1,0,1,0,-1.000000000,0.000000000,0.000000000,0.000000000,0,-1.000000000,0,0,0,,0,-1.000000000,,0,0,0.000000000,0.000000000,0,-1.000000000,0,,0,-1.000000000,,0,-1.000000000,0,,1,2.981368542,170.819834613,-0.007326126,0.036629677,1,0.000000000,0.000000000,-0.002442360,0.006837845,1,-3.000000000,-171.887338539,-0.002442360,-0.034187317,1,-0.219158173,-12.556838336,0.007326126,-0.002442360,1,-1.183641434,-67.817658609,0.012210846,-0.003663063,2.988997936,171.256966720,0.000000000,-0.000000000,8.000000000,2.500000000,0.000000000,0.000000000,0.000000000,2.708557367,2.000000000,0.500000000,-3.000000000,-171.887338539,0.000000000,-2.756333113,1.000000000,0.500000000,-0.219158173,-12.556838336,0.000000000,-0.430917025,0.500000000,0.200000003,-1.183641434,-67.817658609,0.000000000,0.000209900,0.000000000,0.100000001
2026-07-06 20:15:52.756,1783340152.756410837,148.014594680,1,1,148.001644631,1,0.004161310,5,1,0.006198824,5,1,0,1,0,0,1,1,1,0,1,0,-1.000000000,0.000000000,0.000000000,0.000000000,0,-1.000000000,0,0,0,,0,-1.000000000,,0,0,0.000000000,0.000000000,0,-1.000000000,0,,0,-1.000000000,,0,-1.000000000,0,,1,2.981368542,170.819834613,-0.007326126,0.036629677,1,0.000000000,0.000000000,0.002442360,0.020513535,1,-3.000000000,-171.887338539,0.002442360,-0.034187317,1,-0.218776703,-12.534981731,-0.007326126,-0.007326126,1,-1.183641434,-67.817658609,-0.012210846,-0.003663063,2.988997936,171.256966720,0.000000000,-0.000000000,8.000000000,2.500000000,0.000000000,0.000000000,0.000000000,2.708557367,2.000000000,0.500000000,-3.000000000,-171.887338539,0.000000000,-2.756333113,1.000000000,0.500000000,-0.219158173,-12.556838336,0.000000000,-0.430917025,0.500000000,0.200000003,-1.183641434,-67.817658609,0.000000000,0.000209900,0.000000000,0.100000001
2026-07-06 20:15:53.755,1783340153.755728960,149.013912582,1,1,149.000962533,1,0.004620453,5,1,0.005284061,5,1,0,1,0,0,1,1,1,0,1,0,-1.000000000,0.000000000,0.000000000,0.000000000,0,-1.000000000,0,0,0,,0,-1.000000000,,0,0,0.000000000,0.000000000,0,-1.000000000,0,,0,-1.000000000,,0,-1.000000000,0,,1,2.981368542,170.819834613,-0.021978378,0.036629677,1,0.000000000,0.000000000,0.002442360,0.006837845,1,-3.000000000,-171.887338539,-0.002442360,-0.034187317,1,-0.219158173,-12.556838336,0.007326126,-0.007326126,1,-1.184024811,-67.839624497,-0.036628723,-0.003663063,2.988997936,171.256966720,0.000000000,-0.000000000,8.000000000,2.500000000,0.000000000,0.000000000,0.000000000,2.708557367,2.000000000,0.500000000,-3.000000000,-171.887338539,0.000000000,-2.756333113,1.000000000,0.500000000,-0.219158173,-12.556838336,0.000000000,-0.430917025,0.500000000,0.200000003,-1.183641434,-67.817658609,0.000000000,0.000209900,0.000000000,0.100000001
2026-07-06 20:15:54.756,1783340154.756100178,150.014283987,1,1,150.001333938,1,0.004219774,5,1,0.006199434,5,1,0,1,0,0,1,1,1,0,1,0,-1.000000000,0.000000000,0.000000000,0.000000000,0,-1.000000000,0,0,0,,0,-1.000000000,,0,0,0.000000000,0.000000000,0,-1.000000000,0,,0,-1.000000000,,0,-1.000000000,0,,1,2.981368542,170.819834613,0.007326126,0.036629677,1,0.000000000,0.000000000,-0.002442360,0.006837845,1,-3.000000000,-171.887338539,-0.002442360,-0.034187317,1,-0.219158173,-12.556838336,-0.007326126,-0.007326126,1,-1.183641434,-67.817658609,-0.012210846,-0.003663063,2.988997936,171.256966720,0.000000000,-0.000000000,8.000000000,2.500000000,0.000000000,0.000000000,0.000000000,2.708557367,2.000000000,0.500000000,-3.000000000,-171.887338539,0.000000000,-2.756333113,1.000000000,0.500000000,-0.219158173,-12.556838336,0.000000000,-0.430917025,0.500000000,0.200000003,-1.183641434,-67.817658609,0.000000000,0.000209900,0.000000000,0.100000001
2026-07-06 20:15:55.755,1783340155.755735874,151.013919506,1,1,151.000969457,1,0.002800727,5,1,0.005266611,5,1,0,1,0,0,1,1,1,0,1,0,-1.000000000,0.000000000,0.000000000,0.000000000,0,-1.000000000,0,0,0,,0,-1.000000000,,0,0,0.000000000,0.000000000,0,-1.000000000,0,,0,-1.000000000,,0,-1.000000000,0,,1,2.981368542,170.819834613,-0.007326126,0.036629677,1,0.000000000,0.000000000,0.002442360,0.006837845,1,-3.000000000,-171.887338539,-0.002442360,-0.034187317,1,-0.219158173,-12.556838336,-0.007326126,-0.007326126,1,-1.183641434,-67.817658609,-0.012210846,-0.003663063,2.988997936,171.256966720,0.000000000,-0.000000000,8.000000000,2.500000000,0.000000000,0.000000000,0.000000000,2.708557367,2.000000000,0.500000000,-3.000000000,-171.887338539,0.000000000,-2.756333113,1.000000000,0.500000000,-0.219158173,-12.556838336,0.000000000,-0.430917025,0.500000000,0.200000003,-1.183641434,-67.817658609,0.000000000,0.000209900,0.000000000,0.100000001
2026-07-06 20:15:56.756,1783340156.755847931,152.014031661,1,1,152.001081612,1,0.003949911,5,1,0.005790214,5,1,0,1,0,0,1,1,1,0,1,0,-1.000000000,0.000000000,0.000000000,0.000000000,0,-1.000000000,0,0,0,,0,-1.000000000,,0,0,0.000000000,0.000000000,0,-1.000000000,0,,0,-1.000000000,,0,-1.000000000,0,,1,2.981368542,170.819834613,-0.021978378,0.031745911,1,0.000000000,0.000000000,0.002442360,0.006837845,1,-3.000000000,-171.887338539,0.002442360,-0.034187317,1,-0.219158173,-12.556838336,-0.007326126,-0.007326126,1,-1.183641434,-67.817658609,-0.036628723,-0.003663063,2.988997936,171.256966720,0.000000000,-0.000000000,8.000000000,2.500000000,0.000000000,0.000000000,0.000000000,2.708557367,2.000000000,0.500000000,-3.000000000,-171.887338539,0.000000000,-2.756333113,1.000000000,0.500000000,-0.219158173,-12.556838336,0.000000000,-0.430917025,0.500000000,0.200000003,-1.183641434,-67.817658609,0.000000000,0.000209900,0.000000000,0.100000001
2026-07-06 20:15:57.756,1783340157.756551027,153.014734705,1,1,153.001784656,1,0.004274133,5,1,0.006266360,5,1,0,1,0,0,1,1,1,0,1,0,-1.000000000,0.000000000,0.000000000,0.000000000,0,-1.000000000,0,0,0,,0,-1.000000000,,0,0,0.000000000,0.000000000,0,-1.000000000,0,,0,-1.000000000,,0,-1.000000000,0,,1,2.981368542,170.819834613,-0.021978378,0.036629677,1,0.000000000,0.000000000,-0.002442360,0.006837845,1,-3.000000000,-171.887338539,-0.002442360,-0.034187317,1,-0.219158173,-12.556838336,-0.007326126,-0.007326126,1,-1.184024811,-67.839624497,-0.036628723,-0.003663063,2.988997936,171.256966720,0.000000000,-0.000000000,8.000000000,2.500000000,0.000000000,0.000000000,0.000000000,2.708557367,2.000000000,0.500000000,-3.000000000,-171.887338539,0.000000000,-2.756333113,1.000000000,0.500000000,-0.219158173,-12.556838336,0.000000000,-0.430917025,0.500000000,0.200000003,-1.183641434,-67.817658609,0.000000000,0.000209900,0.000000000,0.100000001
2026-07-06 20:15:58.755,1783340158.755758524,154.013942484,1,1,154.000992435,1,0.004139748,5,1,0.005851125,5,1,0,1,0,0,1,1,1,0,1,0,-1.000000000,0.000000000,0.000000000,0.000000000,0,-1.000000000,0,0,0,,0,-1.000000000,,0,0,0.000000000,0.000000000,0,-1.000000000,0,,0,-1.000000000,,0,-1.000000000,0,,1,2.981368542,170.819834613,-0.021978378,0.031745911,1,0.000000000,0.000000000,-0.002442360,0.006837845,1,-3.000000000,-171.887338539,0.002442360,-0.047863007,1,-0.219158173,-12.556838336,-0.007326126,-0.002442360,1,-1.183641434,-67.817658609,-0.012210846,-0.003663063,2.988997936,171.256966720,0.000000000,-0.000000000,8.000000000,2.500000000,0.000000000,0.000000000,0.000000000,2.708557367,2.000000000,0.500000000,-3.000000000,-171.887338539,0.000000000,-2.756333113,1.000000000,0.500000000,-0.219158173,-12.556838336,0.000000000,-0.430917025,0.500000000,0.200000003,-1.183641434,-67.817658609,0.000000000,0.000209900,0.000000000,0.100000001
2026-07-06 20:15:59.755,1783340159.755715370,155.013899192,1,1,155.000949143,1,0.004757076,5,1,0.005706003,5,1,0,1,0,0,1,1,1,0,1,0,-1.000000000,0.000000000,0.000000000,0.000000000,0,-1.000000000,0,0,0,,0,-1.000000000,,0,0,0.000000000,0.000000000,0,-1.000000000,0,,0,-1.000000000,,0,-1.000000000,0,,1,2.981368542,170.819834613,-0.007326126,0.036629677,1,0.000000000,0.000000000,-0.002442360,0.006837845,1,-3.000000000,-171.887338539,0.002442360,-0.034187317,1,-0.219158173,-12.556838336,0.007326126,-0.007326126,1,-1.183641434,-67.817658609,0.012210846,-0.003663063,2.988997936,171.256966720,0.000000000,-0.000000000,8.000000000,2.500000000,0.000000000,0.000000000,0.000000000,2.708557367,2.000000000,0.500000000,-3.000000000,-171.887338539,0.000000000,-2.756333113,1.000000000,0.500000000,-0.219158173,-12.556838336,0.000000000,-0.430917025,0.500000000,0.200000003,-1.183641434,-67.817658609,0.000000000,0.000209900,0.000000000,0.100000001
2026-07-06 20:16:00.755,1783340160.755784512,156.013968336,1,1,156.001018287,1,0.004466361,5,1,0.005705402,5,1,0,1,0,0,1,1,1,0,1,0,-1.000000000,0.000000000,0.000000000,0.000000000,0,-1.000000000,0,0,0,,0,-1.000000000,,0,0,0.000000000,0.000000000,0,-1.000000000,0,,0,-1.000000000,,0,-1.000000000,0,,1,2.981368542,170.819834613,-0.021978378,0.036629677,1,0.000000000,0.000000000,-0.002442360,0.006837845,1,-3.000000000,-171.887338539,0.002442360,-0.047863007,1,-0.219158173,-12.556838336,-0.007326126,-0.007326126,1,-1.183641434,-67.817658609,0.012210846,-0.003663063,2.988997936,171.256966720,0.000000000,-0.000000000,8.000000000,2.500000000,0.000000000,0.000000000,0.000000000,2.708557367,2.000000000,0.500000000,-3.000000000,-171.887338539,0.000000000,-2.756333113,1.000000000,0.500000000,-0.219158173,-12.556838336,0.000000000,-0.430917025,0.500000000,0.200000003,-1.183641434,-67.817658609,0.000000000,0.000209900,0.000000000,0.100000001
2026-07-06 20:16:01.755,1783340161.755840063,157.014023821,1,1,157.001073772,1,0.004566946,5,1,0.005725421,5,1,0,1,0,0,1,1,1,0,1,0,-1.000000000,0.000000000,0.000000000,0.000000000,0,-1.000000000,0,0,0,,0,-1.000000000,,0,0,0.000000000,0.000000000,0,-1.000000000,0,,0,-1.000000000,,0,-1.000000000,0,,1,2.981368542,170.819834613,0.007326126,0.036629677,1,0.000000000,0.000000000,-0.007326126,0.006837845,1,-3.000000000,-171.887338539,-0.007326126,-0.034187317,1,-0.219158173,-12.556838336,-0.007326126,-0.007326126,1,-1.183641434,-67.817658609,0.012210846,-0.003663063,2.988997936,171.256966720,0.000000000,-0.000000000,8.000000000,2.500000000,0.000000000,0.000000000,0.000000000,2.708557367,2.000000000,0.500000000,-3.000000000,-171.887338539,0.000000000,-2.756333113,1.000000000,0.500000000,-0.219158173,-12.556838336,0.000000000,-0.430917025,0.500000000,0.200000003,-1.183641434,-67.817658609,0.000000000,0.000209900,0.000000000,0.100000001
2026-07-06 20:16:02.755,1783340162.755730629,158.013914421,1,1,158.000964372,1,0.004711167,5,1,0.005399787,5,1,0,1,0,0,1,1,1,0,1,0,-1.000000000,0.000000000,0.000000000,0.000000000,0,-1.000000000,0,0,0,,0,-1.000000000,,0,0,0.000000000,0.000000000,0,-1.000000000,0,,0,-1.000000000,,0,-1.000000000,0,,1,2.981368542,170.819834613,-0.007326126,0.036629677,1,0.000000000,0.000000000,-0.002442360,0.006837845,1,-3.000000000,-171.887338539,-0.002442360,-0.034187317,1,-0.219158173,-12.556838336,-0.007326126,-0.007326126,1,-1.184024811,-67.839624497,0.012210846,-0.003663063,2.988997936,171.256966720,0.000000000,-0.000000000,8.000000000,2.500000000,0.000000000,0.000000000,0.000000000,2.708557367,2.000000000,0.500000000,-3.000000000,-171.887338539,0.000000000,-2.756333113,1.000000000,0.500000000,-0.219158173,-12.556838336,0.000000000,-0.430917025,0.500000000,0.200000003,-1.183641434,-67.817658609,0.000000000,0.000209900,0.000000000,0.100000001
2026-07-06 20:16:03.755,1783340163.755765200,159.013949088,1,1,159.000999039,1,0.003971699,5,1,0.005417630,5,1,0,1,0,0,1,1,1,0,1,0,-1.000000000,0.000000000,0.000000000,0.000000000,0,-1.000000000,0,0,0,,0,-1.000000000,,0,0,0.000000000,0.000000000,0,-1.000000000,0,,0,-1.000000000,,0,-1.000000000,0,,1,2.981368542,170.819834613,-0.021978378,0.031745911,1,0.000000000,0.000000000,-0.002442360,0.006837845,1,-3.000000000,-171.887338539,0.002442360,-0.047863007,1,-0.219158173,-12.556838336,-0.007326126,-0.007326126,1,-1.184024811,-67.839624497,-0.012210846,-0.003663063,2.988997936,171.256966720,0.000000000,-0.000000000,8.000000000,2.500000000,0.000000000,0.000000000,0.000000000,2.708557367,2.000000000,0.500000000,-3.000000000,-171.887338539,0.000000000,-2.756333113,1.000000000,0.500000000,-0.219158173,-12.556838336,0.000000000,-0.430917025,0.500000000,0.200000003,-1.183641434,-67.817658609,0.000000000,0.000209900,0.000000000,0.100000001
2026-07-06 20:16:04.756,1783340164.755890846,160.014074861,1,1,160.001124812,1,0.004409786,5,1,0.005957123,5,1,0,1,0,0,1,1,1,0,1,0,-1.000000000,0.000000000,0.000000000,0.000000000,0,-1.000000000,0,0,0,,0,-1.000000000,,0,0,0.000000000,0.000000000,0,-1.000000000,0,,0,-1.000000000,,0,-1.000000000,0,,1,2.981368542,170.819834613,0.007326126,0.036629677,1,0.000000000,0.000000000,-0.002442360,0.006837845,1,-3.000000000,-171.887338539,0.002442360,-0.034187317,1,-0.219158173,-12.556838336,-0.021978378,-0.007326126,1,-1.183641434,-67.817658609,-0.012210846,-0.003663063,2.988997936,171.256966720,0.000000000,-0.000000000,8.000000000,2.500000000,0.000000000,0.000000000,0.000000000,2.708557367,2.000000000,0.500000000,-3.000000000,-171.887338539,0.000000000,-2.756333113,1.000000000,0.500000000,-0.219158173,-12.556838336,0.000000000,-0.430917025,0.500000000,0.200000003,-1.183641434,-67.817658609,0.000000000,0.000209900,0.000000000,0.100000001
2026-07-06 20:16:05.755,1783340165.755830765,161.014014455,1,1,161.001064406,1,0.004235240,5,1,0.005619035,5,1,0,1,0,0,1,1,1,0,1,0,-1.000000000,0.000000000,0.000000000,0.000000000,0,-1.000000000,0,0,0,,0,-1.000000000,,0,0,0.000000000,0.000000000,0,-1.000000000,0,,0,-1.000000000,,0,-1.000000000,0,,1,2.981368542,170.819834613,-0.007326126,0.031745911,1,0.000000000,0.000000000,-0.002442360,0.006837845,1,-3.000000000,-171.887338539,-0.002442360,-0.034187317,1,-0.218776703,-12.534981731,0.007326126,-0.002442360,1,-1.183641434,-67.817658609,-0.036628723,-0.003663063,2.988997936,171.256966720,0.000000000,-0.000000000,8.000000000,2.500000000,0.000000000,0.000000000,0.000000000,2.708557367,2.000000000,0.500000000,-3.000000000,-171.887338539,0.000000000,-2.756333113,1.000000000,0.500000000,-0.219158173,-12.556838336,0.000000000,-0.430917025,0.500000000,0.200000003,-1.183641434,-67.817658609,0.000000000,0.000209900,0.000000000,0.100000001
2026-07-06 20:16:06.756,1783340166.755879402,162.014063316,1,1,162.001113267,1,0.003515825,5,1,0.005199351,5,1,0,1,0,0,1,1,1,0,1,0,-1.000000000,0.000000000,0.000000000,0.000000000,0,-1.000000000,0,0,0,,0,-1.000000000,,0,0,0.000000000,0.000000000,0,-1.000000000,0,,0,-1.000000000,,0,-1.000000000,0,,1,2.981368542,170.819834613,-0.007326126,0.036629677,1,0.000000000,0.000000000,0.002442360,0.006837845,1,-3.000000000,-171.887338539,-0.002442360,-0.047863007,1,-0.219158173,-12.556838336,0.007326126,-0.002442360,1,-1.184024811,-67.839624497,-0.012210846,-0.003663063,2.988997936,171.256966720,0.000000000,-0.000000000,8.000000000,2.500000000,0.000000000,0.000000000,0.000000000,2.708557367,2.000000000,0.500000000,-3.000000000,-171.887338539,0.000000000,-2.756333113,1.000000000,0.500000000,-0.219158173,-12.556838336,0.000000000,-0.430917025,0.500000000,0.200000003,-1.183641434,-67.817658609,0.000000000,0.000209900,0.000000000,0.100000001
2026-07-06 20:16:07.756,1783340167.755918026,163.014101756,1,1,163.001151707,1,0.004302033,5,1,0.005638245,5,1,0,1,0,0,1,1,1,0,1,0,-1.000000000,0.000000000,0.000000000,0.000000000,0,-1.000000000,0,0,0,,0,-1.000000000,,0,0,0.000000000,0.000000000,0,-1.000000000,0,,0,-1.000000000,,0,-1.000000000,0,,1,2.981368542,170.819834613,-0.007326126,0.036629677,1,0.000000000,0.000000000,-0.007326126,0.006837845,1,-3.000000000,-171.887338539,0.002442360,-0.034187317,1,-0.219158173,-12.556838336,-0.021978378,-0.007326126,1,-1.184024811,-67.839624497,-0.036628723,-0.003663063,2.988997936,171.256966720,0.000000000,-0.000000000,8.000000000,2.500000000,0.000000000,0.000000000,0.000000000,2.708557367,2.000000000,0.500000000,-3.000000000,-171.887338539,0.000000000,-2.756333113,1.000000000,0.500000000,-0.219158173,-12.556838336,0.000000000,-0.430917025,0.500000000,0.200000003,-1.183641434,-67.817658609,0.000000000,0.000209900,0.000000000,0.100000001
2026-07-06 20:16:08.756,1783340168.755958319,164.014142137,1,1,164.001192088,1,0.003400818,5,1,0.005601865,5,1,0,1,0,0,1,1,1,0,1,0,-1.000000000,0.000000000,0.000000000,0.000000000,0,-1.000000000,0,0,0,,0,-1.000000000,,0,0,0.000000000,0.000000000,0,-1.000000000,0,,0,-1.000000000,,0,-1.000000000,0,,1,2.981368542,170.819834613,-0.007326126,0.036629677,1,0.000000000,0.000000000,-0.007326126,0.020513535,1,-3.000000000,-171.887338539,-0.007326126,-0.047863007,1,-0.218776703,-12.534981731,0.007326126,-0.002442360,1,-1.183641434,-67.817658609,-0.012210846,-0.003663063,2.988997936,171.256966720,0.000000000,-0.000000000,8.000000000,2.500000000,0.000000000,0.000000000,0.000000000,2.708557367,2.000000000,0.500000000,-3.000000000,-171.887338539,0.000000000,-2.756333113,1.000000000,0.500000000,-0.219158173,-12.556838336,0.000000000,-0.430917025,0.500000000,0.200000003,-1.183641434,-67.817658609,0.000000000,0.000209900,0.000000000,0.100000001
2026-07-06 20:16:09.756,1783340169.755918026,165.014102000,1,1,165.001151951,1,0.004463245,5,1,0.005528439,5,1,0,1,0,0,1,1,1,0,1,0,-1.000000000,0.000000000,0.000000000,0.000000000,0,-1.000000000,0,0,0,,0,-1.000000000,,0,0,0.000000000,0.000000000,0,-1.000000000,0,,0,-1.000000000,,0,-1.000000000,0,,1,2.981368542,170.819834613,-0.007326126,0.031745911,1,0.000000000,0.000000000,-0.002442360,0.006837845,1,-3.000000000,-171.887338539,-0.002442360,-0.034187317,1,-0.219158173,-12.556838336,-0.007326126,-0.002442360,1,-1.183641434,-67.817658609,-0.036628723,-0.003663063,2.988997936,171.256966720,0.000000000,-0.000000000,8.000000000,2.500000000,0.000000000,0.000000000,0.000000000,2.708557367,2.000000000,0.500000000,-3.000000000,-171.887338539,0.000000000,-2.756333113,1.000000000,0.500000000,-0.219158173,-12.556838336,0.000000000,-0.430917025,0.500000000,0.200000003,-1.183641434,-67.817658609,0.000000000,0.000209900,0.000000000,0.100000001
2026-07-06 20:16:10.755,1783340170.755910397,166.014094083,1,1,166.001144034,1,0.004083383,5,1,0.005730343,5,1,0,1,0,0,1,1,1,0,1,0,-1.000000000,0.000000000,0.000000000,0.000000000,0,-1.000000000,0,0,0,,0,-1.000000000,,0,0,0.000000000,0.000000000,0,-1.000000000,0,,0,-1.000000000,,0,-1.000000000,0,,1,2.981368542,170.819834613,-0.007326126,0.036629677,1,0.000000000,0.000000000,0.002442360,0.020513535,1,-3.000000000,-171.887338539,-0.002442360,-0.047863007,1,-0.219158173,-12.556838336,-0.007326126,-0.007326126,1,-1.183641434,-67.817658609,-0.012210846,-0.003663063,2.988997936,171.256966720,0.000000000,-0.000000000,8.000000000,2.500000000,0.000000000,0.000000000,0.000000000,2.708557367,2.000000000,0.500000000,-3.000000000,-171.887338539,0.000000000,-2.756333113,1.000000000,0.500000000,-0.219158173,-12.556838336,0.000000000,-0.430917025,0.500000000,0.200000003,-1.183641434,-67.817658609,0.000000000,0.000209900,0.000000000,0.100000001
2026-07-06 20:16:11.756,1783340171.755942106,167.014126020,1,1,167.001175971,1,0.004167964,5,1,0.005489242,5,1,0,1,0,0,1,1,1,0,1,0,-1.000000000,0.000000000,0.000000000,0.000000000,0,-1.000000000,0,0,0,,0,-1.000000000,,0,0,0.000000000,0.000000000,0,-1.000000000,0,,0,-1.000000000,,0,-1.000000000,0,,1,2.981368542,170.819834613,-0.007326126,0.031745911,1,0.000000000,0.000000000,0.002442360,0.006837845,1,-3.000000000,-171.887338539,0.002442360,-0.034187317,1,-0.219158173,-12.556838336,-0.007326126,-0.007326126,1,-1.183641434,-67.817658609,-0.012210846,-0.003663063,2.988997936,171.256966720,0.000000000,-0.000000000,8.000000000,2.500000000,0.000000000,0.000000000,0.000000000,2.708557367,2.000000000,0.500000000,-3.000000000,-171.887338539,0.000000000,-2.756333113,1.000000000,0.500000000,-0.219158173,-12.556838336,0.000000000,-0.430917025,0.500000000,0.200000003,-1.183641434,-67.817658609,0.000000000,0.000209900,0.000000000,0.100000001
2026-07-06 20:16:12.756,1783340172.756022930,168.014206747,1,1,168.001256698,1,0.004452246,5,1,0.005683900,5,1,0,1,0,0,1,1,1,0,1,0,-1.000000000,0.000000000,0.000000000,0.000000000,0,-1.000000000,0,0,0,,0,-1.000000000,,0,0,0.000000000,0.000000000,0,-1.000000000,0,,0,-1.000000000,,0,-1.000000000,0,,1,2.981368542,170.819834613,-0.021978378,0.031745911,1,0.000000000,0.000000000,-0.002442360,0.006837845,1,-3.000000000,-171.887338539,-0.002442360,-0.034187317,1,-0.219158173,-12.556838336,-0.007326126,-0.002442360,1,-1.183641434,-67.817658609,0.012210846,-0.003663063,2.988997936,171.256966720,0.000000000,-0.000000000,8.000000000,2.500000000,0.000000000,0.000000000,0.000000000,2.708557367,2.000000000,0.500000000,-3.000000000,-171.887338539,0.000000000,-2.756333113,1.000000000,0.500000000,-0.219158173,-12.556838336,0.000000000,-0.430917025,0.500000000,0.200000003,-1.183641434,-67.817658609,0.000000000,0.000209900,0.000000000,0.100000001
2026-07-06 20:16:13.756,1783340173.756139755,169.014323448,1,1,169.001373399,1,0.004904007,5,1,0.005925263,5,1,0,1,0,0,1,1,1,0,1,0,-1.000000000,0.000000000,0.000000000,0.000000000,0,-1.000000000,0,0,0,,0,-1.000000000,,0,0,0.000000000,0.000000000,0,-1.000000000,0,,0,-1.000000000,,0,-1.000000000,0,,1,2.981368542,170.819834613,-0.007326126,0.036629677,1,0.000000000,0.000000000,-0.002442360,0.006837845,1,-3.000000000,-171.887338539,-0.002442360,-0.034187317,1,-0.219158173,-12.556838336,0.007326126,-0.007326126,1,-1.184024811,-67.839624497,-0.036628723,-0.003663063,2.988997936,171.256966720,0.000000000,-0.000000000,8.000000000,2.500000000,0.000000000,0.000000000,0.000000000,2.708557367,2.000000000,0.500000000,-3.000000000,-171.887338539,0.000000000,-2.756333113,1.000000000,0.500000000,-0.219158173,-12.556838336,0.000000000,-0.430917025,0.500000000,0.200000003,-1.183641434,-67.817658609,0.000000000,0.000209900,0.000000000,0.100000001
2026-07-06 20:16:14.756,1783340174.756056309,170.014240107,1,1,170.001290058,1,0.004718678,5,1,0.005680290,5,1,0,1,0,0,1,1,1,0,1,0,-1.000000000,0.000000000,0.000000000,0.000000000,0,-1.000000000,0,0,0,,0,-1.000000000,,0,0,0.000000000,0.000000000,0,-1.000000000,0,,0,-1.000000000,,0,-1.000000000,0,,1,2.981368542,170.819834613,-0.007326126,0.031745911,1,0.000000000,0.000000000,-0.002442360,0.006837845,1,-3.000000000,-171.887338539,-0.002442360,-0.034187317,1,-0.219158173,-12.556838336,-0.007326126,-0.002442360,1,-1.183641434,-67.817658609,-0.036628723,-0.003663063,2.988997936,171.256966720,0.000000000,-0.000000000,8.000000000,2.500000000,0.000000000,0.000000000,0.000000000,2.708557367,2.000000000,0.500000000,-3.000000000,-171.887338539,0.000000000,-2.756333113,1.000000000,0.500000000,-0.219158173,-12.556838336,0.000000000,-0.430917025,0.500000000,0.200000003,-1.183641434,-67.817658609,0.000000000,0.000209900,0.000000000,0.100000001
2026-07-06 20:16:15.756,1783340175.756028414,171.014212271,1,1,171.001262222,1,0.004172313,5,1,0.005529953,5,1,0,1,0,0,1,1,1,0,1,0,-1.000000000,0.000000000,0.000000000,0.000000000,0,-1.000000000,0,0,0,,0,-1.000000000,,0,0,0.000000000,0.000000000,0,-1.000000000,0,,0,-1.000000000,,0,-1.000000000,0,,1,2.981368542,170.819834613,-0.007326126,0.036629677,1,0.000000000,0.000000000,-0.007326126,0.020513535,1,-3.000000000,-171.887338539,-0.002442360,-0.047863007,1,-0.219158173,-12.556838336,-0.007326126,-0.007326126,1,-1.183641434,-67.817658609,-0.012210846,-0.003663063,2.988997936,171.256966720,0.000000000,-0.000000000,8.000000000,2.500000000,0.000000000,0.000000000,0.000000000,2.708557367,2.000000000,0.500000000,-3.000000000,-171.887338539,0.000000000,-2.756333113,1.000000000,0.500000000,-0.219158173,-12.556838336,0.000000000,-0.430917025,0.500000000,0.200000003,-1.183641434,-67.817658609,0.000000000,0.000209900,0.000000000,0.100000001
2026-07-06 20:16:16.756,1783340176.756020784,172.014204524,1,1,172.001254475,1,0.004665157,5,1,0.005625866,5,1,0,1,0,0,1,1,1,0,1,0,-1.000000000,0.000000000,0.000000000,0.000000000,0,-1.000000000,0,0,0,,0,-1.000000000,,0,0,0.000000000,0.000000000,0,-1.000000000,0,,0,-1.000000000,,0,-1.000000000,0,,1,2.981368542,170.819834613,-0.007326126,0.031745911,1,0.000000000,0.000000000,0.002442360,0.020513535,1,-3.000000000,-171.887338539,-0.007326126,-0.047863007,1,-0.219158173,-12.556838336,-0.021978378,-0.007326126,1,-1.184024811,-67.839624497,-0.036628723,-0.003663063,2.988997936,171.256966720,0.000000000,-0.000000000,8.000000000,2.500000000,0.000000000,0.000000000,0.000000000,2.708557367,2.000000000,0.500000000,-3.000000000,-171.887338539,0.000000000,-2.756333113,1.000000000,0.500000000,-0.219158173,-12.556838336,0.000000000,-0.430917025,0.500000000,0.200000003,-1.183641434,-67.817658609,0.000000000,0.000209900,0.000000000,0.100000001
2026-07-06 20:16:17.756,1783340177.756128788,173.014312509,1,1,173.001362460,1,0.004659405,5,1,0.005685624,5,1,0,1,0,0,1,1,1,0,1,0,-1.000000000,0.000000000,0.000000000,0.000000000,0,-1.000000000,0,0,0,,0,-1.000000000,,0,0,0.000000000,0.000000000,0,-1.000000000,0,,0,-1.000000000,,0,-1.000000000,0,,1,2.981368542,170.819834613,-0.021978378,0.036629677,1,0.000000000,0.000000000,-0.002442360,0.006837845,1,-3.000000000,-171.887338539,-0.002442360,-0.034187317,1,-0.219158173,-12.556838336,-0.007326126,-0.002442360,1,-1.184024811,-67.839624497,-0.036628723,-0.003663063,2.988997936,171.256966720,0.000000000,-0.000000000,8.000000000,2.500000000,0.000000000,0.000000000,0.000000000,2.708557367,2.000000000,0.500000000,-3.000000000,-171.887338539,0.000000000,-2.756333113,1.000000000,0.500000000,-0.219158173,-12.556838336,0.000000000,-0.430917025,0.500000000,0.200000003,-1.183641434,-67.817658609,0.000000000,0.000209900,0.000000000,0.100000001
2026-07-06 20:16:18.756,1783340178.756172657,174.014356419,1,1,174.001406370,1,0.004806556,5,1,0.005624725,5,1,0,1,0,0,1,1,1,0,1,0,-1.000000000,0.000000000,0.000000000,0.000000000,0,-1.000000000,0,0,0,,0,-1.000000000,,0,0,0.000000000,0.000000000,0,-1.000000000,0,,0,-1.000000000,,0,-1.000000000,0,,1,2.981368542,170.819834613,-0.007326126,0.031745911,1,0.000000000,0.000000000,0.002442360,0.006837845,1,-3.000000000,-171.887338539,-0.002442360,-0.034187317,1,-0.219158173,-12.556838336,-0.021978378,-0.007326126,1,-1.183641434,-67.817658609,-0.012210846,-0.003663063,2.988997936,171.256966720,0.000000000,-0.000000000,8.000000000,2.500000000,0.000000000,0.000000000,0.000000000,2.708557367,2.000000000,0.500000000,-3.000000000,-171.887338539,0.000000000,-2.756333113,1.000000000,0.500000000,-0.219158173,-12.556838336,0.000000000,-0.430917025,0.500000000,0.200000003,-1.183641434,-67.817658609,0.000000000,0.000209900,0.000000000,0.100000001
2026-07-06 20:16:19.756,1783340179.756136656,175.014320597,1,1,175.001370548,1,0.004633617,5,1,0.005570134,5,1,0,1,0,0,1,1,1,0,1,0,-1.000000000,0.000000000,0.000000000,0.000000000,0,-1.000000000,0,0,0,,0,-1.000000000,,0,0,0.000000000,0.000000000,0,-1.000000000,0,,0,-1.000000000,,0,-1.000000000,0,,1,2.981368542,170.819834613,-0.021978378,0.036629677,1,0.000000000,0.000000000,-0.002442360,0.006837845,1,-3.000000000,-171.887338539,-0.002442360,-0.047863007,1,-0.219158173,-12.556838336,-0.007326126,-0.002442360,1,-1.183641434,-67.817658609,0.012210846,-0.003663063,2.988997936,171.256966720,0.000000000,-0.000000000,8.000000000,2.500000000,0.000000000,0.000000000,0.000000000,2.708557367,2.000000000,0.500000000,-3.000000000,-171.887338539,0.000000000,-2.756333113,1.000000000,0.500000000,-0.219158173,-12.556838336,0.000000000,-0.430917025,0.500000000,0.200000003,-1.183641434,-67.817658609,0.000000000,0.000209900,0.000000000,0.100000001
2026-07-06 20:16:20.756,1783340180.756558657,176.014742330,1,1,176.001792281,1,0.004677356,5,1,0.005921660,5,1,0,1,0,0,1,1,1,0,1,0,-1.000000000,0.000000000,0.000000000,0.000000000,0,-1.000000000,0,0,0,,0,-1.000000000,,0,0,0.000000000,0.000000000,0,-1.000000000,0,,0,-1.000000000,,0,-1.000000000,0,,1,2.981368542,170.819834613,0.007326126,0.036629677,1,0.000000000,0.000000000,0.002442360,0.006837845,1,-3.000000000,-171.887338539,-0.002442360,-0.047863007,1,-0.218776703,-12.534981731,-0.007326126,-0.007326126,1,-1.183641434,-67.817658609,0.012210846,-0.003663063,2.988997936,171.256966720,0.000000000,-0.000000000,8.000000000,2.500000000,0.000000000,0.000000000,0.000000000,2.708557367,2.000000000,0.500000000,-3.000000000,-171.887338539,0.000000000,-2.756333113,1.000000000,0.500000000,-0.219158173,-12.556838336,0.000000000,-0.430917025,0.500000000,0.200000003,-1.183641434,-67.817658609,0.000000000,0.000209900,0.000000000,0.100000001
2026-07-06 20:16:21.756,1783340181.756165266,177.014349244,1,1,177.001399195,1,0.004140040,5,1,0.005428286,5,1,0,1,0,0,1,1,1,0,1,0,-1.000000000,0.000000000,0.000000000,0.000000000,0,-1.000000000,0,0,0,,0,-1.000000000,,0,0,0.000000000,0.000000000,0,-1.000000000,0,,0,-1.000000000,,0,-1.000000000,0,,1,2.981368542,170.819834613,0.007326126,0.036629677,1,0.000000000,0.000000000,-0.002442360,0.020513535,1,-3.000000000,-171.887338539,-0.002442360,-0.034187317,1,-0.219158173,-12.556838336,-0.021978378,-0.007326126,1,-1.183641434,-67.817658609,-0.012210846,-0.003663063,2.988997936,171.256966720,0.000000000,-0.000000000,8.000000000,2.500000000,0.000000000,0.000000000,0.000000000,2.708557367,2.000000000,0.500000000,-3.000000000,-171.887338539,0.000000000,-2.756333113,1.000000000,0.500000000,-0.219158173,-12.556838336,0.000000000,-0.430917025,0.500000000,0.200000003,-1.183641434,-67.817658609,0.000000000,0.000209900,0.000000000,0.100000001
2026-07-06 20:16:22.756,1783340182.756261587,178.014445434,1,1,178.001495385,1,0.004694448,5,1,0.005566644,5,1,0,1,0,0,1,1,1,0,1,0,-1.000000000,0.000000000,0.000000000,0.000000000,0,-1.000000000,0,0,0,,0,-1.000000000,,0,0,0.000000000,0.000000000,0,-1.000000000,0,,0,-1.000000000,,0,-1.000000000,0,,1,2.981368542,170.819834613,-0.007326126,0.036629677,1,0.000000000,0.000000000,0.002442360,0.006837845,1,-3.000000000,-171.887338539,-0.002442360,-0.034187317,1,-0.219158173,-12.556838336,-0.007326126,-0.007326126,1,-1.183641434,-67.817658609,0.012210846,-0.003663063,2.988997936,171.256966720,0.000000000,-0.000000000,8.000000000,2.500000000,0.000000000,0.000000000,0.000000000,2.708557367,2.000000000,0.500000000,-3.000000000,-171.887338539,0.000000000,-2.756333113,1.000000000,0.500000000,-0.219158173,-12.556838336,0.000000000,-0.430917025,0.500000000,0.200000003,-1.183641434,-67.817658609,0.000000000,0.000209900,0.000000000,0.100000001
2026-07-06 20:16:23.756,1783340183.756217241,179.014401057,1,1,179.001451008,1,0.004521797,5,1,0.005350449,5,1,0,1,0,0,1,1,1,0,1,0,-1.000000000,0.000000000,0.000000000,0.000000000,0,-1.000000000,0,0,0,,0,-1.000000000,,0,0,0.000000000,0.000000000,0,-1.000000000,0,,0,-1.000000000,,0,-1.000000000,0,,1,2.981368542,170.819834613,-0.007326126,0.031745911,1,0.000000000,0.000000000,-0.002442360,0.020513535,1,-3.000000000,-171.887338539,-0.007326126,-0.034187317,1,-0.219158173,-12.556838336,0.007326126,-0.002442360,1,-1.183641434,-67.817658609,-0.012210846,-0.003663063,2.988997936,171.256966720,0.000000000,-0.000000000,8.000000000,2.500000000,0.000000000,0.000000000,0.000000000,2.708557367,2.000000000,0.500000000,-3.000000000,-171.887338539,0.000000000,-2.756333113,1.000000000,0.500000000,-0.219158173,-12.556838336,0.000000000,-0.430917025,0.500000000,0.200000003,-1.183641434,-67.817658609,0.000000000,0.000209900,0.000000000,0.100000001
2026-07-06 20:16:24.756,1783340184.756190538,180.014374152,1,1,180.001424103,1,0.004686783,5,1,0.005370170,5,1,0,1,0,0,1,1,1,0,1,0,-1.000000000,0.000000000,0.000000000,0.000000000,0,-1.000000000,0,0,0,,0,-1.000000000,,0,0,0.000000000,0.000000000,0,-1.000000000,0,,0,-1.000000000,,0,-1.000000000,0,,1,2.981368542,170.819834613,0.007326126,0.036629677,1,0.000000000,0.000000000,-0.007326126,0.006837845,1,-3.000000000,-171.887338539,-0.007326126,-0.034187317,1,-0.219158173,-12.556838336,-0.007326126,-0.002442360,1,-1.183641434,-67.817658609,0.036628723,-0.003663063,2.988997936,171.256966720,0.000000000,-0.000000000,8.000000000,2.500000000,0.000000000,0.000000000,0.000000000,2.708557367,2.000000000,0.500000000,-3.000000000,-171.887338539,0.000000000,-2.756333113,1.000000000,0.500000000,-0.219158173,-12.556838336,0.000000000,-0.430917025,0.500000000,0.200000003,-1.183641434,-67.817658609,0.000000000,0.000209900,0.000000000,0.100000001
2026-07-06 20:16:25.756,1783340185.756265402,181.014449170,1,1,181.001499121,1,0.004547882,5,1,0.005476988,5,1,0,1,0,0,1,1,1,0,1,0,-1.000000000,0.000000000,0.000000000,0.000000000,0,-1.000000000,0,0,0,,0,-1.000000000,,0,0,0.000000000,0.000000000,0,-1.000000000,0,,0,-1.000000000,,0,-1.000000000,0,,0,2.981368542,170.819834613,-0.021978378,0.036629677,0,0.000000000,0.000000000,-0.007326126,0.006837845,0,-3.000000000,-171.887338539,0.002442360,-0.034187317,0,-0.219158173,-12.556838336,-0.021978378,-0.007326126,0,-1.184024811,-67.839624497,-0.036628723,-0.003663063,2.988997936,171.256966720,0.000000000,-0.000000000,8.000000000,2.500000000,0.000000000,0.000000000,0.000000000,2.708557367,2.000000000,0.500000000,-3.000000000,-171.887338539,0.000000000,-2.756333113,1.000000000,0.500000000,-0.219158173,-12.556838336,0.000000000,-0.430917025,0.500000000,0.200000003,-1.183641434,-67.817658609,0.000000000,0.000209900,0.000000000,0.100000001
2026-07-06 20:16:26.756,1783340186.756386042,182.014569821,1,1,182.001619772,1,0.004774422,5,1,0.005579886,5,1,0,1,0,0,1,1,1,0,1,0,-1.000000000,0.000000000,0.000000000,0.000000000,0,-1.000000000,0,0,0,,0,-1.000000000,,0,0,0.000000000,0.000000000,0,-1.000000000,0,,0,-1.000000000,,0,-1.000000000,0,,1,2.981368542,170.819834613,-0.007326126,0.031745911,1,0.000000000,0.000000000,-0.007326126,0.006837845,1,-3.000000000,-171.887338539,-0.007326126,-0.034187317,1,-0.219158173,-12.556838336,-0.007326126,-0.002442360,1,-1.183641434,-67.817658609,-0.012210846,-0.003663063,2.988997936,171.256966720,0.000000000,-0.000000000,8.000000000,2.500000000,0.000000000,0.000000000,0.000000000,2.708557367,2.000000000,0.500000000,-3.000000000,-171.887338539,0.000000000,-2.756333113,1.000000000,0.500000000,-0.219158173,-12.556838336,0.000000000,-0.430917025,0.500000000,0.200000003,-1.183641434,-67.817658609,0.000000000,0.000209900,0.000000000,0.100000001
2026-07-06 20:16:27.756,1783340187.756283283,183.014467082,1,1,183.001517033,1,0.004704524,5,1,0.005532850,5,1,0,1,0,0,1,1,1,0,1,0,-1.000000000,0.000000000,0.000000000,0.000000000,0,-1.000000000,0,0,0,,0,-1.000000000,,0,0,0.000000000,0.000000000,0,-1.000000000,0,,0,-1.000000000,,0,-1.000000000,0,,1,2.981368542,170.819834613,-0.007326126,0.036629677,1,0.000000000,0.000000000,-0.002442360,0.020513535,1,-3.000000000,-171.887338539,-0.002442360,-0.034187317,1,-0.218776703,-12.534981731,-0.007326126,-0.007326126,1,-1.183641434,-67.817658609,-0.012210846,-0.003663063,2.988997936,171.256966720,0.000000000,-0.000000000,8.000000000,2.500000000,0.000000000,0.000000000,0.000000000,2.708557367,2.000000000,0.500000000,-3.000000000,-171.887338539,0.000000000,-2.756333113,1.000000000,0.500000000,-0.219158173,-12.556838336,0.000000000,-0.430917025,0.500000000,0.200000003,-1.183641434,-67.817658609,0.000000000,0.000209900,0.000000000,0.100000001
2026-07-06 20:16:28.756,1783340188.756306410,184.014490137,1,1,184.001540088,1,0.004339595,5,1,0.005434047,5,1,0,1,0,0,1,1,1,0,1,0,-1.000000000,0.000000000,0.000000000,0.000000000,0,-1.000000000,0,0,0,,0,-1.000000000,,0,0,0.000000000,0.000000000,0,-1.000000000,0,,0,-1.000000000,,0,-1.000000000,0,,1,2.981368542,170.819834613,0.007326126,0.036629677,1,0.000000000,0.000000000,-0.007326126,0.006837845,1,-3.000000000,-171.887338539,-0.002442360,-0.034187317,1,-0.219158173,-12.556838336,-0.007326126,-0.002442360,1,-1.183641434,-67.817658609,-0.012210846,-0.003663063,2.988997936,171.256966720,0.000000000,-0.000000000,8.000000000,2.500000000,0.000000000,0.000000000,0.000000000,2.708557367,2.000000000,0.500000000,-3.000000000,-171.887338539,0.000000000,-2.756333113,1.000000000,0.500000000,-0.219158173,-12.556838336,0.000000000,-0.430917025,0.500000000,0.200000003,-1.183641434,-67.817658609,0.000000000,0.000209900,0.000000000,0.100000001
2026-07-06 20:16:29.756,1783340189.756334543,185.014518487,1,1,185.001568438,1,0.004460346,5,1,0.005092240,5,1,0,1,0,0,1,1,1,0,1,0,-1.000000000,0.000000000,0.000000000,0.000000000,0,-1.000000000,0,0,0,,0,-1.000000000,,0,0,0.000000000,0.000000000,0,-1.000000000,0,,0,-1.000000000,,0,-1.000000000,0,,1,2.981368542,170.819834613,-0.021978378,0.031745911,1,0.000000000,0.000000000,-0.002442360,0.006837845,1,-3.000000000,-171.887338539,-0.002442360,-0.034187317,1,-0.219158173,-12.556838336,-0.021978378,-0.002442360,1,-1.183641434,-67.817658609,-0.012210846,-0.003663063,2.988997936,171.256966720,0.000000000,-0.000000000,8.000000000,2.500000000,0.000000000,0.000000000,0.000000000,2.708557367,2.000000000,0.500000000,-3.000000000,-171.887338539,0.000000000,-2.756333113,1.000000000,0.500000000,-0.219158173,-12.556838336,0.000000000,-0.430917025,0.500000000,0.200000003,-1.183641434,-67.817658609,0.000000000,0.000209900,0.000000000,0.100000001
2026-07-06 20:16:30.757,1783340190.756725550,186.014909176,1,1,186.001959127,1,0.004885386,5,1,0.005504276,5,1,0,1,0,0,1,1,1,0,1,0,-1.000000000,0.000000000,0.000000000,0.000000000,0,-1.000000000,0,0,0,,0,-1.000000000,,0,0,0.000000000,0.000000000,0,-1.000000000,0,,0,-1.000000000,,0,-1.000000000,0,,1,2.981368542,170.819834613,0.007326126,0.031745911,1,0.000000000,0.000000000,-0.002442360,0.006837845,1,-3.000000000,-171.887338539,-0.002442360,-0.034187317,1,-0.219158173,-12.556838336,-0.007326126,-0.007326126,1,-1.183641434,-67.817658609,-0.012210846,-0.003663063,2.988997936,171.256966720,0.000000000,-0.000000000,8.000000000,2.500000000,0.000000000,0.000000000,0.000000000,2.708557367,2.000000000,0.500000000,-3.000000000,-171.887338539,0.000000000,-2.756333113,1.000000000,0.500000000,-0.219158173,-12.556838336,0.000000000,-0.430917025,0.500000000,0.200000003,-1.183641434,-67.817658609,0.000000000,0.000209900,0.000000000,0.100000001
2026-07-06 20:16:31.756,1783340191.756482840,187.014666712,1,1,187.001716663,1,0.004271367,5,1,0.005467007,5,1,0,1,0,0,1,1,1,0,1,0,-1.000000000,0.000000000,0.000000000,0.000000000,0,-1.000000000,0,0,0,,0,-1.000000000,,0,0,0.000000000,0.000000000,0,-1.000000000,0,,0,-1.000000000,,0,-1.000000000,0,,1,2.981368542,170.819834613,-0.007326126,0.036629677,0,0.000000000,0.000000000,-0.002442360,0.006837845,1,-3.000000000,-171.887338539,-0.002442360,-0.047863007,1,-0.219158173,-12.556838336,-0.021978378,-0.002442360,1,-1.183641434,-67.817658609,-0.012210846,-0.003663063,2.988997936,171.256966720,0.000000000,-0.000000000,8.000000000,2.500000000,0.000000000,0.000000000,0.000000000,2.708557367,2.000000000,0.500000000,-3.000000000,-171.887338539,0.000000000,-2.756333113,1.000000000,0.500000000,-0.219158173,-12.556838336,0.000000000,-0.430917025,0.500000000,0.200000003,-1.183641434,-67.817658609,0.000000000,0.000209900,0.000000000,0.100000001
2026-07-06 20:16:32.756,1783340192.756384611,188.014568405,1,1,188.001618356,1,0.003905790,5,1,0.005360568,5,1,0,1,0,0,1,1,1,0,1,0,-1.000000000,0.000000000,0.000000000,0.000000000,0,-1.000000000,0,0,0,,0,-1.000000000,,0,0,0.000000000,0.000000000,0,-1.000000000,0,,0,-1.000000000,,0,-1.000000000,0,,1,2.981368542,170.819834613,0.007326126,0.031745911,1,0.000000000,0.000000000,-0.002442360,0.020513535,1,-3.000000000,-171.887338539,-0.007326126,-0.034187317,1,-0.219158173,-12.556838336,-0.007326126,-0.007326126,1,-1.183641434,-67.817658609,-0.012210846,-0.003663063,2.988997936,171.256966720,0.000000000,-0.000000000,8.000000000,2.500000000,0.000000000,0.000000000,0.000000000,2.708557367,2.000000000,0.500000000,-3.000000000,-171.887338539,0.000000000,-2.756333113,1.000000000,0.500000000,-0.219158173,-12.556838336,0.000000000,-0.430917025,0.500000000,0.200000003,-1.183641434,-67.817658609,0.000000000,0.000209900,0.000000000,0.100000001
2026-07-06 20:16:33.756,1783340193.756390572,189.014574342,1,1,189.001624293,1,0.004754589,5,1,0.005373050,5,1,0,1,0,0,1,1,1,0,1,0,-1.000000000,0.000000000,0.000000000,0.000000000,0,-1.000000000,0,0,0,,0,-1.000000000,,0,0,0.000000000,0.000000000,0,-1.000000000,0,,0,-1.000000000,,0,-1.000000000,0,,1,2.981368542,170.819834613,-0.007326126,0.036629677,1,0.000000000,0.000000000,-0.002442360,0.006837845,1,-3.000000000,-171.887338539,-0.007326126,-0.034187317,1,-0.219158173,-12.556838336,-0.007326126,-0.002442360,1,-1.184024811,-67.839624497,-0.012210846,-0.003663063,2.988997936,171.256966720,0.000000000,-0.000000000,8.000000000,2.500000000,0.000000000,0.000000000,0.000000000,2.708557367,2.000000000,0.500000000,-3.000000000,-171.887338539,0.000000000,-2.756333113,1.000000000,0.500000000,-0.219158173,-12.556838336,0.000000000,-0.430917025,0.500000000,0.200000003,-1.183641434,-67.817658609,0.000000000,0.000209900,0.000000000,0.100000001
2026-07-06 20:16:34.757,1783340194.756597042,190.014780804,1,1,190.001830755,1,0.004937341,5,1,0.005716831,5,1,0,1,0,0,1,1,1,0,1,0,-1.000000000,0.000000000,0.000000000,0.000000000,0,-1.000000000,0,0,0,,0,-1.000000000,,0,0,0.000000000,0.000000000,0,-1.000000000,0,,0,-1.000000000,,0,-1.000000000,0,,1,2.981368542,170.819834613,-0.007326126,0.036629677,1,0.000000000,0.000000000,-0.007326126,0.020513535,1,-3.000000000,-171.887338539,-0.002442360,-0.047863007,1,-0.219158173,-12.556838336,-0.021978378,-0.007326126,1,-1.183641434,-67.817658609,-0.012210846,-0.003663063,2.988997936,171.256966720,0.000000000,-0.000000000,8.000000000,2.500000000,0.000000000,0.000000000,0.000000000,2.708557367,2.000000000,0.500000000,-3.000000000,-171.887338539,0.000000000,-2.756333113,1.000000000,0.500000000,-0.219158173,-12.556838336,0.000000000,-0.430917025,0.500000000,0.200000003,-1.183641434,-67.817658609,0.000000000,0.000209900,0.000000000,0.100000001
2026-07-06 20:16:35.756,1783340195.756466866,191.014650756,1,1,191.001700707,1,0.003911540,5,1,0.005142870,5,1,0,1,0,0,1,1,1,0,1,0,-1.000000000,0.000000000,0.000000000,0.000000000,0,-1.000000000,0,0,0,,0,-1.000000000,,0,0,0.000000000,0.000000000,0,-1.000000000,0,,0,-1.000000000,,0,-1.000000000,0,,1,2.981368542,170.819834613,-0.021978378,0.036629677,1,0.000000000,0.000000000,0.002442360,0.006837845,1,-3.000000000,-171.887338539,-0.002442360,-0.034187317,1,-0.218776703,-12.534981731,0.007326126,-0.007326126,1,-1.183641434,-67.817658609,-0.012210846,-0.003663063,2.988997936,171.256966720,0.000000000,-0.000000000,8.000000000,2.500000000,0.000000000,0.000000000,0.000000000,2.708557367,2.000000000,0.500000000,-3.000000000,-171.887338539,0.000000000,-2.756333113,1.000000000,0.500000000,-0.219158173,-12.556838336,0.000000000,-0.430917025,0.500000000,0.200000003,-1.183641434,-67.817658609,0.000000000,0.000209900,0.000000000,0.100000001
2026-07-06 20:16:36.756,1783340196.756498098,192.014681866,1,1,192.001731817,1,0.003968498,5,1,0.005325712,5,1,0,1,0,0,1,1,1,0,1,0,-1.000000000,0.000000000,0.000000000,0.000000000,0,-1.000000000,0,0,0,,0,-1.000000000,,0,0,0.000000000,0.000000000,0,-1.000000000,0,,0,-1.000000000,,0,-1.000000000,0,,1,2.981368542,170.819834613,-0.007326126,0.036629677,1,0.000000000,0.000000000,-0.002442360,0.006837845,1,-3.000000000,-171.887338539,-0.007326126,-0.034187317,1,-0.219158173,-12.556838336,-0.007326126,-0.007326126,1,-1.183641434,-67.817658609,-0.012210846,-0.003663063,2.988997936,171.256966720,0.000000000,-0.000000000,8.000000000,2.500000000,0.000000000,0.000000000,0.000000000,2.708557367,2.000000000,0.500000000,-3.000000000,-171.887338539,0.000000000,-2.756333113,1.000000000,0.500000000,-0.219158173,-12.556838336,0.000000000,-0.430917025,0.500000000,0.200000003,-1.183641434,-67.817658609,0.000000000,0.000209900,0.000000000,0.100000001
2026-07-06 20:16:37.756,1783340197.756463528,193.014647404,1,1,193.001697355,1,0.003904304,5,1,0.005439789,5,1,0,1,0,0,1,1,1,0,1,0,-1.000000000,0.000000000,0.000000000,0.000000000,0,-1.000000000,0,0,0,,0,-1.000000000,,0,0,0.000000000,0.000000000,0,-1.000000000,0,,0,-1.000000000,,0,-1.000000000,0,,1,2.981368542,170.819834613,-0.007326126,0.036629677,1,0.000000000,0.000000000,0.002442360,0.006837845,1,-3.000000000,-171.887338539,-0.002442360,-0.047863007,1,-0.219158173,-12.556838336,0.007326126,-0.007326126,1,-1.183641434,-67.817658609,0.012210846,-0.003663063,2.988997936,171.256966720,0.000000000,-0.000000000,8.000000000,2.500000000,0.000000000,0.000000000,0.000000000,2.708557367,2.000000000,0.500000000,-3.000000000,-171.887338539,0.000000000,-2.756333113,1.000000000,0.500000000,-0.219158173,-12.556838336,0.000000000,-0.430917025,0.500000000,0.200000003,-1.183641434,-67.817658609,0.000000000,0.000209900,0.000000000,0.100000001
2026-07-06 20:16:38.756,1783340198.756498575,194.014682612,1,1,194.001732563,1,0.004705695,5,1,0.005709348,5,1,0,1,0,0,1,1,1,0,1,0,-1.000000000,0.000000000,0.000000000,0.000000000,0,-1.000000000,0,0,0,,0,-1.000000000,,0,0,0.000000000,0.000000000,0,-1.000000000,0,,0,-1.000000000,,0,-1.000000000,0,,1,2.981368542,170.819834613,-0.007326126,0.036629677,1,0.000000000,0.000000000,-0.002442360,0.006837845,1,-3.000000000,-171.887338539,0.002442360,-0.034187317,1,-0.219158173,-12.556838336,-0.007326126,-0.007326126,1,-1.183641434,-67.817658609,0.012210846,-0.003663063,2.988997936,171.256966720,0.000000000,-0.000000000,8.000000000,2.500000000,0.000000000,0.000000000,0.000000000,2.708557367,2.000000000,0.500000000,-3.000000000,-171.887338539,0.000000000,-2.756333113,1.000000000,0.500000000,-0.219158173,-12.556838336,0.000000000,-0.430917025,0.500000000,0.200000003,-1.183641434,-67.817658609,0.000000000,0.000209900,0.000000000,0.100000001
2026-07-06 20:16:39.757,1783340199.756801844,195.014985690,1,1,195.002035641,1,0.004287592,5,1,0.005345893,5,1,0,1,0,0,1,1,1,0,1,0,-1.000000000,0.000000000,0.000000000,0.000000000,0,-1.000000000,0,0,0,,0,-1.000000000,,0,0,0.000000000,0.000000000,0,-1.000000000,0,,0,-1.000000000,,0,-1.000000000,0,,1,2.981368542,170.819834613,-0.007326126,0.036629677,1,0.000000000,0.000000000,-0.002442360,0.006837845,1,-3.000000000,-171.887338539,-0.002442360,-0.034187317,1,-0.219158173,-12.556838336,-0.007326126,-0.007326126,1,-1.183641434,-67.817658609,-0.012210846,-0.003663063,2.988997936,171.256966720,0.000000000,-0.000000000,8.000000000,2.500000000,0.000000000,0.000000000,0.000000000,2.708557367,2.000000000,0.500000000,-3.000000000,-171.887338539,0.000000000,-2.756333113,1.000000000,0.500000000,-0.219158173,-12.556838336,0.000000000,-0.430917025,0.500000000,0.200000003,-1.183641434,-67.817658609,0.000000000,0.000209900,0.000000000,0.100000001
2026-07-06 20:16:40.756,1783340200.756576538,196.014760424,1,1,196.001810375,1,0.004810376,5,1,0.005737200,5,1,0,1,0,0,1,1,1,0,1,0,-1.000000000,0.000000000,0.000000000,0.000000000,0,-1.000000000,0,0,0,,0,-1.000000000,,0,0,0.000000000,0.000000000,0,-1.000000000,0,,0,-1.000000000,,0,-1.000000000,0,,1,2.981368542,170.819834613,-0.021978378,0.031745911,1,0.000000000,0.000000000,-0.002442360,0.006837845,1,-3.000000000,-171.887338539,-0.002442360,-0.034187317,1,-0.219158173,-12.556838336,-0.007326126,-0.002442360,1,-1.183641434,-67.817658609,-0.012210846,-0.003663063,2.988997936,171.256966720,0.000000000,-0.000000000,8.000000000,2.500000000,0.000000000,0.000000000,0.000000000,2.708557367,2.000000000,0.500000000,-3.000000000,-171.887338539,0.000000000,-2.756333113,1.000000000,0.500000000,-0.219158173,-12.556838336,0.000000000,-0.430917025,0.500000000,0.200000003,-1.183641434,-67.817658609,0.000000000,0.000209900,0.000000000,0.100000001
2026-07-06 20:16:41.756,1783340201.756639481,197.014823306,1,1,197.001873257,1,0.004718224,5,1,0.005501836,5,1,0,1,0,0,1,1,1,0,1,0,-1.000000000,0.000000000,0.000000000,0.000000000,0,-1.000000000,0,0,0,,0,-1.000000000,,0,0,0.000000000,0.000000000,0,-1.000000000,0,,0,-1.000000000,,0,-1.000000000,0,,1,2.981368542,170.819834613,-0.021978378,0.036629677,1,0.000000000,0.000000000,-0.007326126,0.020513535,1,-3.000000000,-171.887338539,-0.002442360,-0.034187317,1,-0.219158173,-12.556838336,0.007326126,-0.002442360,1,-1.184024811,-67.839624497,-0.012210846,-0.003663063,2.988997936,171.256966720,0.000000000,-0.000000000,8.000000000,2.500000000,0.000000000,0.000000000,0.000000000,2.708557367,2.000000000,0.500000000,-3.000000000,-171.887338539,0.000000000,-2.756333113,1.000000000,0.500000000,-0.219158173,-12.556838336,0.000000000,-0.430917025,0.500000000,0.200000003,-1.183641434,-67.817658609,0.000000000,0.000209900,0.000000000,0.100000001
2026-07-06 20:16:42.756,1783340202.756585360,198.014769215,1,1,198.001819166,1,0.004496071,5,1,0.005494268,5,1,0,1,0,0,1,1,1,0,1,0,-1.000000000,0.000000000,0.000000000,0.000000000,0,-1.000000000,0,0,0,,0,-1.000000000,,0,0,0.000000000,0.000000000,0,-1.000000000,0,,0,-1.000000000,,0,-1.000000000,0,,1,2.981368542,170.819834613,-0.007326126,0.031745911,1,0.000000000,0.000000000,-0.002442360,0.020513535,1,-3.000000000,-171.887338539,-0.002442360,-0.034187317,1,-0.219158173,-12.556838336,-0.007326126,-0.007326126,1,-1.183641434,-67.817658609,-0.012210846,-0.003663063,2.988997936,171.256966720,0.000000000,-0.000000000,8.000000000,2.500000000,0.000000000,0.000000000,0.000000000,2.708557367,2.000000000,0.500000000,-3.000000000,-171.887338539,0.000000000,-2.756333113,1.000000000,0.500000000,-0.219158173,-12.556838336,0.000000000,-0.430917025,0.500000000,0.200000003,-1.183641434,-67.817658609,0.000000000,0.000209900,0.000000000,0.100000001
2026-07-06 20:16:43.756,1783340203.756623983,199.014807791,1,1,199.001857742,1,0.004313712,5,1,0.005353178,5,1,0,1,0,0,1,1,1,0,1,0,-1.000000000,0.000000000,0.000000000,0.000000000,0,-1.000000000,0,0,0,,0,-1.000000000,,0,0,0.000000000,0.000000000,0,-1.000000000,0,,0,-1.000000000,,0,-1.000000000,0,,1,2.981368542,170.819834613,-0.007326126,0.036629677,1,0.000000000,0.000000000,-0.002442360,0.006837845,1,-3.000000000,-171.887338539,-0.007326126,-0.034187317,1,-0.219158173,-12.556838336,-0.021978378,-0.002442360,1,-1.183641434,-67.817658609,-0.036628723,-0.003663063,2.988997936,171.256966720,0.000000000,-0.000000000,8.000000000,2.500000000,0.000000000,0.000000000,0.000000000,2.708557367,2.000000000,0.500000000,-3.000000000,-171.887338539,0.000000000,-2.756333113,1.000000000,0.500000000,-0.219158173,-12.556838336,0.000000000,-0.430917025,0.500000000,0.200000003,-1.183641434,-67.817658609,0.000000000,0.000209900,0.000000000,0.100000001
2026-07-06 20:16:44.756,1783340204.756628036,200.014811800,1,1,200.001861751,1,0.004794980,5,1,0.005491505,5,1,0,1,0,0,1,1,1,0,1,0,-1.000000000,0.000000000,0.000000000,0.000000000,0,-1.000000000,0,0,0,,0,-1.000000000,,0,0,0.000000000,0.000000000,0,-1.000000000,0,,0,-1.000000000,,0,-1.000000000,0,,1,2.981368542,170.819834613,-0.007326126,0.036629677,1,0.000000000,0.000000000,0.002442360,0.006837845,1,-3.000000000,-171.887338539,-0.007326126,-0.034187317,1,-0.219158173,-12.556838336,-0.021978378,-0.002442360,1,-1.183641434,-67.817658609,-0.036628723,-0.003663063,2.988997936,171.256966720,0.000000000,-0.000000000,8.000000000,2.500000000,0.000000000,0.000000000,0.000000000,2.708557367,2.000000000,0.500000000,-3.000000000,-171.887338539,0.000000000,-2.756333113,1.000000000,0.500000000,-0.219158173,-12.556838336,0.000000000,-0.430917025,0.500000000,0.200000003,-1.183641434,-67.817658609,0.000000000,0.000209900,0.000000000,0.100000001
2026-07-06 20:16:45.756,1783340205.756641865,201.014825700,1,1,201.001875651,1,0.004396445,5,1,0.005426852,5,1,0,1,0,0,1,1,1,0,1,0,-1.000000000,0.000000000,0.000000000,0.000000000,0,-1.000000000,0,0,0,,0,-1.000000000,,0,0,0.000000000,0.000000000,0,-1.000000000,0,,0,-1.000000000,,0,-1.000000000,0,,1,2.981368542,170.819834613,0.007326126,0.036629677,1,0.000000000,0.000000000,-0.002442360,0.006837845,1,-3.000000000,-171.887338539,-0.007326126,-0.034187317,1,-0.218776703,-12.534981731,0.007326126,-0.007326126,1,-1.183641434,-67.817658609,-0.012210846,-0.003663063,2.988997936,171.256966720,0.000000000,-0.000000000,8.000000000,2.500000000,0.000000000,0.000000000,0.000000000,2.708557367,2.000000000,0.500000000,-3.000000000,-171.887338539,0.000000000,-2.756333113,1.000000000,0.500000000,-0.219158173,-12.556838336,0.000000000,-0.430917025,0.500000000,0.200000003,-1.183641434,-67.817658609,0.000000000,0.000209900,0.000000000,0.100000001
2026-07-06 20:16:46.756,1783340206.756610870,202.014794719,1,1,202.001844670,1,0.004676565,5,1,0.005466588,5,1,0,1,0,0,1,1,1,0,1,0,-1.000000000,0.000000000,0.000000000,0.000000000,0,-1.000000000,0,0,0,,0,-1.000000000,,0,0,0.000000000,0.000000000,0,-1.000000000,0,,0,-1.000000000,,0,-1.000000000,0,,1,2.981368542,170.819834613,-0.007326126,0.031745911,1,0.000000000,0.000000000,-0.002442360,0.006837845,1,-3.000000000,-171.887338539,0.002442360,-0.034187317,1,-0.218776703,-12.534981731,0.007326126,-0.002442360,1,-1.183641434,-67.817658609,0.012210846,-0.003663063,2.988997936,171.256966720,0.000000000,-0.000000000,8.000000000,2.500000000,0.000000000,0.000000000,0.000000000,2.708557367,2.000000000,0.500000000,-3.000000000,-171.887338539,0.000000000,-2.756333113,1.000000000,0.500000000,-0.219158173,-12.556838336,0.000000000,-0.430917025,0.500000000,0.200000003,-1.183641434,-67.817658609,0.000000000,0.000209900,0.000000000,0.100000001
2026-07-06 20:16:47.756,1783340207.756615162,203.014799086,1,1,203.001849037,1,0.004263604,5,1,0.005400239,5,1,0,1,0,0,1,1,1,0,1,0,-1.000000000,0.000000000,0.000000000,0.000000000,0,-1.000000000,0,0,0,,0,-1.000000000,,0,0,0.000000000,0.000000000,0,-1.000000000,0,,0,-1.000000000,,0,-1.000000000,0,,1,2.981368542,170.819834613,-0.007326126,0.036629677,1,0.000000000,0.000000000,-0.002442360,0.006837845,1,-3.000000000,-171.887338539,-0.002442360,-0.034187317,1,-0.219158173,-12.556838336,-0.007326126,-0.002442360,1,-1.183641434,-67.817658609,-0.012210846,-0.003663063,2.988997936,171.256966720,0.000000000,-0.000000000,8.000000000,2.500000000,0.000000000,0.000000000,0.000000000,2.708557367,2.000000000,0.500000000,-3.000000000,-171.887338539,0.000000000,-2.756333113,1.000000000,0.500000000,-0.219158173,-12.556838336,0.000000000,-0.430917025,0.500000000,0.200000003,-1.183641434,-67.817658609,0.000000000,0.000209900,0.000000000,0.100000001
2026-07-06 20:16:48.756,1783340208.756633759,204.014817759,1,1,204.001867710,1,0.004381427,5,1,0.005338051,5,1,0,1,0,0,1,1,1,0,1,0,-1.000000000,0.000000000,0.000000000,0.000000000,0,-1.000000000,0,0,0,,0,-1.000000000,,0,0,0.000000000,0.000000000,0,-1.000000000,0,,0,-1.000000000,,0,-1.000000000,0,,1,2.981368542,170.819834613,-0.007326126,0.036629677,1,0.000000000,0.000000000,-0.002442360,0.006837845,1,-3.000000000,-171.887338539,-0.002442360,-0.047863007,1,-0.219158173,-12.556838336,0.007326126,-0.007326126,1,-1.183641434,-67.817658609,-0.012210846,-0.003663063,2.988997936,171.256966720,0.000000000,-0.000000000,8.000000000,2.500000000,0.000000000,0.000000000,0.000000000,2.708557367,2.000000000,0.500000000,-3.000000000,-171.887338539,0.000000000,-2.756333113,1.000000000,0.500000000,-0.219158173,-12.556838336,0.000000000,-0.430917025,0.500000000,0.200000003,-1.183641434,-67.817658609,0.000000000,0.000209900,0.000000000,0.100000001
2026-07-06 20:16:49.756,1783340209.756676435,205.014860034,1,1,205.001909985,1,0.004905275,5,1,0.005831308,5,1,0,1,0,0,1,1,1,0,1,0,-1.000000000,0.000000000,0.000000000,0.000000000,0,-1.000000000,0,0,0,,0,-1.000000000,,0,0,0.000000000,0.000000000,0,-1.000000000,0,,0,-1.000000000,,0,-1.000000000,0,,1,2.981368542,170.819834613,0.007326126,0.036629677,1,0.000000000,0.000000000,-0.002442360,0.006837845,1,-3.000000000,-171.887338539,-0.002442360,-0.034187317,1,-0.219158173,-12.556838336,-0.007326126,-0.007326126,1,-1.183641434,-67.817658609,-0.012210846,-0.003663063,2.988997936,171.256966720,0.000000000,-0.000000000,8.000000000,2.500000000,0.000000000,0.000000000,0.000000000,2.708557367,2.000000000,0.500000000,-3.000000000,-171.887338539,0.000000000,-2.756333113,1.000000000,0.500000000,-0.219158173,-12.556838336,0.000000000,-0.430917025,0.500000000,0.200000003,-1.183641434,-67.817658609,0.000000000,0.000209900,0.000000000,0.100000001
2026-07-06 20:16:50.756,1783340210.756704569,206.014888280,1,1,206.001938231,1,0.004531715,5,1,0.005375588,5,1,0,1,0,0,1,1,1,0,1,0,-1.000000000,0.000000000,0.000000000,0.000000000,0,-1.000000000,0,0,0,,0,-1.000000000,,0,0,0.000000000,0.000000000,0,-1.000000000,0,,0,-1.000000000,,0,-1.000000000,0,,1,2.981368542,170.819834613,-0.007326126,0.036629677,1,0.000000000,0.000000000,-0.002442360,0.006837845,1,-3.000000000,-171.887338539,-0.002442360,-0.034187317,1,-0.219158173,-12.556838336,-0.021978378,-0.007326126,1,-1.183641434,-67.817658609,-0.012210846,-0.003663063,2.988997936,171.256966720,0.000000000,-0.000000000,8.000000000,2.500000000,0.000000000,0.000000000,0.000000000,2.708557367,2.000000000,0.500000000,-3.000000000,-171.887338539,0.000000000,-2.756333113,1.000000000,0.500000000,-0.219158173,-12.556838336,0.000000000,-0.430917025,0.500000000,0.200000003,-1.183641434,-67.817658609,0.000000000,0.000209900,0.000000000,0.100000001
2026-07-06 20:16:51.758,1783340211.757912636,207.016096421,1,1,207.003146372,1,0.005368105,5,1,0.006553693,5,1,0,1,0,0,1,1,1,0,1,0,-1.000000000,0.000000000,0.000000000,0.000000000,0,-1.000000000,0,0,0,,0,-1.000000000,,0,0,0.000000000,0.000000000,0,-1.000000000,0,,0,-1.000000000,,0,-1.000000000,0,,1,2.981368542,170.819834613,-0.007326126,0.036629677,1,0.000000000,0.000000000,-0.002442360,0.020513535,1,-3.000000000,-171.887338539,-0.002442360,-0.034187317,1,-0.219158173,-12.556838336,0.007326126,-0.007326126,1,-1.184024811,-67.839624497,-0.012210846,-0.003663063,2.988997936,171.256966720,0.000000000,-0.000000000,8.000000000,2.500000000,0.000000000,0.000000000,0.000000000,2.708557367,2.000000000,0.500000000,-3.000000000,-171.887338539,0.000000000,-2.756333113,1.000000000,0.500000000,-0.219158173,-12.556838336,0.000000000,-0.430917025,0.500000000,0.200000003,-1.183641434,-67.817658609,0.000000000,0.000209900,0.000000000,0.100000001
2026-07-06 20:16:52.757,1783340212.757036448,208.015220271,1,1,208.002270222,1,0.004443791,5,1,0.005680470,5,1,0,1,0,0,1,1,1,0,1,0,-1.000000000,0.000000000,0.000000000,0.000000000,0,-1.000000000,0,0,0,,0,-1.000000000,,0,0,0.000000000,0.000000000,0,-1.000000000,0,,0,-1.000000000,,0,-1.000000000,0,,1,2.981368542,170.819834613,-0.007326126,0.031745911,1,0.000000000,0.000000000,-0.007326126,0.006837845,1,-3.000000000,-171.887338539,-0.007326126,-0.047863007,1,-0.218776703,-12.534981731,-0.007326126,-0.007326126,1,-1.183641434,-67.817658609,-0.036628723,-0.001221180,2.988997936,171.256966720,0.000000000,-0.000000000,8.000000000,2.500000000,0.000000000,0.000000000,0.000000000,2.708557367,2.000000000,0.500000000,-3.000000000,-171.887338539,0.000000000,-2.756333113,1.000000000,0.500000000,-0.219158173,-12.556838336,0.000000000,-0.430917025,0.500000000,0.200000003,-1.183641434,-67.817658609,0.000000000,0.000209900,0.000000000,0.100000001
2026-07-06 20:16:53.757,1783340213.757044554,209.015228194,1,1,209.002278145,1,0.005067636,5,1,0.005768017,5,1,0,1,0,0,1,1,1,0,1,0,-1.000000000,0.000000000,0.000000000,0.000000000,0,-1.000000000,0,0,0,,0,-1.000000000,,0,0,0.000000000,0.000000000,0,-1.000000000,0,,0,-1.000000000,,0,-1.000000000,0,,1,2.981368542,170.819834613,0.007326126,0.036629677,1,0.000000000,0.000000000,-0.002442360,0.020513535,1,-3.000000000,-171.887338539,-0.002442360,-0.034187317,1,-0.218776703,-12.534981731,0.007326126,-0.002442360,1,-1.183641434,-67.817658609,0.012210846,-0.003663063,2.988997936,171.256966720,0.000000000,-0.000000000,8.000000000,2.500000000,0.000000000,0.000000000,0.000000000,2.708557367,2.000000000,0.500000000,-3.000000000,-171.887338539,0.000000000,-2.756333113,1.000000000,0.500000000,-0.219158173,-12.556838336,0.000000000,-0.430917025,0.500000000,0.200000003,-1.183641434,-67.817658609,0.000000000,0.000209900,0.000000000,0.100000001
2026-07-06 20:16:54.756,1783340214.756789684,210.014973657,1,1,210.002023608,1,0.004528971,5,1,0.005383195,5,1,0,1,0,0,1,1,1,0,1,0,-1.000000000,0.000000000,0.000000000,0.000000000,0,-1.000000000,0,0,0,,0,-1.000000000,,0,0,0.000000000,0.000000000,0,-1.000000000,0,,0,-1.000000000,,0,-1.000000000,0,,1,2.981368542,170.819834613,-0.021978378,0.036629677,1,0.000000000,0.000000000,-0.002442360,0.020513535,1,-3.000000000,-171.887338539,-0.002442360,-0.047863007,1,-0.219158173,-12.556838336,-0.007326126,-0.002442360,1,-1.183641434,-67.817658609,0.012210846,-0.003663063,2.988997936,171.256966720,0.000000000,-0.000000000,8.000000000,2.500000000,0.000000000,0.000000000,0.000000000,2.708557367,2.000000000,0.500000000,-3.000000000,-171.887338539,0.000000000,-2.756333113,1.000000000,0.500000000,-0.219158173,-12.556838336,0.000000000,-0.430917025,0.500000000,0.200000003,-1.183641434,-67.817658609,0.000000000,0.000209900,0.000000000,0.100000001
2026-07-06 20:16:55.756,1783340215.756815434,211.014999234,1,1,211.002049185,1,0.004398883,5,1,0.005481957,5,1,0,1,0,0,1,1,1,0,1,0,-1.000000000,0.000000000,0.000000000,0.000000000,0,-1.000000000,0,0,0,,0,-1.000000000,,0,0,0.000000000,0.000000000,0,-1.000000000,0,,0,-1.000000000,,0,-1.000000000,0,,1,2.981368542,170.819834613,-0.007326126,0.031745911,1,0.000000000,0.000000000,-0.007326126,0.006837845,1,-3.000000000,-171.887338539,-0.002442360,-0.034187317,1,-0.219158173,-12.556838336,-0.021978378,-0.002442360,1,-1.183641434,-67.817658609,0.036628723,-0.003663063,2.988997936,171.256966720,0.000000000,-0.000000000,8.000000000,2.500000000,0.000000000,0.000000000,0.000000000,2.708557367,2.000000000,0.500000000,-3.000000000,-171.887338539,0.000000000,-2.756333113,1.000000000,0.500000000,-0.219158173,-12.556838336,0.000000000,-0.430917025,0.500000000,0.200000003,-1.183641434,-67.817658609,0.000000000,0.000209900,0.000000000,0.100000001
2026-07-06 20:16:56.756,1783340216.756842613,212.015026174,1,1,212.002076125,1,0.004552674,5,1,0.005501993,5,1,0,1,0,0,1,1,1,0,1,0,-1.000000000,0.000000000,0.000000000,0.000000000,0,-1.000000000,0,0,0,,0,-1.000000000,,0,0,0.000000000,0.000000000,0,-1.000000000,0,,0,-1.000000000,,0,-1.000000000,0,,1,2.981368542,170.819834613,-0.007326126,0.036629677,1,0.000000000,0.000000000,-0.002442360,0.020513535,1,-3.000000000,-171.887338539,-0.002442360,-0.047863007,1,-0.219158173,-12.556838336,-0.007326126,-0.007326126,1,-1.183641434,-67.817658609,-0.012210846,-0.003663063,2.988997936,171.256966720,0.000000000,-0.000000000,8.000000000,2.500000000,0.000000000,0.000000000,0.000000000,2.708557367,2.000000000,0.500000000,-3.000000000,-171.887338539,0.000000000,-2.756333113,1.000000000,0.500000000,-0.219158173,-12.556838336,0.000000000,-0.430917025,0.500000000,0.200000003,-1.183641434,-67.817658609,0.000000000,0.000209900,0.000000000,0.100000001
2026-07-06 20:16:57.757,1783340217.756968260,213.015151962,1,1,213.002201913,1,0.004507723,5,1,0.005706745,5,1,0,1,0,0,1,1,1,0,1,0,-1.000000000,0.000000000,0.000000000,0.000000000,0,-1.000000000,0,0,0,,0,-1.000000000,,0,0,0.000000000,0.000000000,0,-1.000000000,0,,0,-1.000000000,,0,-1.000000000,0,,1,2.981368542,170.819834613,-0.021978378,0.036629677,1,0.000000000,0.000000000,-0.002442360,0.020513535,1,-3.000000000,-171.887338539,-0.002442360,-0.034187317,1,-0.219158173,-12.556838336,-0.007326126,-0.007326126,1,-1.183641434,-67.817658609,-0.036628723,-0.003663063,2.988997936,171.256966720,0.000000000,-0.000000000,8.000000000,2.500000000,0.000000000,0.000000000,0.000000000,2.708557367,2.000000000,0.500000000,-3.000000000,-171.887338539,0.000000000,-2.756333113,1.000000000,0.500000000,-0.219158173,-12.556838336,0.000000000,-0.430917025,0.500000000,0.200000003,-1.183641434,-67.817658609,0.000000000,0.000209900,0.000000000,0.100000001
2026-07-06 20:16:58.757,1783340218.757117033,214.015300627,1,1,214.002350578,1,0.005013196,5,1,0.005892761,5,1,0,1,0,0,1,1,1,0,1,0,-1.000000000,0.000000000,0.000000000,0.000000000,0,-1.000000000,0,0,0,,0,-1.000000000,,0,0,0.000000000,0.000000000,0,-1.000000000,0,,0,-1.000000000,,0,-1.000000000,0,,1,2.981368542,170.819834613,-0.007326126,0.036629677,1,0.000000000,0.000000000,0.002442360,0.006837845,1,-3.000000000,-171.887338539,-0.002442360,-0.047863007,1,-0.219158173,-12.556838336,-0.007326126,-0.002442360,1,-1.183641434,-67.817658609,-0.012210846,-0.003663063,2.988997936,171.256966720,0.000000000,-0.000000000,8.000000000,2.500000000,0.000000000,0.000000000,0.000000000,2.708557367,2.000000000,0.500000000,-3.000000000,-171.887338539,0.000000000,-2.756333113,1.000000000,0.500000000,-0.219158173,-12.556838336,0.000000000,-0.430917025,0.500000000,0.200000003,-1.183641434,-67.817658609,0.000000000,0.000209900,0.000000000,0.100000001
2026-07-06 20:16:59.757,1783340219.757160425,215.015344168,1,1,215.002394119,1,0.004825440,5,1,0.005708083,5,1,0,1,0,0,1,1,1,0,1,0,-1.000000000,0.000000000,0.000000000,0.000000000,0,-1.000000000,0,0,0,,0,-1.000000000,,0,0,0.000000000,0.000000000,0,-1.000000000,0,,0,-1.000000000,,0,-1.000000000,0,,1,2.981368542,170.819834613,0.007326126,0.036629677,1,0.000000000,0.000000000,-0.007326126,0.020513535,1,-3.000000000,-171.887338539,0.007326126,-0.034187317,1,-0.218776703,-12.534981731,-0.007326126,-0.002442360,1,-1.183641434,-67.817658609,-0.012210846,-0.003663063,2.988997936,171.256966720,0.000000000,-0.000000000,8.000000000,2.500000000,0.000000000,0.000000000,0.000000000,2.708557367,2.000000000,0.500000000,-3.000000000,-171.887338539,0.000000000,-2.756333113,1.000000000,0.500000000,-0.219158173,-12.556838336,0.000000000,-0.430917025,0.500000000,0.200000003,-1.183641434,-67.817658609,0.000000000,0.000209900,0.000000000,0.100000001
2026-07-06 20:17:00.757,1783340220.757231951,216.015415605,1,1,216.002465556,1,0.004829406,5,1,0.005907446,5,1,0,1,0,0,1,1,1,0,1,0,-1.000000000,0.000000000,0.000000000,0.000000000,0,-1.000000000,0,0,0,,0,-1.000000000,,0,0,0.000000000,0.000000000,0,-1.000000000,0,,0,-1.000000000,,0,-1.000000000,0,,1,2.981368542,170.819834613,-0.007326126,0.036629677,1,0.000000000,0.000000000,-0.007326126,0.006837845,1,-3.000000000,-171.887338539,-0.002442360,-0.034187317,1,-0.219158173,-12.556838336,0.007326126,-0.002442360,1,-1.184024811,-67.839624497,-0.036628723,-0.003663063,2.988997936,171.256966720,0.000000000,-0.000000000,8.000000000,2.500000000,0.000000000,0.000000000,0.000000000,2.708557367,2.000000000,0.500000000,-3.000000000,-171.887338539,0.000000000,-2.756333113,1.000000000,0.500000000,-0.219158173,-12.556838336,0.000000000,-0.430917025,0.500000000,0.200000003,-1.183641434,-67.817658609,0.000000000,0.000209900,0.000000000,0.100000001
2026-07-06 20:17:01.757,1783340221.757253408,217.015437061,1,1,217.002487012,1,0.005181820,5,1,0.006056983,5,1,0,1,0,0,1,1,1,0,1,0,-1.000000000,0.000000000,0.000000000,0.000000000,0,-1.000000000,0,0,0,,0,-1.000000000,,0,0,0.000000000,0.000000000,0,-1.000000000,0,,0,-1.000000000,,0,-1.000000000,0,,1,2.981368542,170.819834613,-0.007326126,0.031745911,1,0.000000000,0.000000000,-0.007326126,0.006837845,1,-3.000000000,-171.887338539,-0.002442360,-0.034187317,1,-0.219158173,-12.556838336,-0.007326126,-0.007326126,1,-1.183641434,-67.817658609,-0.012210846,-0.003663063,2.988997936,171.256966720,0.000000000,-0.000000000,8.000000000,2.500000000,0.000000000,0.000000000,0.000000000,2.708557367,2.000000000,0.500000000,-3.000000000,-171.887338539,0.000000000,-2.756333113,1.000000000,0.500000000,-0.219158173,-12.556838336,0.000000000,-0.430917025,0.500000000,0.200000003,-1.183641434,-67.817658609,0.000000000,0.000209900,0.000000000,0.100000001
2026-07-06 20:17:02.756,1783340222.756864548,218.015048255,1,1,218.002098206,1,0.004414630,5,1,0.005481198,5,1,0,1,0,0,1,1,1,0,1,0,-1.000000000,0.000000000,0.000000000,0.000000000,0,-1.000000000,0,0,0,,0,-1.000000000,,0,0,0.000000000,0.000000000,0,-1.000000000,0,,0,-1.000000000,,0,-1.000000000,0,,1,2.981368542,170.819834613,-0.007326126,0.036629677,1,0.000000000,0.000000000,-0.002442360,0.006837845,1,-3.000000000,-171.887338539,-0.007326126,-0.034187317,1,-0.219158173,-12.556838336,0.021978378,-0.007326126,1,-1.183641434,-67.817658609,0.012210846,-0.003663063,2.988997936,171.256966720,0.000000000,-0.000000000,8.000000000,2.500000000,0.000000000,0.000000000,0.000000000,2.708557367,2.000000000,0.500000000,-3.000000000,-171.887338539,0.000000000,-2.756333113,1.000000000,0.500000000,-0.219158173,-12.556838336,0.000000000,-0.430917025,0.500000000,0.200000003,-1.183641434,-67.817658609,0.000000000,0.000209900,0.000000000,0.100000001
2026-07-06 20:17:03.756,1783340223.756891966,219.015075624,1,1,219.002125575,1,0.004645321,5,1,0.005288533,5,1,0,1,0,0,1,1,1,0,1,0,-1.000000000,0.000000000,0.000000000,0.000000000,0,-1.000000000,0,0,0,,0,-1.000000000,,0,0,0.000000000,0.000000000,0,-1.000000000,0,,0,-1.000000000,,0,-1.000000000,0,,1,2.981368542,170.819834613,-0.007326126,0.036629677,1,0.000000000,0.000000000,-0.007326126,0.006837845,1,-3.000000000,-171.887338539,-0.002442360,-0.034187317,1,-0.218776703,-12.534981731,-0.021978378,-0.007326126,1,-1.183641434,-67.817658609,0.012210846,-0.003663063,2.988997936,171.256966720,0.000000000,-0.000000000,8.000000000,2.500000000,0.000000000,0.000000000,0.000000000,2.708557367,2.000000000,0.500000000,-3.000000000,-171.887338539,0.000000000,-2.756333113,1.000000000,0.500000000,-0.219158173,-12.556838336,0.000000000,-0.430917025,0.500000000,0.200000003,-1.183641434,-67.817658609,0.000000000,0.000209900,0.000000000,0.100000001
2026-07-06 20:17:04.757,1783340224.756891966,220.015075654,1,1,220.002125605,1,0.004628534,5,1,0.005708914,5,1,0,1,0,0,1,1,1,0,1,0,-1.000000000,0.000000000,0.000000000,0.000000000,0,-1.000000000,0,0,0,,0,-1.000000000,,0,0,0.000000000,0.000000000,0,-1.000000000,0,,0,-1.000000000,,0,-1.000000000,0,,1,2.981368542,170.819834613,0.007326126,0.036629677,1,0.000000000,0.000000000,-0.002442360,0.006837845,1,-3.000000000,-171.887338539,-0.002442360,-0.034187317,1,-0.219158173,-12.556838336,-0.007326126,-0.002442360,1,-1.183641434,-67.817658609,-0.012210846,-0.006104946,2.988997936,171.256966720,0.000000000,-0.000000000,8.000000000,2.500000000,0.000000000,0.000000000,0.000000000,2.708557367,2.000000000,0.500000000,-3.000000000,-171.887338539,0.000000000,-2.756333113,1.000000000,0.500000000,-0.219158173,-12.556838336,0.000000000,-0.430917025,0.500000000,0.200000003,-1.183641434,-67.817658609,0.000000000,0.000209900,0.000000000,0.100000001
2026-07-06 20:17:05.757,1783340225.756910324,221.015094106,1,1,221.002144057,1,0.004743036,5,1,0.005464646,5,1,0,1,0,0,1,1,1,0,1,0,-1.000000000,0.000000000,0.000000000,0.000000000,0,-1.000000000,0,0,0,,0,-1.000000000,,0,0,0.000000000,0.000000000,0,-1.000000000,0,,0,-1.000000000,,0,-1.000000000,0,,1,2.981368542,170.819834613,-0.021978378,0.036629677,1,0.000000000,0.000000000,-0.002442360,0.006837845,1,-3.000000000,-171.887338539,-0.002442360,-0.034187317,1,-0.219158173,-12.556838336,-0.007326126,-0.007326126,1,-1.183641434,-67.817658609,-0.012210846,-0.003663063,2.988997936,171.256966720,0.000000000,-0.000000000,8.000000000,2.500000000,0.000000000,0.000000000,0.000000000,2.708557367,2.000000000,0.500000000,-3.000000000,-171.887338539,0.000000000,-2.756333113,1.000000000,0.500000000,-0.219158173,-12.556838336,0.000000000,-0.430917025,0.500000000,0.200000003,-1.183641434,-67.817658609,0.000000000,0.000209900,0.000000000,0.100000001
2026-07-06 20:17:06.757,1783340226.756954432,222.015138167,1,1,222.002188118,1,0.004254206,5,1,0.005346544,5,1,0,1,0,0,1,1,1,0,1,0,-1.000000000,0.000000000,0.000000000,0.000000000,0,-1.000000000,0,0,0,,0,-1.000000000,,0,0,0.000000000,0.000000000,0,-1.000000000,0,,0,-1.000000000,,0,-1.000000000,0,,1,2.981368542,170.819834613,-0.007326126,0.031745911,1,0.000000000,0.000000000,-0.002442360,0.020513535,1,-3.000000000,-171.887338539,-0.002442360,-0.034187317,1,-0.219158173,-12.556838336,-0.007326126,-0.007326126,1,-1.183641434,-67.817658609,-0.012210846,-0.003663063,2.988997936,171.256966720,0.000000000,-0.000000000,8.000000000,2.500000000,0.000000000,0.000000000,0.000000000,2.708557367,2.000000000,0.500000000,-3.000000000,-171.887338539,0.000000000,-2.756333113,1.000000000,0.500000000,-0.219158173,-12.556838336,0.000000000,-0.430917025,0.500000000,0.200000003,-1.183641434,-67.817658609,0.000000000,0.000209900,0.000000000,0.100000001
2026-07-06 20:17:07.757,1783340227.756955147,223.015138825,1,1,223.002188776,1,0.004584452,5,1,0.005473817,5,1,0,1,0,0,1,1,1,0,1,0,-1.000000000,0.000000000,0.000000000,0.000000000,0,-1.000000000,0,0,0,,0,-1.000000000,,0,0,0.000000000,0.000000000,0,-1.000000000,0,,0,-1.000000000,,0,-1.000000000,0,,1,2.981368542,170.819834613,-0.007326126,0.036629677,1,0.000000000,0.000000000,-0.007326126,0.006837845,1,-3.000000000,-171.887338539,-0.002442360,-0.034187317,1,-0.219158173,-12.556838336,-0.007326126,-0.002442360,1,-1.183641434,-67.817658609,-0.012210846,-0.001221180,2.988997936,171.256966720,0.000000000,-0.000000000,8.000000000,2.500000000,0.000000000,0.000000000,0.000000000,2.708557367,2.000000000,0.500000000,-3.000000000,-171.887338539,0.000000000,-2.756333113,1.000000000,0.500000000,-0.219158173,-12.556838336,0.000000000,-0.430917025,0.500000000,0.200000003,-1.183641434,-67.817658609,0.000000000,0.000209900,0.000000000,0.100000001
2026-07-06 20:17:08.757,1783340228.756968975,224.015152848,1,1,224.002202799,1,0.003958120,5,1,0.005514778,5,1,0,1,0,0,1,1,1,0,1,0,-1.000000000,0.000000000,0.000000000,0.000000000,0,-1.000000000,0,0,0,,0,-1.000000000,,0,0,0.000000000,0.000000000,0,-1.000000000,0,,0,-1.000000000,,0,-1.000000000,0,,1,2.981368542,170.819834613,-0.021978378,0.036629677,1,0.000000000,0.000000000,-0.007326126,0.006837845,1,-3.000000000,-171.887338539,-0.002442360,-0.034187317,1,-0.219158173,-12.556838336,-0.007326126,-0.007326126,1,-1.183641434,-67.817658609,-0.012210846,-0.003663063,2.988997936,171.256966720,0.000000000,-0.000000000,8.000000000,2.500000000,0.000000000,0.000000000,0.000000000,2.708557367,2.000000000,0.500000000,-3.000000000,-171.887338539,0.000000000,-2.756333113,1.000000000,0.500000000,-0.219158173,-12.556838336,0.000000000,-0.430917025,0.500000000,0.200000003,-1.183641434,-67.817658609,0.000000000,0.000209900,0.000000000,0.100000001
2026-07-06 20:17:09.757,1783340229.757047653,225.015231292,1,1,225.002281243,1,0.004306567,5,1,0.005623725,5,1,0,1,0,0,1,1,1,0,1,0,-1.000000000,0.000000000,0.000000000,0.000000000,0,-1.000000000,0,0,0,,0,-1.000000000,,0,0,0.000000000,0.000000000,0,-1.000000000,0,,0,-1.000000000,,0,-1.000000000,0,,1,2.981368542,170.819834613,-0.007326126,0.031745911,1,0.000000000,0.000000000,0.002442360,0.006837845,1,-3.000000000,-171.887338539,-0.002442360,-0.034187317,1,-0.219158173,-12.556838336,-0.007326126,-0.002442360,1,-1.183641434,-67.817658609,-0.012210846,-0.003663063,2.988997936,171.256966720,0.000000000,-0.000000000,8.000000000,2.500000000,0.000000000,0.000000000,0.000000000,2.708557367,2.000000000,0.500000000,-3.000000000,-171.887338539,0.000000000,-2.756333113,1.000000000,0.500000000,-0.219158173,-12.556838336,0.000000000,-0.430917025,0.500000000,0.200000003,-1.183641434,-67.817658609,0.000000000,0.000209900,0.000000000,0.100000001
2026-07-06 20:17:10.757,1783340230.757031202,226.015214932,1,1,226.002264883,1,0.004871859,5,1,0.005570113,5,1,0,1,0,0,1,1,1,0,1,0,-1.000000000,0.000000000,0.000000000,0.000000000,0,-1.000000000,0,0,0,,0,-1.000000000,,0,0,0.000000000,0.000000000,0,-1.000000000,0,,0,-1.000000000,,0,-1.000000000,0,,1,2.981368542,170.819834613,-0.007326126,0.036629677,1,0.000000000,0.000000000,-0.002442360,0.020513535,1,-3.000000000,-171.887338539,-0.002442360,-0.034187317,1,-0.218776703,-12.534981731,0.007326126,-0.002442360,1,-1.183641434,-67.817658609,0.012210846,-0.003663063,2.988997936,171.256966720,0.000000000,-0.000000000,8.000000000,2.500000000,0.000000000,0.000000000,0.000000000,2.708557367,2.000000000,0.500000000,-3.000000000,-171.887338539,0.000000000,-2.756333113,1.000000000,0.500000000,-0.219158173,-12.556838336,0.000000000,-0.430917025,0.500000000,0.200000003,-1.183641434,-67.817658609,0.000000000,0.000209900,0.000000000,0.100000001
2026-07-06 20:17:11.757,1783340231.757071257,227.015255272,1,1,227.002305223,1,0.004833683,5,1,0.005490689,5,1,0,1,0,0,1,1,1,0,1,0,-1.000000000,0.000000000,0.000000000,0.000000000,0,-1.000000000,0,0,0,,0,-1.000000000,,0,0,0.000000000,0.000000000,0,-1.000000000,0,,0,-1.000000000,,0,-1.000000000,0,,1,2.981368542,170.819834613,-0.021978378,0.036629677,1,0.000000000,0.000000000,-0.002442360,0.006837845,1,-3.000000000,-171.887338539,-0.002442360,-0.034187317,1,-0.219158173,-12.556838336,-0.007326126,-0.002442360,1,-1.183641434,-67.817658609,-0.012210846,-0.003663063,2.988997936,171.256966720,0.000000000,-0.000000000,8.000000000,2.500000000,0.000000000,0.000000000,0.000000000,2.708557367,2.000000000,0.500000000,-3.000000000,-171.887338539,0.000000000,-2.756333113,1.000000000,0.500000000,-0.219158173,-12.556838336,0.000000000,-0.430917025,0.500000000,0.200000003,-1.183641434,-67.817658609,0.000000000,0.000209900,0.000000000,0.100000001
2026-07-06 20:17:12.757,1783340232.757036209,228.015220205,1,1,228.002270156,1,0.004211872,5,1,0.005696552,5,1,0,1,0,0,1,1,1,0,1,0,-1.000000000,0.000000000,0.000000000,0.000000000,0,-1.000000000,0,0,0,,0,-1.000000000,,0,0,0.000000000,0.000000000,0,-1.000000000,0,,0,-1.000000000,,0,-1.000000000,0,,1,2.981368542,170.819834613,-0.021978378,0.036629677,1,0.000000000,0.000000000,-0.002442360,0.006837845,1,-3.000000000,-171.887338539,-0.002442360,-0.047863007,1,-0.219158173,-12.556838336,-0.007326126,-0.002442360,1,-1.183641434,-67.817658609,-0.012210846,-0.003663063,2.988997936,171.256966720,0.000000000,-0.000000000,8.000000000,2.500000000,0.000000000,0.000000000,0.000000000,2.708557367,2.000000000,0.500000000,-3.000000000,-171.887338539,0.000000000,-2.756333113,1.000000000,0.500000000,-0.219158173,-12.556838336,0.000000000,-0.430917025,0.500000000,0.200000003,-1.183641434,-67.817658609,0.000000000,0.000209900,0.000000000,0.100000001
2026-07-06 20:17:13.757,1783340233.757177830,229.015361640,1,1,229.002411591,1,0.004776896,5,1,0.005526408,5,1,0,1,0,0,1,1,1,0,1,0,-1.000000000,0.000000000,0.000000000,0.000000000,0,-1.000000000,0,0,0,,0,-1.000000000,,0,0,0.000000000,0.000000000,0,-1.000000000,0,,0,-1.000000000,,0,-1.000000000,0,,1,2.981368542,170.819834613,-0.007326126,0.036629677,1,0.000000000,0.000000000,-0.007326126,0.006837845,1,-3.000000000,-171.887338539,0.002442360,-0.034187317,1,-0.219158173,-12.556838336,-0.007326126,-0.002442360,1,-1.184024811,-67.839624497,-0.036628723,-0.003663063,2.988997936,171.256966720,0.000000000,-0.000000000,8.000000000,2.500000000,0.000000000,0.000000000,0.000000000,2.708557367,2.000000000,0.500000000,-3.000000000,-171.887338539,0.000000000,-2.756333113,1.000000000,0.500000000,-0.219158173,-12.556838336,0.000000000,-0.430917025,0.500000000,0.200000003,-1.183641434,-67.817658609,0.000000000,0.000209900,0.000000000,0.100000001
2026-07-06 20:17:14.757,1783340234.757086039,230.015269826,1,1,230.002319777,1,0.004648385,5,1,0.005382747,5,1,0,1,0,0,1,1,1,0,1,0,-1.000000000,0.000000000,0.000000000,0.000000000,0,-1.000000000,0,0,0,,0,-1.000000000,,0,0,0.000000000,0.000000000,0,-1.000000000,0,,0,-1.000000000,,0,-1.000000000,0,,1,2.981368542,170.819834613,-0.007326126,0.036629677,1,0.000000000,0.000000000,-0.002442360,0.006837845,1,-3.000000000,-171.887338539,-0.007326126,-0.034187317,1,-0.219158173,-12.556838336,-0.007326126,-0.007326126,1,-1.184024811,-67.839624497,-0.036628723,-0.001221180,2.988997936,171.256966720,0.000000000,-0.000000000,8.000000000,2.500000000,0.000000000,0.000000000,0.000000000,2.708557367,2.000000000,0.500000000,-3.000000000,-171.887338539,0.000000000,-2.756333113,1.000000000,0.500000000,-0.219158173,-12.556838336,0.000000000,-0.430917025,0.500000000,0.200000003,-1.183641434,-67.817658609,0.000000000,0.000209900,0.000000000,0.100000001
2026-07-06 20:17:15.757,1783340235.757117033,231.015300751,1,1,231.002350702,1,0.004360766,5,1,0.005403901,5,1,0,1,0,0,1,1,1,0,1,0,-1.000000000,0.000000000,0.000000000,0.000000000,0,-1.000000000,0,0,0,,0,-1.000000000,,0,0,0.000000000,0.000000000,0,-1.000000000,0,,0,-1.000000000,,0,-1.000000000,0,,1,2.981368542,170.819834613,-0.007326126,0.036629677,1,0.000000000,0.000000000,0.002442360,0.006837845,1,-3.000000000,-171.887338539,0.002442360,-0.034187317,1,-0.219158173,-12.556838336,-0.007326126,-0.002442360,1,-1.183641434,-67.817658609,0.012210846,-0.003663063,2.988997936,171.256966720,0.000000000,-0.000000000,8.000000000,2.500000000,0.000000000,0.000000000,0.000000000,2.708557367,2.000000000,0.500000000,-3.000000000,-171.887338539,0.000000000,-2.756333113,1.000000000,0.500000000,-0.219158173,-12.556838336,0.000000000,-0.430917025,0.500000000,0.200000003,-1.183641434,-67.817658609,0.000000000,0.000209900,0.000000000,0.100000001
2026-07-06 20:17:16.757,1783340236.757121801,232.015305468,1,1,232.002355419,1,0.003967427,5,1,0.005362591,5,1,0,1,0,0,1,1,1,0,1,0,-1.000000000,0.000000000,0.000000000,0.000000000,0,-1.000000000,0,0,0,,0,-1.000000000,,0,0,0.000000000,0.000000000,0,-1.000000000,0,,0,-1.000000000,,0,-1.000000000,0,,1,2.981368542,170.819834613,-0.007326126,0.036629677,1,0.000000000,0.000000000,-0.007326126,0.020513535,1,-3.000000000,-171.887338539,0.002442360,-0.034187317,1,-0.219158173,-12.556838336,-0.007326126,-0.002442360,1,-1.183641434,-67.817658609,-0.012210846,-0.003663063,2.988997936,171.256966720,0.000000000,-0.000000000,8.000000000,2.500000000,0.000000000,0.000000000,0.000000000,2.708557367,2.000000000,0.500000000,-3.000000000,-171.887338539,0.000000000,-2.756333113,1.000000000,0.500000000,-0.219158173,-12.556838336,0.000000000,-0.430917025,0.500000000,0.200000003,-1.183641434,-67.817658609,0.000000000,0.000209900,0.000000000,0.100000001
2026-07-06 20:17:17.757,1783340237.757181644,233.015365596,1,1,233.002415547,1,0.004037881,5,1,0.005407210,5,1,0,1,0,0,1,1,1,0,1,0,-1.000000000,0.000000000,0.000000000,0.000000000,0,-1.000000000,0,0,0,,0,-1.000000000,,0,0,0.000000000,0.000000000,0,-1.000000000,0,,0,-1.000000000,,0,-1.000000000,0,,1,2.981368542,170.819834613,-0.007326126,0.031745911,1,0.000000000,0.000000000,-0.002442360,0.006837845,1,-3.000000000,-171.887338539,-0.002442360,-0.034187317,1,-0.219158173,-12.556838336,-0.021978378,-0.002442360,1,-1.183641434,-67.817658609,0.012210846,-0.003663063,2.988997936,171.256966720,0.000000000,-0.000000000,8.000000000,2.500000000,0.000000000,0.000000000,0.000000000,2.708557367,2.000000000,0.500000000,-3.000000000,-171.887338539,0.000000000,-2.756333113,1.000000000,0.500000000,-0.219158173,-12.556838336,0.000000000,-0.430917025,0.500000000,0.200000003,-1.183641434,-67.817658609,0.000000000,0.000209900,0.000000000,0.100000001
2026-07-06 20:17:18.757,1783340238.757155657,234.015339497,1,1,234.002389448,1,0.004442574,5,1,0.005488615,5,1,0,1,0,0,1,1,1,0,1,0,-1.000000000,0.000000000,0.000000000,0.000000000,0,-1.000000000,0,0,0,,0,-1.000000000,,0,0,0.000000000,0.000000000,0,-1.000000000,0,,0,-1.000000000,,0,-1.000000000,0,,1,2.981368542,170.819834613,0.007326126,0.036629677,1,0.000000000,0.000000000,0.002442360,0.006837845,1,-3.000000000,-171.887338539,-0.002442360,-0.047863007,1,-0.219158173,-12.556838336,-0.007326126,-0.002442360,1,-1.183641434,-67.817658609,-0.012210846,-0.003663063,2.988997936,171.256966720,0.000000000,-0.000000000,8.000000000,2.500000000,0.000000000,0.000000000,0.000000000,2.708557367,2.000000000,0.500000000,-3.000000000,-171.887338539,0.000000000,-2.756333113,1.000000000,0.500000000,-0.219158173,-12.556838336,0.000000000,-0.430917025,0.500000000,0.200000003,-1.183641434,-67.817658609,0.000000000,0.000209900,0.000000000,0.100000001
2026-07-06 20:17:19.757,1783340239.757177591,235.015361370,1,1,235.002411321,1,0.004084969,5,1,0.005598525,5,1,0,1,0,0,1,1,1,0,1,0,-1.000000000,0.000000000,0.000000000,0.000000000,0,-1.000000000,0,0,0,,0,-1.000000000,,0,0,0.000000000,0.000000000,0,-1.000000000,0,,0,-1.000000000,,0,-1.000000000,0,,1,2.981368542,170.819834613,-0.007326126,0.031745911,1,0.000000000,0.000000000,-0.002442360,0.020513535,1,-3.000000000,-171.887338539,-0.007326126,-0.034187317,1,-0.218776703,-12.534981731,-0.007326126,-0.007326126,1,-1.183641434,-67.817658609,0.012210846,-0.003663063,2.988997936,171.256966720,0.000000000,-0.000000000,8.000000000,2.500000000,0.000000000,0.000000000,0.000000000,2.708557367,2.000000000,0.500000000,-3.000000000,-171.887338539,0.000000000,-2.756333113,1.000000000,0.500000000,-0.219158173,-12.556838336,0.000000000,-0.430917025,0.500000000,0.200000003,-1.183641434,-67.817658609,0.000000000,0.000209900,0.000000000,0.100000001
2026-07-06 20:17:20.757,1783340240.757152081,236.015335848,1,1,236.002385799,1,0.004258765,5,1,0.005452602,5,1,0,1,0,0,1,1,1,0,1,0,-1.000000000,0.000000000,0.000000000,0.000000000,0,-1.000000000,0,0,0,,0,-1.000000000,,0,0,0.000000000,0.000000000,0,-1.000000000,0,,0,-1.000000000,,0,-1.000000000,0,,1,2.981368542,170.819834613,-0.007326126,0.036629677,1,0.000000000,0.000000000,-0.002442360,0.020513535,1,-3.000000000,-171.887338539,-0.002442360,-0.034187317,1,-0.219158173,-12.556838336,-0.007326126,-0.002442360,1,-1.183641434,-67.817658609,0.012210846,-0.003663063,2.988997936,171.256966720,0.000000000,-0.000000000,8.000000000,2.500000000,0.000000000,0.000000000,0.000000000,2.708557367,2.000000000,0.500000000,-3.000000000,-171.887338539,0.000000000,-2.756333113,1.000000000,0.500000000,-0.219158173,-12.556838336,0.000000000,-0.430917025,0.500000000,0.200000003,-1.183641434,-67.817658609,0.000000000,0.000209900,0.000000000,0.100000001
2026-07-06 20:17:21.757,1783340241.757277250,237.015460909,1,1,237.002510860,1,0.004039547,5,1,0.005359504,5,1,0,1,0,0,1,1,1,0,1,0,-1.000000000,0.000000000,0.000000000,0.000000000,0,-1.000000000,0,0,0,,0,-1.000000000,,0,0,0.000000000,0.000000000,0,-1.000000000,0,,0,-1.000000000,,0,-1.000000000,0,,1,2.981368542,170.819834613,-0.007326126,0.031745911,1,0.000000000,0.000000000,-0.002442360,0.006837845,1,-3.000000000,-171.887338539,-0.002442360,-0.034187317,1,-0.219158173,-12.556838336,-0.007326126,-0.002442360,1,-1.183641434,-67.817658609,-0.036628723,-0.003663063,2.988997936,171.256966720,0.000000000,-0.000000000,8.000000000,2.500000000,0.000000000,0.000000000,0.000000000,2.708557367,2.000000000,0.500000000,-3.000000000,-171.887338539,0.000000000,-2.756333113,1.000000000,0.500000000,-0.219158173,-12.556838336,0.000000000,-0.430917025,0.500000000,0.200000003,-1.183641434,-67.817658609,0.000000000,0.000209900,0.000000000,0.100000001
2026-07-06 20:17:22.757,1783340242.757207632,238.015391421,1,1,238.002441372,1,0.004193201,5,1,0.005222319,5,1,0,1,0,0,1,1,1,0,1,0,-1.000000000,0.000000000,0.000000000,0.000000000,0,-1.000000000,0,0,0,,0,-1.000000000,,0,0,0.000000000,0.000000000,0,-1.000000000,0,,0,-1.000000000,,0,-1.000000000,0,,1,2.981368542,170.819834613,-0.007326126,0.031745911,1,0.000000000,0.000000000,-0.002442360,0.020513535,1,-3.000000000,-171.887338539,0.002442360,-0.034187317,1,-0.219158173,-12.556838336,-0.021978378,-0.007326126,1,-1.183641434,-67.817658609,-0.036628723,-0.003663063,2.988997936,171.256966720,0.000000000,-0.000000000,8.000000000,2.500000000,0.000000000,0.000000000,0.000000000,2.708557367,2.000000000,0.500000000,-3.000000000,-171.887338539,0.000000000,-2.756333113,1.000000000,0.500000000,-0.219158173,-12.556838336,0.000000000,-0.430917025,0.500000000,0.200000003,-1.183641434,-67.817658609,0.000000000,0.000209900,0.000000000,0.100000001
2026-07-06 20:17:23.757,1783340243.757310867,239.015494895,1,1,239.002544846,1,0.004510613,5,1,0.005717097,5,1,0,1,0,0,1,1,1,0,1,0,-1.000000000,0.000000000,0.000000000,0.000000000,0,-1.000000000,0,0,0,,0,-1.000000000,,0,0,0.000000000,0.000000000,0,-1.000000000,0,,0,-1.000000000,,0,-1.000000000,0,,1,2.981368542,170.819834613,-0.021978378,0.031745911,1,0.000000000,0.000000000,-0.007326126,0.006837845,1,-3.000000000,-171.887338539,-0.002442360,-0.034187317,1,-0.219158173,-12.556838336,-0.007326126,-0.002442360,1,-1.183641434,-67.817658609,-0.012210846,-0.003663063,2.988997936,171.256966720,0.000000000,-0.000000000,8.000000000,2.500000000,0.000000000,0.000000000,0.000000000,2.708557367,2.000000000,0.500000000,-3.000000000,-171.887338539,0.000000000,-2.756333113,1.000000000,0.500000000,-0.219158173,-12.556838336,0.000000000,-0.430917025,0.500000000,0.200000003,-1.183641434,-67.817658609,0.000000000,0.000209900,0.000000000,0.100000001
2026-07-06 20:17:24.757,1783340244.757250071,240.015433737,1,1,240.002483688,1,0.004249079,5,1,0.005543996,5,1,0,1,0,0,1,1,1,0,1,0,-1.000000000,0.000000000,0.000000000,0.000000000,0,-1.000000000,0,0,0,,0,-1.000000000,,0,0,0.000000000,0.000000000,0,-1.000000000,0,,0,-1.000000000,,0,-1.000000000,0,,1,2.981368542,170.819834613,-0.007326126,0.036629677,1,0.000000000,0.000000000,-0.002442360,0.020513535,1,-3.000000000,-171.887338539,-0.002442360,-0.034187317,1,-0.219158173,-12.556838336,-0.007326126,-0.007326126,1,-1.184024811,-67.839624497,-0.061050415,-0.003663063,2.988997936,171.256966720,0.000000000,-0.000000000,8.000000000,2.500000000,0.000000000,0.000000000,0.000000000,2.708557367,2.000000000,0.500000000,-3.000000000,-171.887338539,0.000000000,-2.756333113,1.000000000,0.500000000,-0.219158173,-12.556838336,0.000000000,-0.430917025,0.500000000,0.200000003,-1.183641434,-67.817658609,0.000000000,0.000209900,0.000000000,0.100000001
2026-07-06 20:17:25.757,1783340245.757292986,241.015476933,1,1,241.002526884,1,0.004494340,5,1,0.005522896,5,1,0,1,0,0,1,1,1,0,1,0,-1.000000000,0.000000000,0.000000000,0.000000000,0,-1.000000000,0,0,0,,0,-1.000000000,,0,0,0.000000000,0.000000000,0,-1.000000000,0,,0,-1.000000000,,0,-1.000000000,0,,1,2.981368542,170.819834613,-0.007326126,0.036629677,1,0.000000000,0.000000000,-0.002442360,0.006837845,1,-3.000000000,-171.887338539,-0.002442360,-0.047863007,1,-0.219158173,-12.556838336,-0.007326126,-0.002442360,1,-1.183641434,-67.817658609,0.036628723,-0.003663063,2.988997936,171.256966720,0.000000000,-0.000000000,8.000000000,2.500000000,0.000000000,0.000000000,0.000000000,2.708557367,2.000000000,0.500000000,-3.000000000,-171.887338539,0.000000000,-2.756333113,1.000000000,0.500000000,-0.219158173,-12.556838336,0.000000000,-0.430917025,0.500000000,0.200000003,-1.183641434,-67.817658609,0.000000000,0.000209900,0.000000000,0.100000001
2026-07-06 20:17:26.757,1783340246.757417917,242.015601793,1,1,242.002651744,1,0.004777583,5,1,0.005444741,5,1,0,1,0,0,1,1,1,0,1,0,-1.000000000,0.000000000,0.000000000,0.000000000,0,-1.000000000,0,0,0,,0,-1.000000000,,0,0,0.000000000,0.000000000,0,-1.000000000,0,,0,-1.000000000,,0,-1.000000000,0,,1,2.981368542,170.819834613,-0.007326126,0.031745911,1,0.000000000,0.000000000,-0.002442360,0.006837845,1,-3.000000000,-171.887338539,-0.002442360,-0.034187317,1,-0.219158173,-12.556838336,-0.021978378,-0.007326126,1,-1.183641434,-67.817658609,0.012210846,-0.003663063,2.988997936,171.256966720,0.000000000,-0.000000000,8.000000000,2.500000000,0.000000000,0.000000000,0.000000000,2.708557367,2.000000000,0.500000000,-3.000000000,-171.887338539,0.000000000,-2.756333113,1.000000000,0.500000000,-0.219158173,-12.556838336,0.000000000,-0.430917025,0.500000000,0.200000003,-1.183641434,-67.817658609,0.000000000,0.000209900,0.000000000,0.100000001
2026-07-06 20:17:27.757,1783340247.757387877,243.015571499,1,1,243.002621450,1,0.004524634,5,1,0.005395078,5,1,0,1,0,0,1,1,1,0,1,0,-1.000000000,0.000000000,0.000000000,0.000000000,0,-1.000000000,0,0,0,,0,-1.000000000,,0,0,0.000000000,0.000000000,0,-1.000000000,0,,0,-1.000000000,,0,-1.000000000,0,,1,2.981368542,170.819834613,-0.007326126,0.036629677,1,0.000000000,0.000000000,-0.007326126,0.020513535,1,-3.000000000,-171.887338539,-0.002442360,-0.034187317,1,-0.219158173,-12.556838336,0.007326126,-0.002442360,1,-1.183641434,-67.817658609,-0.012210846,-0.003663063,2.988997936,171.256966720,0.000000000,-0.000000000,8.000000000,2.500000000,0.000000000,0.000000000,0.000000000,2.708557367,2.000000000,0.500000000,-3.000000000,-171.887338539,0.000000000,-2.756333113,1.000000000,0.500000000,-0.219158173,-12.556838336,0.000000000,-0.430917025,0.500000000,0.200000003,-1.183641434,-67.817658609,0.000000000,0.000209900,0.000000000,0.100000001
2026-07-06 20:17:28.757,1783340248.757379770,244.015563757,1,1,244.002613708,1,0.004248235,5,1,0.005318194,5,1,0,1,0,0,1,1,1,0,1,0,-1.000000000,0.000000000,0.000000000,0.000000000,0,-1.000000000,0,0,0,,0,-1.000000000,,0,0,0.000000000,0.000000000,0,-1.000000000,0,,0,-1.000000000,,0,-1.000000000,0,,1,2.986327648,171.103970483,0.007326126,-0.002442360,1,0.000000000,0.000000000,0.002442360,0.020513535,1,-3.000000000,-171.887338539,-0.007326126,-0.034187317,1,-0.219158173,-12.556838336,-0.021978378,-0.002442360,1,-1.183641434,-67.817658609,0.012210846,-0.003663063,2.988997936,171.256966720,0.000000000,-0.000000000,8.000000000,2.500000000,0.000000000,0.000000000,0.000000000,2.708557367,2.000000000,0.500000000,-3.000000000,-171.887338539,0.000000000,-2.756333113,1.000000000,0.500000000,-0.219158173,-12.556838336,0.000000000,-0.430917025,0.500000000,0.200000003,-1.183641434,-67.817658609,0.000000000,0.000209900,0.000000000,0.100000001
2026-07-06 20:17:29.757,1783340249.757518530,245.015702461,1,1,245.002752412,1,0.004500367,5,1,0.005621063,5,1,0,1,0,0,1,1,1,0,1,0,-1.000000000,0.000000000,0.000000000,0.000000000,0,-1.000000000,0,0,0,,0,-1.000000000,,0,0,0.000000000,0.000000000,0,-1.000000000,0,,0,-1.000000000,,0,-1.000000000,0,,1,2.988997936,171.256966720,-0.007326126,-0.017093658,1,0.000000000,0.000000000,-0.002442360,0.020513535,1,-3.000000000,-171.887338539,-0.007326126,-0.047863007,1,-0.219158173,-12.556838336,-0.021978378,-0.002442360,1,-1.183641434,-67.817658609,-0.012210846,-0.003663063,2.988997936,171.256966720,0.000000000,-0.000000000,8.000000000,2.500000000,0.000000000,0.000000000,0.000000000,2.708557367,2.000000000,0.500000000,-3.000000000,-171.887338539,0.000000000,-2.756333113,1.000000000,0.500000000,-0.219158173,-12.556838336,0.000000000,-0.430917025,0.500000000,0.200000003,-1.183641434,-67.817658609,0.000000000,0.000209900,0.000000000,0.100000001
2026-07-06 20:17:30.757,1783340250.757501364,246.015685355,1,1,246.002735306,1,0.004702078,5,1,0.005573300,5,1,0,1,0,0,1,1,1,0,1,0,-1.000000000,0.000000000,0.000000000,0.000000000,0,-1.000000000,0,0,0,,0,-1.000000000,,0,0,0.000000000,0.000000000,0,-1.000000000,0,,0,-1.000000000,,0,-1.000000000,0,,1,2.988997936,171.256966720,0.007326126,-0.021978378,1,0.000000000,0.000000000,-0.002442360,0.006837845,1,-3.000000000,-171.887338539,-0.007326126,-0.034187317,1,-0.219158173,-12.556838336,-0.021978378,-0.007326126,1,-1.183641434,-67.817658609,-0.036628723,-0.003663063,2.988997936,171.256966720,0.000000000,-0.000000000,8.000000000,2.500000000,0.000000000,0.000000000,0.000000000,2.708557367,2.000000000,0.500000000,-3.000000000,-171.887338539,0.000000000,-2.756333113,1.000000000,0.500000000,-0.219158173,-12.556838336,0.000000000,-0.430917025,0.500000000,0.200000003,-1.183641434,-67.817658609,0.000000000,0.000209900,0.000000000,0.100000001
2026-07-06 20:17:31.757,1783340251.757382631,247.015566536,1,1,247.002616487,1,0.004317649,5,1,0.005617892,5,1,0,1,0,0,1,1,1,0,1,0,-1.000000000,0.000000000,0.000000000,0.000000000,0,-1.000000000,0,0,0,,0,-1.000000000,,0,0,0.000000000,0.000000000,0,-1.000000000,0,,0,-1.000000000,,0,-1.000000000,0,,1,2.988997936,171.256966720,-0.007326126,-0.026862144,1,0.000000000,0.000000000,0.002442360,0.020513535,1,-3.000000000,-171.887338539,-0.002442360,-0.034187317,1,-0.219158173,-12.556838336,0.007326126,-0.002442360,1,-1.183641434,-67.817658609,-0.012210846,-0.003663063,2.988997936,171.256966720,0.000000000,-0.000000000,8.000000000,2.500000000,0.000000000,0.000000000,0.000000000,2.708557367,2.000000000,0.500000000,-3.000000000,-171.887338539,0.000000000,-2.756333113,1.000000000,0.500000000,-0.219158173,-12.556838336,0.000000000,-0.430917025,0.500000000,0.200000003,-1.183641434,-67.817658609,0.000000000,0.000209900,0.000000000,0.100000001
2026-07-06 20:17:32.757,1783340252.757369280,248.015553113,1,1,248.002603064,1,0.004442437,5,1,0.005611715,5,1,0,1,0,0,1,1,1,0,1,0,-1.000000000,0.000000000,0.000000000,0.000000000,0,-1.000000000,0,0,0,,0,-1.000000000,,0,0,0.000000000,0.000000000,0,-1.000000000,0,,0,-1.000000000,,0,-1.000000000,0,,1,2.988997936,171.256966720,-0.007326126,-0.026862144,1,0.000000000,0.000000000,-0.002442360,0.006837845,1,-3.000000000,-171.887338539,-0.002442360,-0.034187317,1,-0.219158173,-12.556838336,-0.007326126,-0.002442360,1,-1.183641434,-67.817658609,0.012210846,-0.003663063,2.988997936,171.256966720,0.000000000,-0.000000000,8.000000000,2.500000000,0.000000000,0.000000000,0.000000000,2.708557367,2.000000000,0.500000000,-3.000000000,-171.887338539,0.000000000,-2.756333113,1.000000000,0.500000000,-0.219158173,-12.556838336,0.000000000,-0.430917025,0.500000000,0.200000003,-1.183641434,-67.817658609,0.000000000,0.000209900,0.000000000,0.100000001
2026-07-06 20:17:33.757,1783340253.757527351,249.015711183,1,1,249.002761134,1,0.004416141,5,1,0.005463548,5,1,0,1,0,0,1,1,1,0,1,0,-1.000000000,0.000000000,0.000000000,0.000000000,0,-1.000000000,0,0,0,,0,-1.000000000,,0,0,0.000000000,0.000000000,0,-1.000000000,0,,0,-1.000000000,,0,-1.000000000,0,,1,2.992049694,171.431819563,0.007326126,-0.056165695,1,0.000000000,0.000000000,-0.002442360,0.006837845,1,-3.000000000,-171.887338539,-0.002442360,-0.034187317,1,-0.219158173,-12.556838336,-0.021978378,-0.002442360,1,-1.189777374,-68.169222106,-0.012210846,-0.003663063,2.988997936,171.256966720,0.000000000,-0.000000000,8.000000000,2.500000000,0.000000000,0.000000000,0.000000000,2.708557367,2.000000000,0.500000000,-3.000000000,-171.887338539,0.000000000,-2.756333113,1.000000000,0.500000000,-0.219158173,-12.556838336,0.000000000,-0.430917025,0.500000000,0.200000003,-1.183641434,-67.817658609,0.000000000,0.000209900,0.000000000,0.100000001
2026-07-06 20:17:34.757,1783340254.757431507,250.015615377,1,1,250.002665328,1,0.004543739,5,1,0.005342781,5,1,0,1,0,0,1,1,1,0,1,0,-1.000000000,0.000000000,0.000000000,0.000000000,0,-1.000000000,0,0,0,,0,-1.000000000,,0,0,0.000000000,0.000000000,0,-1.000000000,0,,0,-1.000000000,,0,-1.000000000,0,,1,2.992049694,171.431819563,-0.021978378,-0.046398163,1,0.000000000,0.000000000,-0.002442360,0.006837845,1,-3.000000000,-171.887338539,-0.002442360,-0.034187317,1,-0.218776703,-12.534981731,-0.007326126,-0.002442360,1,-1.189777374,-68.169222106,-0.012210846,-0.003663063,2.988997936,171.256966720,0.000000000,-0.000000000,8.000000000,2.500000000,0.000000000,0.000000000,0.000000000,2.708557367,2.000000000,0.500000000,-3.000000000,-171.887338539,0.000000000,-2.756333113,1.000000000,0.500000000,-0.219158173,-12.556838336,0.000000000,-0.430917025,0.500000000,0.200000003,-1.183641434,-67.817658609,0.000000000,0.000209900,0.000000000,0.100000001
2026-07-06 20:17:35.757,1783340255.757420063,251.015603899,1,1,251.002653850,1,0.004499083,5,1,0.005718637,5,1,0,1,0,0,1,1,1,0,1,0,-1.000000000,0.000000000,0.000000000,0.000000000,0,-1.000000000,0,0,0,,0,-1.000000000,,0,0,0.000000000,0.000000000,0,-1.000000000,0,,0,-1.000000000,,0,-1.000000000,0,,1,2.992049694,171.431819563,-0.021978378,-0.051281929,1,0.000000000,0.000000000,-0.002442360,0.006837845,1,-3.000000000,-171.887338539,-0.002442360,-0.034187317,1,-0.219158173,-12.556838336,-0.007326126,-0.002442360,1,-1.189777374,-68.169222106,0.012210846,-0.003663063,2.988997936,171.256966720,0.000000000,-0.000000000,8.000000000,2.500000000,0.000000000,0.000000000,0.000000000,2.708557367,2.000000000,0.500000000,-3.000000000,-171.887338539,0.000000000,-2.756333113,1.000000000,0.500000000,-0.219158173,-12.556838336,0.000000000,-0.430917025,0.500000000,0.200000003,-1.183641434,-67.817658609,0.000000000,0.000209900,0.000000000,0.100000001
2026-07-06 20:17:36.757,1783340256.757443428,252.015627118,1,1,252.002677069,1,0.004791821,5,1,0.005466263,5,1,0,1,0,0,1,1,1,0,1,0,-1.000000000,0.000000000,0.000000000,0.000000000,0,-1.000000000,0,0,0,,0,-1.000000000,,0,0,0.000000000,0.000000000,0,-1.000000000,0,,0,-1.000000000,,0,-1.000000000,0,,1,2.992049694,171.431819563,-0.007326126,-0.051281929,1,0.000000000,0.000000000,0.002442360,0.006837845,1,-3.000000000,-171.887338539,-0.002442360,-0.034187317,1,-0.219158173,-12.556838336,0.007326126,-0.007326126,1,-1.189777374,-68.169222106,-0.012210846,-0.001221180,2.988997936,171.256966720,0.000000000,-0.000000000,8.000000000,2.500000000,0.000000000,0.000000000,0.000000000,2.708557367,2.000000000,0.500000000,-3.000000000,-171.887338539,0.000000000,-2.756333113,1.000000000,0.500000000,-0.219158173,-12.556838336,0.000000000,-0.430917025,0.500000000,0.200000003,-1.183641434,-67.817658609,0.000000000,0.000209900,0.000000000,0.100000001
2026-07-06 20:17:37.757,1783340257.757483244,253.015667114,1,1,253.002717065,1,0.004517603,5,1,0.005129913,5,1,0,1,0,0,1,1,1,0,1,0,-1.000000000,0.000000000,0.000000000,0.000000000,0,-1.000000000,0,0,0,,0,-1.000000000,,0,0,0.000000000,0.000000000,0,-1.000000000,0,,0,-1.000000000,,0,-1.000000000,0,,1,2.992049694,171.431819563,-0.007326126,-0.051281929,1,0.000000000,0.000000000,-0.007326126,0.020513535,1,-3.000000000,-171.887338539,0.002442360,-0.034187317,1,-0.219158173,-12.556838336,-0.021978378,-0.002442360,1,-1.189777374,-68.169222106,0.012210846,-0.003663063,2.988997936,171.256966720,0.000000000,-0.000000000,8.000000000,2.500000000,0.000000000,0.000000000,0.000000000,2.708557367,2.000000000,0.500000000,-3.000000000,-171.887338539,0.000000000,-2.756333113,1.000000000,0.500000000,-0.219158173,-12.556838336,0.000000000,-0.430917025,0.500000000,0.200000003,-1.183641434,-67.817658609,0.000000000,0.000209900,0.000000000,0.100000001
2026-07-06 20:17:38.757,1783340258.757496595,254.015680382,1,1,254.002730333,1,0.004599337,5,1,0.005328311,5,1,0,1,0,0,1,1,1,0,1,0,-1.000000000,0.000000000,0.000000000,0.000000000,0,-1.000000000,0,0,0,,0,-1.000000000,,0,0,0.000000000,0.000000000,0,-1.000000000,0,,0,-1.000000000,,0,-1.000000000,0,,1,2.992049694,171.431819563,-0.007326126,-0.051281929,1,0.000000000,0.000000000,-0.002442360,0.020513535,1,-3.000000000,-171.887338539,-0.002442360,-0.034187317,1,-0.219158173,-12.556838336,-0.021978378,-0.002442360,1,-1.189777374,-68.169222106,0.012210846,-0.003663063,2.988997936,171.256966720,0.000000000,-0.000000000,8.000000000,2.500000000,0.000000000,0.000000000,0.000000000,2.708557367,2.000000000,0.500000000,-3.000000000,-171.887338539,0.000000000,-2.756333113,1.000000000,0.500000000,-0.219158173,-12.556838336,0.000000000,-0.430917025,0.500000000,0.200000003,-1.183641434,-67.817658609,0.000000000,0.000209900,0.000000000,0.100000001
2026-07-06 20:17:39.757,1783340259.757486582,255.015670430,1,1,255.002720381,1,0.004430524,5,1,0.005290104,5,1,0,1,0,0,1,1,1,0,1,0,-1.000000000,0.000000000,0.000000000,0.000000000,0,-1.000000000,0,0,0,,0,-1.000000000,,0,0,0.000000000,0.000000000,0,-1.000000000,0,,0,-1.000000000,,0,-1.000000000,0,,1,2.992049694,171.431819563,-0.007326126,-0.051281929,1,0.000000000,0.000000000,-0.012209892,0.006837845,1,-3.000000000,-171.887338539,-0.002442360,-0.034187317,1,-0.219158173,-12.556838336,-0.021978378,-0.002442360,1,-1.189393044,-68.147201576,-0.012210846,-0.003663063,2.988997936,171.256966720,0.000000000,-0.000000000,8.000000000,2.500000000,0.000000000,0.000000000,0.000000000,2.708557367,2.000000000,0.500000000,-3.000000000,-171.887338539,0.000000000,-2.756333113,1.000000000,0.500000000,-0.219158173,-12.556838336,0.000000000,-0.430917025,0.500000000,0.200000003,-1.183641434,-67.817658609,0.000000000,0.000209900,0.000000000,0.100000001
2026-07-06 20:17:40.757,1783340260.757551670,256.015735540,1,1,256.002785491,1,0.004273321,5,1,0.005404904,5,1,0,1,0,0,1,1,1,0,1,0,-1.000000000,0.000000000,0.000000000,0.000000000,0,-1.000000000,0,0,0,,0,-1.000000000,,0,0,0.000000000,0.000000000,0,-1.000000000,0,,0,-1.000000000,,0,-1.000000000,0,,1,2.992049694,171.431819563,-0.007326126,-0.041514397,1,0.000000000,0.000000000,-0.002442360,0.006837845,1,-3.000000000,-171.887338539,-0.002442360,-0.034187317,1,-0.219158173,-12.556838336,-0.007326126,-0.007326126,1,-1.189777374,-68.169222106,-0.012210846,-0.003663063,2.988997936,171.256966720,0.000000000,-0.000000000,8.000000000,2.500000000,0.000000000,0.000000000,0.000000000,2.708557367,2.000000000,0.500000000,-3.000000000,-171.887338539,0.000000000,-2.756333113,1.000000000,0.500000000,-0.219158173,-12.556838336,0.000000000,-0.430917025,0.500000000,0.200000003,-1.183641434,-67.817658609,0.000000000,0.000209900,0.000000000,0.100000001
2026-07-06 20:17:41.757,1783340261.757509232,257.015692866,1,1,257.002742817,1,0.004621428,5,1,0.005430940,5,1,0,1,0,0,1,1,1,0,1,0,-1.000000000,0.000000000,0.000000000,0.000000000,0,-1.000000000,0,0,0,,0,-1.000000000,,0,0,0.000000000,0.000000000,0,-1.000000000,0,,0,-1.000000000,,0,-1.000000000,0,,1,2.992049694,171.431819563,-0.007326126,-0.051281929,1,0.000000000,0.000000000,-0.002442360,0.006837845,1,-3.000000000,-171.887338539,-0.002442360,-0.034187317,1,-0.219158173,-12.556838336,-0.021978378,-0.002442360,1,-1.189777374,-68.169222106,-0.012210846,-0.003663063,2.988997936,171.256966720,0.000000000,-0.000000000,8.000000000,2.500000000,0.000000000,0.000000000,0.000000000,2.708557367,2.000000000,0.500000000,-3.000000000,-171.887338539,0.000000000,-2.756333113,1.000000000,0.500000000,-0.219158173,-12.556838336,0.000000000,-0.430917025,0.500000000,0.200000003,-1.183641434,-67.817658609,0.000000000,0.000209900,0.000000000,0.100000001
2026-07-06 20:17:42.757,1783340262.757545710,258.015729543,1,1,258.002779494,1,0.004792256,5,1,0.005430876,5,1,0,1,0,0,1,1,1,0,1,0,-1.000000000,0.000000000,0.000000000,0.000000000,0,-1.000000000,0,0,0,,0,-1.000000000,,0,0,0.000000000,0.000000000,0,-1.000000000,0,,0,-1.000000000,,0,-1.000000000,0,,1,2.992049694,171.431819563,0.007326126,-0.051281929,1,0.000000000,0.000000000,-0.002442360,0.006837845,1,-3.000000000,-171.887338539,-0.002442360,-0.047863007,1,-0.219158173,-12.556838336,-0.021978378,-0.002442360,1,-1.189777374,-68.169222106,-0.036628723,-0.003663063,2.988997936,171.256966720,0.000000000,-0.000000000,8.000000000,2.500000000,0.000000000,0.000000000,0.000000000,2.708557367,2.000000000,0.500000000,-3.000000000,-171.887338539,0.000000000,-2.756333113,1.000000000,0.500000000,-0.219158173,-12.556838336,0.000000000,-0.430917025,0.500000000,0.200000003,-1.183641434,-67.817658609,0.000000000,0.000209900,0.000000000,0.100000001
2026-07-06 20:17:43.757,1783340263.757595539,259.015779441,1,1,259.002829392,1,0.004377971,5,1,0.005529061,5,1,0,1,0,0,1,1,1,0,1,0,-1.000000000,0.000000000,0.000000000,0.000000000,0,-1.000000000,0,0,0,,0,-1.000000000,,0,0,0.000000000,0.000000000,0,-1.000000000,0,,0,-1.000000000,,0,-1.000000000,0,,1,2.992049694,171.431819563,-0.007326126,-0.056165695,1,0.000000000,0.000000000,-0.002442360,0.006837845,1,-3.000000000,-171.887338539,-0.002442360,-0.034187317,1,-0.218776703,-12.534981731,0.007326126,-0.007326126,1,-1.189777374,-68.169222106,-0.036628723,-0.003663063,2.988997936,171.256966720,0.000000000,-0.000000000,8.000000000,2.500000000,0.000000000,0.000000000,0.000000000,2.708557367,2.000000000,0.500000000,-3.000000000,-171.887338539,0.000000000,-2.756333113,1.000000000,0.500000000,-0.219158173,-12.556838336,0.000000000,-0.430917025,0.500000000,0.200000003,-1.183641434,-67.817658609,0.000000000,0.000209900,0.000000000,0.100000001
2026-07-06 20:17:44.757,1783340264.757681847,260.015865788,1,1,260.002915739,1,0.004462462,5,1,0.005308631,5,1,0,1,0,0,1,1,1,0,1,0,-1.000000000,0.000000000,0.000000000,0.000000000,0,-1.000000000,0,0,0,,0,-1.000000000,,0,0,0.000000000,0.000000000,0,-1.000000000,0,,0,-1.000000000,,0,-1.000000000,0,,1,2.992049694,171.431819563,-0.007326126,-0.051281929,1,0.000000000,0.000000000,-0.007326126,0.006837845,1,-3.000000000,-171.887338539,0.002442360,-0.034187317,1,-0.219158173,-12.556838336,-0.007326126,-0.007326126,1,-1.189777374,-68.169222106,-0.012210846,-0.003663063,2.988997936,171.256966720,0.000000000,-0.000000000,8.000000000,2.500000000,0.000000000,0.000000000,0.000000000,2.708557367,2.000000000,0.500000000,-3.000000000,-171.887338539,0.000000000,-2.756333113,1.000000000,0.500000000,-0.219158173,-12.556838336,0.000000000,-0.430917025,0.500000000,0.200000003,-1.183641434,-67.817658609,0.000000000,0.000209900,0.000000000,0.100000001
2026-07-06 20:17:45.757,1783340265.757685184,261.015869168,1,1,261.002919119,1,0.004412276,5,1,0.005548516,5,1,0,1,0,0,1,1,1,0,1,0,-1.000000000,0.000000000,0.000000000,0.000000000,0,-1.000000000,0,0,0,,0,-1.000000000,,0,0,0.000000000,0.000000000,0,-1.000000000,0,,0,-1.000000000,,0,-1.000000000,0,,1,2.992049694,171.431819563,0.007326126,-0.051281929,1,0.000000000,0.000000000,-0.002442360,0.006837845,1,-3.000000000,-171.887338539,0.002442360,-0.034187317,1,-0.219158173,-12.556838336,-0.021978378,-0.007326126,1,-1.189777374,-68.169222106,-0.036628723,-0.003663063,2.988997936,171.256966720,0.000000000,-0.000000000,8.000000000,2.500000000,0.000000000,0.000000000,0.000000000,2.708557367,2.000000000,0.500000000,-3.000000000,-171.887338539,0.000000000,-2.756333113,1.000000000,0.500000000,-0.219158173,-12.556838336,0.000000000,-0.430917025,0.500000000,0.200000003,-1.183641434,-67.817658609,0.000000000,0.000209900,0.000000000,0.100000001
2026-07-06 20:17:46.757,1783340266.757634640,262.015818332,1,1,262.002868283,1,0.004677548,5,1,0.005364364,5,1,0,1,0,0,1,1,1,0,1,0,-1.000000000,0.000000000,0.000000000,0.000000000,0,-1.000000000,0,0,0,,0,-1.000000000,,0,0,0.000000000,0.000000000,0,-1.000000000,0,,0,-1.000000000,,0,-1.000000000,0,,1,2.992049694,171.431819563,0.007326126,-0.051281929,1,0.000000000,0.000000000,-0.007326126,0.020513535,1,-3.000000000,-171.887338539,0.002442360,-0.047863007,1,-0.219158173,-12.556838336,-0.007326126,-0.002442360,1,-1.189777374,-68.169222106,-0.012210846,-0.003663063,2.988997936,171.256966720,0.000000000,-0.000000000,8.000000000,2.500000000,0.000000000,0.000000000,0.000000000,2.708557367,2.000000000,0.500000000,-3.000000000,-171.887338539,0.000000000,-2.756333113,1.000000000,0.500000000,-0.219158173,-12.556838336,0.000000000,-0.430917025,0.500000000,0.200000003,-1.183641434,-67.817658609,0.000000000,0.000209900,0.000000000,0.100000001
2026-07-06 20:17:47.757,1783340267.757678270,263.015862069,1,1,263.002912020,1,0.004383309,5,1,0.005438262,5,1,0,1,0,0,1,1,1,0,1,0,-1.000000000,0.000000000,0.000000000,0.000000000,0,-1.000000000,0,0,0,,0,-1.000000000,,0,0,0.000000000,0.000000000,0,-1.000000000,0,,0,-1.000000000,,0,-1.000000000,0,,1,2.992049694,171.431819563,-0.007326126,-0.051281929,1,0.000000000,0.000000000,-0.002442360,0.006837845,1,-3.000000000,-171.887338539,-0.002442360,-0.047863007,1,-0.219158173,-12.556838336,-0.021978378,-0.002442360,1,-1.189777374,-68.169222106,0.012210846,-0.003663063,2.988997936,171.256966720,0.000000000,-0.000000000,8.000000000,2.500000000,0.000000000,0.000000000,0.000000000,2.708557367,2.000000000,0.500000000,-3.000000000,-171.887338539,0.000000000,-2.756333113,1.000000000,0.500000000,-0.219158173,-12.556838336,0.000000000,-0.430917025,0.500000000,0.200000003,-1.183641434,-67.817658609,0.000000000,0.000209900,0.000000000,0.100000001
2026-07-06 20:17:48.757,1783340268.757653236,264.015837098,1,1,264.002887049,1,0.004185385,5,1,0.005665861,5,1,0,1,0,0,1,1,1,0,1,0,-1.000000000,0.000000000,0.000000000,0.000000000,0,-1.000000000,0,0,0,,0,-1.000000000,,0,0,0.000000000,0.000000000,0,-1.000000000,0,,0,-1.000000000,,0,-1.000000000,0,,1,2.992049694,171.431819563,-0.007326126,-0.046398163,1,0.000000000,0.000000000,-0.002442360,0.020513535,1,-3.000000000,-171.887338539,-0.002442360,-0.034187317,1,-0.219158173,-12.556838336,-0.007326126,-0.002442360,1,-1.189777374,-68.169222106,-0.012210846,-0.003663063,2.988997936,171.256966720,0.000000000,-0.000000000,8.000000000,2.500000000,0.000000000,0.000000000,0.000000000,2.708557367,2.000000000,0.500000000,-3.000000000,-171.887338539,0.000000000,-2.756333113,1.000000000,0.500000000,-0.219158173,-12.556838336,0.000000000,-0.430917025,0.500000000,0.200000003,-1.183641434,-67.817658609,0.000000000,0.000209900,0.000000000,0.100000001
2026-07-06 20:17:49.757,1783340269.757716179,265.015899961,1,1,265.002949912,1,0.004495536,5,1,0.005519701,5,1,0,1,0,0,1,1,1,0,1,0,-1.000000000,0.000000000,0.000000000,0.000000000,0,-1.000000000,0,0,0,,0,-1.000000000,,0,0,0.000000000,0.000000000,0,-1.000000000,0,,0,-1.000000000,,0,-1.000000000,0,,1,2.992049694,171.431819563,-0.007326126,-0.056165695,1,0.000000000,0.000000000,-0.002442360,0.020513535,1,-3.000000000,-171.887338539,-0.002442360,-0.034187317,1,-0.218776703,-12.534981731,0.007326126,-0.002442360,1,-1.189393044,-68.147201576,-0.012210846,-0.003663063,2.988997936,171.256966720,0.000000000,-0.000000000,8.000000000,2.500000000,0.000000000,0.000000000,0.000000000,2.708557367,2.000000000,0.500000000,-3.000000000,-171.887338539,0.000000000,-2.756333113,1.000000000,0.500000000,-0.219158173,-12.556838336,0.000000000,-0.430917025,0.500000000,0.200000003,-1.183641434,-67.817658609,0.000000000,0.000209900,0.000000000,0.100000001
2026-07-06 20:17:50.757,1783340270.757768154,266.015951979,1,1,266.003001930,1,0.004733690,5,1,0.005667297,5,1,0,1,0,0,1,1,1,0,1,0,-1.000000000,0.000000000,0.000000000,0.000000000,0,-1.000000000,0,0,0,,0,-1.000000000,,0,0,0.000000000,0.000000000,0,-1.000000000,0,,0,-1.000000000,,0,-1.000000000,0,,1,2.992431164,171.453676168,-0.007326126,-0.051281929,1,0.000000000,0.000000000,-0.002442360,0.006837845,1,-3.000000000,-171.887338539,-0.007326126,-0.034187317,1,-0.219158173,-12.556838336,-0.021978378,-0.007326126,1,-1.189777374,-68.169222106,0.012210846,-0.003663063,2.988997936,171.256966720,0.000000000,-0.000000000,8.000000000,2.500000000,0.000000000,0.000000000,0.000000000,2.708557367,2.000000000,0.500000000,-3.000000000,-171.887338539,0.000000000,-2.756333113,1.000000000,0.500000000,-0.219158173,-12.556838336,0.000000000,-0.430917025,0.500000000,0.200000003,-1.183641434,-67.817658609,0.000000000,0.000209900,0.000000000,0.100000001
2026-07-06 20:17:51.757,1783340271.757721424,267.015905018,1,1,267.002954969,1,0.004292638,5,1,0.005483669,5,1,0,1,0,0,1,1,1,0,1,0,-1.000000000,0.000000000,0.000000000,0.000000000,0,-1.000000000,0,0,0,,0,-1.000000000,,0,0,0.000000000,0.000000000,0,-1.000000000,0,,0,-1.000000000,,0,-1.000000000,0,,1,2.992431164,171.453676168,0.007326126,-0.051281929,1,0.000000000,0.000000000,-0.002442360,0.006837845,1,-3.000000000,-171.887338539,-0.002442360,-0.034187317,1,-0.219158173,-12.556838336,-0.007326126,-0.002442360,1,-1.189777374,-68.169222106,-0.012210846,-0.003663063,2.988997936,171.256966720,0.000000000,-0.000000000,8.000000000,2.500000000,0.000000000,0.000000000,0.000000000,2.708557367,2.000000000,0.500000000,-3.000000000,-171.887338539,0.000000000,-2.756333113,1.000000000,0.500000000,-0.219158173,-12.556838336,0.000000000,-0.430917025,0.500000000,0.200000003,-1.183641434,-67.817658609,0.000000000,0.000209900,0.000000000,0.100000001
2026-07-06 20:17:52.758,1783340272.757927656,268.016111391,1,1,268.003161342,1,0.004200608,5,1,0.005049912,5,1,0,1,0,0,1,1,1,0,1,0,-1.000000000,0.000000000,0.000000000,0.000000000,0,-1.000000000,0,0,0,,0,-1.000000000,,0,0,0.000000000,0.000000000,0,-1.000000000,0,,0,-1.000000000,,0,-1.000000000,0,,1,2.992431164,171.453676168,-0.007326126,-0.056165695,1,0.000000000,0.000000000,-0.002442360,0.006837845,1,-3.000000000,-171.887338539,-0.002442360,-0.047863007,1,-0.219158173,-12.556838336,-0.007326126,-0.007326126,1,-1.189393044,-68.147201576,-0.012210846,-0.003663063,2.988997936,171.256966720,0.000000000,-0.000000000,8.000000000,2.500000000,0.000000000,0.000000000,0.000000000,2.708557367,2.000000000,0.500000000,-3.000000000,-171.887338539,0.000000000,-2.756333113,1.000000000,0.500000000,-0.219158173,-12.556838336,0.000000000,-0.430917025,0.500000000,0.200000003,-1.183641434,-67.817658609,0.000000000,0.000209900,0.000000000,0.100000001
2026-07-06 20:17:53.757,1783340273.757772684,269.015956475,1,1,269.003006426,1,0.004461748,5,1,0.005681520,5,1,0,1,0,0,1,1,1,0,1,0,-1.000000000,0.000000000,0.000000000,0.000000000,0,-1.000000000,0,0,0,,0,-1.000000000,,0,0,0.000000000,0.000000000,0,-1.000000000,0,,0,-1.000000000,,0,-1.000000000,0,,1,2.992431164,171.453676168,-0.021978378,-0.051281929,1,0.000000000,0.000000000,-0.002442360,0.006837845,1,-3.000000000,-171.887338539,0.002442360,-0.034187317,1,-0.219158173,-12.556838336,-0.007326126,-0.002442360,1,-1.189777374,-68.169222106,-0.012210846,-0.003663063,2.988997936,171.256966720,0.000000000,-0.000000000,8.000000000,2.500000000,0.000000000,0.000000000,0.000000000,2.708557367,2.000000000,0.500000000,-3.000000000,-171.887338539,0.000000000,-2.756333113,1.000000000,0.500000000,-0.219158173,-12.556838336,0.000000000,-0.430917025,0.500000000,0.200000003,-1.183641434,-67.817658609,0.000000000,0.000209900,0.000000000,0.100000001
2026-07-06 20:17:54.757,1783340274.757694721,270.015878609,1,1,270.002928560,1,0.004665721,5,1,0.005556310,5,1,0,1,0,0,1,1,1,0,1,0,-1.000000000,0.000000000,0.000000000,0.000000000,0,-1.000000000,0,0,0,,0,-1.000000000,,0,0,0.000000000,0.000000000,0,-1.000000000,0,,0,-1.000000000,,0,-1.000000000,0,,1,2.992431164,171.453676168,-0.007326126,-0.051281929,1,0.000000000,0.000000000,-0.002442360,0.020513535,1,-3.000000000,-171.887338539,-0.002442360,-0.034187317,1,-0.219158173,-12.556838336,-0.007326126,-0.002442360,1,-1.189777374,-68.169222106,-0.012210846,-0.003663063,2.988997936,171.256966720,0.000000000,-0.000000000,8.000000000,2.500000000,0.000000000,0.000000000,0.000000000,2.708557367,2.000000000,0.500000000,-3.000000000,-171.887338539,0.000000000,-2.756333113,1.000000000,0.500000000,-0.219158173,-12.556838336,0.000000000,-0.430917025,0.500000000,0.200000003,-1.183641434,-67.817658609,0.000000000,0.000209900,0.000000000,0.100000001
2026-07-06 20:17:55.757,1783340275.757834196,271.016017993,1,1,271.003067944,1,0.004599999,5,1,0.005615369,5,1,0,1,0,0,1,1,1,0,1,0,-1.000000000,0.000000000,0.000000000,0.000000000,0,-1.000000000,0,0,0,,0,-1.000000000,,0,0,0.000000000,0.000000000,0,-1.000000000,0,,0,-1.000000000,,0,-1.000000000,0,,1,2.992431164,171.453676168,-0.007326126,-0.051281929,1,0.000000000,0.000000000,-0.002442360,0.020513535,1,-3.000000000,-171.887338539,-0.002442360,-0.034187317,1,-0.219158173,-12.556838336,-0.007326126,-0.007326126,1,-1.189777374,-68.169222106,-0.012210846,-0.003663063,2.988997936,171.256966720,0.000000000,-0.000000000,8.000000000,2.500000000,0.000000000,0.000000000,0.000000000,2.708557367,2.000000000,0.500000000,-3.000000000,-171.887338539,0.000000000,-2.756333113,1.000000000,0.500000000,-0.219158173,-12.556838336,0.000000000,-0.430917025,0.500000000,0.200000003,-1.183641434,-67.817658609,0.000000000,0.000209900,0.000000000,0.100000001
2026-07-06 20:17:56.757,1783340276.757748365,272.015932177,1,1,272.002982128,1,0.004899204,5,1,0.005458882,5,1,0,1,0,0,1,1,1,0,1,0,-1.000000000,0.000000000,0.000000000,0.000000000,0,-1.000000000,0,0,0,,0,-1.000000000,,0,0,0.000000000,0.000000000,0,-1.000000000,0,,0,-1.000000000,,0,-1.000000000,0,,1,2.992431164,171.453676168,0.007326126,-0.051281929,1,0.000000000,0.000000000,-0.007326126,0.020513535,1,-3.000000000,-171.887338539,-0.007326126,-0.034187317,1,-0.219158173,-12.556838336,0.007326126,-0.007326126,1,-1.189777374,-68.169222106,0.012210846,-0.003663063,2.988997936,171.256966720,0.000000000,-0.000000000,8.000000000,2.500000000,0.000000000,0.000000000,0.000000000,2.708557367,2.000000000,0.500000000,-3.000000000,-171.887338539,0.000000000,-2.756333113,1.000000000,0.500000000,-0.219158173,-12.556838336,0.000000000,-0.430917025,0.500000000,0.200000003,-1.183641434,-67.817658609,0.000000000,0.000209900,0.000000000,0.100000001
2026-07-06 20:17:57.757,1783340277.757794380,273.015978090,1,1,273.003028041,1,0.004336810,5,1,0.005311600,5,1,0,1,0,0,1,1,1,0,1,0,-1.000000000,0.000000000,0.000000000,0.000000000,0,-1.000000000,0,0,0,,0,-1.000000000,,0,0,0.000000000,0.000000000,0,-1.000000000,0,,0,-1.000000000,,0,-1.000000000,0,,1,2.992431164,171.453676168,-0.007326126,-0.051281929,1,0.000000000,0.000000000,-0.002442360,0.020513535,1,-3.000000000,-171.887338539,-0.002442360,-0.034187317,1,-0.219158173,-12.556838336,-0.007326126,-0.002442360,1,-1.189393044,-68.147201576,0.012210846,-0.003663063,2.988997936,171.256966720,0.000000000,-0.000000000,8.000000000,2.500000000,0.000000000,0.000000000,0.000000000,2.708557367,2.000000000,0.500000000,-3.000000000,-171.887338539,0.000000000,-2.756333113,1.000000000,0.500000000,-0.219158173,-12.556838336,0.000000000,-0.430917025,0.500000000,0.200000003,-1.183641434,-67.817658609,0.000000000,0.000209900,0.000000000,0.100000001
2026-07-06 20:17:58.757,1783340278.757780075,274.015963873,1,1,274.003013824,1,0.004353019,5,1,0.005465036,5,1,0,1,0,0,1,1,1,0,1,0,-1.000000000,0.000000000,0.000000000,0.000000000,0,-1.000000000,0,0,0,,0,-1.000000000,,0,0,0.000000000,0.000000000,0,-1.000000000,0,,0,-1.000000000,,0,-1.000000000,0,,1,2.992431164,171.453676168,-0.007326126,-0.051281929,1,0.000000000,0.000000000,-0.002442360,0.006837845,1,-3.000000000,-171.887338539,-0.002442360,-0.034187317,1,-0.219158173,-12.556838336,-0.007326126,-0.007326126,1,-1.189777374,-68.169222106,0.012210846,-0.003663063,2.988997936,171.256966720,0.000000000,-0.000000000,8.000000000,2.500000000,0.000000000,0.000000000,0.000000000,2.708557367,2.000000000,0.500000000,-3.000000000,-171.887338539,0.000000000,-2.756333113,1.000000000,0.500000000,-0.219158173,-12.556838336,0.000000000,-0.430917025,0.500000000,0.200000003,-1.183641434,-67.817658609,0.000000000,0.000209900,0.000000000,0.100000001
2026-07-06 20:17:59.757,1783340279.757882833,275.016066633,1,1,275.003116584,1,0.004768624,5,1,0.005464262,5,1,0,1,0,0,1,1,1,0,1,0,-1.000000000,0.000000000,0.000000000,0.000000000,0,-1.000000000,0,0,0,,0,-1.000000000,,0,0,0.000000000,0.000000000,0,-1.000000000,0,,0,-1.000000000,,0,-1.000000000,0,,1,2.992431164,171.453676168,-0.021978378,-0.051281929,1,0.000000000,0.000000000,-0.002442360,0.006837845,1,-3.000000000,-171.887338539,-0.002442360,-0.034187317,1,-0.219158173,-12.556838336,-0.007326126,-0.002442360,1,-1.189777374,-68.169222106,0.012210846,-0.003663063,2.988997936,171.256966720,0.000000000,-0.000000000,8.000000000,2.500000000,0.000000000,0.000000000,0.000000000,2.708557367,2.000000000,0.500000000,-3.000000000,-171.887338539,0.000000000,-2.756333113,1.000000000,0.500000000,-0.219158173,-12.556838336,0.000000000,-0.430917025,0.500000000,0.200000003,-1.183641434,-67.817658609,0.000000000,0.000209900,0.000000000,0.100000001
2026-07-06 20:18:00.758,1783340280.757872343,276.016056214,1,1,276.003106165,1,0.004870617,5,1,0.005454191,5,1,0,1,0,0,1,1,1,0,1,0,-1.000000000,0.000000000,0.000000000,0.000000000,0,-1.000000000,0,0,0,,0,-1.000000000,,0,0,0.000000000,0.000000000,0,-1.000000000,0,,0,-1.000000000,,0,-1.000000000,0,,1,2.992431164,171.453676168,0.007326126,-0.051281929,1,0.000000000,0.000000000,-0.002442360,0.006837845,1,-3.000000000,-171.887338539,0.002442360,-0.034187317,1,-0.219158173,-12.556838336,-0.021978378,-0.002442360,1,-1.189777374,-68.169222106,-0.012210846,-0.003663063,2.988997936,171.256966720,0.000000000,-0.000000000,8.000000000,2.500000000,0.000000000,0.000000000,0.000000000,2.708557367,2.000000000,0.500000000,-3.000000000,-171.887338539,0.000000000,-2.756333113,1.000000000,0.500000000,-0.219158173,-12.556838336,0.000000000,-0.430917025,0.500000000,0.200000003,-1.183641434,-67.817658609,0.000000000,0.000209900,0.000000000,0.100000001
2026-07-06 20:18:01.758,1783340281.757869244,277.016052988,1,1,277.003102939,1,0.004143254,5,1,0.005392881,5,1,0,1,0,0,1,1,1,0,1,0,-1.000000000,0.000000000,0.000000000,0.000000000,0,-1.000000000,0,0,0,,0,-1.000000000,,0,0,0.000000000,0.000000000,0,-1.000000000,0,,0,-1.000000000,,0,-1.000000000,0,,1,2.992431164,171.453676168,0.007326126,-0.051281929,1,0.000000000,0.000000000,-0.002442360,0.006837845,1,-3.000000000,-171.887338539,-0.002442360,-0.034187317,1,-0.219158173,-12.556838336,-0.007326126,-0.007326126,1,-1.189777374,-68.169222106,-0.012210846,-0.003663063,2.988997936,171.256966720,0.000000000,-0.000000000,8.000000000,2.500000000,0.000000000,0.000000000,0.000000000,2.708557367,2.000000000,0.500000000,-3.000000000,-171.887338539,0.000000000,-2.756333113,1.000000000,0.500000000,-0.219158173,-12.556838336,0.000000000,-0.430917025,0.500000000,0.200000003,-1.183641434,-67.817658609,0.000000000,0.000209900,0.000000000,0.100000001
2026-07-06 20:18:02.757,1783340282.757843018,278.016026763,1,1,278.003076714,1,0.004053146,5,1,0.005037504,5,1,0,1,0,0,1,1,1,0,1,0,-1.000000000,0.000000000,0.000000000,0.000000000,0,-1.000000000,0,0,0,,0,-1.000000000,,0,0,0.000000000,0.000000000,0,-1.000000000,0,,0,-1.000000000,,0,-1.000000000,0,,1,2.992431164,171.453676168,-0.021978378,-0.051281929,1,0.000000000,0.000000000,-0.002442360,0.006837845,1,-3.000000000,-171.887338539,-0.002442360,-0.047863007,1,-0.219158173,-12.556838336,0.007326126,-0.002442360,1,-1.189777374,-68.169222106,-0.036628723,-0.003663063,2.988997936,171.256966720,0.000000000,-0.000000000,8.000000000,2.500000000,0.000000000,0.000000000,0.000000000,2.708557367,2.000000000,0.500000000,-3.000000000,-171.887338539,0.000000000,-2.756333113,1.000000000,0.500000000,-0.219158173,-12.556838336,0.000000000,-0.430917025,0.500000000,0.200000003,-1.183641434,-67.817658609,0.000000000,0.000209900,0.000000000,0.100000001
2026-07-06 20:18:03.758,1783340283.757872581,279.016056551,1,1,279.003106502,1,0.004012974,5,1,0.005423595,5,1,0,1,0,0,1,1,1,0,1,0,-1.000000000,0.000000000,0.000000000,0.000000000,0,-1.000000000,0,0,0,,0,-1.000000000,,0,0,0.000000000,0.000000000,0,-1.000000000,0,,0,-1.000000000,,0,-1.000000000,0,,1,2.992431164,171.453676168,-0.021978378,-0.051281929,1,0.000000000,0.000000000,-0.002442360,0.020513535,1,-3.000000000,-171.887338539,-0.002442360,-0.034187317,1,-0.219158173,-12.556838336,-0.007326126,-0.002442360,1,-1.189393044,-68.147201576,-0.012210846,-0.003663063,2.988997936,171.256966720,0.000000000,-0.000000000,8.000000000,2.500000000,0.000000000,0.000000000,0.000000000,2.708557367,2.000000000,0.500000000,-3.000000000,-171.887338539,0.000000000,-2.756333113,1.000000000,0.500000000,-0.219158173,-12.556838336,0.000000000,-0.430917025,0.500000000,0.200000003,-1.183641434,-67.817658609,0.000000000,0.000209900,0.000000000,0.100000001
2026-07-06 20:18:04.758,1783340284.757901669,280.016085339,1,1,280.003135290,1,0.004667604,5,1,0.005607318,5,1,0,1,0,0,1,1,1,0,1,0,-1.000000000,0.000000000,0.000000000,0.000000000,0,-1.000000000,0,0,0,,0,-1.000000000,,0,0,0.000000000,0.000000000,0,-1.000000000,0,,0,-1.000000000,,0,-1.000000000,0,,1,2.992431164,171.453676168,-0.007326126,-0.051281929,1,0.000000000,0.000000000,-0.002442360,0.006837845,1,-3.000000000,-171.887338539,-0.007326126,-0.034187317,1,-0.219158173,-12.556838336,-0.007326126,-0.002442360,1,-1.189777374,-68.169222106,-0.012210846,-0.001221180,2.988997936,171.256966720,0.000000000,-0.000000000,8.000000000,2.500000000,0.000000000,0.000000000,0.000000000,2.708557367,2.000000000,0.500000000,-3.000000000,-171.887338539,0.000000000,-2.756333113,1.000000000,0.500000000,-0.219158173,-12.556838336,0.000000000,-0.430917025,0.500000000,0.200000003,-1.183641434,-67.817658609,0.000000000,0.000209900,0.000000000,0.100000001
2026-07-06 20:18:05.757,1783340285.757828951,281.016012598,1,1,281.003062549,1,0.000753198,5,1,0.005283986,5,1,0,1,0,0,1,1,1,0,1,0,-1.000000000,0.000000000,0.000000000,0.000000000,0,-1.000000000,0,0,0,,0,-1.000000000,,0,0,0.000000000,0.000000000,0,-1.000000000,0,,0,-1.000000000,,0,-1.000000000,0,,1,2.992431164,171.453676168,-0.007326126,-0.051281929,1,0.000000000,0.000000000,-0.002442360,0.020513535,1,-3.000000000,-171.887338539,-0.002442360,-0.047863007,1,-0.219158173,-12.556838336,0.007326126,-0.007326126,1,-1.189777374,-68.169222106,-0.036628723,-0.003663063,2.988997936,171.256966720,0.000000000,-0.000000000,8.000000000,2.500000000,0.000000000,0.000000000,0.000000000,2.708557367,2.000000000,0.500000000,-3.000000000,-171.887338539,0.000000000,-2.756333113,1.000000000,0.500000000,-0.219158173,-12.556838336,0.000000000,-0.430917025,0.500000000,0.200000003,-1.183641434,-67.817658609,0.000000000,0.000209900,0.000000000,0.100000001
2026-07-06 20:18:06.758,1783340286.757910967,282.016094924,1,1,282.003144875,1,0.004460842,5,1,0.005459301,5,1,0,1,0,0,1,1,1,0,1,0,-1.000000000,0.000000000,0.000000000,0.000000000,0,-1.000000000,0,0,0,,0,-1.000000000,,0,0,0.000000000,0.000000000,0,-1.000000000,0,,0,-1.000000000,,0,-1.000000000,0,,0,2.992431164,171.453676168,0.007326126,-0.051281929,0,0.000000000,0.000000000,-0.002442360,0.020513535,0,-3.000000000,-171.887338539,0.002442360,-0.034187317,0,-0.219158173,-12.556838336,0.007326126,-0.002442360,0,-1.189777374,-68.169222106,-0.036628723,-0.003663063,2.988997936,171.256966720,0.000000000,-0.000000000,8.000000000,2.500000000,0.000000000,0.000000000,0.000000000,2.708557367,2.000000000,0.500000000,-3.000000000,-171.887338539,0.000000000,-2.756333113,1.000000000,0.500000000,-0.219158173,-12.556838336,0.000000000,-0.430917025,0.500000000,0.200000003,-1.183641434,-67.817658609,0.000000000,0.000209900,0.000000000,0.100000001
2026-07-06 20:18:07.758,1783340287.757934570,283.016118375,1,1,283.003168326,1,0.004443236,5,1,0.005492035,5,1,0,1,0,0,1,1,1,0,1,0,-1.000000000,0.000000000,0.000000000,0.000000000,0,-1.000000000,0,0,0,,0,-1.000000000,,0,0,0.000000000,0.000000000,0,-1.000000000,0,,0,-1.000000000,,0,-1.000000000,0,,1,2.992431164,171.453676168,0.007326126,-0.051281929,1,0.000000000,0.000000000,-0.002442360,0.020513535,1,-3.000000000,-171.887338539,-0.002442360,-0.034187317,1,-0.219158173,-12.556838336,0.007326126,-0.002442360,1,-1.189777374,-68.169222106,-0.036628723,-0.003663063,2.988997936,171.256966720,0.000000000,-0.000000000,8.000000000,2.500000000,0.000000000,0.000000000,0.000000000,2.708557367,2.000000000,0.500000000,-3.000000000,-171.887338539,0.000000000,-2.756333113,1.000000000,0.500000000,-0.219158173,-12.556838336,0.000000000,-0.430917025,0.500000000,0.200000003,-1.183641434,-67.817658609,0.000000000,0.000209900,0.000000000,0.100000001
2026-07-06 20:18:08.758,1783340288.758163929,284.016347714,1,1,284.003397665,1,0.004318566,5,1,0.005010799,5,1,0,1,0,0,1,1,1,0,1,0,-1.000000000,0.000000000,0.000000000,0.000000000,0,-1.000000000,0,0,0,,0,-1.000000000,,0,0,0.000000000,0.000000000,0,-1.000000000,0,,0,-1.000000000,,0,-1.000000000,0,,1,2.992431164,171.453676168,0.007326126,-0.051281929,1,0.000000000,0.000000000,-0.002442360,0.020513535,1,-3.000000000,-171.887338539,-0.002442360,-0.034187317,1,-0.219158173,-12.556838336,-0.007326126,-0.002442360,1,-1.189777374,-68.169222106,-0.012210846,-0.003663063,2.988997936,171.256966720,0.000000000,-0.000000000,8.000000000,2.500000000,0.000000000,0.000000000,0.000000000,2.708557367,2.000000000,0.500000000,-3.000000000,-171.887338539,0.000000000,-2.756333113,1.000000000,0.500000000,-0.219158173,-12.556838336,0.000000000,-0.430917025,0.500000000,0.200000003,-1.183641434,-67.817658609,0.000000000,0.000209900,0.000000000,0.100000001
2026-07-06 20:18:09.758,1783340289.758006334,285.016190025,1,1,285.003239976,1,0.004164528,5,1,0.005331291,5,1,0,1,0,0,1,1,1,0,1,0,-1.000000000,0.000000000,0.000000000,0.000000000,0,-1.000000000,0,0,0,,0,-1.000000000,,0,0,0.000000000,0.000000000,0,-1.000000000,0,,0,-1.000000000,,0,-1.000000000,0,,1,2.992431164,171.453676168,0.007326126,-0.051281929,1,0.000000000,0.000000000,0.002442360,0.006837845,1,-3.000000000,-171.887338539,-0.002442360,-0.034187317,1,-0.219158173,-12.556838336,-0.021978378,-0.002442360,1,-1.189777374,-68.169222106,-0.036628723,-0.001221180,2.988997936,171.256966720,0.000000000,-0.000000000,8.000000000,2.500000000,0.000000000,0.000000000,0.000000000,2.708557367,2.000000000,0.500000000,-3.000000000,-171.887338539,0.000000000,-2.756333113,1.000000000,0.500000000,-0.219158173,-12.556838336,0.000000000,-0.430917025,0.500000000,0.200000003,-1.183641434,-67.817658609,0.000000000,0.000209900,0.000000000,0.100000001
2026-07-06 20:18:10.758,1783340290.758039474,286.016223444,1,1,286.003273395,1,0.004618169,5,1,0.005416554,5,1,0,1,0,0,1,1,1,0,1,0,-1.000000000,0.000000000,0.000000000,0.000000000,0,-1.000000000,0,0,0,,0,-1.000000000,,0,0,0.000000000,0.000000000,0,-1.000000000,0,,0,-1.000000000,,0,-1.000000000,0,,1,2.992431164,171.453676168,-0.007326126,-0.051281929,1,0.000000000,0.000000000,-0.002442360,0.006837845,1,-3.000000000,-171.887338539,0.002442360,-0.020513535,1,-0.219158173,-12.556838336,-0.007326126,-0.002442360,1,-1.189777374,-68.169222106,-0.036628723,-0.003663063,2.988997936,171.256966720,0.000000000,-0.000000000,8.000000000,2.500000000,0.000000000,0.000000000,0.000000000,2.708557367,2.000000000,0.500000000,-3.000000000,-171.887338539,0.000000000,-2.756333113,1.000000000,0.500000000,-0.219158173,-12.556838336,0.000000000,-0.430917025,0.500000000,0.200000003,-1.183641434,-67.817658609,0.000000000,0.000209900,0.000000000,0.100000001
2026-07-06 20:18:11.758,1783340291.757952213,287.016135952,1,1,287.003185903,1,0.004495861,5,1,0.005223228,5,1,0,1,0,0,1,1,1,0,1,0,-1.000000000,0.000000000,0.000000000,0.000000000,0,-1.000000000,0,0,0,,0,-1.000000000,,0,0,0.000000000,0.000000000,0,-1.000000000,0,,0,-1.000000000,,0,-1.000000000,0,,1,2.992431164,171.453676168,-0.007326126,-0.051281929,1,0.000000000,0.000000000,-0.002442360,0.006837845,1,-3.000000000,-171.887338539,-0.007326126,-0.034187317,1,-0.218776703,-12.534981731,-0.007326126,-0.002442360,1,-1.189777374,-68.169222106,-0.012210846,-0.003663063,2.988997936,171.256966720,0.000000000,-0.000000000,8.000000000,2.500000000,0.000000000,0.000000000,0.000000000,2.708557367,2.000000000,0.500000000,-3.000000000,-171.887338539,0.000000000,-2.756333113,1.000000000,0.500000000,-0.219158173,-12.556838336,0.000000000,-0.430917025,0.500000000,0.200000003,-1.183641434,-67.817658609,0.000000000,0.000209900,0.000000000,0.100000001
2026-07-06 20:18:12.758,1783340292.757931232,288.016115137,1,1,288.003165088,1,0.004517595,5,1,0.005503950,5,1,0,1,0,0,1,1,1,0,1,0,-1.000000000,0.000000000,0.000000000,0.000000000,0,-1.000000000,0,0,0,,0,-1.000000000,,0,0,0.000000000,0.000000000,0,-1.000000000,0,,0,-1.000000000,,0,-1.000000000,0,,1,2.992431164,171.453676168,0.007326126,-0.051281929,1,0.000000000,0.000000000,-0.002442360,0.006837845,1,-3.000000000,-171.887338539,-0.002442360,-0.034187317,1,-0.219158173,-12.556838336,-0.021978378,-0.002442360,1,-1.189777374,-68.169222106,-0.036628723,-0.003663063,2.988997936,171.256966720,0.000000000,-0.000000000,8.000000000,2.500000000,0.000000000,0.000000000,0.000000000,2.708557367,2.000000000,0.500000000,-3.000000000,-171.887338539,0.000000000,-2.756333113,1.000000000,0.500000000,-0.219158173,-12.556838336,0.000000000,-0.430917025,0.500000000,0.200000003,-1.183641434,-67.817658609,0.000000000,0.000209900,0.000000000,0.100000001
2026-07-06 20:18:13.758,1783340293.758022308,289.016206142,1,1,289.003256093,1,0.004687482,5,1,0.005427727,5,1,0,1,0,0,1,1,1,0,1,0,-1.000000000,0.000000000,0.000000000,0.000000000,0,-1.000000000,0,0,0,,0,-1.000000000,,0,0,0.000000000,0.000000000,0,-1.000000000,0,,0,-1.000000000,,0,-1.000000000,0,,1,2.992431164,171.453676168,-0.007326126,-0.051281929,1,0.000000000,0.000000000,-0.002442360,0.020513535,1,-3.000000000,-171.887338539,-0.002442360,-0.034187317,1,-0.219158173,-12.556838336,-0.007326126,-0.007326126,1,-1.189777374,-68.169222106,-0.036628723,-0.003663063,2.988997936,171.256966720,0.000000000,-0.000000000,8.000000000,2.500000000,0.000000000,0.000000000,0.000000000,2.708557367,2.000000000,0.500000000,-3.000000000,-171.887338539,0.000000000,-2.756333113,1.000000000,0.500000000,-0.219158173,-12.556838336,0.000000000,-0.430917025,0.500000000,0.200000003,-1.183641434,-67.817658609,0.000000000,0.000209900,0.000000000,0.100000001
2026-07-06 20:18:14.758,1783340294.758092403,290.016275982,1,1,290.003325933,1,0.004526367,5,1,0.005491089,5,1,0,1,0,0,1,1,1,0,1,0,-1.000000000,0.000000000,0.000000000,0.000000000,0,-1.000000000,0,0,0,,0,-1.000000000,,0,0,0.000000000,0.000000000,0,-1.000000000,0,,0,-1.000000000,,0,-1.000000000,0,,1,2.992431164,171.453676168,-0.021978378,-0.056165695,1,0.000000000,0.000000000,-0.002442360,0.020513535,1,-3.000000000,-171.887338539,-0.002442360,-0.034187317,1,-0.219158173,-12.556838336,-0.021978378,-0.002442360,1,-1.189777374,-68.169222106,-0.012210846,-0.003663063,2.988997936,171.256966720,0.000000000,-0.000000000,8.000000000,2.500000000,0.000000000,0.000000000,0.000000000,2.708557367,2.000000000,0.500000000,-3.000000000,-171.887338539,0.000000000,-2.756333113,1.000000000,0.500000000,-0.219158173,-12.556838336,0.000000000,-0.430917025,0.500000000,0.200000003,-1.183641434,-67.817658609,0.000000000,0.000209900,0.000000000,0.100000001
2026-07-06 20:18:15.758,1783340295.758066177,291.016250047,1,1,291.003299998,1,0.004456085,5,1,0.005403947,5,1,0,1,0,0,1,1,1,0,1,0,-1.000000000,0.000000000,0.000000000,0.000000000,0,-1.000000000,0,0,0,,0,-1.000000000,,0,0,0.000000000,0.000000000,0,-1.000000000,0,,0,-1.000000000,,0,-1.000000000,0,,1,2.992431164,171.453676168,-0.021978378,-0.051281929,1,0.000000000,0.000000000,-0.002442360,0.006837845,1,-3.000000000,-171.887338539,0.002442360,-0.034187317,1,-0.219158173,-12.556838336,-0.007326126,-0.002442360,1,-1.189393044,-68.147201576,0.012210846,-0.003663063,2.988997936,171.256966720,0.000000000,-0.000000000,8.000000000,2.500000000,0.000000000,0.000000000,0.000000000,2.708557367,2.000000000,0.500000000,-3.000000000,-171.887338539,0.000000000,-2.756333113,1.000000000,0.500000000,-0.219158173,-12.556838336,0.000000000,-0.430917025,0.500000000,0.200000003,-1.183641434,-67.817658609,0.000000000,0.000209900,0.000000000,0.100000001
2026-07-06 20:18:16.758,1783340296.758105993,292.016289892,1,1,292.003339843,1,0.004423296,5,1,0.005665027,5,1,0,1,0,0,1,1,1,0,1,0,-1.000000000,0.000000000,0.000000000,0.000000000,0,-1.000000000,0,0,0,,0,-1.000000000,,0,0,0.000000000,0.000000000,0,-1.000000000,0,,0,-1.000000000,,0,-1.000000000,0,,1,2.992431164,171.453676168,0.007326126,-0.051281929,1,0.000000000,0.000000000,-0.002442360,0.020513535,1,-3.000000000,-171.887338539,-0.002442360,-0.034187317,1,-0.219158173,-12.556838336,-0.021978378,-0.002442360,1,-1.189777374,-68.169222106,-0.012210846,-0.003663063,2.988997936,171.256966720,0.000000000,-0.000000000,8.000000000,2.500000000,0.000000000,0.000000000,0.000000000,2.708557367,2.000000000,0.500000000,-3.000000000,-171.887338539,0.000000000,-2.756333113,1.000000000,0.500000000,-0.219158173,-12.556838336,0.000000000,-0.430917025,0.500000000,0.200000003,-1.183641434,-67.817658609,0.000000000,0.000209900,0.000000000,0.100000001
2026-07-06 20:18:17.758,1783340297.758108377,293.016292246,1,1,293.003342197,1,0.004126146,5,1,0.005267246,5,1,0,1,0,0,1,1,1,0,1,0,-1.000000000,0.000000000,0.000000000,0.000000000,0,-1.000000000,0,0,0,,0,-1.000000000,,0,0,0.000000000,0.000000000,0,-1.000000000,0,,0,-1.000000000,,0,-1.000000000,0,,1,2.992431164,171.453676168,-0.007326126,-0.051281929,1,0.000000000,0.000000000,-0.007326126,0.006837845,1,-3.000000000,-171.887338539,-0.002442360,-0.034187317,1,-0.219158173,-12.556838336,-0.007326126,-0.002442360,1,-1.189777374,-68.169222106,0.012210846,-0.003663063,2.988997936,171.256966720,0.000000000,-0.000000000,8.000000000,2.500000000,0.000000000,0.000000000,0.000000000,2.708557367,2.000000000,0.500000000,-3.000000000,-171.887338539,0.000000000,-2.756333113,1.000000000,0.500000000,-0.219158173,-12.556838336,0.000000000,-0.430917025,0.500000000,0.200000003,-1.183641434,-67.817658609,0.000000000,0.000209900,0.000000000,0.100000001
2026-07-06 20:18:18.758,1783340298.758123875,294.016307550,1,1,294.003357501,1,0.004587270,5,1,0.005633340,5,1,0,1,0,0,1,1,1,0,1,0,-1.000000000,0.000000000,0.000000000,0.000000000,0,-1.000000000,0,0,0,,0,-1.000000000,,0,0,0.000000000,0.000000000,0,-1.000000000,0,,0,-1.000000000,,0,-1.000000000,0,,1,2.992431164,171.453676168,-0.007326126,-0.051281929,1,0.000000000,0.000000000,-0.007326126,0.006837845,1,-3.000000000,-171.887338539,-0.002442360,-0.034187317,1,-0.219158173,-12.556838336,-0.007326126,-0.007326126,1,-1.189777374,-68.169222106,-0.012210846,-0.003663063,2.988997936,171.256966720,0.000000000,-0.000000000,8.000000000,2.500000000,0.000000000,0.000000000,0.000000000,2.708557367,2.000000000,0.500000000,-3.000000000,-171.887338539,0.000000000,-2.756333113,1.000000000,0.500000000,-0.219158173,-12.556838336,0.000000000,-0.430917025,0.500000000,0.200000003,-1.183641434,-67.817658609,0.000000000,0.000209900,0.000000000,0.100000001
2026-07-06 20:18:19.758,1783340299.758155107,295.016338737,1,1,295.003388688,1,0.004515609,5,1,0.005700275,5,1,0,1,0,0,1,1,1,0,1,0,-1.000000000,0.000000000,0.000000000,0.000000000,0,-1.000000000,0,0,0,,0,-1.000000000,,0,0,0.000000000,0.000000000,0,-1.000000000,0,,0,-1.000000000,,0,-1.000000000,0,,1,2.992431164,171.453676168,0.007326126,-0.051281929,1,0.000000000,0.000000000,-0.007326126,0.006837845,1,-3.000000000,-171.887338539,-0.002442360,-0.034187317,1,-0.218776703,-12.534981731,0.007326126,-0.002442360,1,-1.189777374,-68.169222106,-0.012210846,-0.003663063,2.988997936,171.256966720,0.000000000,-0.000000000,8.000000000,2.500000000,0.000000000,0.000000000,0.000000000,2.708557367,2.000000000,0.500000000,-3.000000000,-171.887338539,0.000000000,-2.756333113,1.000000000,0.500000000,-0.219158173,-12.556838336,0.000000000,-0.430917025,0.500000000,0.200000003,-1.183641434,-67.817658609,0.000000000,0.000209900,0.000000000,0.100000001
2026-07-06 20:18:20.758,1783340300.758157969,296.016341957,1,1,296.003391908,1,0.004533937,5,1,0.005712086,5,1,0,1,0,0,1,1,1,0,1,0,-1.000000000,0.000000000,0.000000000,0.000000000,0,-1.000000000,0,0,0,,0,-1.000000000,,0,0,0.000000000,0.000000000,0,-1.000000000,0,,0,-1.000000000,,0,-1.000000000,0,,1,2.992431164,171.453676168,0.007326126,-0.051281929,1,0.000000000,0.000000000,-0.002442360,0.020513535,1,-3.000000000,-171.887338539,-0.007326126,-0.047863007,1,-0.219158173,-12.556838336,-0.007326126,-0.002442360,1,-1.189777374,-68.169222106,-0.012210846,-0.003663063,2.988997936,171.256966720,0.000000000,-0.000000000,8.000000000,2.500000000,0.000000000,0.000000000,0.000000000,2.708557367,2.000000000,0.500000000,-3.000000000,-171.887338539,0.000000000,-2.756333113,1.000000000,0.500000000,-0.219158173,-12.556838336,0.000000000,-0.430917025,0.500000000,0.200000003,-1.183641434,-67.817658609,0.000000000,0.000209900,0.000000000,0.100000001
2026-07-06 20:18:21.758,1783340301.758280516,297.016464341,1,1,297.003514292,1,0.004520644,5,1,0.005651645,5,1,0,1,0,0,1,1,1,0,1,0,-1.000000000,0.000000000,0.000000000,0.000000000,0,-1.000000000,0,0,0,,0,-1.000000000,,0,0,0.000000000,0.000000000,0,-1.000000000,0,,0,-1.000000000,,0,-1.000000000,0,,1,2.992431164,171.453676168,0.007326126,-0.056165695,1,0.000000000,0.000000000,0.002442360,0.006837845,1,-3.000000000,-171.887338539,-0.002442360,-0.034187317,1,-0.219158173,-12.556838336,-0.021978378,-0.007326126,1,-1.189777374,-68.169222106,-0.012210846,-0.003663063,2.988997936,171.256966720,0.000000000,-0.000000000,8.000000000,2.500000000,0.000000000,0.000000000,0.000000000,2.708557367,2.000000000,0.500000000,-3.000000000,-171.887338539,0.000000000,-2.756333113,1.000000000,0.500000000,-0.219158173,-12.556838336,0.000000000,-0.430917025,0.500000000,0.200000003,-1.183641434,-67.817658609,0.000000000,0.000209900,0.000000000,0.100000001
2026-07-06 20:18:22.758,1783340302.758159161,298.016342887,1,1,298.003392838,1,0.004406441,5,1,0.005317387,5,1,0,1,0,0,1,1,1,0,1,0,-1.000000000,0.000000000,0.000000000,0.000000000,0,-1.000000000,0,0,0,,0,-1.000000000,,0,0,0.000000000,0.000000000,0,-1.000000000,0,,0,-1.000000000,,0,-1.000000000,0,,1,2.992431164,171.453676168,0.007326126,-0.051281929,1,0.000000000,0.000000000,0.002442360,0.020513535,1,-3.000000000,-171.887338539,0.002442360,-0.034187317,1,-0.219158173,-12.556838336,-0.021978378,-0.002442360,1,-1.189777374,-68.169222106,-0.012210846,-0.003663063,2.988997936,171.256966720,0.000000000,-0.000000000,8.000000000,2.500000000,0.000000000,0.000000000,0.000000000,2.708557367,2.000000000,0.500000000,-3.000000000,-171.887338539,0.000000000,-2.756333113,1.000000000,0.500000000,-0.219158173,-12.556838336,0.000000000,-0.430917025,0.500000000,0.200000003,-1.183641434,-67.817658609,0.000000000,0.000209900,0.000000000,0.100000001
2026-07-06 20:18:23.758,1783340303.758205414,299.016389315,1,1,299.003439266,1,0.004568517,5,1,0.005298654,5,1,0,1,0,0,1,1,1,0,1,0,-1.000000000,0.000000000,0.000000000,0.000000000,0,-1.000000000,0,0,0,,0,-1.000000000,,0,0,0.000000000,0.000000000,0,-1.000000000,0,,0,-1.000000000,,0,-1.000000000,0,,1,2.992431164,171.453676168,-0.007326126,-0.051281929,1,0.000000000,0.000000000,-0.002442360,0.006837845,1,-3.000000000,-171.887338539,0.002442360,-0.034187317,1,-0.219158173,-12.556838336,-0.007326126,-0.007326126,1,-1.189777374,-68.169222106,-0.036628723,-0.003663063,2.988997936,171.256966720,0.000000000,-0.000000000,8.000000000,2.500000000,0.000000000,0.000000000,0.000000000,2.708557367,2.000000000,0.500000000,-3.000000000,-171.887338539,0.000000000,-2.756333113,1.000000000,0.500000000,-0.219158173,-12.556838336,0.000000000,-0.430917025,0.500000000,0.200000003,-1.183641434,-67.817658609,0.000000000,0.000209900,0.000000000,0.100000001
2026-07-06 20:18:24.758,1783340304.758167744,300.016351642,1,1,300.003401593,1,0.004249797,5,1,0.005446694,5,1,0,1,0,0,1,1,1,0,1,0,-1.000000000,0.000000000,0.000000000,0.000000000,0,-1.000000000,0,0,0,,0,-1.000000000,,0,0,0.000000000,0.000000000,0,-1.000000000,0,,0,-1.000000000,,0,-1.000000000,0,,1,2.992431164,171.453676168,-0.007326126,-0.051281929,1,0.000000000,0.000000000,0.002442360,0.006837845,1,-3.000000000,-171.887338539,-0.002442360,-0.034187317,1,-0.219158173,-12.556838336,-0.007326126,-0.007326126,1,-1.189393044,-68.147201576,-0.012210846,-0.003663063,2.988997936,171.256966720,0.000000000,-0.000000000,8.000000000,2.500000000,0.000000000,0.000000000,0.000000000,2.708557367,2.000000000,0.500000000,-3.000000000,-171.887338539,0.000000000,-2.756333113,1.000000000,0.500000000,-0.219158173,-12.556838336,0.000000000,-0.430917025,0.500000000,0.200000003,-1.183641434,-67.817658609,0.000000000,0.000209900,0.000000000,0.100000001
2026-07-06 20:18:25.758,1783340305.758146763,301.016330633,1,1,301.003380584,1,0.004524763,5,1,0.005430685,5,1,0,1,0,0,1,1,1,0,1,0,-1.000000000,0.000000000,0.000000000,0.000000000,0,-1.000000000,0,0,0,,0,-1.000000000,,0,0,0.000000000,0.000000000,0,-1.000000000,0,,0,-1.000000000,,0,-1.000000000,0,,1,2.992431164,171.453676168,-0.007326126,-0.056165695,1,0.000000000,0.000000000,-0.002442360,0.006837845,1,-3.000000000,-171.887338539,0.002442360,-0.047863007,1,-0.219158173,-12.556838336,-0.007326126,-0.002442360,1,-1.189777374,-68.169222106,-0.012210846,-0.003663063,2.988997936,171.256966720,0.000000000,-0.000000000,8.000000000,2.500000000,0.000000000,0.000000000,0.000000000,2.708557367,2.000000000,0.500000000,-3.000000000,-171.887338539,0.000000000,-2.756333113,1.000000000,0.500000000,-0.219158173,-12.556838336,0.000000000,-0.430917025,0.500000000,0.200000003,-1.183641434,-67.817658609,0.000000000,0.000209900,0.000000000,0.100000001
2026-07-06 20:18:26.758,1783340306.758205891,302.016389877,1,1,302.003439828,1,0.004548363,5,1,0.005442174,5,1,0,1,0,0,1,1,1,0,1,0,-1.000000000,0.000000000,0.000000000,0.000000000,0,-1.000000000,0,0,0,,0,-1.000000000,,0,0,0.000000000,0.000000000,0,-1.000000000,0,,0,-1.000000000,,0,-1.000000000,0,,1,2.992431164,171.453676168,-0.007326126,-0.051281929,1,0.000000000,0.000000000,-0.002442360,0.006837845,1,-3.000000000,-171.887338539,-0.002442360,-0.034187317,1,-0.219158173,-12.556838336,-0.021978378,-0.002442360,1,-1.189777374,-68.169222106,-0.036628723,-0.003663063,2.988997936,171.256966720,0.000000000,-0.000000000,8.000000000,2.500000000,0.000000000,0.000000000,0.000000000,2.708557367,2.000000000,0.500000000,-3.000000000,-171.887338539,0.000000000,-2.756333113,1.000000000,0.500000000,-0.219158173,-12.556838336,0.000000000,-0.430917025,0.500000000,0.200000003,-1.183641434,-67.817658609,0.000000000,0.000209900,0.000000000,0.100000001
2026-07-06 20:18:27.758,1783340307.758208036,303.016391780,1,1,303.003441731,1,0.004544471,5,1,0.005497563,5,1,0,1,0,0,1,1,1,0,1,0,-1.000000000,0.000000000,0.000000000,0.000000000,0,-1.000000000,0,0,0,,0,-1.000000000,,0,0,0.000000000,0.000000000,0,-1.000000000,0,,0,-1.000000000,,0,-1.000000000,0,,1,2.992431164,171.453676168,-0.007326126,-0.051281929,1,0.000000000,0.000000000,0.002442360,0.006837845,1,-3.000000000,-171.887338539,-0.002442360,-0.034187317,1,-0.219158173,-12.556838336,-0.007326126,-0.002442360,1,-1.189777374,-68.169222106,-0.012210846,-0.003663063,2.988997936,171.256966720,0.000000000,-0.000000000,8.000000000,2.500000000,0.000000000,0.000000000,0.000000000,2.708557367,2.000000000,0.500000000,-3.000000000,-171.887338539,0.000000000,-2.756333113,1.000000000,0.500000000,-0.219158173,-12.556838336,0.000000000,-0.430917025,0.500000000,0.200000003,-1.183641434,-67.817658609,0.000000000,0.000209900,0.000000000,0.100000001
2026-07-06 20:18:28.758,1783340308.758197784,304.016381581,1,1,304.003431532,1,0.004682085,5,1,0.005582669,5,1,0,1,0,0,1,1,1,0,1,0,-1.000000000,0.000000000,0.000000000,0.000000000,0,-1.000000000,0,0,0,,0,-1.000000000,,0,0,0.000000000,0.000000000,0,-1.000000000,0,,0,-1.000000000,,0,-1.000000000,0,,1,2.992431164,171.453676168,0.007326126,-0.051281929,1,0.000000000,0.000000000,-0.002442360,0.006837845,1,-3.000000000,-171.887338539,0.002442360,-0.047863007,1,-0.219158173,-12.556838336,0.007326126,-0.007326126,1,-1.189777374,-68.169222106,0.036628723,-0.003663063,2.988997936,171.256966720,0.000000000,-0.000000000,8.000000000,2.500000000,0.000000000,0.000000000,0.000000000,2.708557367,2.000000000,0.500000000,-3.000000000,-171.887338539,0.000000000,-2.756333113,1.000000000,0.500000000,-0.219158173,-12.556838336,0.000000000,-0.430917025,0.500000000,0.200000003,-1.183641434,-67.817658609,0.000000000,0.000209900,0.000000000,0.100000001
2026-07-06 20:18:29.758,1783340309.758181095,305.016364883,1,1,305.003414834,1,0.004554877,5,1,0.005336562,5,1,0,1,0,0,1,1,1,0,1,0,-1.000000000,0.000000000,0.000000000,0.000000000,0,-1.000000000,0,0,0,,0,-1.000000000,,0,0,0.000000000,0.000000000,0,-1.000000000,0,,0,-1.000000000,,0,-1.000000000,0,,1,2.992431164,171.453676168,0.007326126,-0.051281929,1,0.000000000,0.000000000,-0.002442360,0.006837845,1,-3.000000000,-171.887338539,-0.002442360,-0.034187317,1,-0.219158173,-12.556838336,-0.007326126,-0.002442360,1,-1.189777374,-68.169222106,-0.012210846,-0.003663063,2.988997936,171.256966720,0.000000000,-0.000000000,8.000000000,2.500000000,0.000000000,0.000000000,0.000000000,2.708557367,2.000000000,0.500000000,-3.000000000,-171.887338539,0.000000000,-2.756333113,1.000000000,0.500000000,-0.219158173,-12.556838336,0.000000000,-0.430917025,0.500000000,0.200000003,-1.183641434,-67.817658609,0.000000000,0.000209900,0.000000000,0.100000001
2026-07-06 20:18:30.758,1783340310.758185387,306.016369260,1,1,306.003419211,1,0.004244292,5,1,0.005654957,5,1,0,1,0,0,1,1,1,0,1,0,-1.000000000,0.000000000,0.000000000,0.000000000,0,-1.000000000,0,0,0,,0,-1.000000000,,0,0,0.000000000,0.000000000,0,-1.000000000,0,,0,-1.000000000,,0,-1.000000000,0,,1,2.992431164,171.453676168,-0.007326126,-0.056165695,1,0.000000000,0.000000000,-0.007326126,0.006837845,1,-3.000000000,-171.887338539,-0.007326126,-0.034187317,1,-0.218776703,-12.534981731,-0.007326126,-0.002442360,1,-1.189777374,-68.169222106,-0.012210846,-0.003663063,2.988997936,171.256966720,0.000000000,-0.000000000,8.000000000,2.500000000,0.000000000,0.000000000,0.000000000,2.708557367,2.000000000,0.500000000,-3.000000000,-171.887338539,0.000000000,-2.756333113,1.000000000,0.500000000,-0.219158173,-12.556838336,0.000000000,-0.430917025,0.500000000,0.200000003,-1.183641434,-67.817658609,0.000000000,0.000209900,0.000000000,0.100000001
2026-07-06 20:18:31.758,1783340311.758522987,307.016706806,1,1,307.003756757,1,0.004548151,5,1,0.005795930,5,1,0,1,0,0,1,1,1,0,1,0,-1.000000000,0.000000000,0.000000000,0.000000000,0,-1.000000000,0,0,0,,0,-1.000000000,,0,0,0.000000000,0.000000000,0,-1.000000000,0,,0,-1.000000000,,0,-1.000000000,0,,1,2.992431164,171.453676168,-0.007326126,-0.051281929,1,0.000000000,0.000000000,-0.002442360,0.006837845,1,-3.000000000,-171.887338539,-0.007326126,-0.034187317,1,-0.219158173,-12.556838336,-0.021978378,-0.002442360,1,-1.189777374,-68.169222106,-0.012210846,-0.003663063,2.988997936,171.256966720,0.000000000,-0.000000000,8.000000000,2.500000000,0.000000000,0.000000000,0.000000000,2.708557367,2.000000000,0.500000000,-3.000000000,-171.887338539,0.000000000,-2.756333113,1.000000000,0.500000000,-0.219158173,-12.556838336,0.000000000,-0.430917025,0.500000000,0.200000003,-1.183641434,-67.817658609,0.000000000,0.000209900,0.000000000,0.100000001
2026-07-06 20:18:32.758,1783340312.758258581,308.016442606,1,1,308.003492557,1,0.004381844,5,1,0.005322534,5,1,0,1,0,0,1,1,1,0,1,0,-1.000000000,0.000000000,0.000000000,0.000000000,0,-1.000000000,0,0,0,,0,-1.000000000,,0,0,0.000000000,0.000000000,0,-1.000000000,0,,0,-1.000000000,,0,-1.000000000,0,,1,2.992431164,171.453676168,-0.021978378,-0.051281929,1,0.000000000,0.000000000,0.002442360,0.006837845,1,-3.000000000,-171.887338539,-0.002442360,-0.034187317,1,-0.219158173,-12.556838336,-0.021978378,-0.002442360,1,-1.189393044,-68.147201576,0.036628723,-0.003663063,2.988997936,171.256966720,0.000000000,-0.000000000,8.000000000,2.500000000,0.000000000,0.000000000,0.000000000,2.708557367,2.000000000,0.500000000,-3.000000000,-171.887338539,0.000000000,-2.756333113,1.000000000,0.500000000,-0.219158173,-12.556838336,0.000000000,-0.430917025,0.500000000,0.200000003,-1.183641434,-67.817658609,0.000000000,0.000209900,0.000000000,0.100000001
2026-07-06 20:18:33.758,1783340313.758334637,309.016518633,1,1,309.003568584,1,0.004637268,5,1,0.005292463,5,1,0,1,0,0,1,1,1,0,1,0,-1.000000000,0.000000000,0.000000000,0.000000000,0,-1.000000000,0,0,0,,0,-1.000000000,,0,0,0.000000000,0.000000000,0,-1.000000000,0,,0,-1.000000000,,0,-1.000000000,0,,1,2.992431164,171.453676168,0.007326126,-0.051281929,1,0.000000000,0.000000000,-0.002442360,0.006837845,1,-3.000000000,-171.887338539,0.002442360,-0.034187317,1,-0.219158173,-12.556838336,-0.007326126,-0.002442360,1,-1.189777374,-68.169222106,-0.036628723,-0.003663063,2.988997936,171.256966720,0.000000000,-0.000000000,8.000000000,2.500000000,0.000000000,0.000000000,0.000000000,2.708557367,2.000000000,0.500000000,-3.000000000,-171.887338539,0.000000000,-2.756333113,1.000000000,0.500000000,-0.219158173,-12.556838336,0.000000000,-0.430917025,0.500000000,0.200000003,-1.183641434,-67.817658609,0.000000000,0.000209900,0.000000000,0.100000001
2026-07-06 20:18:34.758,1783340314.758305550,310.016489300,1,1,310.003539251,1,0.004603767,5,1,0.005476338,5,1,0,1,0,0,1,1,1,0,1,0,-1.000000000,0.000000000,0.000000000,0.000000000,0,-1.000000000,0,0,0,,0,-1.000000000,,0,0,0.000000000,0.000000000,0,-1.000000000,0,,0,-1.000000000,,0,-1.000000000,0,,1,2.992431164,171.453676168,-0.007326126,-0.056165695,1,0.000000000,0.000000000,-0.002442360,0.006837845,1,-3.000000000,-171.887338539,0.002442360,-0.034187317,1,-0.219158173,-12.556838336,-0.007326126,-0.002442360,1,-1.189393044,-68.147201576,0.012210846,-0.003663063,2.988997936,171.256966720,0.000000000,-0.000000000,8.000000000,2.500000000,0.000000000,0.000000000,0.000000000,2.708557367,2.000000000,0.500000000,-3.000000000,-171.887338539,0.000000000,-2.756333113,1.000000000,0.500000000,-0.219158173,-12.556838336,0.000000000,-0.430917025,0.500000000,0.200000003,-1.183641434,-67.817658609,0.000000000,0.000209900,0.000000000,0.100000001
2026-07-06 20:18:35.758,1783340315.758349895,311.016533550,1,1,311.003583501,1,0.004538514,5,1,0.005148602,5,1,0,1,0,0,1,1,1,0,1,0,-1.000000000,0.000000000,0.000000000,0.000000000,0,-1.000000000,0,0,0,,0,-1.000000000,,0,0,0.000000000,0.000000000,0,-1.000000000,0,,0,-1.000000000,,0,-1.000000000,0,,1,2.992431164,171.453676168,-0.007326126,-0.051281929,1,0.000000000,0.000000000,-0.002442360,0.006837845,1,-3.000000000,-171.887338539,-0.002442360,-0.034187317,1,-0.219158173,-12.556838336,0.021978378,-0.002442360,1,-1.189777374,-68.169222106,-0.036628723,-0.003663063,2.988997936,171.256966720,0.000000000,-0.000000000,8.000000000,2.500000000,0.000000000,0.000000000,0.000000000,2.708557367,2.000000000,0.500000000,-3.000000000,-171.887338539,0.000000000,-2.756333113,1.000000000,0.500000000,-0.219158173,-12.556838336,0.000000000,-0.430917025,0.500000000,0.200000003,-1.183641434,-67.817658609,0.000000000,0.000209900,0.000000000,0.100000001
2026-07-06 20:18:36.758,1783340316.758343220,312.016527039,1,1,312.003576990,1,0.004457113,5,1,0.005245770,5,1,0,1,0,0,1,1,1,0,1,0,-1.000000000,0.000000000,0.000000000,0.000000000,0,-1.000000000,0,0,0,,0,-1.000000000,,0,0,0.000000000,0.000000000,0,-1.000000000,0,,0,-1.000000000,,0,-1.000000000,0,,1,2.992431164,171.453676168,-0.007326126,-0.051281929,1,0.000000000,0.000000000,-0.002442360,0.006837845,1,-3.000000000,-171.887338539,-0.007326126,-0.034187317,1,-0.219158173,-12.556838336,-0.007326126,-0.002442360,1,-1.189777374,-68.169222106,-0.036628723,-0.003663063,2.988997936,171.256966720,0.000000000,-0.000000000,8.000000000,2.500000000,0.000000000,0.000000000,0.000000000,2.708557367,2.000000000,0.500000000,-3.000000000,-171.887338539,0.000000000,-2.756333113,1.000000000,0.500000000,-0.219158173,-12.556838336,0.000000000,-0.430917025,0.500000000,0.200000003,-1.183641434,-67.817658609,0.000000000,0.000209900,0.000000000,0.100000001
2026-07-06 20:18:37.758,1783340317.758337498,313.016521368,1,1,313.003571319,1,0.004576142,5,1,0.005409334,5,1,0,1,0,0,1,1,1,0,1,0,-1.000000000,0.000000000,0.000000000,0.000000000,0,-1.000000000,0,0,0,,0,-1.000000000,,0,0,0.000000000,0.000000000,0,-1.000000000,0,,0,-1.000000000,,0,-1.000000000,0,,1,2.992431164,171.453676168,-0.007326126,-0.051281929,1,0.000000000,0.000000000,-0.002442360,0.006837845,1,-3.000000000,-171.887338539,-0.007326126,-0.034187317,1,-0.219158173,-12.556838336,-0.007326126,-0.002442360,1,-1.189777374,-68.169222106,0.012210846,-0.003663063,2.988997936,171.256966720,0.000000000,-0.000000000,8.000000000,2.500000000,0.000000000,0.000000000,0.000000000,2.708557367,2.000000000,0.500000000,-3.000000000,-171.887338539,0.000000000,-2.756333113,1.000000000,0.500000000,-0.219158173,-12.556838336,0.000000000,-0.430917025,0.500000000,0.200000003,-1.183641434,-67.817658609,0.000000000,0.000209900,0.000000000,0.100000001
2026-07-06 20:18:38.758,1783340318.758379221,314.016562989,1,1,314.003612940,1,0.004188829,5,1,0.005261387,5,1,0,1,0,0,1,1,1,0,1,0,-1.000000000,0.000000000,0.000000000,0.000000000,0,-1.000000000,0,0,0,,0,-1.000000000,,0,0,0.000000000,0.000000000,0,-1.000000000,0,,0,-1.000000000,,0,-1.000000000,0,,1,2.992431164,171.453676168,-0.007326126,-0.046398163,1,0.000000000,0.000000000,-0.002442360,0.020513535,1,-3.000000000,-171.887338539,-0.002442360,-0.034187317,1,-0.218776703,-12.534981731,-0.007326126,-0.007326126,1,-1.189777374,-68.169222106,-0.012210846,-0.003663063,2.988997936,171.256966720,0.000000000,-0.000000000,8.000000000,2.500000000,0.000000000,0.000000000,0.000000000,2.708557367,2.000000000,0.500000000,-3.000000000,-171.887338539,0.000000000,-2.756333113,1.000000000,0.500000000,-0.219158173,-12.556838336,0.000000000,-0.430917025,0.500000000,0.200000003,-1.183641434,-67.817658609,0.000000000,0.000209900,0.000000000,0.100000001
2026-07-06 20:18:39.758,1783340319.758403301,315.016587036,1,1,315.003636987,1,0.004635035,5,1,0.005253860,5,1,0,1,0,0,1,1,1,0,1,0,-1.000000000,0.000000000,0.000000000,0.000000000,0,-1.000000000,0,0,0,,0,-1.000000000,,0,0,0.000000000,0.000000000,0,-1.000000000,0,,0,-1.000000000,,0,-1.000000000,0,,1,2.992431164,171.453676168,-0.007326126,-0.056165695,1,0.000000000,0.000000000,-0.002442360,0.006837845,1,-3.000000000,-171.887338539,-0.002442360,-0.047863007,1,-0.219158173,-12.556838336,-0.021978378,-0.002442360,1,-1.189777374,-68.169222106,-0.012210846,-0.003663063,2.988997936,171.256966720,0.000000000,-0.000000000,8.000000000,2.500000000,0.000000000,0.000000000,0.000000000,2.708557367,2.000000000,0.500000000,-3.000000000,-171.887338539,0.000000000,-2.756333113,1.000000000,0.500000000,-0.219158173,-12.556838336,0.000000000,-0.430917025,0.500000000,0.200000003,-1.183641434,-67.817658609,0.000000000,0.000209900,0.000000000,0.100000001
2026-07-06 20:18:40.758,1783340320.758376122,316.016559888,1,1,316.003609839,1,0.004463524,5,1,0.005398813,5,1,0,1,0,0,1,1,1,0,1,0,-1.000000000,0.000000000,0.000000000,0.000000000,0,-1.000000000,0,0,0,,0,-1.000000000,,0,0,0.000000000,0.000000000,0,-1.000000000,0,,0,-1.000000000,,0,-1.000000000,0,,1,2.992431164,171.453676168,-0.007326126,-0.051281929,1,0.000000000,0.000000000,-0.007326126,0.006837845,1,-3.000000000,-171.887338539,-0.002442360,-0.034187317,1,-0.219158173,-12.556838336,-0.007326126,-0.002442360,1,-1.189777374,-68.169222106,-0.012210846,-0.003663063,2.988997936,171.256966720,0.000000000,-0.000000000,8.000000000,2.500000000,0.000000000,0.000000000,0.000000000,2.708557367,2.000000000,0.500000000,-3.000000000,-171.887338539,0.000000000,-2.756333113,1.000000000,0.500000000,-0.219158173,-12.556838336,0.000000000,-0.430917025,0.500000000,0.200000003,-1.183641434,-67.817658609,0.000000000,0.000209900,0.000000000,0.100000001
2026-07-06 20:18:41.758,1783340321.758414268,317.016598239,1,1,317.003648190,1,0.004347910,5,1,0.005440875,5,1,0,1,0,0,1,1,1,0,1,0,-1.000000000,0.000000000,0.000000000,0.000000000,0,-1.000000000,0,0,0,,0,-1.000000000,,0,0,0.000000000,0.000000000,0,-1.000000000,0,,0,-1.000000000,,0,-1.000000000,0,,1,2.992431164,171.453676168,-0.007326126,-0.056165695,1,0.000000000,0.000000000,-0.002442360,0.006837845,1,-3.000000000,-171.887338539,0.002442360,-0.034187317,1,-0.219158173,-12.556838336,-0.007326126,-0.002442360,1,-1.189777374,-68.169222106,-0.012210846,-0.003663063,2.988997936,171.256966720,0.000000000,-0.000000000,8.000000000,2.500000000,0.000000000,0.000000000,0.000000000,2.708557367,2.000000000,0.500000000,-3.000000000,-171.887338539,0.000000000,-2.756333113,1.000000000,0.500000000,-0.219158173,-12.556838336,0.000000000,-0.430917025,0.500000000,0.200000003,-1.183641434,-67.817658609,0.000000000,0.000209900,0.000000000,0.100000001
2026-07-06 20:18:42.758,1783340322.758379698,318.016563447,1,1,318.003613398,1,0.004585543,5,1,0.005408467,5,1,0,1,0,0,1,1,1,0,1,0,-1.000000000,0.000000000,0.000000000,0.000000000,0,-1.000000000,0,0,0,,0,-1.000000000,,0,0,0.000000000,0.000000000,0,-1.000000000,0,,0,-1.000000000,,0,-1.000000000,0,,1,2.992431164,171.453676168,-0.007326126,-0.051281929,1,0.000000000,0.000000000,-0.002442360,0.020513535,1,-3.000000000,-171.887338539,-0.002442360,-0.047863007,1,-0.219158173,-12.556838336,-0.007326126,-0.002442360,1,-1.189777374,-68.169222106,-0.012210846,-0.003663063,2.988997936,171.256966720,0.000000000,-0.000000000,8.000000000,2.500000000,0.000000000,0.000000000,0.000000000,2.708557367,2.000000000,0.500000000,-3.000000000,-171.887338539,0.000000000,-2.756333113,1.000000000,0.500000000,-0.219158173,-12.556838336,0.000000000,-0.430917025,0.500000000,0.200000003,-1.183641434,-67.817658609,0.000000000,0.000209900,0.000000000,0.100000001
2026-07-06 20:18:43.758,1783340323.758405685,319.016589343,1,1,319.003639294,1,0.004368273,5,1,0.005494453,5,1,0,1,0,0,1,1,1,0,1,0,-1.000000000,0.000000000,0.000000000,0.000000000,0,-1.000000000,0,0,0,,0,-1.000000000,,0,0,0.000000000,0.000000000,0,-1.000000000,0,,0,-1.000000000,,0,-1.000000000,0,,1,2.992431164,171.453676168,-0.007326126,-0.051281929,1,0.000000000,0.000000000,0.002442360,0.006837845,1,-3.000000000,-171.887338539,-0.002442360,-0.034187317,1,-0.219158173,-12.556838336,0.007326126,-0.007326126,1,-1.189777374,-68.169222106,-0.036628723,-0.001221180,2.988997936,171.256966720,0.000000000,-0.000000000,8.000000000,2.500000000,0.000000000,0.000000000,0.000000000,2.708557367,2.000000000,0.500000000,-3.000000000,-171.887338539,0.000000000,-2.756333113,1.000000000,0.500000000,-0.219158173,-12.556838336,0.000000000,-0.430917025,0.500000000,0.200000003,-1.183641434,-67.817658609,0.000000000,0.000209900,0.000000000,0.100000001
2026-07-06 20:18:44.758,1783340324.758508444,320.016692260,1,1,320.003742211,1,0.004285073,5,1,0.005658712,5,1,0,1,0,0,1,1,1,0,1,0,-1.000000000,0.000000000,0.000000000,0.000000000,0,-1.000000000,0,0,0,,0,-1.000000000,,0,0,0.000000000,0.000000000,0,-1.000000000,0,,0,-1.000000000,,0,-1.000000000,0,,1,2.992431164,171.453676168,-0.007326126,-0.046398163,1,0.000000000,0.000000000,-0.002442360,0.006837845,1,-3.000000000,-171.887338539,-0.002442360,-0.034187317,1,-0.219158173,-12.556838336,-0.007326126,-0.007326126,1,-1.189777374,-68.169222106,-0.036628723,-0.003663063,2.988997936,171.256966720,0.000000000,-0.000000000,8.000000000,2.500000000,0.000000000,0.000000000,0.000000000,2.708557367,2.000000000,0.500000000,-3.000000000,-171.887338539,0.000000000,-2.756333113,1.000000000,0.500000000,-0.219158173,-12.556838336,0.000000000,-0.430917025,0.500000000,0.200000003,-1.183641434,-67.817658609,0.000000000,0.000209900,0.000000000,0.100000001
2026-07-06 20:18:45.758,1783340325.758418083,321.016601950,1,1,321.003651901,1,0.004134422,5,1,0.005355956,5,1,0,1,0,0,1,1,1,0,1,0,-1.000000000,0.000000000,0.000000000,0.000000000,0,-1.000000000,0,0,0,,0,-1.000000000,,0,0,0.000000000,0.000000000,0,-1.000000000,0,,0,-1.000000000,,0,-1.000000000,0,,1,2.992431164,171.453676168,0.007326126,-0.051281929,1,0.000000000,0.000000000,-0.007326126,0.006837845,1,-3.000000000,-171.887338539,0.002442360,-0.034187317,1,-0.219158173,-12.556838336,0.007326126,-0.002442360,1,-1.189777374,-68.169222106,-0.061050415,-0.003663063,2.988997936,171.256966720,0.000000000,-0.000000000,8.000000000,2.500000000,0.000000000,0.000000000,0.000000000,2.708557367,2.000000000,0.500000000,-3.000000000,-171.887338539,0.000000000,-2.756333113,1.000000000,0.500000000,-0.219158173,-12.556838336,0.000000000,-0.430917025,0.500000000,0.200000003,-1.183641434,-67.817658609,0.000000000,0.000209900,0.000000000,0.100000001
2026-07-06 20:18:46.758,1783340326.758441925,322.016625889,1,1,322.003675840,1,0.004086215,5,1,0.005292655,5,1,0,1,0,0,1,1,1,0,1,0,-1.000000000,0.000000000,0.000000000,0.000000000,0,-1.000000000,0,0,0,,0,-1.000000000,,0,0,0.000000000,0.000000000,0,-1.000000000,0,,0,-1.000000000,,0,-1.000000000,0,,1,2.992431164,171.453676168,-0.007326126,-0.051281929,1,0.000000000,0.000000000,-0.007326126,0.020513535,1,-3.000000000,-171.887338539,-0.007326126,-0.034187317,1,-0.219158173,-12.556838336,0.007326126,-0.002442360,1,-1.189777374,-68.169222106,-0.012210846,-0.003663063,2.988997936,171.256966720,0.000000000,-0.000000000,8.000000000,2.500000000,0.000000000,0.000000000,0.000000000,2.708557367,2.000000000,0.500000000,-3.000000000,-171.887338539,0.000000000,-2.756333113,1.000000000,0.500000000,-0.219158173,-12.556838336,0.000000000,-0.430917025,0.500000000,0.200000003,-1.183641434,-67.817658609,0.000000000,0.000209900,0.000000000,0.100000001
2026-07-06 20:18:47.758,1783340327.758522272,323.016706292,1,1,323.003756243,1,0.004660241,5,1,0.005524798,5,1,0,1,0,0,1,1,1,0,1,0,-1.000000000,0.000000000,0.000000000,0.000000000,0,-1.000000000,0,0,0,,0,-1.000000000,,0,0,0.000000000,0.000000000,0,-1.000000000,0,,0,-1.000000000,,0,-1.000000000,0,,1,2.992431164,171.453676168,-0.007326126,-0.051281929,1,0.000000000,0.000000000,-0.002442360,0.006837845,1,-3.000000000,-171.887338539,-0.002442360,-0.034187317,1,-0.219158173,-12.556838336,-0.021978378,-0.002442360,1,-1.189777374,-68.169222106,-0.012210846,-0.003663063,2.988997936,171.256966720,0.000000000,-0.000000000,8.000000000,2.500000000,0.000000000,0.000000000,0.000000000,2.708557367,2.000000000,0.500000000,-3.000000000,-171.887338539,0.000000000,-2.756333113,1.000000000,0.500000000,-0.219158173,-12.556838336,0.000000000,-0.430917025,0.500000000,0.200000003,-1.183641434,-67.817658609,0.000000000,0.000209900,0.000000000,0.100000001
2026-07-06 20:18:48.758,1783340328.758478642,324.016662350,1,1,324.003712301,1,0.004246202,5,1,0.005221505,5,1,0,1,0,0,1,1,1,0,1,0,-1.000000000,0.000000000,0.000000000,0.000000000,0,-1.000000000,0,0,0,,0,-1.000000000,,0,0,0.000000000,0.000000000,0,-1.000000000,0,,0,-1.000000000,,0,-1.000000000,0,,1,2.992431164,171.453676168,-0.007326126,-0.056165695,1,0.000000000,0.000000000,-0.002442360,0.006837845,1,-3.000000000,-171.887338539,-0.002442360,-0.020513535,1,-0.219158173,-12.556838336,-0.007326126,-0.002442360,1,-1.189777374,-68.169222106,0.012210846,-0.003663063,2.988997936,171.256966720,0.000000000,-0.000000000,8.000000000,2.500000000,0.000000000,0.000000000,0.000000000,2.708557367,2.000000000,0.500000000,-3.000000000,-171.887338539,0.000000000,-2.756333113,1.000000000,0.500000000,-0.219158173,-12.556838336,0.000000000,-0.430917025,0.500000000,0.200000003,-1.183641434,-67.817658609,0.000000000,0.000209900,0.000000000,0.100000001
2026-07-06 20:18:49.758,1783340329.758596182,325.016779784,1,1,325.003829735,1,0.004170391,5,1,0.005179781,5,1,0,1,0,0,1,1,1,0,1,0,-1.000000000,0.000000000,0.000000000,0.000000000,0,-1.000000000,0,0,0,,0,-1.000000000,,0,0,0.000000000,0.000000000,0,-1.000000000,0,,0,-1.000000000,,0,-1.000000000,0,,1,2.992431164,171.453676168,0.007326126,-0.051281929,1,0.000000000,0.000000000,-0.002442360,0.006837845,1,-3.000000000,-171.887338539,-0.007326126,-0.047863007,1,-0.218776703,-12.534981731,-0.007326126,-0.002442360,1,-1.189777374,-68.169222106,-0.012210846,-0.003663063,2.988997936,171.256966720,0.000000000,-0.000000000,8.000000000,2.500000000,0.000000000,0.000000000,0.000000000,2.708557367,2.000000000,0.500000000,-3.000000000,-171.887338539,0.000000000,-2.756333113,1.000000000,0.500000000,-0.219158173,-12.556838336,0.000000000,-0.430917025,0.500000000,0.200000003,-1.183641434,-67.817658609,0.000000000,0.000209900,0.000000000,0.100000001
2026-07-06 20:18:50.758,1783340330.758490086,326.016674036,1,1,326.003723987,1,0.004437619,5,1,0.005329713,5,1,0,1,0,0,1,1,1,0,1,0,-1.000000000,0.000000000,0.000000000,0.000000000,0,-1.000000000,0,0,0,,0,-1.000000000,,0,0,0.000000000,0.000000000,0,-1.000000000,0,,0,-1.000000000,,0,-1.000000000,0,,1,2.992431164,171.453676168,-0.021978378,-0.051281929,1,0.000000000,0.000000000,-0.002442360,0.020513535,1,-3.000000000,-171.887338539,-0.002442360,-0.047863007,1,-0.219158173,-12.556838336,0.007326126,-0.007326126,1,-1.189777374,-68.169222106,-0.012210846,-0.003663063,2.988997936,171.256966720,0.000000000,-0.000000000,8.000000000,2.500000000,0.000000000,0.000000000,0.000000000,2.708557367,2.000000000,0.500000000,-3.000000000,-171.887338539,0.000000000,-2.756333113,1.000000000,0.500000000,-0.219158173,-12.556838336,0.000000000,-0.430917025,0.500000000,0.200000003,-1.183641434,-67.817658609,0.000000000,0.000209900,0.000000000,0.100000001
2026-07-06 20:18:51.758,1783340331.758546829,327.016730818,1,1,327.003780769,1,0.004474280,5,1,0.005444998,5,1,0,1,0,0,1,1,1,0,1,0,-1.000000000,0.000000000,0.000000000,0.000000000,0,-1.000000000,0,0,0,,0,-1.000000000,,0,0,0.000000000,0.000000000,0,-1.000000000,0,,0,-1.000000000,,0,-1.000000000,0,,1,2.992431164,171.453676168,-0.007326126,-0.051281929,1,0.000000000,0.000000000,-0.002442360,0.006837845,1,-3.000000000,-171.887338539,-0.002442360,-0.034187317,1,-0.218776703,-12.534981731,0.007326126,-0.002442360,1,-1.189777374,-68.169222106,-0.012210846,-0.003663063,2.988997936,171.256966720,0.000000000,-0.000000000,8.000000000,2.500000000,0.000000000,0.000000000,0.000000000,2.708557367,2.000000000,0.500000000,-3.000000000,-171.887338539,0.000000000,-2.756333113,1.000000000,0.500000000,-0.219158173,-12.556838336,0.000000000,-0.430917025,0.500000000,0.200000003,-1.183641434,-67.817658609,0.000000000,0.000209900,0.000000000,0.100000001
2026-07-06 20:18:52.758,1783340332.758555651,328.016739457,1,1,328.003789408,1,0.004293655,5,1,0.005223625,5,1,0,1,0,0,1,1,1,0,1,0,-1.000000000,0.000000000,0.000000000,0.000000000,0,-1.000000000,0,0,0,,0,-1.000000000,,0,0,0.000000000,0.000000000,0,-1.000000000,0,,0,-1.000000000,,0,-1.000000000,0,,1,2.992431164,171.453676168,-0.007326126,-0.051281929,1,0.000000000,0.000000000,0.002442360,0.006837845,1,-3.000000000,-171.887338539,-0.007326126,-0.034187317,1,-0.219158173,-12.556838336,-0.007326126,-0.002442360,1,-1.189777374,-68.169222106,-0.061050415,-0.003663063,2.988997936,171.256966720,0.000000000,-0.000000000,8.000000000,2.500000000,0.000000000,0.000000000,0.000000000,2.708557367,2.000000000,0.500000000,-3.000000000,-171.887338539,0.000000000,-2.756333113,1.000000000,0.500000000,-0.219158173,-12.556838336,0.000000000,-0.430917025,0.500000000,0.200000003,-1.183641434,-67.817658609,0.000000000,0.000209900,0.000000000,0.100000001
2026-07-06 20:18:53.758,1783340333.758541107,329.016724761,1,1,329.003774712,1,0.004041832,5,1,0.005209429,5,1,0,1,0,0,1,1,1,0,1,0,-1.000000000,0.000000000,0.000000000,0.000000000,0,-1.000000000,0,0,0,,0,-1.000000000,,0,0,0.000000000,0.000000000,0,-1.000000000,0,,0,-1.000000000,,0,-1.000000000,0,,1,2.992431164,171.453676168,0.007326126,-0.051281929,1,0.000000000,0.000000000,0.002442360,0.006837845,1,-3.000000000,-171.887338539,-0.002442360,-0.034187317,1,-0.219158173,-12.556838336,0.007326126,-0.002442360,1,-1.189777374,-68.169222106,-0.012210846,-0.003663063,2.988997936,171.256966720,0.000000000,-0.000000000,8.000000000,2.500000000,0.000000000,0.000000000,0.000000000,2.708557367,2.000000000,0.500000000,-3.000000000,-171.887338539,0.000000000,-2.756333113,1.000000000,0.500000000,-0.219158173,-12.556838336,0.000000000,-0.430917025,0.500000000,0.200000003,-1.183641434,-67.817658609,0.000000000,0.000209900,0.000000000,0.100000001
2026-07-06 20:18:54.758,1783340334.758587837,330.016771624,1,1,330.003821575,1,0.002637655,5,1,0.005299890,5,1,0,1,0,0,1,1,1,0,1,0,-1.000000000,0.000000000,0.000000000,0.000000000,0,-1.000000000,0,0,0,,0,-1.000000000,,0,0,0.000000000,0.000000000,0,-1.000000000,0,,0,-1.000000000,,0,-1.000000000,0,,1,2.992812634,171.475532774,-0.007326126,-0.051281929,1,0.000000000,0.000000000,-0.002442360,0.020513535,1,-3.000000000,-171.887338539,-0.002442360,-0.047863007,1,-0.219158173,-12.556838336,-0.007326126,-0.002442360,1,-1.189777374,-68.169222106,-0.036628723,-0.003663063,2.988997936,171.256966720,0.000000000,-0.000000000,8.000000000,2.500000000,0.000000000,0.000000000,0.000000000,2.708557367,2.000000000,0.500000000,-3.000000000,-171.887338539,0.000000000,-2.756333113,1.000000000,0.500000000,-0.219158173,-12.556838336,0.000000000,-0.430917025,0.500000000,0.200000003,-1.183641434,-67.817658609,0.000000000,0.000209900,0.000000000,0.100000001
2026-07-06 20:18:55.758,1783340335.758555651,331.016739436,1,1,331.003789387,1,0.003958236,5,1,0.005502805,5,1,0,1,0,0,1,1,1,0,1,0,-1.000000000,0.000000000,0.000000000,0.000000000,0,-1.000000000,0,0,0,,0,-1.000000000,,0,0,0.000000000,0.000000000,0,-1.000000000,0,,0,-1.000000000,,0,-1.000000000,0,,1,2.992431164,171.453676168,-0.007326126,-0.051281929,1,0.000000000,0.000000000,-0.002442360,0.006837845,1,-3.000000000,-171.887338539,-0.002442360,-0.047863007,1,-0.219158173,-12.556838336,-0.007326126,-0.002442360,1,-1.189777374,-68.169222106,-0.061050415,-0.003663063,2.988997936,171.256966720,0.000000000,-0.000000000,8.000000000,2.500000000,0.000000000,0.000000000,0.000000000,2.708557367,2.000000000,0.500000000,-3.000000000,-171.887338539,0.000000000,-2.756333113,1.000000000,0.500000000,-0.219158173,-12.556838336,0.000000000,-0.430917025,0.500000000,0.200000003,-1.183641434,-67.817658609,0.000000000,0.000209900,0.000000000,0.100000001
2026-07-06 20:18:56.758,1783340336.758542299,332.016726194,1,1,332.003776145,1,0.004526750,5,1,0.005236890,5,1,0,1,0,0,1,1,1,0,1,0,-1.000000000,0.000000000,0.000000000,0.000000000,0,-1.000000000,0,0,0,,0,-1.000000000,,0,0,0.000000000,0.000000000,0,-1.000000000,0,,0,-1.000000000,,0,-1.000000000,0,,1,2.992431164,171.453676168,0.007326126,-0.051281929,1,0.000000000,0.000000000,-0.002442360,0.006837845,1,-3.000000000,-171.887338539,-0.002442360,-0.034187317,1,-0.219158173,-12.556838336,-0.007326126,-0.002442360,1,-1.189777374,-68.169222106,-0.012210846,-0.003663063,2.988997936,171.256966720,0.000000000,-0.000000000,8.000000000,2.500000000,0.000000000,0.000000000,0.000000000,2.708557367,2.000000000,0.500000000,-3.000000000,-171.887338539,0.000000000,-2.756333113,1.000000000,0.500000000,-0.219158173,-12.556838336,0.000000000,-0.430917025,0.500000000,0.200000003,-1.183641434,-67.817658609,0.000000000,0.000209900,0.000000000,0.100000001
2026-07-06 20:18:57.758,1783340337.758603096,333.016786855,1,1,333.003836806,1,0.004316683,5,1,0.005486504,5,1,0,1,0,0,1,1,1,0,1,0,-1.000000000,0.000000000,0.000000000,0.000000000,0,-1.000000000,0,0,0,,0,-1.000000000,,0,0,0.000000000,0.000000000,0,-1.000000000,0,,0,-1.000000000,,0,-1.000000000,0,,1,2.992431164,171.453676168,-0.007326126,-0.051281929,1,0.000000000,0.000000000,-0.002442360,0.006837845,1,-3.000000000,-171.887338539,-0.002442360,-0.020513535,1,-0.219158173,-12.556838336,-0.007326126,-0.002442360,1,-1.189393044,-68.147201576,0.012210846,-0.003663063,2.988997936,171.256966720,0.000000000,-0.000000000,8.000000000,2.500000000,0.000000000,0.000000000,0.000000000,2.708557367,2.000000000,0.500000000,-3.000000000,-171.887338539,0.000000000,-2.756333113,1.000000000,0.500000000,-0.219158173,-12.556838336,0.000000000,-0.430917025,0.500000000,0.200000003,-1.183641434,-67.817658609,0.000000000,0.000209900,0.000000000,0.100000001
2026-07-06 20:18:58.758,1783340338.758713245,334.016897222,1,1,334.003947173,1,0.004627180,5,1,0.005427966,5,1,0,1,0,0,1,1,1,0,1,0,-1.000000000,0.000000000,0.000000000,0.000000000,0,-1.000000000,0,0,0,,0,-1.000000000,,0,0,0.000000000,0.000000000,0,-1.000000000,0,,0,-1.000000000,,0,-1.000000000,0,,1,2.992431164,171.453676168,-0.021978378,-0.051281929,1,0.000000000,0.000000000,0.002442360,0.006837845,1,-3.000000000,-171.887338539,-0.002442360,-0.034187317,1,-0.219158173,-12.556838336,-0.007326126,-0.002442360,1,-1.189777374,-68.169222106,-0.012210846,-0.003663063,2.988997936,171.256966720,0.000000000,-0.000000000,8.000000000,2.500000000,0.000000000,0.000000000,0.000000000,2.708557367,2.000000000,0.500000000,-3.000000000,-171.887338539,0.000000000,-2.756333113,1.000000000,0.500000000,-0.219158173,-12.556838336,0.000000000,-0.430917025,0.500000000,0.200000003,-1.183641434,-67.817658609,0.000000000,0.000209900,0.000000000,0.100000001
2026-07-06 20:18:59.758,1783340339.758679867,335.016863490,1,1,335.003913441,1,0.004346399,5,1,0.005476486,5,1,0,1,0,0,1,1,1,0,1,0,-1.000000000,0.000000000,0.000000000,0.000000000,0,-1.000000000,0,0,0,,0,-1.000000000,,0,0,0.000000000,0.000000000,0,-1.000000000,0,,0,-1.000000000,,0,-1.000000000,0,,1,2.992431164,171.453676168,-0.021978378,-0.056165695,1,0.000000000,0.000000000,-0.002442360,0.020513535,1,-3.000000000,-171.887338539,-0.002442360,-0.034187317,1,-0.219158173,-12.556838336,-0.007326126,-0.007326126,1,-1.189777374,-68.169222106,-0.012210846,-0.003663063,2.988997936,171.256966720,0.000000000,-0.000000000,8.000000000,2.500000000,0.000000000,0.000000000,0.000000000,2.708557367,2.000000000,0.500000000,-3.000000000,-171.887338539,0.000000000,-2.756333113,1.000000000,0.500000000,-0.219158173,-12.556838336,0.000000000,-0.430917025,0.500000000,0.200000003,-1.183641434,-67.817658609,0.000000000,0.000209900,0.000000000,0.100000001
2026-07-06 20:19:00.758,1783340340.758699894,336.016883465,1,1,336.003933416,1,0.004909637,5,1,0.005523412,5,1,0,1,0,0,1,1,1,0,1,0,-1.000000000,0.000000000,0.000000000,0.000000000,0,-1.000000000,0,0,0,,0,-1.000000000,,0,0,0.000000000,0.000000000,0,-1.000000000,0,,0,-1.000000000,,0,-1.000000000,0,,1,2.992431164,171.453676168,-0.007326126,-0.051281929,1,0.000000000,0.000000000,-0.007326126,0.006837845,1,-3.000000000,-171.887338539,-0.002442360,-0.047863007,1,-0.218776703,-12.534981731,0.007326126,-0.007326126,1,-1.189777374,-68.169222106,-0.012210846,-0.003663063,2.988997936,171.256966720,0.000000000,-0.000000000,8.000000000,2.500000000,0.000000000,0.000000000,0.000000000,2.708557367,2.000000000,0.500000000,-3.000000000,-171.887338539,0.000000000,-2.756333113,1.000000000,0.500000000,-0.219158173,-12.556838336,0.000000000,-0.430917025,0.500000000,0.200000003,-1.183641434,-67.817658609,0.000000000,0.000209900,0.000000000,0.100000001
2026-07-06 20:19:01.758,1783340341.758684158,337.016867862,1,1,337.003917813,1,0.004391945,5,1,0.005651001,5,1,0,1,0,0,1,1,1,0,1,0,-1.000000000,0.000000000,0.000000000,0.000000000,0,-1.000000000,0,0,0,,0,-1.000000000,,0,0,0.000000000,0.000000000,0,-1.000000000,0,,0,-1.000000000,,0,-1.000000000,0,,1,2.992431164,171.453676168,-0.007326126,-0.051281929,1,0.000000000,0.000000000,0.002442360,0.020513535,1,-3.000000000,-171.887338539,-0.002442360,-0.034187317,1,-0.218776703,-12.534981731,0.007326126,-0.002442360,1,-1.189393044,-68.147201576,0.012210846,-0.003663063,2.988997936,171.256966720,0.000000000,-0.000000000,8.000000000,2.500000000,0.000000000,0.000000000,0.000000000,2.708557367,2.000000000,0.500000000,-3.000000000,-171.887338539,0.000000000,-2.756333113,1.000000000,0.500000000,-0.219158173,-12.556838336,0.000000000,-0.430917025,0.500000000,0.200000003,-1.183641434,-67.817658609,0.000000000,0.000209900,0.000000000,0.100000001
2026-07-06 20:19:02.758,1783340342.758586407,338.016770080,1,1,338.003820031,1,0.004829251,5,1,0.005626784,5,1,0,1,0,0,1,1,1,0,1,0,-1.000000000,0.000000000,0.000000000,0.000000000,0,-1.000000000,0,0,0,,0,-1.000000000,,0,0,0.000000000,0.000000000,0,-1.000000000,0,,0,-1.000000000,,0,-1.000000000,0,,1,2.992431164,171.453676168,0.007326126,-0.056165695,1,0.000000000,0.000000000,0.002442360,0.006837845,1,-3.000000000,-171.887338539,0.002442360,-0.034187317,1,-0.219158173,-12.556838336,-0.021978378,-0.007326126,1,-1.189777374,-68.169222106,-0.036628723,-0.003663063,2.988997936,171.256966720,0.000000000,-0.000000000,8.000000000,2.500000000,0.000000000,0.000000000,0.000000000,2.708557367,2.000000000,0.500000000,-3.000000000,-171.887338539,0.000000000,-2.756333113,1.000000000,0.500000000,-0.219158173,-12.556838336,0.000000000,-0.430917025,0.500000000,0.200000003,-1.183641434,-67.817658609,0.000000000,0.000209900,0.000000000,0.100000001
2026-07-06 20:19:03.758,1783340343.758729935,339.016913779,1,1,339.003963730,1,0.004507477,5,1,0.005492046,5,1,0,1,0,0,1,1,1,0,1,0,-1.000000000,0.000000000,0.000000000,0.000000000,0,-1.000000000,0,0,0,,0,-1.000000000,,0,0,0.000000000,0.000000000,0,-1.000000000,0,,0,-1.000000000,,0,-1.000000000,0,,1,2.992431164,171.453676168,-0.007326126,-0.051281929,1,0.000000000,0.000000000,-0.002442360,0.020513535,1,-3.000000000,-171.887338539,-0.002442360,-0.034187317,1,-0.219158173,-12.556838336,-0.007326126,-0.002442360,1,-1.189393044,-68.147201576,0.012210846,-0.003663063,2.988997936,171.256966720,0.000000000,-0.000000000,8.000000000,2.500000000,0.000000000,0.000000000,0.000000000,2.708557367,2.000000000,0.500000000,-3.000000000,-171.887338539,0.000000000,-2.756333113,1.000000000,0.500000000,-0.219158173,-12.556838336,0.000000000,-0.430917025,0.500000000,0.200000003,-1.183641434,-67.817658609,0.000000000,0.000209900,0.000000000,0.100000001
2026-07-06 20:19:04.759,1783340344.759071589,340.017255212,1,1,340.004305163,1,0.004920987,5,1,0.005888934,5,1,0,1,0,0,1,1,1,0,1,0,-1.000000000,0.000000000,0.000000000,0.000000000,0,-1.000000000,0,0,0,,0,-1.000000000,,0,0,0.000000000,0.000000000,0,-1.000000000,0,,0,-1.000000000,,0,-1.000000000,0,,1,2.992431164,171.453676168,-0.021978378,-0.046398163,1,0.000000000,0.000000000,-0.007326126,0.020513535,1,-3.000000000,-171.887338539,-0.002442360,-0.034187317,1,-0.219158173,-12.556838336,-0.007326126,-0.002442360,1,-1.189777374,-68.169222106,-0.012210846,-0.003663063,2.988997936,171.256966720,0.000000000,-0.000000000,8.000000000,2.500000000,0.000000000,0.000000000,0.000000000,2.708557367,2.000000000,0.500000000,-3.000000000,-171.887338539,0.000000000,-2.756333113,1.000000000,0.500000000,-0.219158173,-12.556838336,0.000000000,-0.430917025,0.500000000,0.200000003,-1.183641434,-67.817658609,0.000000000,0.000209900,0.000000000,0.100000001
2026-07-06 20:19:05.759,1783340345.758886814,341.017070693,1,1,341.004120644,1,0.004653550,5,1,0.005335074,5,1,0,1,0,0,1,1,1,0,1,0,-1.000000000,0.000000000,0.000000000,0.000000000,0,-1.000000000,0,0,0,,0,-1.000000000,,0,0,0.000000000,0.000000000,0,-1.000000000,0,,0,-1.000000000,,0,-1.000000000,0,,1,2.992431164,171.453676168,0.007326126,-0.051281929,1,0.000000000,0.000000000,-0.002442360,0.006837845,1,-3.000000000,-171.887338539,-0.002442360,-0.047863007,1,-0.219158173,-12.556838336,0.007326126,-0.007326126,1,-1.189777374,-68.169222106,-0.012210846,-0.003663063,2.988997936,171.256966720,0.000000000,-0.000000000,8.000000000,2.500000000,0.000000000,0.000000000,0.000000000,2.708557367,2.000000000,0.500000000,-3.000000000,-171.887338539,0.000000000,-2.756333113,1.000000000,0.500000000,-0.219158173,-12.556838336,0.000000000,-0.430917025,0.500000000,0.200000003,-1.183641434,-67.817658609,0.000000000,0.000209900,0.000000000,0.100000001
2026-07-06 20:19:06.758,1783340346.758804321,342.016988083,1,1,342.004038034,1,0.003584304,5,1,0.005288442,5,1,0,1,0,0,1,1,1,0,1,0,-1.000000000,0.000000000,0.000000000,0.000000000,0,-1.000000000,0,0,0,,0,-1.000000000,,0,0,0.000000000,0.000000000,0,-1.000000000,0,,0,-1.000000000,,0,-1.000000000,0,,1,2.992431164,171.453676168,-0.021978378,-0.051281929,1,0.000000000,0.000000000,-0.002442360,0.006837845,1,-3.000000000,-171.887338539,-0.002442360,-0.034187317,1,-0.219158173,-12.556838336,-0.007326126,-0.002442360,1,-1.189777374,-68.169222106,-0.061050415,-0.003663063,2.988997936,171.256966720,0.000000000,-0.000000000,8.000000000,2.500000000,0.000000000,0.000000000,0.000000000,2.708557367,2.000000000,0.500000000,-3.000000000,-171.887338539,0.000000000,-2.756333113,1.000000000,0.500000000,-0.219158173,-12.556838336,0.000000000,-0.430917025,0.500000000,0.200000003,-1.183641434,-67.817658609,0.000000000,0.000209900,0.000000000,0.100000001
2026-07-06 20:19:07.759,1783340347.758832455,343.017016157,1,1,343.004066108,1,0.004716215,5,1,0.005640797,5,1,0,1,0,0,1,1,1,0,1,0,-1.000000000,0.000000000,0.000000000,0.000000000,0,-1.000000000,0,0,0,,0,-1.000000000,,0,0,0.000000000,0.000000000,0,-1.000000000,0,,0,-1.000000000,,0,-1.000000000,0,,1,2.992431164,171.453676168,-0.007326126,-0.056165695,1,0.000000000,0.000000000,-0.002442360,0.006837845,1,-3.000000000,-171.887338539,0.002442360,-0.034187317,1,-0.219158173,-12.556838336,-0.021978378,-0.002442360,1,-1.189393044,-68.147201576,0.012210846,-0.003663063,2.988997936,171.256966720,0.000000000,-0.000000000,8.000000000,2.500000000,0.000000000,0.000000000,0.000000000,2.708557367,2.000000000,0.500000000,-3.000000000,-171.887338539,0.000000000,-2.756333113,1.000000000,0.500000000,-0.219158173,-12.556838336,0.000000000,-0.430917025,0.500000000,0.200000003,-1.183641434,-67.817658609,0.000000000,0.000209900,0.000000000,0.100000001
2026-07-06 20:19:08.758,1783340348.758754969,344.016938843,1,1,344.003988794,1,0.004420201,5,1,0.005452382,5,1,0,1,0,0,1,1,1,0,1,0,-1.000000000,0.000000000,0.000000000,0.000000000,0,-1.000000000,0,0,0,,0,-1.000000000,,0,0,0.000000000,0.000000000,0,-1.000000000,0,,0,-1.000000000,,0,-1.000000000,0,,1,2.992431164,171.453676168,0.007326126,-0.051281929,1,0.000000000,0.000000000,-0.002442360,0.006837845,1,-3.000000000,-171.887338539,-0.002442360,-0.034187317,1,-0.219158173,-12.556838336,-0.007326126,-0.007326126,1,-1.189777374,-68.169222106,-0.012210846,-0.003663063,2.988997936,171.256966720,0.000000000,-0.000000000,8.000000000,2.500000000,0.000000000,0.000000000,0.000000000,2.708557367,2.000000000,0.500000000,-3.000000000,-171.887338539,0.000000000,-2.756333113,1.000000000,0.500000000,-0.219158173,-12.556838336,0.000000000,-0.430917025,0.500000000,0.200000003,-1.183641434,-67.817658609,0.000000000,0.000209900,0.000000000,0.100000001
2026-07-06 20:19:09.758,1783340349.758848429,345.017032283,1,1,345.004082234,1,0.004502894,5,1,0.005508200,5,1,0,1,0,0,1,1,1,0,1,0,-1.000000000,0.000000000,0.000000000,0.000000000,0,-1.000000000,0,0,0,,0,-1.000000000,,0,0,0.000000000,0.000000000,0,-1.000000000,0,,0,-1.000000000,,0,-1.000000000,0,,1,2.992431164,171.453676168,-0.021978378,-0.056165695,1,0.000000000,0.000000000,-0.007326126,0.006837845,1,-3.000000000,-171.887338539,-0.002442360,-0.034187317,1,-0.219158173,-12.556838336,-0.021978378,-0.002442360,1,-1.189777374,-68.169222106,-0.012210846,-0.003663063,2.988997936,171.256966720,0.000000000,-0.000000000,8.000000000,2.500000000,0.000000000,0.000000000,0.000000000,2.708557367,2.000000000,0.500000000,-3.000000000,-171.887338539,0.000000000,-2.756333113,1.000000000,0.500000000,-0.219158173,-12.556838336,0.000000000,-0.430917025,0.500000000,0.200000003,-1.183641434,-67.817658609,0.000000000,0.000209900,0.000000000,0.100000001
2026-07-06 20:19:10.758,1783340350.758828402,346.017012025,1,1,346.004061976,1,0.004200924,5,1,0.005445658,5,1,0,1,0,0,1,1,1,0,1,0,-1.000000000,0.000000000,0.000000000,0.000000000,0,-1.000000000,0,0,0,,0,-1.000000000,,0,0,0.000000000,0.000000000,0,-1.000000000,0,,0,-1.000000000,,0,-1.000000000,0,,1,2.992431164,171.453676168,0.007326126,-0.051281929,1,0.000000000,0.000000000,-0.002442360,0.006837845,1,-3.000000000,-171.887338539,-0.002442360,-0.034187317,1,-0.218776703,-12.534981731,-0.007326126,-0.007326126,1,-1.189777374,-68.169222106,-0.036628723,-0.003663063,2.988997936,171.256966720,0.000000000,-0.000000000,8.000000000,2.500000000,0.000000000,0.000000000,0.000000000,2.708557367,2.000000000,0.500000000,-3.000000000,-171.887338539,0.000000000,-2.756333113,1.000000000,0.500000000,-0.219158173,-12.556838336,0.000000000,-0.430917025,0.500000000,0.200000003,-1.183641434,-67.817658609,0.000000000,0.000209900,0.000000000,0.100000001
2026-07-06 20:19:11.758,1783340351.758762598,347.016946385,1,1,347.003996336,1,0.004386278,5,1,0.005438040,5,1,0,1,0,0,1,1,1,0,1,0,-1.000000000,0.000000000,0.000000000,0.000000000,0,-1.000000000,0,0,0,,0,-1.000000000,,0,0,0.000000000,0.000000000,0,-1.000000000,0,,0,-1.000000000,,0,-1.000000000,0,,1,2.992431164,171.453676168,-0.021978378,-0.051281929,1,0.000000000,0.000000000,-0.002442360,0.006837845,1,-3.000000000,-171.887338539,0.002442360,-0.034187317,1,-0.219158173,-12.556838336,-0.007326126,-0.002442360,1,-1.189393044,-68.147201576,-0.012210846,-0.003663063,2.988997936,171.256966720,0.000000000,-0.000000000,8.000000000,2.500000000,0.000000000,0.000000000,0.000000000,2.708557367,2.000000000,0.500000000,-3.000000000,-171.887338539,0.000000000,-2.756333113,1.000000000,0.500000000,-0.219158173,-12.556838336,0.000000000,-0.430917025,0.500000000,0.200000003,-1.183641434,-67.817658609,0.000000000,0.000209900,0.000000000,0.100000001
2026-07-06 20:19:12.758,1783340352.758766890,348.016950773,1,1,348.004000724,1,0.004492705,5,1,0.005546913,5,1,0,1,0,0,1,1,1,0,1,0,-1.000000000,0.000000000,0.000000000,0.000000000,0,-1.000000000,0,0,0,,0,-1.000000000,,0,0,0.000000000,0.000000000,0,-1.000000000,0,,0,-1.000000000,,0,-1.000000000,0,,1,2.992431164,171.453676168,-0.021978378,-0.051281929,1,0.000000000,0.000000000,0.002442360,0.006837845,1,-3.000000000,-171.887338539,0.002442360,-0.034187317,1,-0.219158173,-12.556838336,-0.007326126,-0.002442360,1,-1.189777374,-68.169222106,-0.036628723,-0.003663063,2.988997936,171.256966720,0.000000000,-0.000000000,8.000000000,2.500000000,0.000000000,0.000000000,0.000000000,2.708557367,2.000000000,0.500000000,-3.000000000,-171.887338539,0.000000000,-2.756333113,1.000000000,0.500000000,-0.219158173,-12.556838336,0.000000000,-0.430917025,0.500000000,0.200000003,-1.183641434,-67.817658609,0.000000000,0.000209900,0.000000000,0.100000001
2026-07-06 20:19:13.758,1783340353.758897781,349.017081343,1,1,349.004131294,1,0.004886001,5,1,0.005723036,5,1,0,1,0,0,1,1,1,0,1,0,-1.000000000,0.000000000,0.000000000,0.000000000,0,-1.000000000,0,0,0,,0,-1.000000000,,0,0,0.000000000,0.000000000,0,-1.000000000,0,,0,-1.000000000,,0,-1.000000000,0,,1,2.992431164,171.453676168,0.007326126,-0.051281929,1,0.000000000,0.000000000,-0.002442360,0.006837845,1,-3.000000000,-171.887338539,0.002442360,-0.034187317,1,-0.219158173,-12.556838336,-0.007326126,-0.002442360,1,-1.189777374,-68.169222106,-0.012210846,-0.003663063,2.988997936,171.256966720,0.000000000,-0.000000000,8.000000000,2.500000000,0.000000000,0.000000000,0.000000000,2.708557367,2.000000000,0.500000000,-3.000000000,-171.887338539,0.000000000,-2.756333113,1.000000000,0.500000000,-0.219158173,-12.556838336,0.000000000,-0.430917025,0.500000000,0.200000003,-1.183641434,-67.817658609,0.000000000,0.000209900,0.000000000,0.100000001
2026-07-06 20:19:14.758,1783340354.758876562,350.017060526,1,1,350.004110477,1,0.004408001,5,1,0.005476590,5,1,0,1,0,0,1,1,1,0,1,0,-1.000000000,0.000000000,0.000000000,0.000000000,0,-1.000000000,0,0,0,,0,-1.000000000,,0,0,0.000000000,0.000000000,0,-1.000000000,0,,0,-1.000000000,,0,-1.000000000,0,,1,2.992431164,171.453676168,-0.021978378,-0.051281929,1,0.000000000,0.000000000,-0.002442360,0.006837845,1,-3.000000000,-171.887338539,-0.007326126,-0.034187317,1,-0.219158173,-12.556838336,0.007326126,-0.007326126,1,-1.189777374,-68.169222106,0.012210846,-0.003663063,2.988997936,171.256966720,0.000000000,-0.000000000,8.000000000,2.500000000,0.000000000,0.000000000,0.000000000,2.708557367,2.000000000,0.500000000,-3.000000000,-171.887338539,0.000000000,-2.756333113,1.000000000,0.500000000,-0.219158173,-12.556838336,0.000000000,-0.430917025,0.500000000,0.200000003,-1.183641434,-67.817658609,0.000000000,0.000209900,0.000000000,0.100000001
2026-07-06 20:19:15.759,1783340355.758916616,351.017100423,1,1,351.004150374,1,0.004605021,5,1,0.005627317,5,1,0,1,0,0,1,1,1,0,1,0,-1.000000000,0.000000000,0.000000000,0.000000000,0,-1.000000000,0,0,0,,0,-1.000000000,,0,0,0.000000000,0.000000000,0,-1.000000000,0,,0,-1.000000000,,0,-1.000000000,0,,1,2.992431164,171.453676168,-0.007326126,-0.051281929,1,0.000000000,0.000000000,-0.007326126,0.006837845,1,-3.000000000,-171.887338539,-0.002442360,-0.047863007,1,-0.219158173,-12.556838336,-0.007326126,-0.002442360,1,-1.189777374,-68.169222106,-0.036628723,-0.003663063,2.988997936,171.256966720,0.000000000,-0.000000000,8.000000000,2.500000000,0.000000000,0.000000000,0.000000000,2.708557367,2.000000000,0.500000000,-3.000000000,-171.887338539,0.000000000,-2.756333113,1.000000000,0.500000000,-0.219158173,-12.556838336,0.000000000,-0.430917025,0.500000000,0.200000003,-1.183641434,-67.817658609,0.000000000,0.000209900,0.000000000,0.100000001
2026-07-06 20:19:16.758,1783340356.758851290,352.017035048,1,1,352.004084999,1,0.004735843,5,1,0.005526375,5,1,0,1,0,0,1,1,1,0,1,0,-1.000000000,0.000000000,0.000000000,0.000000000,0,-1.000000000,0,0,0,,0,-1.000000000,,0,0,0.000000000,0.000000000,0,-1.000000000,0,,0,-1.000000000,,0,-1.000000000,0,,1,2.992431164,171.453676168,-0.021978378,-0.051281929,1,0.000000000,0.000000000,-0.002442360,0.006837845,1,-3.000000000,-171.887338539,-0.002442360,-0.034187317,1,-0.218776703,-12.534981731,-0.007326126,-0.007326126,1,-1.189777374,-68.169222106,-0.036628723,-0.003663063,2.988997936,171.256966720,0.000000000,-0.000000000,8.000000000,2.500000000,0.000000000,0.000000000,0.000000000,2.708557367,2.000000000,0.500000000,-3.000000000,-171.887338539,0.000000000,-2.756333113,1.000000000,0.500000000,-0.219158173,-12.556838336,0.000000000,-0.430917025,0.500000000,0.200000003,-1.183641434,-67.817658609,0.000000000,0.000209900,0.000000000,0.100000001
2026-07-06 20:19:17.758,1783340357.758820295,353.017004111,1,1,353.004054062,1,0.004031478,5,1,0.005183190,5,1,0,1,0,0,1,1,1,0,1,0,-1.000000000,0.000000000,0.000000000,0.000000000,0,-1.000000000,0,0,0,,0,-1.000000000,,0,0,0.000000000,0.000000000,0,-1.000000000,0,,0,-1.000000000,,0,-1.000000000,0,,1,2.992431164,171.453676168,-0.007326126,-0.056165695,1,0.000000000,0.000000000,-0.002442360,-0.006837845,1,-3.000000000,-171.887338539,-0.007326126,-0.034187317,1,-0.219158173,-12.556838336,-0.007326126,-0.002442360,1,-1.189777374,-68.169222106,0.012210846,-0.003663063,2.988997936,171.256966720,0.000000000,-0.000000000,8.000000000,2.500000000,0.000000000,0.000000000,0.000000000,2.708557367,2.000000000,0.500000000,-3.000000000,-171.887338539,0.000000000,-2.756333113,1.000000000,0.500000000,-0.219158173,-12.556838336,0.000000000,-0.430917025,0.500000000,0.200000003,-1.183641434,-67.817658609,0.000000000,0.000209900,0.000000000,0.100000001
2026-07-06 20:19:18.758,1783340358.758816481,354.017000396,1,1,354.004050347,1,0.004426654,5,1,0.005735568,5,1,0,1,0,0,1,1,1,0,1,0,-1.000000000,0.000000000,0.000000000,0.000000000,0,-1.000000000,0,0,0,,0,-1.000000000,,0,0,0.000000000,0.000000000,0,-1.000000000,0,,0,-1.000000000,,0,-1.000000000,0,,1,2.992431164,171.453676168,-0.007326126,-0.051281929,1,0.000000000,0.000000000,-0.002442360,0.006837845,1,-3.000000000,-171.887338539,-0.002442360,-0.034187317,1,-0.219158173,-12.556838336,-0.007326126,-0.002442360,1,-1.189777374,-68.169222106,-0.012210846,-0.003663063,2.988997936,171.256966720,0.000000000,-0.000000000,8.000000000,2.500000000,0.000000000,0.000000000,0.000000000,2.708557367,2.000000000,0.500000000,-3.000000000,-171.887338539,0.000000000,-2.756333113,1.000000000,0.500000000,-0.219158173,-12.556838336,0.000000000,-0.430917025,0.500000000,0.200000003,-1.183641434,-67.817658609,0.000000000,0.000209900,0.000000000,0.100000001
2026-07-06 20:19:19.759,1783340359.758910179,355.017094095,1,1,355.004144046,1,0.004322105,5,1,0.005556919,5,1,0,1,0,0,1,1,1,0,1,0,-1.000000000,0.000000000,0.000000000,0.000000000,0,-1.000000000,0,0,0,,0,-1.000000000,,0,0,0.000000000,0.000000000,0,-1.000000000,0,,0,-1.000000000,,0,-1.000000000,0,,1,2.992431164,171.453676168,-0.021978378,-0.056165695,1,0.000000000,0.000000000,-0.002442360,0.006837845,1,-3.000000000,-171.887338539,-0.002442360,-0.047863007,1,-0.219158173,-12.556838336,-0.007326126,-0.007326126,1,-1.189393044,-68.147201576,-0.036628723,-0.003663063,2.988997936,171.256966720,0.000000000,-0.000000000,8.000000000,2.500000000,0.000000000,0.000000000,0.000000000,2.708557367,2.000000000,0.500000000,-3.000000000,-171.887338539,0.000000000,-2.756333113,1.000000000,0.500000000,-0.219158173,-12.556838336,0.000000000,-0.430917025,0.500000000,0.200000003,-1.183641434,-67.817658609,0.000000000,0.000209900,0.000000000,0.100000001
2026-07-06 20:19:20.759,1783340360.758880615,356.017064280,1,1,356.004114231,1,0.004397591,5,1,0.005276624,5,1,0,1,0,0,1,1,1,0,1,0,-1.000000000,0.000000000,0.000000000,0.000000000,0,-1.000000000,0,0,0,,0,-1.000000000,,0,0,0.000000000,0.000000000,0,-1.000000000,0,,0,-1.000000000,,0,-1.000000000,0,,1,2.992431164,171.453676168,-0.007326126,-0.051281929,1,0.000000000,0.000000000,-0.002442360,0.006837845,1,-3.000000000,-171.887338539,-0.002442360,-0.034187317,1,-0.219158173,-12.556838336,-0.021978378,-0.002442360,1,-1.189777374,-68.169222106,-0.036628723,-0.003663063,2.988997936,171.256966720,0.000000000,-0.000000000,8.000000000,2.500000000,0.000000000,0.000000000,0.000000000,2.708557367,2.000000000,0.500000000,-3.000000000,-171.887338539,0.000000000,-2.756333113,1.000000000,0.500000000,-0.219158173,-12.556838336,0.000000000,-0.430917025,0.500000000,0.200000003,-1.183641434,-67.817658609,0.000000000,0.000209900,0.000000000,0.100000001
2026-07-06 20:19:21.758,1783340361.758886814,357.017070622,1,1,357.004120573,1,0.004259818,5,1,0.005714805,5,1,0,1,0,0,1,1,1,0,1,0,-1.000000000,0.000000000,0.000000000,0.000000000,0,-1.000000000,0,0,0,,0,-1.000000000,,0,0,0.000000000,0.000000000,0,-1.000000000,0,,0,-1.000000000,,0,-1.000000000,0,,1,2.992431164,171.453676168,0.007326126,-0.051281929,1,0.000000000,0.000000000,0.002442360,0.006837845,1,-3.000000000,-171.887338539,-0.007326126,-0.034187317,1,-0.218776703,-12.534981731,-0.007326126,-0.007326126,1,-1.189777374,-68.169222106,-0.061050415,-0.003663063,2.988997936,171.256966720,0.000000000,-0.000000000,8.000000000,2.500000000,0.000000000,0.000000000,0.000000000,2.708557367,2.000000000,0.500000000,-3.000000000,-171.887338539,0.000000000,-2.756333113,1.000000000,0.500000000,-0.219158173,-12.556838336,0.000000000,-0.430917025,0.500000000,0.200000003,-1.183641434,-67.817658609,0.000000000,0.000209900,0.000000000,0.100000001
2026-07-06 20:19:22.759,1783340362.758892536,358.017076318,1,1,358.004126269,1,0.004396203,5,1,0.005322332,5,1,0,1,0,0,1,1,1,0,1,0,-1.000000000,0.000000000,0.000000000,0.000000000,0,-1.000000000,0,0,0,,0,-1.000000000,,0,0,0.000000000,0.000000000,0,-1.000000000,0,,0,-1.000000000,,0,-1.000000000,0,,1,2.992431164,171.453676168,-0.007326126,-0.056165695,1,0.000000000,0.000000000,-0.002442360,0.006837845,1,-3.000000000,-171.887338539,-0.002442360,-0.034187317,1,-0.219158173,-12.556838336,-0.007326126,-0.007326126,1,-1.189777374,-68.169222106,-0.036628723,-0.003663063,2.988997936,171.256966720,0.000000000,-0.000000000,8.000000000,2.500000000,0.000000000,0.000000000,0.000000000,2.708557367,2.000000000,0.500000000,-3.000000000,-171.887338539,0.000000000,-2.756333113,1.000000000,0.500000000,-0.219158173,-12.556838336,0.000000000,-0.430917025,0.500000000,0.200000003,-1.183641434,-67.817658609,0.000000000,0.000209900,0.000000000,0.100000001
2026-07-06 20:19:23.759,1783340363.758892536,359.017076292,1,1,359.004126243,1,0.004073224,5,1,0.005266249,5,1,0,1,0,0,1,1,1,0,1,0,-1.000000000,0.000000000,0.000000000,0.000000000,0,-1.000000000,0,0,0,,0,-1.000000000,,0,0,0.000000000,0.000000000,0,-1.000000000,0,,0,-1.000000000,,0,-1.000000000,0,,1,2.992431164,171.453676168,-0.007326126,-0.051281929,1,0.000000000,0.000000000,-0.002442360,0.006837845,1,-3.000000000,-171.887338539,-0.002442360,-0.047863007,1,-0.219158173,-12.556838336,-0.007326126,-0.002442360,1,-1.189777374,-68.169222106,0.012210846,-0.003663063,2.988997936,171.256966720,0.000000000,-0.000000000,8.000000000,2.500000000,0.000000000,0.000000000,0.000000000,2.708557367,2.000000000,0.500000000,-3.000000000,-171.887338539,0.000000000,-2.756333113,1.000000000,0.500000000,-0.219158173,-12.556838336,0.000000000,-0.430917025,0.500000000,0.200000003,-1.183641434,-67.817658609,0.000000000,0.000209900,0.000000000,0.100000001
2026-07-06 20:19:24.759,1783340364.758972883,360.017156791,1,1,360.004206742,1,0.004184575,5,1,0.005336847,5,1,0,1,0,0,1,1,1,0,1,0,-1.000000000,0.000000000,0.000000000,0.000000000,0,-1.000000000,0,0,0,,0,-1.000000000,,0,0,0.000000000,0.000000000,0,-1.000000000,0,,0,-1.000000000,,0,-1.000000000,0,,1,2.992812634,171.475532774,0.021978378,-0.051281929,1,0.000000000,0.000000000,-0.002442360,0.020513535,1,-3.000000000,-171.887338539,-0.002442360,-0.034187317,1,-0.219158173,-12.556838336,0.007326126,-0.002442360,1,-1.189777374,-68.169222106,-0.012210846,-0.003663063,2.988997936,171.256966720,0.000000000,-0.000000000,8.000000000,2.500000000,0.000000000,0.000000000,0.000000000,2.708557367,2.000000000,0.500000000,-3.000000000,-171.887338539,0.000000000,-2.756333113,1.000000000,0.500000000,-0.219158173,-12.556838336,0.000000000,-0.430917025,0.500000000,0.200000003,-1.183641434,-67.817658609,0.000000000,0.000209900,0.000000000,0.100000001
2026-07-06 20:19:25.759,1783340365.759052038,361.017235921,1,1,361.004285872,1,0.004198472,5,1,0.005526267,5,1,0,1,0,0,1,1,1,0,1,0,-1.000000000,0.000000000,0.000000000,0.000000000,0,-1.000000000,0,0,0,,0,-1.000000000,,0,0,0.000000000,0.000000000,0,-1.000000000,0,,0,-1.000000000,,0,-1.000000000,0,,1,2.992431164,171.453676168,-0.021978378,-0.056165695,1,0.000000000,0.000000000,-0.002442360,0.006837845,1,-3.000000000,-171.887338539,-0.002442360,-0.034187317,1,-0.219158173,-12.556838336,-0.021978378,-0.002442360,1,-1.189777374,-68.169222106,-0.012210846,-0.003663063,2.988997936,171.256966720,0.000000000,-0.000000000,8.000000000,2.500000000,0.000000000,0.000000000,0.000000000,2.708557367,2.000000000,0.500000000,-3.000000000,-171.887338539,0.000000000,-2.756333113,1.000000000,0.500000000,-0.219158173,-12.556838336,0.000000000,-0.430917025,0.500000000,0.200000003,-1.183641434,-67.817658609,0.000000000,0.000209900,0.000000000,0.100000001
2026-07-06 20:19:26.759,1783340366.758941174,362.017124950,1,1,362.004174901,1,0.004000594,5,1,0.005323240,5,1,0,1,0,0,1,1,1,0,1,0,-1.000000000,0.000000000,0.000000000,0.000000000,0,-1.000000000,0,0,0,,0,-1.000000000,,0,0,0.000000000,0.000000000,0,-1.000000000,0,,0,-1.000000000,,0,-1.000000000,0,,1,2.992431164,171.453676168,0.007326126,-0.051281929,1,0.000000000,0.000000000,0.002442360,0.006837845,1,-3.000000000,-171.887338539,0.002442360,-0.034187317,1,-0.219158173,-12.556838336,-0.007326126,-0.002442360,1,-1.189777374,-68.169222106,-0.012210846,-0.003663063,2.988997936,171.256966720,0.000000000,-0.000000000,8.000000000,2.500000000,0.000000000,0.000000000,0.000000000,2.708557367,2.000000000,0.500000000,-3.000000000,-171.887338539,0.000000000,-2.756333113,1.000000000,0.500000000,-0.219158173,-12.556838336,0.000000000,-0.430917025,0.500000000,0.200000003,-1.183641434,-67.817658609,0.000000000,0.000209900,0.000000000,0.100000001
2026-07-06 20:19:27.759,1783340367.758959293,363.017143189,1,1,363.004193140,1,0.004290619,5,1,0.005120473,5,1,0,1,0,0,1,1,1,0,1,0,-1.000000000,0.000000000,0.000000000,0.000000000,0,-1.000000000,0,0,0,,0,-1.000000000,,0,0,0.000000000,0.000000000,0,-1.000000000,0,,0,-1.000000000,,0,-1.000000000,0,,1,2.992431164,171.453676168,0.007326126,-0.051281929,1,0.000000000,0.000000000,-0.002442360,0.020513535,1,-3.000000000,-171.887338539,0.002442360,-0.034187317,1,-0.218776703,-12.534981731,-0.007326126,-0.007326126,1,-1.189777374,-68.169222106,-0.012210846,-0.003663063,2.988997936,171.256966720,0.000000000,-0.000000000,8.000000000,2.500000000,0.000000000,0.000000000,0.000000000,2.708557367,2.000000000,0.500000000,-3.000000000,-171.887338539,0.000000000,-2.756333113,1.000000000,0.500000000,-0.219158173,-12.556838336,0.000000000,-0.430917025,0.500000000,0.200000003,-1.183641434,-67.817658609,0.000000000,0.000209900,0.000000000,0.100000001
2026-07-06 20:19:28.759,1783340368.758980751,364.017164700,1,1,364.004214651,1,0.004222104,5,1,0.005455508,5,1,0,1,0,0,1,1,1,0,1,0,-1.000000000,0.000000000,0.000000000,0.000000000,0,-1.000000000,0,0,0,,0,-1.000000000,,0,0,0.000000000,0.000000000,0,-1.000000000,0,,0,-1.000000000,,0,-1.000000000,0,,1,2.992431164,171.453676168,-0.021978378,-0.056165695,1,0.000000000,0.000000000,-0.002442360,0.006837845,1,-3.000000000,-171.887338539,-0.002442360,-0.020513535,1,-0.219158173,-12.556838336,-0.007326126,-0.002442360,1,-1.189777374,-68.169222106,-0.036628723,-0.003663063,2.988997936,171.256966720,0.000000000,-0.000000000,8.000000000,2.500000000,0.000000000,0.000000000,0.000000000,2.708557367,2.000000000,0.500000000,-3.000000000,-171.887338539,0.000000000,-2.756333113,1.000000000,0.500000000,-0.219158173,-12.556838336,0.000000000,-0.430917025,0.500000000,0.200000003,-1.183641434,-67.817658609,0.000000000,0.000209900,0.000000000,0.100000001
2026-07-06 20:19:29.759,1783340369.758979559,365.017163402,1,1,365.004213353,1,0.004360925,5,1,0.005382762,5,1,0,1,0,0,1,1,1,0,1,0,-1.000000000,0.000000000,0.000000000,0.000000000,0,-1.000000000,0,0,0,,0,-1.000000000,,0,0,0.000000000,0.000000000,0,-1.000000000,0,,0,-1.000000000,,0,-1.000000000,0,,1,2.992431164,171.453676168,-0.007326126,-0.056165695,1,0.000000000,0.000000000,-0.002442360,0.020513535,1,-3.000000000,-171.887338539,-0.002442360,-0.034187317,1,-0.219158173,-12.556838336,-0.007326126,-0.002442360,1,-1.189777374,-68.169222106,0.012210846,-0.003663063,2.988997936,171.256966720,0.000000000,-0.000000000,8.000000000,2.500000000,0.000000000,0.000000000,0.000000000,2.708557367,2.000000000,0.500000000,-3.000000000,-171.887338539,0.000000000,-2.756333113,1.000000000,0.500000000,-0.219158173,-12.556838336,0.000000000,-0.430917025,0.500000000,0.200000003,-1.183641434,-67.817658609,0.000000000,0.000209900,0.000000000,0.100000001
2026-07-06 20:19:30.759,1783340370.758965254,366.017149101,1,1,366.004199052,1,0.003978114,5,1,0.005185834,5,1,0,1,0,0,1,1,1,0,1,0,-1.000000000,0.000000000,0.000000000,0.000000000,0,-1.000000000,0,0,0,,0,-1.000000000,,0,0,0.000000000,0.000000000,0,-1.000000000,0,,0,-1.000000000,,0,-1.000000000,0,,1,2.992431164,171.453676168,0.007326126,-0.051281929,1,0.000000000,0.000000000,-0.002442360,0.006837845,1,-3.000000000,-171.887338539,-0.002442360,-0.034187317,1,-0.219158173,-12.556838336,-0.007326126,-0.007326126,1,-1.189777374,-68.169222106,-0.012210846,-0.003663063,2.988997936,171.256966720,0.000000000,-0.000000000,8.000000000,2.500000000,0.000000000,0.000000000,0.000000000,2.708557367,2.000000000,0.500000000,-3.000000000,-171.887338539,0.000000000,-2.756333113,1.000000000,0.500000000,-0.219158173,-12.556838336,0.000000000,-0.430917025,0.500000000,0.200000003,-1.183641434,-67.817658609,0.000000000,0.000209900,0.000000000,0.100000001
2026-07-06 20:19:31.759,1783340371.758996010,367.017179873,1,1,367.004229824,1,0.004412206,5,1,0.005384083,5,1,0,1,0,0,1,1,1,0,1,0,-1.000000000,0.000000000,0.000000000,0.000000000,0,-1.000000000,0,0,0,,0,-1.000000000,,0,0,0.000000000,0.000000000,0,-1.000000000,0,,0,-1.000000000,,0,-1.000000000,0,,1,2.992431164,171.453676168,-0.021978378,-0.051281929,1,0.000000000,0.000000000,0.002442360,0.006837845,1,-3.000000000,-171.887338539,-0.002442360,-0.034187317,1,-0.219158173,-12.556838336,-0.007326126,-0.002442360,1,-1.189777374,-68.169222106,-0.012210846,-0.003663063,2.988997936,171.256966720,0.000000000,-0.000000000,8.000000000,2.500000000,0.000000000,0.000000000,0.000000000,2.708557367,2.000000000,0.500000000,-3.000000000,-171.887338539,0.000000000,-2.756333113,1.000000000,0.500000000,-0.219158173,-12.556838336,0.000000000,-0.430917025,0.500000000,0.200000003,-1.183641434,-67.817658609,0.000000000,0.000209900,0.000000000,0.100000001
2026-07-06 20:19:32.759,1783340372.759075880,368.017259524,1,1,368.004309475,1,0.003126936,5,1,0.004148408,5,1,0,1,0,0,1,1,1,0,1,0,-1.000000000,0.000000000,0.000000000,0.000000000,0,-1.000000000,0,0,0,,0,-1.000000000,,0,0,0.000000000,0.000000000,0,-1.000000000,0,,0,-1.000000000,,0,-1.000000000,0,,1,2.992431164,171.453676168,-0.007326126,-0.051281929,1,0.000000000,0.000000000,0.002442360,0.006837845,1,-3.000000000,-171.887338539,-0.002442360,-0.034187317,1,-0.218776703,-12.534981731,0.007326126,-0.002442360,1,-1.189777374,-68.169222106,0.012210846,-0.003663063,2.988997936,171.256966720,0.000000000,-0.000000000,8.000000000,2.500000000,0.000000000,0.000000000,0.000000000,2.708557367,2.000000000,0.500000000,-3.000000000,-171.887338539,0.000000000,-2.756333113,1.000000000,0.500000000,-0.219158173,-12.556838336,0.000000000,-0.430917025,0.500000000,0.200000003,-1.183641434,-67.817658609,0.000000000,0.000209900,0.000000000,0.100000001
2026-07-06 20:19:33.759,1783340373.759024858,369.017208731,1,1,369.004258682,1,0.004007766,5,1,0.005335038,5,1,0,1,0,0,1,1,1,0,1,0,-1.000000000,0.000000000,0.000000000,0.000000000,0,-1.000000000,0,0,0,,0,-1.000000000,,0,0,0.000000000,0.000000000,0,-1.000000000,0,,0,-1.000000000,,0,-1.000000000,0,,1,2.992431164,171.453676168,0.007326126,-0.051281929,1,0.000000000,0.000000000,-0.002442360,0.006837845,1,-3.000000000,-171.887338539,-0.002442360,-0.034187317,1,-0.219158173,-12.556838336,0.007326126,-0.007326126,1,-1.189777374,-68.169222106,-0.036628723,-0.003663063,2.988997936,171.256966720,0.000000000,-0.000000000,8.000000000,2.500000000,0.000000000,0.000000000,0.000000000,2.708557367,2.000000000,0.500000000,-3.000000000,-171.887338539,0.000000000,-2.756333113,1.000000000,0.500000000,-0.219158173,-12.556838336,0.000000000,-0.430917025,0.500000000,0.200000003,-1.183641434,-67.817658609,0.000000000,0.000209900,0.000000000,0.100000001
2026-07-06 20:19:34.759,1783340374.759147882,370.017331488,1,1,370.004381439,1,0.004074993,5,1,0.005555052,5,1,0,1,0,0,1,1,1,0,1,0,-1.000000000,0.000000000,0.000000000,0.000000000,0,-1.000000000,0,0,0,,0,-1.000000000,,0,0,0.000000000,0.000000000,0,-1.000000000,0,,0,-1.000000000,,0,-1.000000000,0,,1,2.992431164,171.453676168,0.007326126,-0.051281929,1,0.000000000,0.000000000,-0.002442360,0.020513535,1,-3.000000000,-171.887338539,-0.002442360,-0.034187317,1,-0.219158173,-12.556838336,-0.007326126,-0.007326126,1,-1.189777374,-68.169222106,0.012210846,-0.003663063,2.988997936,171.256966720,0.000000000,-0.000000000,8.000000000,2.500000000,0.000000000,0.000000000,0.000000000,2.708557367,2.000000000,0.500000000,-3.000000000,-171.887338539,0.000000000,-2.756333113,1.000000000,0.500000000,-0.219158173,-12.556838336,0.000000000,-0.430917025,0.500000000,0.200000003,-1.183641434,-67.817658609,0.000000000,0.000209900,0.000000000,0.100000001
2026-07-06 20:19:35.759,1783340375.759207249,371.017390966,1,1,371.004440917,1,0.004386480,5,1,0.005343680,5,1,0,1,0,0,1,1,1,0,1,0,-1.000000000,0.000000000,0.000000000,0.000000000,0,-1.000000000,0,0,0,,0,-1.000000000,,0,0,0.000000000,0.000000000,0,-1.000000000,0,,0,-1.000000000,,0,-1.000000000,0,,1,2.992431164,171.453676168,-0.007326126,-0.051281929,1,0.000000000,0.000000000,-0.002442360,0.006837845,1,-3.000000000,-171.887338539,-0.002442360,-0.047863007,0,-0.219158173,-12.556838336,-0.021978378,-0.002442360,1,-1.189777374,-68.169222106,-0.036628723,-0.003663063,2.988997936,171.256966720,0.000000000,-0.000000000,8.000000000,2.500000000,0.000000000,0.000000000,0.000000000,2.708557367,2.000000000,0.500000000,-3.000000000,-171.887338539,0.000000000,-2.756333113,1.000000000,0.500000000,-0.219158173,-12.556838336,0.000000000,-0.430917025,0.500000000,0.200000003,-1.183641434,-67.817658609,0.000000000,0.000209900,0.000000000,0.100000001
2026-07-06 20:19:36.759,1783340376.759076834,372.017260677,1,1,372.004310628,1,0.004462387,5,1,0.005368952,5,1,0,1,0,0,1,1,1,0,1,0,-1.000000000,0.000000000,0.000000000,0.000000000,0,-1.000000000,0,0,0,,0,-1.000000000,,0,0,0.000000000,0.000000000,0,-1.000000000,0,,0,-1.000000000,,0,-1.000000000,0,,1,2.992431164,171.453676168,-0.007326126,-0.046398163,1,0.000000000,0.000000000,-0.007326126,0.006837845,1,-3.000000000,-171.887338539,-0.002442360,-0.047863007,1,-0.219158173,-12.556838336,-0.021978378,-0.007326126,1,-1.189777374,-68.169222106,0.012210846,-0.003663063,2.988997936,171.256966720,0.000000000,-0.000000000,8.000000000,2.500000000,0.000000000,0.000000000,0.000000000,2.708557367,2.000000000,0.500000000,-3.000000000,-171.887338539,0.000000000,-2.756333113,1.000000000,0.500000000,-0.219158173,-12.556838336,0.000000000,-0.430917025,0.500000000,0.200000003,-1.183641434,-67.817658609,0.000000000,0.000209900,0.000000000,0.100000001
2026-07-06 20:19:37.759,1783340377.759113789,373.017297418,1,1,373.004347369,1,0.004145673,5,1,0.005307846,5,1,0,1,0,0,1,1,1,0,1,0,-1.000000000,0.000000000,0.000000000,0.000000000,0,-1.000000000,0,0,0,,0,-1.000000000,,0,0,0.000000000,0.000000000,0,-1.000000000,0,,0,-1.000000000,,0,-1.000000000,0,,1,2.992431164,171.453676168,-0.021978378,-0.056165695,1,0.000000000,0.000000000,-0.007326126,0.006837845,1,-3.000000000,-171.887338539,-0.002442360,-0.034187317,1,-0.219158173,-12.556838336,-0.007326126,-0.007326126,1,-1.189777374,-68.169222106,-0.036628723,-0.003663063,2.988997936,171.256966720,0.000000000,-0.000000000,8.000000000,2.500000000,0.000000000,0.000000000,0.000000000,2.708557367,2.000000000,0.500000000,-3.000000000,-171.887338539,0.000000000,-2.756333113,1.000000000,0.500000000,-0.219158173,-12.556838336,0.000000000,-0.430917025,0.500000000,0.200000003,-1.183641434,-67.817658609,0.000000000,0.000209900,0.000000000,0.100000001
2026-07-06 20:19:38.759,1783340378.759091616,374.017275566,1,1,374.004325517,1,0.003799613,5,1,0.005407743,5,1,0,1,0,0,1,1,1,0,1,0,-1.000000000,0.000000000,0.000000000,0.000000000,0,-1.000000000,0,0,0,,0,-1.000000000,,0,0,0.000000000,0.000000000,0,-1.000000000,0,,0,-1.000000000,,0,-1.000000000,0,,1,2.992431164,171.453676168,0.007326126,-0.046398163,1,0.000000000,0.000000000,0.002442360,0.006837845,1,-3.000000000,-171.887338539,-0.002442360,-0.034187317,1,-0.219158173,-12.556838336,-0.007326126,-0.002442360,1,-1.189777374,-68.169222106,-0.012210846,-0.003663063,2.988997936,171.256966720,0.000000000,-0.000000000,8.000000000,2.500000000,0.000000000,0.000000000,0.000000000,2.708557367,2.000000000,0.500000000,-3.000000000,-171.887338539,0.000000000,-2.756333113,1.000000000,0.500000000,-0.219158173,-12.556838336,0.000000000,-0.430917025,0.500000000,0.200000003,-1.183641434,-67.817658609,0.000000000,0.000209900,0.000000000,0.100000001
2026-07-06 20:19:39.759,1783340379.759086847,375.017270527,1,1,375.004320478,1,0.004554010,5,1,0.005181890,5,1,0,1,0,0,1,1,1,0,1,0,-1.000000000,0.000000000,0.000000000,0.000000000,0,-1.000000000,0,0,0,,0,-1.000000000,,0,0,0.000000000,0.000000000,0,-1.000000000,0,,0,-1.000000000,,0,-1.000000000,0,,1,2.992431164,171.453676168,-0.021978378,-0.051281929,1,0.000000000,0.000000000,0.002442360,0.006837845,1,-3.000000000,-171.887338539,-0.002442360,-0.034187317,1,-0.219158173,-12.556838336,-0.021978378,-0.007326126,1,-1.189777374,-68.169222106,0.012210846,-0.003663063,2.988997936,171.256966720,0.000000000,-0.000000000,8.000000000,2.500000000,0.000000000,0.000000000,0.000000000,2.708557367,2.000000000,0.500000000,-3.000000000,-171.887338539,0.000000000,-2.756333113,1.000000000,0.500000000,-0.219158173,-12.556838336,0.000000000,-0.430917025,0.500000000,0.200000003,-1.183641434,-67.817658609,0.000000000,0.000209900,0.000000000,0.100000001
2026-07-06 20:19:40.759,1783340380.759125233,376.017309003,1,1,376.004358954,1,0.004331558,5,1,0.005441985,5,1,0,1,0,0,1,1,1,0,1,0,-1.000000000,0.000000000,0.000000000,0.000000000,0,-1.000000000,0,0,0,,0,-1.000000000,,0,0,0.000000000,0.000000000,0,-1.000000000,0,,0,-1.000000000,,0,-1.000000000,0,,1,2.992431164,171.453676168,0.007326126,-0.051281929,1,0.000000000,0.000000000,-0.002442360,0.006837845,1,-3.000000000,-171.887338539,-0.007326126,-0.047863007,1,-0.219158173,-12.556838336,0.007326126,-0.007326126,1,-1.189777374,-68.169222106,-0.012210846,-0.003663063,2.988997936,171.256966720,0.000000000,-0.000000000,8.000000000,2.500000000,0.000000000,0.000000000,0.000000000,2.708557367,2.000000000,0.500000000,-3.000000000,-171.887338539,0.000000000,-2.756333113,1.000000000,0.500000000,-0.219158173,-12.556838336,0.000000000,-0.430917025,0.500000000,0.200000003,-1.183641434,-67.817658609,0.000000000,0.000209900,0.000000000,0.100000001
2026-07-06 20:19:41.759,1783340381.759224176,377.017407853,1,1,377.004457804,1,0.004341059,5,1,0.005497891,5,1,0,1,0,0,1,1,1,0,1,0,-1.000000000,0.000000000,0.000000000,0.000000000,0,-1.000000000,0,0,0,,0,-1.000000000,,0,0,0.000000000,0.000000000,0,-1.000000000,0,,0,-1.000000000,,0,-1.000000000,0,,1,2.992431164,171.453676168,-0.007326126,-0.051281929,1,0.000000000,0.000000000,-0.002442360,0.006837845,1,-3.000000000,-171.887338539,0.002442360,-0.034187317,1,-0.219158173,-12.556838336,-0.007326126,-0.002442360,1,-1.189393044,-68.147201576,0.012210846,-0.003663063,2.988997936,171.256966720,0.000000000,-0.000000000,8.000000000,2.500000000,0.000000000,0.000000000,0.000000000,2.708557367,2.000000000,0.500000000,-3.000000000,-171.887338539,0.000000000,-2.756333113,1.000000000,0.500000000,-0.219158173,-12.556838336,0.000000000,-0.430917025,0.500000000,0.200000003,-1.183641434,-67.817658609,0.000000000,0.000209900,0.000000000,0.100000001
2026-07-06 20:19:42.759,1783340382.759160280,378.017344065,1,1,378.004394016,1,0.004481556,5,1,0.005139446,5,1,0,1,0,0,1,1,1,0,1,0,-1.000000000,0.000000000,0.000000000,0.000000000,0,-1.000000000,0,0,0,,0,-1.000000000,,0,0,0.000000000,0.000000000,0,-1.000000000,0,,0,-1.000000000,,0,-1.000000000,0,,1,2.992431164,171.453676168,-0.021978378,-0.051281929,1,0.000000000,0.000000000,-0.002442360,0.020513535,1,-3.000000000,-171.887338539,-0.007326126,-0.034187317,1,-0.219158173,-12.556838336,0.007326126,-0.002442360,1,-1.189393044,-68.147201576,0.012210846,-0.003663063,2.988997936,171.256966720,0.000000000,-0.000000000,8.000000000,2.500000000,0.000000000,0.000000000,0.000000000,2.708557367,2.000000000,0.500000000,-3.000000000,-171.887338539,0.000000000,-2.756333113,1.000000000,0.500000000,-0.219158173,-12.556838336,0.000000000,-0.430917025,0.500000000,0.200000003,-1.183641434,-67.817658609,0.000000000,0.000209900,0.000000000,0.100000001
2026-07-06 20:19:43.759,1783340383.759203911,379.017387544,1,1,379.004437495,1,0.004269435,5,1,0.005097462,5,1,0,1,0,0,1,1,1,0,1,0,-1.000000000,0.000000000,0.000000000,0.000000000,0,-1.000000000,0,0,0,,0,-1.000000000,,0,0,0.000000000,0.000000000,0,-1.000000000,0,,0,-1.000000000,,0,-1.000000000,0,,1,2.992431164,171.453676168,-0.007326126,-0.051281929,1,0.000000000,0.000000000,-0.002442360,0.006837845,1,-3.000000000,-171.887338539,-0.002442360,-0.034187317,1,-0.219158173,-12.556838336,-0.007326126,-0.002442360,1,-1.189777374,-68.169222106,-0.036628723,-0.003663063,2.988997936,171.256966720,0.000000000,-0.000000000,8.000000000,2.500000000,0.000000000,0.000000000,0.000000000,2.708557367,2.000000000,0.500000000,-3.000000000,-171.887338539,0.000000000,-2.756333113,1.000000000,0.500000000,-0.219158173,-12.556838336,0.000000000,-0.430917025,0.500000000,0.200000003,-1.183641434,-67.817658609,0.000000000,0.000209900,0.000000000,0.100000001
2026-07-06 20:19:44.759,1783340384.759250641,380.017434579,1,1,380.004484530,1,0.004398132,5,1,0.005340263,5,1,0,1,0,0,1,1,1,0,1,0,-1.000000000,0.000000000,0.000000000,0.000000000,0,-1.000000000,0,0,0,,0,-1.000000000,,0,0,0.000000000,0.000000000,0,-1.000000000,0,,0,-1.000000000,,0,-1.000000000,0,,1,2.992431164,171.453676168,0.007326126,-0.046398163,1,0.000000000,0.000000000,-0.002442360,0.006837845,1,-3.000000000,-171.887338539,-0.002442360,-0.034187317,1,-0.219158173,-12.556838336,0.007326126,-0.007326126,1,-1.189393044,-68.147201576,0.012210846,-0.003663063,2.988997936,171.256966720,0.000000000,-0.000000000,8.000000000,2.500000000,0.000000000,0.000000000,0.000000000,2.708557367,2.000000000,0.500000000,-3.000000000,-171.887338539,0.000000000,-2.756333113,1.000000000,0.500000000,-0.219158173,-12.556838336,0.000000000,-0.430917025,0.500000000,0.200000003,-1.183641434,-67.817658609,0.000000000,0.000209900,0.000000000,0.100000001
2026-07-06 20:19:45.759,1783340385.759164333,381.017348091,1,1,381.004398042,1,0.004595052,5,1,0.005301329,5,1,0,1,0,0,1,1,1,0,1,0,-1.000000000,0.000000000,0.000000000,0.000000000,0,-1.000000000,0,0,0,,0,-1.000000000,,0,0,0.000000000,0.000000000,0,-1.000000000,0,,0,-1.000000000,,0,-1.000000000,0,,1,2.992431164,171.453676168,-0.007326126,-0.051281929,1,0.000000000,0.000000000,-0.002442360,0.006837845,1,-3.000000000,-171.887338539,-0.002442360,-0.034187317,1,-0.218776703,-12.534981731,-0.007326126,-0.007326126,1,-1.189777374,-68.169222106,-0.012210846,-0.003663063,2.988997936,171.256966720,0.000000000,-0.000000000,8.000000000,2.500000000,0.000000000,0.000000000,0.000000000,2.708557367,2.000000000,0.500000000,-3.000000000,-171.887338539,0.000000000,-2.756333113,1.000000000,0.500000000,-0.219158173,-12.556838336,0.000000000,-0.430917025,0.500000000,0.200000003,-1.183641434,-67.817658609,0.000000000,0.000209900,0.000000000,0.100000001
2026-07-06 20:19:46.759,1783340386.759246111,382.017429840,1,1,382.004479791,1,0.004535805,5,1,0.005717266,5,1,0,1,0,0,1,1,1,0,1,0,-1.000000000,0.000000000,0.000000000,0.000000000,0,-1.000000000,0,0,0,,0,-1.000000000,,0,0,0.000000000,0.000000000,0,-1.000000000,0,,0,-1.000000000,,0,-1.000000000,0,,1,2.992431164,171.453676168,-0.007326126,-0.051281929,1,0.000000000,0.000000000,-0.002442360,0.006837845,1,-3.000000000,-171.887338539,0.002442360,-0.034187317,1,-0.219158173,-12.556838336,0.007326126,-0.007326126,1,-1.189777374,-68.169222106,-0.012210846,-0.003663063,2.988997936,171.256966720,0.000000000,-0.000000000,8.000000000,2.500000000,0.000000000,0.000000000,0.000000000,2.708557367,2.000000000,0.500000000,-3.000000000,-171.887338539,0.000000000,-2.756333113,1.000000000,0.500000000,-0.219158173,-12.556838336,0.000000000,-0.430917025,0.500000000,0.200000003,-1.183641434,-67.817658609,0.000000000,0.000209900,0.000000000,0.100000001
2026-07-06 20:19:47.759,1783340387.759194374,383.017378292,1,1,383.004428243,1,0.004937065,5,1,0.005396397,5,1,0,1,0,0,1,1,1,0,1,0,-1.000000000,0.000000000,0.000000000,0.000000000,0,-1.000000000,0,0,0,,0,-1.000000000,,0,0,0.000000000,0.000000000,0,-1.000000000,0,,0,-1.000000000,,0,-1.000000000,0,,1,2.992431164,171.453676168,-0.007326126,-0.056165695,1,0.000000000,0.000000000,-0.002442360,0.006837845,1,-3.000000000,-171.887338539,-0.002442360,-0.034187317,1,-0.219158173,-12.556838336,0.007326126,-0.007326126,1,-1.189777374,-68.169222106,-0.012210846,-0.003663063,2.988997936,171.256966720,0.000000000,-0.000000000,8.000000000,2.500000000,0.000000000,0.000000000,0.000000000,2.708557367,2.000000000,0.500000000,-3.000000000,-171.887338539,0.000000000,-2.756333113,1.000000000,0.500000000,-0.219158173,-12.556838336,0.000000000,-0.430917025,0.500000000,0.200000003,-1.183641434,-67.817658609,0.000000000,0.000209900,0.000000000,0.100000001
2026-07-06 20:19:48.759,1783340388.759196043,384.017379945,1,1,384.004429896,1,0.004514406,5,1,0.005453309,5,1,0,1,0,0,1,1,1,0,1,0,-1.000000000,0.000000000,0.000000000,0.000000000,0,-1.000000000,0,0,0,,0,-1.000000000,,0,0,0.000000000,0.000000000,0,-1.000000000,0,,0,-1.000000000,,0,-1.000000000,0,,1,2.992431164,171.453676168,-0.007326126,-0.051281929,1,0.000000000,0.000000000,-0.007326126,0.006837845,1,-3.000000000,-171.887338539,-0.007326126,-0.034187317,1,-0.219158173,-12.556838336,-0.007326126,-0.007326126,1,-1.189777374,-68.169222106,-0.012210846,-0.003663063,2.988997936,171.256966720,0.000000000,-0.000000000,8.000000000,2.500000000,0.000000000,0.000000000,0.000000000,2.708557367,2.000000000,0.500000000,-3.000000000,-171.887338539,0.000000000,-2.756333113,1.000000000,0.500000000,-0.219158173,-12.556838336,0.000000000,-0.430917025,0.500000000,0.200000003,-1.183641434,-67.817658609,0.000000000,0.000209900,0.000000000,0.100000001
2026-07-06 20:19:49.759,1783340389.759231806,385.017415442,1,1,385.004465393,1,0.004657946,5,1,0.005399311,5,1,0,1,0,0,1,1,1,0,1,0,-1.000000000,0.000000000,0.000000000,0.000000000,0,-1.000000000,0,0,0,,0,-1.000000000,,0,0,0.000000000,0.000000000,0,-1.000000000,0,,0,-1.000000000,,0,-1.000000000,0,,1,2.992431164,171.453676168,0.007326126,-0.051281929,1,0.000000000,0.000000000,-0.002442360,0.006837845,1,-3.000000000,-171.887338539,-0.002442360,-0.034187317,1,-0.219158173,-12.556838336,0.007326126,-0.007326126,1,-1.189777374,-68.169222106,-0.012210846,-0.003663063,2.988997936,171.256966720,0.000000000,-0.000000000,8.000000000,2.500000000,0.000000000,0.000000000,0.000000000,2.708557367,2.000000000,0.500000000,-3.000000000,-171.887338539,0.000000000,-2.756333113,1.000000000,0.500000000,-0.219158173,-12.556838336,0.000000000,-0.430917025,0.500000000,0.200000003,-1.183641434,-67.817658609,0.000000000,0.000209900,0.000000000,0.100000001
2026-07-06 20:19:50.759,1783340390.759255409,386.017439076,1,1,386.004489027,1,0.004761684,5,1,0.005621230,5,1,0,1,0,0,1,1,1,0,1,0,-1.000000000,0.000000000,0.000000000,0.000000000,0,-1.000000000,0,0,0,,0,-1.000000000,,0,0,0.000000000,0.000000000,0,-1.000000000,0,,0,-1.000000000,,0,-1.000000000,0,,1,2.992431164,171.453676168,0.007326126,-0.051281929,1,0.000000000,0.000000000,-0.002442360,0.006837845,1,-3.000000000,-171.887338539,0.002442360,-0.034187317,1,-0.219158173,-12.556838336,0.007326126,-0.002442360,1,-1.189777374,-68.169222106,-0.012210846,-0.003663063,2.988997936,171.256966720,0.000000000,-0.000000000,8.000000000,2.500000000,0.000000000,0.000000000,0.000000000,2.708557367,2.000000000,0.500000000,-3.000000000,-171.887338539,0.000000000,-2.756333113,1.000000000,0.500000000,-0.219158173,-12.556838336,0.000000000,-0.430917025,0.500000000,0.200000003,-1.183641434,-67.817658609,0.000000000,0.000209900,0.000000000,0.100000001
2026-07-06 20:19:51.759,1783340391.759321451,387.017505253,1,1,387.004555204,1,0.004451182,5,1,0.005699015,5,1,0,1,0,0,1,1,1,0,1,0,-1.000000000,0.000000000,0.000000000,0.000000000,0,-1.000000000,0,0,0,,0,-1.000000000,,0,0,0.000000000,0.000000000,0,-1.000000000,0,,0,-1.000000000,,0,-1.000000000,0,,1,2.992431164,171.453676168,-0.007326126,-0.051281929,1,0.000000000,0.000000000,-0.002442360,0.006837845,1,-3.000000000,-171.887338539,-0.002442360,-0.034187317,1,-0.219158173,-12.556838336,-0.007326126,-0.007326126,1,-1.189777374,-68.169222106,-0.036628723,-0.003663063,2.988997936,171.256966720,0.000000000,-0.000000000,8.000000000,2.500000000,0.000000000,0.000000000,0.000000000,2.708557367,2.000000000,0.500000000,-3.000000000,-171.887338539,0.000000000,-2.756333113,1.000000000,0.500000000,-0.219158173,-12.556838336,0.000000000,-0.430917025,0.500000000,0.200000003,-1.183641434,-67.817658609,0.000000000,0.000209900,0.000000000,0.100000001
2026-07-06 20:19:52.759,1783340392.759243488,388.017427345,1,1,388.004477296,1,0.004418294,5,1,0.005447324,5,1,0,1,0,0,1,1,1,0,1,0,-1.000000000,0.000000000,0.000000000,0.000000000,0,-1.000000000,0,0,0,,0,-1.000000000,,0,0,0.000000000,0.000000000,0,-1.000000000,0,,0,-1.000000000,,0,-1.000000000,0,,1,2.992431164,171.453676168,-0.007326126,-0.051281929,1,0.000000000,0.000000000,-0.007326126,0.006837845,1,-3.000000000,-171.887338539,-0.002442360,-0.047863007,1,-0.219158173,-12.556838336,-0.021978378,-0.007326126,1,-1.189777374,-68.169222106,-0.036628723,-0.003663063,2.988997936,171.256966720,0.000000000,-0.000000000,8.000000000,2.500000000,0.000000000,0.000000000,0.000000000,2.708557367,2.000000000,0.500000000,-3.000000000,-171.887338539,0.000000000,-2.756333113,1.000000000,0.500000000,-0.219158173,-12.556838336,0.000000000,-0.430917025,0.500000000,0.200000003,-1.183641434,-67.817658609,0.000000000,0.000209900,0.000000000,0.100000001
2026-07-06 20:19:53.759,1783340393.759268284,389.017452222,1,1,389.004502173,1,0.004518579,5,1,0.005595570,5,1,0,1,0,0,1,1,1,0,1,0,-1.000000000,0.000000000,0.000000000,0.000000000,0,-1.000000000,0,0,0,,0,-1.000000000,,0,0,0.000000000,0.000000000,0,-1.000000000,0,,0,-1.000000000,,0,-1.000000000,0,,1,2.992431164,171.453676168,0.007326126,-0.051281929,1,0.000000000,0.000000000,-0.002442360,0.006837845,1,-3.000000000,-171.887338539,-0.002442360,-0.047863007,1,-0.219158173,-12.556838336,-0.007326126,-0.002442360,1,-1.189777374,-68.169222106,-0.036628723,-0.003663063,2.988997936,171.256966720,0.000000000,-0.000000000,8.000000000,2.500000000,0.000000000,0.000000000,0.000000000,2.708557367,2.000000000,0.500000000,-3.000000000,-171.887338539,0.000000000,-2.756333113,1.000000000,0.500000000,-0.219158173,-12.556838336,0.000000000,-0.430917025,0.500000000,0.200000003,-1.183641434,-67.817658609,0.000000000,0.000209900,0.000000000,0.100000001
2026-07-06 20:19:54.759,1783340394.759337902,390.017521910,1,1,390.004571861,1,0.004631926,5,1,0.005287476,5,1,0,1,0,0,1,1,1,0,1,0,-1.000000000,0.000000000,0.000000000,0.000000000,0,-1.000000000,0,0,0,,0,-1.000000000,,0,0,0.000000000,0.000000000,0,-1.000000000,0,,0,-1.000000000,,0,-1.000000000,0,,1,2.992812634,171.475532774,0.021978378,-0.051281929,1,0.000000000,0.000000000,-0.002442360,0.006837845,1,-3.000000000,-171.887338539,-0.002442360,-0.047863007,1,-0.218776703,-12.534981731,0.007326126,-0.002442360,1,-1.189777374,-68.169222106,-0.012210846,-0.003663063,2.988997936,171.256966720,0.000000000,-0.000000000,8.000000000,2.500000000,0.000000000,0.000000000,0.000000000,2.708557367,2.000000000,0.500000000,-3.000000000,-171.887338539,0.000000000,-2.756333113,1.000000000,0.500000000,-0.219158173,-12.556838336,0.000000000,-0.430917025,0.500000000,0.200000003,-1.183641434,-67.817658609,0.000000000,0.000209900,0.000000000,0.100000001
2026-07-06 20:19:55.759,1783340395.759275913,391.017459856,1,1,391.004509807,1,0.004762580,5,1,0.005363209,5,1,0,1,0,0,1,1,1,0,1,0,-1.000000000,0.000000000,0.000000000,0.000000000,0,-1.000000000,0,0,0,,0,-1.000000000,,0,0,0.000000000,0.000000000,0,-1.000000000,0,,0,-1.000000000,,0,-1.000000000,0,,1,2.992431164,171.453676168,-0.007326126,-0.051281929,1,0.000000000,0.000000000,-0.002442360,0.020513535,1,-3.000000000,-171.887338539,-0.002442360,-0.034187317,1,-0.218776703,-12.534981731,0.021978378,-0.002442360,1,-1.189777374,-68.169222106,-0.012210846,-0.003663063,2.988997936,171.256966720,0.000000000,-0.000000000,8.000000000,2.500000000,0.000000000,0.000000000,0.000000000,2.708557367,2.000000000,0.500000000,-3.000000000,-171.887338539,0.000000000,-2.756333113,1.000000000,0.500000000,-0.219158173,-12.556838336,0.000000000,-0.430917025,0.500000000,0.200000003,-1.183641434,-67.817658609,0.000000000,0.000209900,0.000000000,0.100000001
2026-07-06 20:19:56.759,1783340396.759315014,392.017498682,1,1,392.004548633,1,0.004630508,5,1,0.005378560,5,1,0,1,0,0,1,1,1,0,1,0,-1.000000000,0.000000000,0.000000000,0.000000000,0,-1.000000000,0,0,0,,0,-1.000000000,,0,0,0.000000000,0.000000000,0,-1.000000000,0,,0,-1.000000000,,0,-1.000000000,0,,1,2.992431164,171.453676168,0.007326126,-0.051281929,1,0.000000000,0.000000000,0.002442360,0.006837845,1,-3.000000000,-171.887338539,-0.002442360,-0.034187317,1,-0.219158173,-12.556838336,0.007326126,-0.007326126,1,-1.189777374,-68.169222106,0.012210846,-0.003663063,2.988997936,171.256966720,0.000000000,-0.000000000,8.000000000,2.500000000,0.000000000,0.000000000,0.000000000,2.708557367,2.000000000,0.500000000,-3.000000000,-171.887338539,0.000000000,-2.756333113,1.000000000,0.500000000,-0.219158173,-12.556838336,0.000000000,-0.430917025,0.500000000,0.200000003,-1.183641434,-67.817658609,0.000000000,0.000209900,0.000000000,0.100000001
2026-07-06 20:19:57.759,1783340397.759363174,393.017546793,1,1,393.004596744,1,0.004450349,5,1,0.005483914,5,1,0,1,0,0,1,1,1,0,1,0,-1.000000000,0.000000000,0.000000000,0.000000000,0,-1.000000000,0,0,0,,0,-1.000000000,,0,0,0.000000000,0.000000000,0,-1.000000000,0,,0,-1.000000000,,0,-1.000000000,0,,0,2.992431164,171.453676168,-0.007326126,-0.051281929,0,0.000000000,0.000000000,0.002442360,0.006837845,0,-3.000000000,-171.887338539,-0.007326126,-0.034187317,0,-0.219158173,-12.556838336,-0.007326126,-0.002442360,0,-1.189777374,-68.169222106,0.012210846,-0.003663063,2.988997936,171.256966720,0.000000000,-0.000000000,8.000000000,2.500000000,0.000000000,0.000000000,0.000000000,2.708557367,2.000000000,0.500000000,-3.000000000,-171.887338539,0.000000000,-2.756333113,1.000000000,0.500000000,-0.219158173,-12.556838336,0.000000000,-0.430917025,0.500000000,0.200000003,-1.183641434,-67.817658609,0.000000000,0.000209900,0.000000000,0.100000001
2026-07-06 20:19:58.759,1783340398.759311438,394.017495155,1,1,394.004545106,1,0.004744611,5,1,0.005458931,5,1,0,1,0,0,1,1,1,0,1,0,-1.000000000,0.000000000,0.000000000,0.000000000,0,-1.000000000,0,0,0,,0,-1.000000000,,0,0,0.000000000,0.000000000,0,-1.000000000,0,,0,-1.000000000,,0,-1.000000000,0,,1,2.992431164,171.453676168,0.007326126,-0.051281929,1,0.000000000,0.000000000,-0.007326126,-0.006837845,1,-3.000000000,-171.887338539,0.002442360,-0.034187317,1,-0.219158173,-12.556838336,-0.007326126,-0.002442360,1,-1.189777374,-68.169222106,-0.012210846,-0.003663063,2.988997936,171.256966720,0.000000000,-0.000000000,8.000000000,2.500000000,0.000000000,0.000000000,0.000000000,2.708557367,2.000000000,0.500000000,-3.000000000,-171.887338539,0.000000000,-2.756333113,1.000000000,0.500000000,-0.219158173,-12.556838336,0.000000000,-0.430917025,0.500000000,0.200000003,-1.183641434,-67.817658609,0.000000000,0.000209900,0.000000000,0.100000001
2026-07-06 20:19:59.759,1783340399.759306669,395.017490671,1,1,395.004540622,1,0.004539110,5,1,0.005596419,5,1,0,1,0,0,1,1,1,0,1,0,-1.000000000,0.000000000,0.000000000,0.000000000,0,-1.000000000,0,0,0,,0,-1.000000000,,0,0,0.000000000,0.000000000,0,-1.000000000,0,,0,-1.000000000,,0,-1.000000000,0,,1,2.992431164,171.453676168,-0.007326126,-0.056165695,1,0.000000000,0.000000000,-0.002442360,0.006837845,1,-3.000000000,-171.887338539,-0.007326126,-0.034187317,1,-0.219158173,-12.556838336,-0.021978378,-0.002442360,1,-1.189777374,-68.169222106,-0.036628723,-0.003663063,2.988997936,171.256966720,0.000000000,-0.000000000,8.000000000,2.500000000,0.000000000,0.000000000,0.000000000,2.708557367,2.000000000,0.500000000,-3.000000000,-171.887338539,0.000000000,-2.756333113,1.000000000,0.500000000,-0.219158173,-12.556838336,0.000000000,-0.430917025,0.500000000,0.200000003,-1.183641434,-67.817658609,0.000000000,0.000209900,0.000000000,0.100000001
2026-07-06 20:20:00.759,1783340400.759312391,396.017496184,1,1,396.004546135,1,0.004647729,5,1,0.005449526,5,1,0,1,0,0,1,1,1,0,1,0,-1.000000000,0.000000000,0.000000000,0.000000000,0,-1.000000000,0,0,0,,0,-1.000000000,,0,0,0.000000000,0.000000000,0,-1.000000000,0,,0,-1.000000000,,0,-1.000000000,0,,1,2.992431164,171.453676168,-0.021978378,-0.056165695,1,0.000000000,0.000000000,-0.002442360,0.006837845,1,-3.000000000,-171.887338539,-0.002442360,-0.034187317,1,-0.219158173,-12.556838336,-0.007326126,-0.002442360,1,-1.189777374,-68.169222106,-0.036628723,-0.003663063,2.988997936,171.256966720,0.000000000,-0.000000000,8.000000000,2.500000000,0.000000000,0.000000000,0.000000000,2.708557367,2.000000000,0.500000000,-3.000000000,-171.887338539,0.000000000,-2.756333113,1.000000000,0.500000000,-0.219158173,-12.556838336,0.000000000,-0.430917025,0.500000000,0.200000003,-1.183641434,-67.817658609,0.000000000,0.000209900,0.000000000,0.100000001
2026-07-06 20:20:01.759,1783340401.759451628,397.017635461,1,1,397.004685412,1,0.004658694,5,1,0.005626862,5,1,0,1,0,0,1,1,1,0,1,0,-1.000000000,0.000000000,0.000000000,0.000000000,0,-1.000000000,0,0,0,,0,-1.000000000,,0,0,0.000000000,0.000000000,0,-1.000000000,0,,0,-1.000000000,,0,-1.000000000,0,,1,2.992431164,171.453676168,-0.021978378,-0.051281929,1,0.000000000,0.000000000,-0.007326126,0.006837845,1,-3.000000000,-171.887338539,0.002442360,-0.034187317,1,-0.219158173,-12.556838336,-0.007326126,-0.007326126,1,-1.189777374,-68.169222106,-0.012210846,-0.003663063,2.988997936,171.256966720,0.000000000,-0.000000000,8.000000000,2.500000000,0.000000000,0.000000000,0.000000000,2.708557367,2.000000000,0.500000000,-3.000000000,-171.887338539,0.000000000,-2.756333113,1.000000000,0.500000000,-0.219158173,-12.556838336,0.000000000,-0.430917025,0.500000000,0.200000003,-1.183641434,-67.817658609,0.000000000,0.000209900,0.000000000,0.100000001
2026-07-06 20:20:02.759,1783340402.759391546,398.017575220,1,1,398.004625171,1,0.004556090,5,1,0.005443324,5,1,0,1,0,0,1,1,1,0,1,0,-1.000000000,0.000000000,0.000000000,0.000000000,0,-1.000000000,0,0,0,,0,-1.000000000,,0,0,0.000000000,0.000000000,0,-1.000000000,0,,0,-1.000000000,,0,-1.000000000,0,,1,2.992431164,171.453676168,-0.007326126,-0.051281929,1,0.000000000,0.000000000,-0.007326126,0.006837845,1,-3.000000000,-171.887338539,-0.007326126,-0.034187317,1,-0.219158173,-12.556838336,0.007326126,-0.007326126,1,-1.189777374,-68.169222106,-0.012210846,-0.003663063,2.988997936,171.256966720,0.000000000,-0.000000000,8.000000000,2.500000000,0.000000000,0.000000000,0.000000000,2.708557367,2.000000000,0.500000000,-3.000000000,-171.887338539,0.000000000,-2.756333113,1.000000000,0.500000000,-0.219158173,-12.556838336,0.000000000,-0.430917025,0.500000000,0.200000003,-1.183641434,-67.817658609,0.000000000,0.000209900,0.000000000,0.100000001
2026-07-06 20:20:03.759,1783340403.759361744,399.017545535,1,1,399.004595486,1,0.004676329,5,1,0.005443219,5,1,0,1,0,0,1,1,1,0,1,0,-1.000000000,0.000000000,0.000000000,0.000000000,0,-1.000000000,0,0,0,,0,-1.000000000,,0,0,0.000000000,0.000000000,0,-1.000000000,0,,0,-1.000000000,,0,-1.000000000,0,,1,2.992431164,171.453676168,-0.021978378,-0.051281929,1,0.000000000,0.000000000,-0.007326126,0.006837845,1,-3.000000000,-171.887338539,-0.002442360,-0.020513535,1,-0.219158173,-12.556838336,-0.007326126,-0.007326126,1,-1.189777374,-68.169222106,0.012210846,-0.003663063,2.988997936,171.256966720,0.000000000,-0.000000000,8.000000000,2.500000000,0.000000000,0.000000000,0.000000000,2.708557367,2.000000000,0.500000000,-3.000000000,-171.887338539,0.000000000,-2.756333113,1.000000000,0.500000000,-0.219158173,-12.556838336,0.000000000,-0.430917025,0.500000000,0.200000003,-1.183641434,-67.817658609,0.000000000,0.000209900,0.000000000,0.100000001
2026-07-06 20:20:04.759,1783340404.759374380,400.017558146,1,1,400.004608097,1,0.004595965,5,1,0.005316339,5,1,0,1,0,0,1,1,1,0,1,0,-1.000000000,0.000000000,0.000000000,0.000000000,0,-1.000000000,0,0,0,,0,-1.000000000,,0,0,0.000000000,0.000000000,0,-1.000000000,0,,0,-1.000000000,,0,-1.000000000,0,,1,2.992431164,171.453676168,-0.021978378,-0.051281929,1,0.000000000,0.000000000,-0.007326126,0.006837845,1,-3.000000000,-171.887338539,-0.007326126,-0.034187317,1,-0.219158173,-12.556838336,-0.007326126,-0.002442360,1,-1.189777374,-68.169222106,-0.012210846,-0.003663063,2.988997936,171.256966720,0.000000000,-0.000000000,8.000000000,2.500000000,0.000000000,0.000000000,0.000000000,2.708557367,2.000000000,0.500000000,-3.000000000,-171.887338539,0.000000000,-2.756333113,1.000000000,0.500000000,-0.219158173,-12.556838336,0.000000000,-0.430917025,0.500000000,0.200000003,-1.183641434,-67.817658609,0.000000000,0.000209900,0.000000000,0.100000001
2026-07-06 20:20:05.759,1783340405.759458780,401.017642606,1,1,401.004692557,1,0.004531226,5,1,0.005489191,5,1,0,1,0,0,1,1,1,0,1,0,-1.000000000,0.000000000,0.000000000,0.000000000,0,-1.000000000,0,0,0,,0,-1.000000000,,0,0,0.000000000,0.000000000,0,-1.000000000,0,,0,-1.000000000,,0,-1.000000000,0,,1,2.992431164,171.453676168,-0.007326126,-0.051281929,1,0.000000000,0.000000000,-0.002442360,0.006837845,1,-3.000000000,-171.887338539,-0.002442360,-0.034187317,1,-0.219158173,-12.556838336,-0.021978378,-0.002442360,1,-1.189777374,-68.169222106,-0.012210846,-0.003663063,2.988997936,171.256966720,0.000000000,-0.000000000,8.000000000,2.500000000,0.000000000,0.000000000,0.000000000,2.708557367,2.000000000,0.500000000,-3.000000000,-171.887338539,0.000000000,-2.756333113,1.000000000,0.500000000,-0.219158173,-12.556838336,0.000000000,-0.430917025,0.500000000,0.200000003,-1.183641434,-67.817658609,0.000000000,0.000209900,0.000000000,0.100000001
2026-07-06 20:20:06.759,1783340406.759455442,402.017639335,1,1,402.004689286,1,0.004854161,5,1,0.005611196,5,1,0,1,0,0,1,1,1,0,1,0,-1.000000000,0.000000000,0.000000000,0.000000000,0,-1.000000000,0,0,0,,0,-1.000000000,,0,0,0.000000000,0.000000000,0,-1.000000000,0,,0,-1.000000000,,0,-1.000000000,0,,1,2.992431164,171.453676168,-0.007326126,-0.051281929,1,0.000000000,0.000000000,-0.002442360,0.006837845,1,-3.000000000,-171.887338539,-0.007326126,-0.034187317,1,-0.219158173,-12.556838336,-0.007326126,-0.002442360,1,-1.189777374,-68.169222106,-0.036628723,-0.003663063,2.988997936,171.256966720,0.000000000,-0.000000000,8.000000000,2.500000000,0.000000000,0.000000000,0.000000000,2.708557367,2.000000000,0.500000000,-3.000000000,-171.887338539,0.000000000,-2.756333113,1.000000000,0.500000000,-0.219158173,-12.556838336,0.000000000,-0.430917025,0.500000000,0.200000003,-1.183641434,-67.817658609,0.000000000,0.000209900,0.000000000,0.100000001
2026-07-06 20:20:07.759,1783340407.759397984,403.017581780,1,1,403.004631731,1,0.004486949,5,1,0.005277841,5,1,0,1,0,0,1,1,1,0,1,0,-1.000000000,0.000000000,0.000000000,0.000000000,0,-1.000000000,0,0,0,,0,-1.000000000,,0,0,0.000000000,0.000000000,0,-1.000000000,0,,0,-1.000000000,,0,-1.000000000,0,,1,2.992431164,171.453676168,-0.007326126,-0.051281929,0,0.000000000,0.000000000,-0.002442360,0.006837845,1,-3.000000000,-171.887338539,-0.002442360,-0.047863007,1,-0.219158173,-12.556838336,-0.007326126,-0.002442360,1,-1.189777374,-68.169222106,-0.012210846,-0.003663063,2.988997936,171.256966720,0.000000000,-0.000000000,8.000000000,2.500000000,0.000000000,0.000000000,0.000000000,2.708557367,2.000000000,0.500000000,-3.000000000,-171.887338539,0.000000000,-2.756333113,1.000000000,0.500000000,-0.219158173,-12.556838336,0.000000000,-0.430917025,0.500000000,0.200000003,-1.183641434,-67.817658609,0.000000000,0.000209900,0.000000000,0.100000001
2026-07-06 20:20:08.759,1783340408.759410143,404.017593984,1,1,404.004643935,1,0.004445148,5,1,0.005314877,5,1,0,1,0,0,1,1,1,0,1,0,-1.000000000,0.000000000,0.000000000,0.000000000,0,-1.000000000,0,0,0,,0,-1.000000000,,0,0,0.000000000,0.000000000,0,-1.000000000,0,,0,-1.000000000,,0,-1.000000000,0,,1,2.992431164,171.453676168,-0.007326126,-0.051281929,1,0.000000000,0.000000000,-0.002442360,0.006837845,1,-3.000000000,-171.887338539,-0.002442360,-0.034187317,1,-0.219158173,-12.556838336,-0.007326126,-0.007326126,1,-1.189777374,-68.169222106,-0.012210846,-0.003663063,2.988997936,171.256966720,0.000000000,-0.000000000,8.000000000,2.500000000,0.000000000,0.000000000,0.000000000,2.708557367,2.000000000,0.500000000,-3.000000000,-171.887338539,0.000000000,-2.756333113,1.000000000,0.500000000,-0.219158173,-12.556838336,0.000000000,-0.430917025,0.500000000,0.200000003,-1.183641434,-67.817658609,0.000000000,0.000209900,0.000000000,0.100000001
2026-07-06 20:20:09.759,1783340409.759513855,405.017697603,1,1,405.004747554,1,0.004198132,5,1,0.005504303,5,1,0,1,0,0,1,1,1,0,1,0,-1.000000000,0.000000000,0.000000000,0.000000000,0,-1.000000000,0,0,0,,0,-1.000000000,,0,0,0.000000000,0.000000000,0,-1.000000000,0,,0,-1.000000000,,0,-1.000000000,0,,1,2.992431164,171.453676168,-0.021978378,-0.056165695,1,0.000000000,0.000000000,-0.002442360,0.020513535,1,-3.000000000,-171.887338539,-0.002442360,-0.034187317,1,-0.219158173,-12.556838336,-0.007326126,-0.002442360,1,-1.189777374,-68.169222106,-0.012210846,-0.003663063,2.988997936,171.256966720,0.000000000,-0.000000000,8.000000000,2.500000000,0.000000000,0.000000000,0.000000000,2.708557367,2.000000000,0.500000000,-3.000000000,-171.887338539,0.000000000,-2.756333113,1.000000000,0.500000000,-0.219158173,-12.556838336,0.000000000,-0.430917025,0.500000000,0.200000003,-1.183641434,-67.817658609,0.000000000,0.000209900,0.000000000,0.100000001
2026-07-06 20:20:10.759,1783340410.759436846,406.017620475,1,1,406.004670426,1,0.004466655,5,1,0.005474535,5,1,0,1,0,0,1,1,1,0,1,0,-1.000000000,0.000000000,0.000000000,0.000000000,0,-1.000000000,0,0,0,,0,-1.000000000,,0,0,0.000000000,0.000000000,0,-1.000000000,0,,0,-1.000000000,,0,-1.000000000,0,,1,2.992431164,171.453676168,-0.021978378,-0.051281929,1,0.000000000,0.000000000,-0.002442360,-0.006837845,1,-3.000000000,-171.887338539,-0.002442360,-0.034187317,1,-0.219158173,-12.556838336,0.007326126,-0.002442360,1,-1.189777374,-68.169222106,-0.012210846,-0.003663063,2.988997936,171.256966720,0.000000000,-0.000000000,8.000000000,2.500000000,0.000000000,0.000000000,0.000000000,2.708557367,2.000000000,0.500000000,-3.000000000,-171.887338539,0.000000000,-2.756333113,1.000000000,0.500000000,-0.219158173,-12.556838336,0.000000000,-0.430917025,0.500000000,0.200000003,-1.183641434,-67.817658609,0.000000000,0.000209900,0.000000000,0.100000001
2026-07-06 20:20:11.759,1783340411.759717703,407.017901342,1,1,407.004951293,1,0.004657187,5,1,0.005775183,5,1,0,1,0,0,1,1,1,0,1,0,-1.000000000,0.000000000,0.000000000,0.000000000,0,-1.000000000,0,0,0,,0,-1.000000000,,0,0,0.000000000,0.000000000,0,-1.000000000,0,,0,-1.000000000,,0,-1.000000000,0,,1,2.992431164,171.453676168,-0.021978378,-0.056165695,1,0.000000000,0.000000000,-0.007326126,0.020513535,1,-3.000000000,-171.887338539,0.002442360,-0.034187317,1,-0.219158173,-12.556838336,-0.007326126,-0.002442360,1,-1.189777374,-68.169222106,-0.012210846,-0.003663063,2.988997936,171.256966720,0.000000000,-0.000000000,8.000000000,2.500000000,0.000000000,0.000000000,0.000000000,2.708557367,2.000000000,0.500000000,-3.000000000,-171.887338539,0.000000000,-2.756333113,1.000000000,0.500000000,-0.219158173,-12.556838336,0.000000000,-0.430917025,0.500000000,0.200000003,-1.183641434,-67.817658609,0.000000000,0.000209900,0.000000000,0.100000001
2026-07-06 20:20:12.759,1783340412.759486914,408.017670735,1,1,408.004720686,1,0.004160014,5,1,0.005321135,5,1,0,1,0,0,1,1,1,0,1,0,-1.000000000,0.000000000,0.000000000,0.000000000,0,-1.000000000,0,0,0,,0,-1.000000000,,0,0,0.000000000,0.000000000,0,-1.000000000,0,,0,-1.000000000,,0,-1.000000000,0,,1,2.992431164,171.453676168,-0.021978378,-0.056165695,1,0.000000000,0.000000000,0.002442360,0.006837845,1,-3.000000000,-171.887338539,-0.002442360,-0.034187317,1,-0.219158173,-12.556838336,-0.007326126,-0.007326126,1,-1.189777374,-68.169222106,0.036628723,-0.003663063,2.988997936,171.256966720,0.000000000,-0.000000000,8.000000000,2.500000000,0.000000000,0.000000000,0.000000000,2.708557367,2.000000000,0.500000000,-3.000000000,-171.887338539,0.000000000,-2.756333113,1.000000000,0.500000000,-0.219158173,-12.556838336,0.000000000,-0.430917025,0.500000000,0.200000003,-1.183641434,-67.817658609,0.000000000,0.000209900,0.000000000,0.100000001
2026-07-06 20:20:13.759,1783340413.759570599,409.017754610,1,1,409.004804561,1,0.004973428,5,1,0.005540271,5,1,0,1,0,0,1,1,1,0,1,0,-1.000000000,0.000000000,0.000000000,0.000000000,0,-1.000000000,0,0,0,,0,-1.000000000,,0,0,0.000000000,0.000000000,0,-1.000000000,0,,0,-1.000000000,,0,-1.000000000,0,,1,2.992431164,171.453676168,-0.007326126,-0.051281929,1,0.000000000,0.000000000,-0.002442360,0.020513535,1,-3.000000000,-171.887338539,-0.002442360,-0.034187317,1,-0.218776703,-12.534981731,-0.007326126,-0.007326126,1,-1.189777374,-68.169222106,-0.036628723,-0.003663063,2.988997936,171.256966720,0.000000000,-0.000000000,8.000000000,2.500000000,0.000000000,0.000000000,0.000000000,2.708557367,2.000000000,0.500000000,-3.000000000,-171.887338539,0.000000000,-2.756333113,1.000000000,0.500000000,-0.219158173,-12.556838336,0.000000000,-0.430917025,0.500000000,0.200000003,-1.183641434,-67.817658609,0.000000000,0.000209900,0.000000000,0.100000001
2026-07-06 20:20:14.759,1783340414.759637356,410.017820935,1,1,410.004870886,1,0.004216669,5,1,0.005425753,5,1,0,1,0,0,1,1,1,0,1,0,-1.000000000,0.000000000,0.000000000,0.000000000,0,-1.000000000,0,0,0,,0,-1.000000000,,0,0,0.000000000,0.000000000,0,-1.000000000,0,,0,-1.000000000,,0,-1.000000000,0,,1,2.992431164,171.453676168,0.007326126,-0.056165695,1,0.000000000,0.000000000,0.002442360,0.006837845,1,-3.000000000,-171.887338539,-0.002442360,-0.047863007,1,-0.219158173,-12.556838336,-0.007326126,-0.007326126,1,-1.189777374,-68.169222106,-0.012210846,-0.003663063,2.988997936,171.256966720,0.000000000,-0.000000000,8.000000000,2.500000000,0.000000000,0.000000000,0.000000000,2.708557367,2.000000000,0.500000000,-3.000000000,-171.887338539,0.000000000,-2.756333113,1.000000000,0.500000000,-0.219158173,-12.556838336,0.000000000,-0.430917025,0.500000000,0.200000003,-1.183641434,-67.817658609,0.000000000,0.000209900,0.000000000,0.100000001
2026-07-06 20:20:15.759,1783340415.759500504,411.017684289,1,1,411.004734240,1,0.003630085,5,1,0.005389989,5,1,0,1,0,0,1,1,1,0,1,0,-1.000000000,0.000000000,0.000000000,0.000000000,0,-1.000000000,0,0,0,,0,-1.000000000,,0,0,0.000000000,0.000000000,0,-1.000000000,0,,0,-1.000000000,,0,-1.000000000,0,,1,2.992431164,171.453676168,0.007326126,-0.051281929,1,0.000000000,0.000000000,0.002442360,0.006837845,1,-3.000000000,-171.887338539,-0.002442360,-0.034187317,1,-0.219158173,-12.556838336,-0.007326126,-0.002442360,1,-1.189777374,-68.169222106,-0.036628723,-0.003663063,2.988997936,171.256966720,0.000000000,-0.000000000,8.000000000,2.500000000,0.000000000,0.000000000,0.000000000,2.708557367,2.000000000,0.500000000,-3.000000000,-171.887338539,0.000000000,-2.756333113,1.000000000,0.500000000,-0.219158173,-12.556838336,0.000000000,-0.430917025,0.500000000,0.200000003,-1.183641434,-67.817658609,0.000000000,0.000209900,0.000000000,0.100000001
2026-07-06 20:20:16.759,1783340416.759532452,412.017716301,1,1,412.004766252,1,0.004538992,5,1,0.005455689,5,1,0,1,0,0,1,1,1,0,1,0,-1.000000000,0.000000000,0.000000000,0.000000000,0,-1.000000000,0,0,0,,0,-1.000000000,,0,0,0.000000000,0.000000000,0,-1.000000000,0,,0,-1.000000000,,0,-1.000000000,0,,1,2.992431164,171.453676168,-0.007326126,-0.051281929,1,0.000000000,0.000000000,-0.002442360,0.020513535,1,-3.000000000,-171.887338539,-0.002442360,-0.047863007,1,-0.219158173,-12.556838336,-0.007326126,-0.002442360,1,-1.189777374,-68.169222106,-0.012210846,-0.003663063,2.988997936,171.256966720,0.000000000,-0.000000000,8.000000000,2.500000000,0.000000000,0.000000000,0.000000000,2.708557367,2.000000000,0.500000000,-3.000000000,-171.887338539,0.000000000,-2.756333113,1.000000000,0.500000000,-0.219158173,-12.556838336,0.000000000,-0.430917025,0.500000000,0.200000003,-1.183641434,-67.817658609,0.000000000,0.000209900,0.000000000,0.100000001
2026-07-06 20:20:17.759,1783340417.759475708,413.017659622,1,1,413.004709573,1,0.004725986,5,1,0.005422566,5,1,0,1,0,0,1,1,1,0,1,0,-1.000000000,0.000000000,0.000000000,0.000000000,0,-1.000000000,0,0,0,,0,-1.000000000,,0,0,0.000000000,0.000000000,0,-1.000000000,0,,0,-1.000000000,,0,-1.000000000,0,,1,2.992431164,171.453676168,-0.007326126,-0.056165695,1,0.000000000,0.000000000,-0.002442360,0.020513535,1,-3.000000000,-171.887338539,-0.002442360,-0.034187317,1,-0.219158173,-12.556838336,0.007326126,-0.002442360,1,-1.189777374,-68.169222106,0.012210846,-0.003663063,2.988997936,171.256966720,0.000000000,-0.000000000,8.000000000,2.500000000,0.000000000,0.000000000,0.000000000,2.708557367,2.000000000,0.500000000,-3.000000000,-171.887338539,0.000000000,-2.756333113,1.000000000,0.500000000,-0.219158173,-12.556838336,0.000000000,-0.430917025,0.500000000,0.200000003,-1.183641434,-67.817658609,0.000000000,0.000209900,0.000000000,0.100000001
2026-07-06 20:20:18.759,1783340418.759520531,414.017704409,1,1,414.004754360,1,0.004420847,5,1,0.005428712,5,1,0,1,0,0,1,1,1,0,1,0,-1.000000000,0.000000000,0.000000000,0.000000000,0,-1.000000000,0,0,0,,0,-1.000000000,,0,0,0.000000000,0.000000000,0,-1.000000000,0,,0,-1.000000000,,0,-1.000000000,0,,1,2.992431164,171.453676168,-0.007326126,-0.051281929,1,0.000000000,0.000000000,-0.002442360,0.020513535,1,-3.000000000,-171.887338539,0.002442360,-0.034187317,1,-0.219158173,-12.556838336,-0.007326126,-0.002442360,1,-1.189777374,-68.169222106,-0.012210846,-0.003663063,2.988997936,171.256966720,0.000000000,-0.000000000,8.000000000,2.500000000,0.000000000,0.000000000,0.000000000,2.708557367,2.000000000,0.500000000,-3.000000000,-171.887338539,0.000000000,-2.756333113,1.000000000,0.500000000,-0.219158173,-12.556838336,0.000000000,-0.430917025,0.500000000,0.200000003,-1.183641434,-67.817658609,0.000000000,0.000209900,0.000000000,0.100000001
2026-07-06 20:20:19.759,1783340419.759639025,415.017822926,1,1,415.004872877,1,0.004273791,5,1,0.005419102,5,1,0,1,0,0,1,1,1,0,1,0,-1.000000000,0.000000000,0.000000000,0.000000000,0,-1.000000000,0,0,0,,0,-1.000000000,,0,0,0.000000000,0.000000000,0,-1.000000000,0,,0,-1.000000000,,0,-1.000000000,0,,1,2.992431164,171.453676168,-0.007326126,-0.051281929,1,0.000000000,0.000000000,-0.007326126,0.020513535,1,-3.000000000,-171.887338539,0.002442360,-0.034187317,1,-0.219158173,-12.556838336,-0.007326126,-0.002442360,1,-1.189777374,-68.169222106,-0.036628723,-0.003663063,2.988997936,171.256966720,0.000000000,-0.000000000,8.000000000,2.500000000,0.000000000,0.000000000,0.000000000,2.708557367,2.000000000,0.500000000,-3.000000000,-171.887338539,0.000000000,-2.756333113,1.000000000,0.500000000,-0.219158173,-12.556838336,0.000000000,-0.430917025,0.500000000,0.200000003,-1.183641434,-67.817658609,0.000000000,0.000209900,0.000000000,0.100000001
2026-07-06 20:20:20.759,1783340420.759554386,416.017738174,1,1,416.004788125,1,0.004657369,5,1,0.005387665,5,1,0,1,0,0,1,1,1,0,1,0,-1.000000000,0.000000000,0.000000000,0.000000000,0,-1.000000000,0,0,0,,0,-1.000000000,,0,0,0.000000000,0.000000000,0,-1.000000000,0,,0,-1.000000000,,0,-1.000000000,0,,1,2.992431164,171.453676168,-0.007326126,-0.051281929,1,0.000000000,0.000000000,-0.002442360,0.020513535,1,-3.000000000,-171.887338539,-0.002442360,-0.034187317,1,-0.219158173,-12.556838336,-0.007326126,-0.007326126,1,-1.189393044,-68.147201576,-0.012210846,-0.003663063,2.988997936,171.256966720,0.000000000,-0.000000000,8.000000000,2.500000000,0.000000000,0.000000000,0.000000000,2.708557367,2.000000000,0.500000000,-3.000000000,-171.887338539,0.000000000,-2.756333113,1.000000000,0.500000000,-0.219158173,-12.556838336,0.000000000,-0.430917025,0.500000000,0.200000003,-1.183641434,-67.817658609,0.000000000,0.000209900,0.000000000,0.100000001
2026-07-06 20:20:21.759,1783340421.759524345,417.017708175,1,1,417.004758126,1,0.004468062,5,1,0.005386865,5,1,0,1,0,0,1,1,1,0,1,0,-1.000000000,0.000000000,0.000000000,0.000000000,0,-1.000000000,0,0,0,,0,-1.000000000,,0,0,0.000000000,0.000000000,0,-1.000000000,0,,0,-1.000000000,,0,-1.000000000,0,,1,2.992431164,171.453676168,-0.007326126,-0.051281929,1,0.000000000,0.000000000,0.002442360,0.006837845,1,-3.000000000,-171.887338539,-0.002442360,-0.034187317,1,-0.219158173,-12.556838336,-0.007326126,-0.007326126,1,-1.189777374,-68.169222106,-0.012210846,-0.003663063,2.988997936,171.256966720,0.000000000,-0.000000000,8.000000000,2.500000000,0.000000000,0.000000000,0.000000000,2.708557367,2.000000000,0.500000000,-3.000000000,-171.887338539,0.000000000,-2.756333113,1.000000000,0.500000000,-0.219158173,-12.556838336,0.000000000,-0.430917025,0.500000000,0.200000003,-1.183641434,-67.817658609,0.000000000,0.000209900,0.000000000,0.100000001
2026-07-06 20:20:22.759,1783340422.759566784,418.017750586,1,1,418.004800537,1,0.004662042,5,1,0.005465350,5,1,0,1,0,0,1,1,1,0,1,0,-1.000000000,0.000000000,0.000000000,0.000000000,0,-1.000000000,0,0,0,,0,-1.000000000,,0,0,0.000000000,0.000000000,0,-1.000000000,0,,0,-1.000000000,,0,-1.000000000,0,,1,2.992431164,171.453676168,-0.007326126,-0.056165695,1,0.000000000,0.000000000,-0.002442360,0.006837845,1,-3.000000000,-171.887338539,-0.002442360,-0.034187317,1,-0.218776703,-12.534981731,-0.007326126,-0.002442360,1,-1.189777374,-68.169222106,-0.012210846,-0.003663063,2.988997936,171.256966720,0.000000000,-0.000000000,8.000000000,2.500000000,0.000000000,0.000000000,0.000000000,2.708557367,2.000000000,0.500000000,-3.000000000,-171.887338539,0.000000000,-2.756333113,1.000000000,0.500000000,-0.219158173,-12.556838336,0.000000000,-0.430917025,0.500000000,0.200000003,-1.183641434,-67.817658609,0.000000000,0.000209900,0.000000000,0.100000001
2026-07-06 20:20:23.759,1783340423.759565115,419.017748922,1,1,419.004798873,1,0.004574555,5,1,0.005298487,5,1,0,1,0,0,1,1,1,0,1,0,-1.000000000,0.000000000,0.000000000,0.000000000,0,-1.000000000,0,0,0,,0,-1.000000000,,0,0,0.000000000,0.000000000,0,-1.000000000,0,,0,-1.000000000,,0,-1.000000000,0,,1,2.992431164,171.453676168,-0.036630630,-0.051281929,1,0.000000000,0.000000000,-0.002442360,0.006837845,1,-3.000000000,-171.887338539,-0.002442360,-0.034187317,1,-0.219158173,-12.556838336,-0.007326126,-0.002442360,1,-1.189777374,-68.169222106,-0.036628723,-0.003663063,2.988997936,171.256966720,0.000000000,-0.000000000,8.000000000,2.500000000,0.000000000,0.000000000,0.000000000,2.708557367,2.000000000,0.500000000,-3.000000000,-171.887338539,0.000000000,-2.756333113,1.000000000,0.500000000,-0.219158173,-12.556838336,0.000000000,-0.430917025,0.500000000,0.200000003,-1.183641434,-67.817658609,0.000000000,0.000209900,0.000000000,0.100000001
2026-07-06 20:20:24.759,1783340424.759624720,420.017808374,1,1,420.004858325,1,0.004552636,5,1,0.005464271,5,1,0,1,0,0,1,1,1,0,1,0,-1.000000000,0.000000000,0.000000000,0.000000000,0,-1.000000000,0,0,0,,0,-1.000000000,,0,0,0.000000000,0.000000000,0,-1.000000000,0,,0,-1.000000000,,0,-1.000000000,0,,1,2.992431164,171.453676168,-0.021978378,-0.051281929,1,0.000000000,0.000000000,0.002442360,0.006837845,1,-3.000000000,-171.887338539,-0.002442360,-0.047863007,1,-0.218776703,-12.534981731,0.007326126,-0.002442360,1,-1.189393044,-68.147201576,-0.012210846,-0.003663063,2.988997936,171.256966720,0.000000000,-0.000000000,8.000000000,2.500000000,0.000000000,0.000000000,0.000000000,2.708557367,2.000000000,0.500000000,-3.000000000,-171.887338539,0.000000000,-2.756333113,1.000000000,0.500000000,-0.219158173,-12.556838336,0.000000000,-0.430917025,0.500000000,0.200000003,-1.183641434,-67.817658609,0.000000000,0.000209900,0.000000000,0.100000001
2026-07-06 20:20:25.759,1783340425.759596109,421.017779790,1,1,421.004829741,1,0.004521302,5,1,0.005302340,5,1,0,1,0,0,1,1,1,0,1,0,-1.000000000,0.000000000,0.000000000,0.000000000,0,-1.000000000,0,0,0,,0,-1.000000000,,0,0,0.000000000,0.000000000,0,-1.000000000,0,,0,-1.000000000,,0,-1.000000000,0,,1,2.992431164,171.453676168,0.007326126,-0.051281929,1,0.000000000,0.000000000,-0.002442360,0.020513535,1,-3.000000000,-171.887338539,-0.002442360,-0.034187317,1,-0.219158173,-12.556838336,-0.021978378,-0.002442360,1,-1.189393044,-68.147201576,-0.012210846,-0.003663063,2.988997936,171.256966720,0.000000000,-0.000000000,8.000000000,2.500000000,0.000000000,0.000000000,0.000000000,2.708557367,2.000000000,0.500000000,-3.000000000,-171.887338539,0.000000000,-2.756333113,1.000000000,0.500000000,-0.219158173,-12.556838336,0.000000000,-0.430917025,0.500000000,0.200000003,-1.183641434,-67.817658609,0.000000000,0.000209900,0.000000000,0.100000001
2026-07-06 20:20:26.759,1783340426.759577274,422.017761113,1,1,422.004811064,1,0.004003375,5,1,0.004715509,5,1,0,1,0,0,1,1,1,0,1,0,-1.000000000,0.000000000,0.000000000,0.000000000,0,-1.000000000,0,0,0,,0,-1.000000000,,0,0,0.000000000,0.000000000,0,-1.000000000,0,,0,-1.000000000,,0,-1.000000000,0,,1,2.992431164,171.453676168,0.007326126,-0.051281929,1,0.000000000,0.000000000,0.002442360,0.006837845,1,-3.000000000,-171.887338539,-0.002442360,-0.034187317,1,-0.219158173,-12.556838336,-0.007326126,-0.002442360,1,-1.189777374,-68.169222106,-0.036628723,-0.003663063,2.988997936,171.256966720,0.000000000,-0.000000000,8.000000000,2.500000000,0.000000000,0.000000000,0.000000000,2.708557367,2.000000000,0.500000000,-3.000000000,-171.887338539,0.000000000,-2.756333113,1.000000000,0.500000000,-0.219158173,-12.556838336,0.000000000,-0.430917025,0.500000000,0.200000003,-1.183641434,-67.817658609,0.000000000,0.000209900,0.000000000,0.100000001
2026-07-06 20:20:27.759,1783340427.759690046,423.017873685,1,1,423.004923636,1,0.004678265,5,1,0.005627306,5,1,0,1,0,0,1,1,1,0,1,0,-1.000000000,0.000000000,0.000000000,0.000000000,0,-1.000000000,0,0,0,,0,-1.000000000,,0,0,0.000000000,0.000000000,0,-1.000000000,0,,0,-1.000000000,,0,-1.000000000,0,,1,2.992431164,171.453676168,-0.021978378,-0.051281929,1,0.000000000,0.000000000,-0.007326126,0.006837845,1,-3.000000000,-171.887338539,0.002442360,-0.034187317,1,-0.219158173,-12.556838336,-0.007326126,-0.002442360,1,-1.189777374,-68.169222106,0.012210846,-0.003663063,2.988997936,171.256966720,0.000000000,-0.000000000,8.000000000,2.500000000,0.000000000,0.000000000,0.000000000,2.708557367,2.000000000,0.500000000,-3.000000000,-171.887338539,0.000000000,-2.756333113,1.000000000,0.500000000,-0.219158173,-12.556838336,0.000000000,-0.430917025,0.500000000,0.200000003,-1.183641434,-67.817658609,0.000000000,0.000209900,0.000000000,0.100000001
2026-07-06 20:20:28.759,1783340428.759668827,424.017852612,1,1,424.004902563,1,0.004269826,5,1,0.005460914,5,1,0,1,0,0,1,1,1,0,1,0,-1.000000000,0.000000000,0.000000000,0.000000000,0,-1.000000000,0,0,0,,0,-1.000000000,,0,0,0.000000000,0.000000000,0,-1.000000000,0,,0,-1.000000000,,0,-1.000000000,0,,1,2.992431164,171.453676168,-0.007326126,-0.051281929,1,0.000000000,0.000000000,-0.002442360,0.006837845,1,-3.000000000,-171.887338539,-0.002442360,-0.034187317,1,-0.218776703,-12.534981731,0.007326126,-0.007326126,1,-1.189777374,-68.169222106,0.012210846,-0.003663063,2.988997936,171.256966720,0.000000000,-0.000000000,8.000000000,2.500000000,0.000000000,0.000000000,0.000000000,2.708557367,2.000000000,0.500000000,-3.000000000,-171.887338539,0.000000000,-2.756333113,1.000000000,0.500000000,-0.219158173,-12.556838336,0.000000000,-0.430917025,0.500000000,0.200000003,-1.183641434,-67.817658609,0.000000000,0.000209900,0.000000000,0.100000001
2026-07-06 20:20:29.759,1783340429.759804487,425.017988121,1,1,425.005038072,1,0.004740154,5,1,0.005455298,5,1,0,1,0,0,1,1,1,0,1,0,-1.000000000,0.000000000,0.000000000,0.000000000,0,-1.000000000,0,0,0,,0,-1.000000000,,0,0,0.000000000,0.000000000,0,-1.000000000,0,,0,-1.000000000,,0,-1.000000000,0,,1,2.992431164,171.453676168,-0.021978378,-0.056165695,1,0.000000000,0.000000000,-0.007326126,0.006837845,1,-3.000000000,-171.887338539,-0.002442360,-0.047863007,1,-0.219158173,-12.556838336,-0.007326126,-0.007326126,1,-1.189777374,-68.169222106,0.012210846,-0.003663063,2.988997936,171.256966720,0.000000000,-0.000000000,8.000000000,2.500000000,0.000000000,0.000000000,0.000000000,2.708557367,2.000000000,0.500000000,-3.000000000,-171.887338539,0.000000000,-2.756333113,1.000000000,0.500000000,-0.219158173,-12.556838336,0.000000000,-0.430917025,0.500000000,0.200000003,-1.183641434,-67.817658609,0.000000000,0.000209900,0.000000000,0.100000001
2026-07-06 20:20:30.759,1783340430.759695530,426.017879481,1,1,426.004929432,1,0.004411698,5,1,0.005526052,5,1,0,1,0,0,1,1,1,0,1,0,-1.000000000,0.000000000,0.000000000,0.000000000,0,-1.000000000,0,0,0,,0,-1.000000000,,0,0,0.000000000,0.000000000,0,-1.000000000,0,,0,-1.000000000,,0,-1.000000000,0,,1,2.992431164,171.453676168,-0.007326126,-0.051281929,1,0.000000000,0.000000000,-0.002442360,0.006837845,1,-3.000000000,-171.887338539,-0.002442360,-0.034187317,1,-0.219158173,-12.556838336,-0.021978378,-0.002442360,1,-1.189777374,-68.169222106,-0.012210846,-0.003663063,2.988997936,171.256966720,0.000000000,-0.000000000,8.000000000,2.500000000,0.000000000,0.000000000,0.000000000,2.708557367,2.000000000,0.500000000,-3.000000000,-171.887338539,0.000000000,-2.756333113,1.000000000,0.500000000,-0.219158173,-12.556838336,0.000000000,-0.430917025,0.500000000,0.200000003,-1.183641434,-67.817658609,0.000000000,0.000209900,0.000000000,0.100000001
2026-07-06 20:20:31.759,1783340431.759735823,427.017919550,1,1,427.004969501,1,0.004000171,5,1,0.005144483,5,1,0,1,0,0,1,1,1,0,1,0,-1.000000000,0.000000000,0.000000000,0.000000000,0,-1.000000000,0,0,0,,0,-1.000000000,,0,0,0.000000000,0.000000000,0,-1.000000000,0,,0,-1.000000000,,0,-1.000000000,0,,1,2.992431164,171.453676168,-0.007326126,-0.051281929,1,0.000000000,0.000000000,-0.002442360,0.006837845,1,-3.000000000,-171.887338539,-0.002442360,-0.034187317,1,-0.219158173,-12.556838336,-0.007326126,-0.007326126,1,-1.189777374,-68.169222106,-0.012210846,-0.003663063,2.988997936,171.256966720,0.000000000,-0.000000000,8.000000000,2.500000000,0.000000000,0.000000000,0.000000000,2.708557367,2.000000000,0.500000000,-3.000000000,-171.887338539,0.000000000,-2.756333113,1.000000000,0.500000000,-0.219158173,-12.556838336,0.000000000,-0.430917025,0.500000000,0.200000003,-1.183641434,-67.817658609,0.000000000,0.000209900,0.000000000,0.100000001
2026-07-06 20:20:32.759,1783340432.759701967,428.017885793,1,1,428.004935744,1,0.003835595,5,1,0.005021319,5,1,0,1,0,0,1,1,1,0,1,0,-1.000000000,0.000000000,0.000000000,0.000000000,0,-1.000000000,0,0,0,,0,-1.000000000,,0,0,0.000000000,0.000000000,0,-1.000000000,0,,0,-1.000000000,,0,-1.000000000,0,,1,2.992431164,171.453676168,-0.021978378,-0.051281929,1,0.000000000,0.000000000,-0.002442360,0.006837845,1,-3.000000000,-171.887338539,-0.007326126,-0.034187317,1,-0.219158173,-12.556838336,-0.007326126,-0.007326126,1,-1.189777374,-68.169222106,-0.012210846,-0.003663063,2.988997936,171.256966720,0.000000000,-0.000000000,8.000000000,2.500000000,0.000000000,0.000000000,0.000000000,2.708557367,2.000000000,0.500000000,-3.000000000,-171.887338539,0.000000000,-2.756333113,1.000000000,0.500000000,-0.219158173,-12.556838336,0.000000000,-0.430917025,0.500000000,0.200000003,-1.183641434,-67.817658609,0.000000000,0.000209900,0.000000000,0.100000001
2026-07-06 20:20:33.760,1783340433.759859800,429.018043618,1,1,429.005093569,1,0.003987393,5,1,0.005563734,5,1,0,1,0,0,1,1,1,0,1,0,-1.000000000,0.000000000,0.000000000,0.000000000,0,-1.000000000,0,0,0,,0,-1.000000000,,0,0,0.000000000,0.000000000,0,-1.000000000,0,,0,-1.000000000,,0,-1.000000000,0,,1,2.992431164,171.453676168,0.021978378,-0.051281929,1,0.000000000,0.000000000,-0.002442360,0.006837845,1,-3.000000000,-171.887338539,-0.007326126,-0.034187317,1,-0.219158173,-12.556838336,-0.021978378,-0.002442360,1,-1.189393044,-68.147201576,0.012210846,-0.003663063,2.988997936,171.256966720,0.000000000,-0.000000000,8.000000000,2.500000000,0.000000000,0.000000000,0.000000000,2.708557367,2.000000000,0.500000000,-3.000000000,-171.887338539,0.000000000,-2.756333113,1.000000000,0.500000000,-0.219158173,-12.556838336,0.000000000,-0.430917025,0.500000000,0.200000003,-1.183641434,-67.817658609,0.000000000,0.000209900,0.000000000,0.100000001
2026-07-06 20:20:34.759,1783340434.759834528,430.018018390,1,1,430.005068341,1,0.004205750,5,1,0.005460954,5,1,0,1,0,0,1,1,1,0,1,0,-1.000000000,0.000000000,0.000000000,0.000000000,0,-1.000000000,0,0,0,,0,-1.000000000,,0,0,0.000000000,0.000000000,0,-1.000000000,0,,0,-1.000000000,,0,-1.000000000,0,,1,2.992431164,171.453676168,-0.007326126,-0.056165695,1,0.000000000,0.000000000,-0.002442360,0.020513535,1,-3.000000000,-171.887338539,-0.002442360,-0.034187317,1,-0.218776703,-12.534981731,-0.007326126,-0.002442360,1,-1.189777374,-68.169222106,-0.012210846,-0.003663063,2.988997936,171.256966720,0.000000000,-0.000000000,8.000000000,2.500000000,0.000000000,0.000000000,0.000000000,2.708557367,2.000000000,0.500000000,-3.000000000,-171.887338539,0.000000000,-2.756333113,1.000000000,0.500000000,-0.219158173,-12.556838336,0.000000000,-0.430917025,0.500000000,0.200000003,-1.183641434,-67.817658609,0.000000000,0.000209900,0.000000000,0.100000001
2026-07-06 20:20:35.759,1783340435.759781837,431.017965560,1,1,431.005015511,1,0.004021505,5,1,0.005402434,5,1,0,1,0,0,1,1,1,0,1,0,-1.000000000,0.000000000,0.000000000,0.000000000,0,-1.000000000,0,0,0,,0,-1.000000000,,0,0,0.000000000,0.000000000,0,-1.000000000,0,,0,-1.000000000,,0,-1.000000000,0,,1,2.992431164,171.453676168,0.007326126,-0.051281929,1,0.000000000,0.000000000,-0.002442360,0.006837845,1,-3.000000000,-171.887338539,0.002442360,-0.034187317,1,-0.218776703,-12.534981731,0.007326126,-0.007326126,1,-1.189777374,-68.169222106,-0.012210846,-0.003663063,2.988997936,171.256966720,0.000000000,-0.000000000,8.000000000,2.500000000,0.000000000,0.000000000,0.000000000,2.708557367,2.000000000,0.500000000,-3.000000000,-171.887338539,0.000000000,-2.756333113,1.000000000,0.500000000,-0.219158173,-12.556838336,0.000000000,-0.430917025,0.500000000,0.200000003,-1.183641434,-67.817658609,0.000000000,0.000209900,0.000000000,0.100000001
2026-07-06 20:20:36.759,1783340436.759780645,432.017964402,1,1,432.005014353,1,0.004757133,5,1,0.005568280,5,1,0,1,0,0,1,1,1,0,1,0,-1.000000000,0.000000000,0.000000000,0.000000000,0,-1.000000000,0,0,0,,0,-1.000000000,,0,0,0.000000000,0.000000000,0,-1.000000000,0,,0,-1.000000000,,0,-1.000000000,0,,1,2.992431164,171.453676168,-0.021978378,-0.051281929,1,0.000000000,0.000000000,0.002442360,0.006837845,1,-3.000000000,-171.887338539,-0.002442360,-0.034187317,1,-0.219158173,-12.556838336,0.007326126,-0.007326126,1,-1.189777374,-68.169222106,-0.012210846,-0.003663063,2.988997936,171.256966720,0.000000000,-0.000000000,8.000000000,2.500000000,0.000000000,0.000000000,0.000000000,2.708557367,2.000000000,0.500000000,-3.000000000,-171.887338539,0.000000000,-2.756333113,1.000000000,0.500000000,-0.219158173,-12.556838336,0.000000000,-0.430917025,0.500000000,0.200000003,-1.183641434,-67.817658609,0.000000000,0.000209900,0.000000000,0.100000001
2026-07-06 20:20:37.759,1783340437.759801865,433.017985616,1,1,433.005035567,1,0.004588010,5,1,0.005458186,5,1,0,1,0,0,1,1,1,0,1,0,-1.000000000,0.000000000,0.000000000,0.000000000,0,-1.000000000,0,0,0,,0,-1.000000000,,0,0,0.000000000,0.000000000,0,-1.000000000,0,,0,-1.000000000,,0,-1.000000000,0,,1,2.992431164,171.453676168,-0.007326126,-0.051281929,1,0.000000000,0.000000000,-0.002442360,0.006837845,1,-3.000000000,-171.887338539,0.002442360,-0.034187317,1,-0.219158173,-12.556838336,-0.007326126,-0.002442360,1,-1.189393044,-68.147201576,-0.012210846,-0.003663063,2.988997936,171.256966720,0.000000000,-0.000000000,8.000000000,2.500000000,0.000000000,0.000000000,0.000000000,2.708557367,2.000000000,0.500000000,-3.000000000,-171.887338539,0.000000000,-2.756333113,1.000000000,0.500000000,-0.219158173,-12.556838336,0.000000000,-0.430917025,0.500000000,0.200000003,-1.183641434,-67.817658609,0.000000000,0.000209900,0.000000000,0.100000001
2026-07-06 20:20:38.759,1783340438.759810209,434.017994072,1,1,434.005044023,1,0.004452344,5,1,0.005483252,5,1,0,1,0,0,1,1,1,0,1,0,-1.000000000,0.000000000,0.000000000,0.000000000,0,-1.000000000,0,0,0,,0,-1.000000000,,0,0,0.000000000,0.000000000,0,-1.000000000,0,,0,-1.000000000,,0,-1.000000000,0,,1,2.992431164,171.453676168,-0.007326126,-0.051281929,1,0.000000000,0.000000000,-0.007326126,0.006837845,1,-3.000000000,-171.887338539,-0.007326126,-0.047863007,1,-0.219158173,-12.556838336,-0.007326126,-0.002442360,1,-1.189777374,-68.169222106,-0.036628723,-0.003663063,2.988997936,171.256966720,0.000000000,-0.000000000,8.000000000,2.500000000,0.000000000,0.000000000,0.000000000,2.708557367,2.000000000,0.500000000,-3.000000000,-171.887338539,0.000000000,-2.756333113,1.000000000,0.500000000,-0.219158173,-12.556838336,0.000000000,-0.430917025,0.500000000,0.200000003,-1.183641434,-67.817658609,0.000000000,0.000209900,0.000000000,0.100000001
2026-07-06 20:20:39.760,1783340439.759841681,435.018025578,1,1,435.005075529,1,0.004434542,5,1,0.005594588,5,1,0,1,0,0,1,1,1,0,1,0,-1.000000000,0.000000000,0.000000000,0.000000000,0,-1.000000000,0,0,0,,0,-1.000000000,,0,0,0.000000000,0.000000000,0,-1.000000000,0,,0,-1.000000000,,0,-1.000000000,0,,1,2.992431164,171.453676168,-0.007326126,-0.051281929,1,0.000000000,0.000000000,-0.002442360,0.006837845,1,-3.000000000,-171.887338539,-0.002442360,-0.034187317,1,-0.219158173,-12.556838336,-0.007326126,-0.002442360,1,-1.189777374,-68.169222106,-0.036628723,-0.003663063,2.988997936,171.256966720,0.000000000,-0.000000000,8.000000000,2.500000000,0.000000000,0.000000000,0.000000000,2.708557367,2.000000000,0.500000000,-3.000000000,-171.887338539,0.000000000,-2.756333113,1.000000000,0.500000000,-0.219158173,-12.556838336,0.000000000,-0.430917025,0.500000000,0.200000003,-1.183641434,-67.817658609,0.000000000,0.000209900,0.000000000,0.100000001
2026-07-06 20:20:40.760,1783340440.760015011,436.018198933,1,1,436.005248884,1,0.004976103,5,1,0.005926079,5,1,0,1,0,0,1,1,1,0,1,0,-1.000000000,0.000000000,0.000000000,0.000000000,0,-1.000000000,0,0,0,,0,-1.000000000,,0,0,0.000000000,0.000000000,0,-1.000000000,0,,0,-1.000000000,,0,-1.000000000,0,,1,2.992431164,171.453676168,-0.007326126,-0.051281929,1,0.000000000,0.000000000,-0.002442360,0.006837845,1,-3.000000000,-171.887338539,-0.002442360,-0.034187317,1,-0.219158173,-12.556838336,-0.007326126,-0.002442360,1,-1.189777374,-68.169222106,-0.036628723,-0.003663063,2.988997936,171.256966720,0.000000000,-0.000000000,8.000000000,2.500000000,0.000000000,0.000000000,0.000000000,2.708557367,2.000000000,0.500000000,-3.000000000,-171.887338539,0.000000000,-2.756333113,1.000000000,0.500000000,-0.219158173,-12.556838336,0.000000000,-0.430917025,0.500000000,0.200000003,-1.183641434,-67.817658609,0.000000000,0.000209900,0.000000000,0.100000001
2026-07-06 20:20:41.759,1783340441.759843111,437.018026788,1,1,437.005076739,1,0.004540730,5,1,0.005482309,5,1,0,1,0,0,1,1,1,0,1,0,-1.000000000,0.000000000,0.000000000,0.000000000,0,-1.000000000,0,0,0,,0,-1.000000000,,0,0,0.000000000,0.000000000,0,-1.000000000,0,,0,-1.000000000,,0,-1.000000000,0,,1,2.992431164,171.453676168,-0.007326126,-0.046398163,1,0.000000000,0.000000000,-0.002442360,0.006837845,1,-3.000000000,-171.887338539,-0.002442360,-0.047863007,1,-0.218776703,-12.534981731,0.007326126,-0.002442360,1,-1.189777374,-68.169222106,-0.036628723,-0.003663063,2.988997936,171.256966720,0.000000000,-0.000000000,8.000000000,2.500000000,0.000000000,0.000000000,0.000000000,2.708557367,2.000000000,0.500000000,-3.000000000,-171.887338539,0.000000000,-2.756333113,1.000000000,0.500000000,-0.219158173,-12.556838336,0.000000000,-0.430917025,0.500000000,0.200000003,-1.183641434,-67.817658609,0.000000000,0.000209900,0.000000000,0.100000001
2026-07-06 20:20:42.759,1783340442.759752274,438.017936006,1,1,438.004985957,1,0.004372157,5,1,0.005574174,5,1,0,1,0,0,1,1,1,0,1,0,-1.000000000,0.000000000,0.000000000,0.000000000,0,-1.000000000,0,0,0,,0,-1.000000000,,0,0,0.000000000,0.000000000,0,-1.000000000,0,,0,-1.000000000,,0,-1.000000000,0,,1,2.997772694,171.759723285,0.065933228,-0.300366402,1,0.000000000,0.000000000,-0.002442360,0.006837845,1,-3.000000000,-171.887338539,-0.002442360,-0.047863007,1,-0.219158173,-12.556838336,-0.007326126,-0.002442360,1,-1.189777374,-68.169222106,-0.036628723,-0.003663063,2.988997936,171.256966720,0.000000000,-0.000000000,8.000000000,2.500000000,0.000000000,0.000000000,0.000000000,2.708557367,2.000000000,0.500000000,-3.000000000,-171.887338539,0.000000000,-2.756333113,1.000000000,0.500000000,-0.219158173,-12.556838336,0.000000000,-0.430917025,0.500000000,0.200000003,-1.183641434,-67.817658609,0.000000000,0.000209900,0.000000000,0.100000001
2026-07-06 20:20:43.759,1783340443.759823799,439.018007554,1,1,439.005057505,1,0.004767110,5,1,0.005670344,5,1,0,1,0,0,1,1,1,0,1,0,-1.000000000,0.000000000,0.000000000,0.000000000,0,-1.000000000,0,0,0,,0,-1.000000000,,0,0,0.000000000,0.000000000,0,-1.000000000,0,,0,-1.000000000,,0,-1.000000000,0,,1,2.999298573,171.847149706,-0.007326126,-0.105006218,1,0.000000000,0.000000000,-0.007326126,0.006837845,1,-3.000000000,-171.887338539,0.002442360,-0.047863007,1,-0.218776703,-12.534981731,-0.007326126,-0.002442360,1,-1.189777374,-68.169222106,-0.036628723,-0.003663063,2.988997936,171.256966720,0.000000000,-0.000000000,8.000000000,2.500000000,0.000000000,0.000000000,0.000000000,2.708557367,2.000000000,0.500000000,-3.000000000,-171.887338539,0.000000000,-2.756333113,1.000000000,0.500000000,-0.219158173,-12.556838336,0.000000000,-0.430917025,0.500000000,0.200000003,-1.183641434,-67.817658609,0.000000000,0.000209900,0.000000000,0.100000001
2026-07-06 20:20:44.759,1783340444.759791136,440.017974813,1,1,440.005024764,1,0.004484862,5,1,0.005356745,5,1,0,1,0,0,1,1,1,0,1,0,-1.000000000,0.000000000,0.000000000,0.000000000,0,-1.000000000,0,0,0,,0,-1.000000000,,0,0,0.000000000,0.000000000,0,-1.000000000,0,,0,-1.000000000,,0,-1.000000000,0,,1,2.996246815,171.672296863,-0.036630630,-0.056165695,1,0.000000000,0.000000000,0.002442360,0.020513535,1,-3.000000000,-171.887338539,-0.002442360,-0.047863007,1,-0.218776703,-12.534981731,-0.007326126,-0.002442360,1,-1.189777374,-68.169222106,-0.012210846,-0.003663063,2.988997936,171.256966720,0.000000000,-0.000000000,8.000000000,2.500000000,0.000000000,0.000000000,0.000000000,2.708557367,2.000000000,0.500000000,-3.000000000,-171.887338539,0.000000000,-2.756333113,1.000000000,0.500000000,-0.219158173,-12.556838336,0.000000000,-0.430917025,0.500000000,0.200000003,-1.183641434,-67.817658609,0.000000000,0.000209900,0.000000000,0.100000001
2026-07-06 20:20:45.760,1783340445.759937525,441.018121338,1,1,441.005171289,1,0.004200138,5,1,0.005505158,5,1,0,1,0,0,1,1,1,0,1,0,-1.000000000,0.000000000,0.000000000,0.000000000,0,-1.000000000,0,0,0,,0,-1.000000000,,0,0,0.000000000,0.000000000,0,-1.000000000,0,,0,-1.000000000,,0,-1.000000000,0,,1,2.996628284,171.694153469,-0.007326126,-0.085470200,1,0.000000000,0.000000000,-0.002442360,0.020513535,1,-3.000000000,-171.887338539,-0.002442360,-0.034187317,1,-0.218776703,-12.534981731,-0.007326126,-0.007326126,1,-1.189777374,-68.169222106,-0.012210846,-0.003663063,2.988997936,171.256966720,0.000000000,-0.000000000,8.000000000,2.500000000,0.000000000,0.000000000,0.000000000,2.708557367,2.000000000,0.500000000,-3.000000000,-171.887338539,0.000000000,-2.756333113,1.000000000,0.500000000,-0.219158173,-12.556838336,0.000000000,-0.430917025,0.500000000,0.200000003,-1.183641434,-67.817658609,0.000000000,0.000209900,0.000000000,0.100000001
2026-07-06 20:20:46.759,1783340446.759773731,442.017957578,1,1,442.005007529,1,0.004358339,5,1,0.005624448,5,1,0,1,0,0,1,1,1,0,1,0,-1.000000000,0.000000000,0.000000000,0.000000000,0,-1.000000000,0,0,0,,0,-1.000000000,,0,0,0.000000000,0.000000000,0,-1.000000000,0,,0,-1.000000000,,0,-1.000000000,0,,1,2.996628284,171.694153469,-0.007326126,-0.080586433,1,0.000000000,0.000000000,-0.002442360,0.020513535,1,-3.000000000,-171.887338539,-0.002442360,-0.034187317,1,-0.218776703,-12.534981731,0.007326126,-0.002442360,1,-1.189777374,-68.169222106,-0.012210846,-0.003663063,2.988997936,171.256966720,0.000000000,-0.000000000,8.000000000,2.500000000,0.000000000,0.000000000,0.000000000,2.708557367,2.000000000,0.500000000,-3.000000000,-171.887338539,0.000000000,-2.756333113,1.000000000,0.500000000,-0.219158173,-12.556838336,0.000000000,-0.430917025,0.500000000,0.200000003,-1.183641434,-67.817658609,0.000000000,0.000209900,0.000000000,0.100000001
2026-07-06 20:20:47.759,1783340447.759865284,443.018049184,1,1,443.005099135,1,0.004171903,5,1,0.005713908,5,1,0,1,0,0,1,1,1,0,1,0,-1.000000000,0.000000000,0.000000000,0.000000000,0,-1.000000000,0,0,0,,0,-1.000000000,,0,0,0.000000000,0.000000000,0,-1.000000000,0,,0,-1.000000000,,0,-1.000000000,0,,1,2.999298573,171.847149706,0.007326126,-0.095237732,1,0.000000000,0.000000000,-0.007326126,0.020513535,1,-3.000000000,-171.887338539,-0.002442360,-0.034187317,1,-0.219158173,-12.556838336,-0.021978378,-0.007326126,1,-1.189777374,-68.169222106,-0.012210846,-0.003663063,2.988997936,171.256966720,0.000000000,-0.000000000,8.000000000,2.500000000,0.000000000,0.000000000,0.000000000,2.708557367,2.000000000,0.500000000,-3.000000000,-171.887338539,0.000000000,-2.756333113,1.000000000,0.500000000,-0.219158173,-12.556838336,0.000000000,-0.430917025,0.500000000,0.200000003,-1.183641434,-67.817658609,0.000000000,0.000209900,0.000000000,0.100000001
2026-07-06 20:20:48.759,1783340448.759850740,444.018034594,1,1,444.005084545,1,0.004589119,5,1,0.005606378,5,1,0,1,0,0,1,1,1,0,1,0,-1.000000000,0.000000000,0.000000000,0.000000000,0,-1.000000000,0,0,0,,0,-1.000000000,,0,0,0.000000000,0.000000000,0,-1.000000000,0,,0,-1.000000000,,0,-1.000000000,0,,1,2.992049694,171.431819563,-0.021978378,-0.051281929,1,0.000000000,0.000000000,-0.002442360,-0.034187317,1,-3.000000000,-171.887338539,-0.002442360,-0.034187317,1,-0.218776703,-12.534981731,0.007326126,-0.002442360,1,-1.189393044,-68.147201576,0.012210846,-0.003663063,2.988997936,171.256966720,0.000000000,-0.000000000,8.000000000,2.500000000,0.000000000,0.000000000,0.000000000,2.708557367,2.000000000,0.500000000,-3.000000000,-171.887338539,0.000000000,-2.756333113,1.000000000,0.500000000,-0.219158173,-12.556838336,0.000000000,-0.430917025,0.500000000,0.200000003,-1.183641434,-67.817658609,0.000000000,0.000209900,0.000000000,0.100000001
2026-07-06 20:20:49.760,1783340449.759905815,445.018089594,1,1,445.005139545,1,0.004296291,5,1,0.005459033,5,1,0,1,0,0,1,1,1,0,1,0,-1.000000000,0.000000000,0.000000000,0.000000000,0,-1.000000000,0,0,0,,0,-1.000000000,,0,0,0.000000000,0.000000000,0,-1.000000000,0,,0,-1.000000000,,0,-1.000000000,0,,1,2.996246815,171.672296863,0.007326126,-0.085470200,1,0.000000000,0.000000000,-0.002442360,-0.034187317,1,-3.000000000,-171.887338539,-0.002442360,-0.034187317,1,-0.218776703,-12.534981731,-0.007326126,-0.002442360,1,-1.189393044,-68.147201576,-0.012210846,-0.003663063,2.988997936,171.256966720,0.000000000,-0.000000000,8.000000000,2.500000000,0.000000000,0.000000000,0.000000000,2.708557367,2.000000000,0.500000000,-3.000000000,-171.887338539,0.000000000,-2.756333113,1.000000000,0.500000000,-0.219158173,-12.556838336,0.000000000,-0.430917025,0.500000000,0.200000003,-1.183641434,-67.817658609,0.000000000,0.000209900,0.000000000,0.100000001
2026-07-06 20:20:50.759,1783340450.759848356,446.018032118,1,1,446.005082069,1,0.004376632,5,1,0.005340424,5,1,0,1,0,0,1,1,1,0,1,0,-1.000000000,0.000000000,0.000000000,0.000000000,0,-1.000000000,0,0,0,,0,-1.000000000,,0,0,0.000000000,0.000000000,0,-1.000000000,0,,0,-1.000000000,,0,-1.000000000,0,,1,3.016083241,172.808840341,-0.007326126,-0.231989861,1,0.000000000,0.000000000,-0.002442360,-0.034187317,1,-3.000000000,-171.887338539,0.002442360,-0.047863007,1,-0.219158173,-12.556838336,-0.021978378,-0.007326126,1,-1.189777374,-68.169222106,-0.012210846,-0.003663063,2.988997936,171.256966720,0.000000000,-0.000000000,8.000000000,2.500000000,0.000000000,0.000000000,0.000000000,2.708557367,2.000000000,0.500000000,-3.000000000,-171.887338539,0.000000000,-2.756333113,1.000000000,0.500000000,-0.219158173,-12.556838336,0.000000000,-0.430917025,0.500000000,0.200000003,-1.183641434,-67.817658609,0.000000000,0.000209900,0.000000000,0.100000001
2026-07-06 20:20:51.760,1783340451.759916306,447.018100172,1,1,447.005150123,1,0.004005079,5,1,0.005407786,5,1,0,1,0,0,1,1,1,0,1,0,-1.000000000,0.000000000,0.000000000,0.000000000,0,-1.000000000,0,0,0,,0,-1.000000000,,0,0,0.000000000,0.000000000,0,-1.000000000,0,,0,-1.000000000,,0,-1.000000000,0,,1,3.017609119,172.896266763,-0.007326126,-0.251525879,1,0.000000000,0.000000000,-0.002442360,-0.034187317,1,-3.000000000,-171.887338539,0.002442360,-0.034187317,1,-0.219158173,-12.556838336,-0.007326126,-0.002442360,1,-1.189393044,-68.147201576,-0.012210846,-0.003663063,2.988997936,171.256966720,0.000000000,-0.000000000,8.000000000,2.500000000,0.000000000,0.000000000,0.000000000,2.708557367,2.000000000,0.500000000,-3.000000000,-171.887338539,0.000000000,-2.756333113,1.000000000,0.500000000,-0.219158173,-12.556838336,0.000000000,-0.430917025,0.500000000,0.200000003,-1.183641434,-67.817658609,0.000000000,0.000209900,0.000000000,0.100000001
2026-07-06 20:20:52.759,1783340452.759885073,448.018068765,1,1,448.005118716,1,0.004580679,5,1,0.005493148,5,1,0,1,0,0,1,1,1,0,1,0,-1.000000000,0.000000000,0.000000000,0.000000000,0,-1.000000000,0,0,0,,0,-1.000000000,,0,0,0.000000000,0.000000000,0,-1.000000000,0,,0,-1.000000000,,0,-1.000000000,0,,1,3.017227650,172.874410157,-0.007326126,-0.241758347,1,0.000000000,0.000000000,-0.002442360,-0.034187317,1,-3.000000000,-171.887338539,-0.002442360,-0.034187317,1,-0.219158173,-12.556838336,-0.007326126,-0.002442360,1,-1.189393044,-68.147201576,0.012210846,-0.003663063,2.988997936,171.256966720,0.000000000,-0.000000000,8.000000000,2.500000000,0.000000000,0.000000000,0.000000000,2.708557367,2.000000000,0.500000000,-3.000000000,-171.887338539,0.000000000,-2.756333113,1.000000000,0.500000000,-0.219158173,-12.556838336,0.000000000,-0.430917025,0.500000000,0.200000003,-1.183641434,-67.817658609,0.000000000,0.000209900,0.000000000,0.100000001
2026-07-06 20:20:53.760,1783340453.759874582,449.018058349,1,1,449.005108300,1,0.004720642,5,1,0.005411533,5,1,0,1,0,0,1,1,1,0,1,0,-1.000000000,0.000000000,0.000000000,0.000000000,0,-1.000000000,0,0,0,,0,-1.000000000,,0,0,0.000000000,0.000000000,0,-1.000000000,0,,0,-1.000000000,,0,-1.000000000,0,,1,3.010742664,172.502847866,-0.007326126,-0.202686310,1,0.000000000,0.000000000,-0.002442360,-0.020513535,1,-3.000000000,-171.887338539,0.002442360,-0.034187317,1,-0.218776703,-12.534981731,-0.007326126,-0.002442360,1,-1.189393044,-68.147201576,0.012210846,-0.003663063,2.988997936,171.256966720,0.000000000,-0.000000000,8.000000000,2.500000000,0.000000000,0.000000000,0.000000000,2.708557367,2.000000000,0.500000000,-3.000000000,-171.887338539,0.000000000,-2.756333113,1.000000000,0.500000000,-0.219158173,-12.556838336,0.000000000,-0.430917025,0.500000000,0.200000003,-1.183641434,-67.817658609,0.000000000,0.000209900,0.000000000,0.100000001
2026-07-06 20:20:54.760,1783340454.759891510,450.018075348,1,1,450.005125299,1,0.004329584,5,1,0.005716719,5,1,0,1,0,0,1,1,1,0,1,0,-1.000000000,0.000000000,0.000000000,0.000000000,0,-1.000000000,0,0,0,,0,-1.000000000,,0,0,0.000000000,0.000000000,0,-1.000000000,0,,0,-1.000000000,,0,-1.000000000,0,,1,3.010742664,172.502847866,-0.007326126,-0.197802544,1,0.000000000,0.000000000,-0.002442360,-0.034187317,1,-3.000000000,-171.887338539,-0.002442360,-0.034187317,1,-0.218776703,-12.534981731,-0.007326126,-0.002442360,1,-1.189777374,-68.169222106,-0.012210846,-0.003663063,2.988997936,171.256966720,0.000000000,-0.000000000,8.000000000,2.500000000,0.000000000,0.000000000,0.000000000,2.708557367,2.000000000,0.500000000,-3.000000000,-171.887338539,0.000000000,-2.756333113,1.000000000,0.500000000,-0.219158173,-12.556838336,0.000000000,-0.430917025,0.500000000,0.200000003,-1.183641434,-67.817658609,0.000000000,0.000209900,0.000000000,0.100000001
2026-07-06 20:20:55.759,1783340455.759901524,451.018085186,1,1,451.005135137,1,0.004521195,5,1,0.005369813,5,1,0,1,0,0,1,1,1,0,1,0,-1.000000000,0.000000000,0.000000000,0.000000000,0,-1.000000000,0,0,0,,0,-1.000000000,,0,0,0.000000000,0.000000000,0,-1.000000000,0,,0,-1.000000000,,0,-1.000000000,0,,1,3.010742664,172.502847866,-0.007326126,-0.192917824,1,0.000000000,0.000000000,-0.002442360,-0.034187317,1,-3.000000000,-171.887338539,-0.002442360,-0.034187317,1,-0.218776703,-12.534981731,0.007326126,-0.002442360,1,-1.189393044,-68.147201576,0.012210846,-0.003663063,2.988997936,171.256966720,0.000000000,-0.000000000,8.000000000,2.500000000,0.000000000,0.000000000,0.000000000,2.708557367,2.000000000,0.500000000,-3.000000000,-171.887338539,0.000000000,-2.756333113,1.000000000,0.500000000,-0.219158173,-12.556838336,0.000000000,-0.430917025,0.500000000,0.200000003,-1.183641434,-67.817658609,0.000000000,0.000209900,0.000000000,0.100000001
2026-07-06 20:20:56.760,1783340456.759923458,452.018107379,1,1,452.005157330,1,0.004353567,5,1,0.005552086,5,1,0,1,0,0,1,1,1,0,1,0,-1.000000000,0.000000000,0.000000000,0.000000000,0,-1.000000000,0,0,0,,0,-1.000000000,,0,0,0.000000000,0.000000000,0,-1.000000000,0,,0,-1.000000000,,0,-1.000000000,0,,1,3.010742664,172.502847866,-0.021978378,-0.178266525,1,0.000000000,0.000000000,-0.002442360,-0.034187317,1,-3.000000000,-171.887338539,-0.002442360,-0.034187317,1,-0.219158173,-12.556838336,-0.021978378,-0.007326126,1,-1.189393044,-68.147201576,-0.012210846,-0.003663063,2.988997936,171.256966720,0.000000000,-0.000000000,8.000000000,2.500000000,0.000000000,0.000000000,0.000000000,2.708557367,2.000000000,0.500000000,-3.000000000,-171.887338539,0.000000000,-2.756333113,1.000000000,0.500000000,-0.219158173,-12.556838336,0.000000000,-0.430917025,0.500000000,0.200000003,-1.183641434,-67.817658609,0.000000000,0.000209900,0.000000000,0.100000001
2026-07-06 20:20:57.760,1783340457.759920835,453.018104659,1,1,453.005154610,1,0.004737788,5,1,0.005550252,5,1,0,1,0,0,1,1,1,0,1,0,-1.000000000,0.000000000,0.000000000,0.000000000,0,-1.000000000,0,0,0,,0,-1.000000000,,0,0,0.000000000,0.000000000,0,-1.000000000,0,,0,-1.000000000,,0,-1.000000000,0,,1,3.010361195,172.480991261,-0.021978378,-0.178266525,1,0.000000000,0.000000000,-0.002442360,-0.034187317,1,-3.000000000,-171.887338539,-0.002442360,-0.047863007,1,-0.218776703,-12.534981731,-0.007326126,-0.007326126,1,-1.189393044,-68.147201576,-0.012210846,-0.003663063,2.988997936,171.256966720,0.000000000,-0.000000000,8.000000000,2.500000000,0.000000000,0.000000000,0.000000000,2.708557367,2.000000000,0.500000000,-3.000000000,-171.887338539,0.000000000,-2.756333113,1.000000000,0.500000000,-0.219158173,-12.556838336,0.000000000,-0.430917025,0.500000000,0.200000003,-1.183641434,-67.817658609,0.000000000,0.000209900,0.000000000,0.100000001
2026-07-06 20:20:58.759,1783340458.759895563,454.018079467,1,1,454.005129418,1,0.004624210,5,1,0.005662061,5,1,0,1,0,0,1,1,1,0,1,0,-1.000000000,0.000000000,0.000000000,0.000000000,0,-1.000000000,0,0,0,,0,-1.000000000,,0,0,0.000000000,0.000000000,0,-1.000000000,0,,0,-1.000000000,,0,-1.000000000,0,,1,3.008453846,172.371708234,-0.007326126,-0.192917824,1,0.000000000,0.000000000,-0.007326126,-0.034187317,1,-3.000000000,-171.887338539,0.002442360,-0.034187317,1,-0.219158173,-12.556838336,-0.007326126,-0.007326126,1,-1.189393044,-68.147201576,-0.012210846,-0.003663063,2.988997936,171.256966720,0.000000000,-0.000000000,8.000000000,2.500000000,0.000000000,0.000000000,0.000000000,2.708557367,2.000000000,0.500000000,-3.000000000,-171.887338539,0.000000000,-2.756333113,1.000000000,0.500000000,-0.219158173,-12.556838336,0.000000000,-0.430917025,0.500000000,0.200000003,-1.183641434,-67.817658609,0.000000000,0.000209900,0.000000000,0.100000001
2026-07-06 20:20:59.760,1783340459.759944677,455.018128575,1,1,455.005178526,1,0.004428651,5,1,0.005605358,5,1,0,1,0,0,1,1,1,0,1,0,-1.000000000,0.000000000,0.000000000,0.000000000,0,-1.000000000,0,0,0,,0,-1.000000000,,0,0,0.000000000,0.000000000,0,-1.000000000,0,,0,-1.000000000,,0,-1.000000000,0,,1,3.003494740,172.087572365,0.021978378,-0.266178131,1,0.000000000,0.000000000,-0.007326126,-0.034187317,1,-3.000000000,-171.887338539,-0.002442360,-0.047863007,1,-0.219158173,-12.556838336,0.007326126,-0.002442360,1,-1.189393044,-68.147201576,-0.012210846,-0.003663063,2.988997936,171.256966720,0.000000000,-0.000000000,8.000000000,2.500000000,0.000000000,0.000000000,0.000000000,2.708557367,2.000000000,0.500000000,-3.000000000,-171.887338539,0.000000000,-2.756333113,1.000000000,0.500000000,-0.219158173,-12.556838336,0.000000000,-0.430917025,0.500000000,0.200000003,-1.183641434,-67.817658609,0.000000000,0.000209900,0.000000000,0.100000001
2026-07-06 20:21:00.760,1783340460.759967089,456.018150741,1,1,456.005200692,1,0.004497213,5,1,0.005499811,5,1,0,1,0,0,1,1,1,0,1,0,-1.000000000,0.000000000,0.000000000,0.000000000,0,-1.000000000,0,0,0,,0,-1.000000000,,0,0,0.000000000,0.000000000,0,-1.000000000,0,,0,-1.000000000,,0,-1.000000000,0,,1,3.004257679,172.131285576,0.007326126,-0.139194489,1,0.000000000,0.000000000,-0.002442360,-0.034187317,1,-3.000000000,-171.887338539,-0.002442360,-0.047863007,1,-0.218776703,-12.534981731,-0.021978378,-0.002442360,1,-1.189393044,-68.147201576,0.012210846,-0.003663063,2.988997936,171.256966720,0.000000000,-0.000000000,8.000000000,2.500000000,0.000000000,0.000000000,0.000000000,2.708557367,2.000000000,0.500000000,-3.000000000,-171.887338539,0.000000000,-2.756333113,1.000000000,0.500000000,-0.219158173,-12.556838336,0.000000000,-0.430917025,0.500000000,0.200000003,-1.183641434,-67.817658609,0.000000000,0.000209900,0.000000000,0.100000001
2026-07-06 20:21:01.760,1783340461.759962320,457.018146074,1,1,457.005196025,1,0.004246299,5,1,0.005612935,5,1,0,1,0,0,1,1,1,0,1,0,-1.000000000,0.000000000,0.000000000,0.000000000,0,-1.000000000,0,0,0,,0,-1.000000000,,0,0,0.000000000,0.000000000,0,-1.000000000,0,,0,-1.000000000,,0,-1.000000000,0,,1,3.003494740,172.087572365,-0.007326126,-0.139194489,1,0.000000000,0.000000000,-0.002442360,-0.034187317,1,-3.000000000,-171.887338539,0.002442360,-0.034187317,1,-0.219158173,-12.556838336,-0.007326126,-0.002442360,1,-1.189393044,-68.147201576,-0.012210846,-0.003663063,2.988997936,171.256966720,0.000000000,-0.000000000,8.000000000,2.500000000,0.000000000,0.000000000,0.000000000,2.708557367,2.000000000,0.500000000,-3.000000000,-171.887338539,0.000000000,-2.756333113,1.000000000,0.500000000,-0.219158173,-12.556838336,0.000000000,-0.430917025,0.500000000,0.200000003,-1.183641434,-67.817658609,0.000000000,0.000209900,0.000000000,0.100000001
2026-07-06 20:21:02.760,1783340462.760078669,458.018262419,1,1,458.005312370,1,0.004464222,5,1,0.005708521,5,1,0,1,0,0,1,1,1,0,1,0,-1.000000000,0.000000000,0.000000000,0.000000000,0,-1.000000000,0,0,0,,0,-1.000000000,,0,0,0.000000000,0.000000000,0,-1.000000000,0,,0,-1.000000000,,0,-1.000000000,0,,1,3.003494740,172.087572365,-0.021978378,-0.148962021,1,0.000000000,0.000000000,-0.002442360,-0.034187317,1,-3.000000000,-171.887338539,-0.002442360,-0.034187317,1,-0.219158173,-12.556838336,-0.021978378,-0.002442360,1,-1.189393044,-68.147201576,-0.012210846,-0.003663063,2.988997936,171.256966720,0.000000000,-0.000000000,8.000000000,2.500000000,0.000000000,0.000000000,0.000000000,2.708557367,2.000000000,0.500000000,-3.000000000,-171.887338539,0.000000000,-2.756333113,1.000000000,0.500000000,-0.219158173,-12.556838336,0.000000000,-0.430917025,0.500000000,0.200000003,-1.183641434,-67.817658609,0.000000000,0.000209900,0.000000000,0.100000001
2026-07-06 20:21:03.760,1783340463.760044336,459.018228158,1,1,459.005278109,1,0.004663573,5,1,0.005592880,5,1,0,1,0,0,1,1,1,0,1,0,-1.000000000,0.000000000,0.000000000,0.000000000,0,-1.000000000,0,0,0,,0,-1.000000000,,0,0,0.000000000,0.000000000,0,-1.000000000,0,,0,-1.000000000,,0,-1.000000000,0,,1,3.003876209,172.109428970,-0.007326126,-0.144078255,1,0.000000000,0.000000000,-0.002442360,-0.034187317,1,-3.000000000,-171.887338539,-0.002442360,-0.034187317,1,-0.219158173,-12.556838336,-0.007326126,-0.002442360,1,-1.189393044,-68.147201576,-0.036628723,-0.003663063,2.988997936,171.256966720,0.000000000,-0.000000000,8.000000000,2.500000000,0.000000000,0.000000000,0.000000000,2.708557367,2.000000000,0.500000000,-3.000000000,-171.887338539,0.000000000,-2.756333113,1.000000000,0.500000000,-0.219158173,-12.556838336,0.000000000,-0.430917025,0.500000000,0.200000003,-1.183641434,-67.817658609,0.000000000,0.000209900,0.000000000,0.100000001
2026-07-06 20:21:04.760,1783340464.760000467,460.018184403,1,1,460.005234354,1,0.004261909,5,1,0.005302424,5,1,0,1,0,0,1,1,1,0,1,0,-1.000000000,0.000000000,0.000000000,0.000000000,0,-1.000000000,0,0,0,,0,-1.000000000,,0,0,0.000000000,0.000000000,0,-1.000000000,0,,0,-1.000000000,,0,-1.000000000,0,,1,3.003494740,172.087572365,-0.007326126,-0.129426003,1,0.000000000,0.000000000,-0.002442360,-0.047863007,1,-3.000000000,-171.887338539,-0.002442360,-0.034187317,1,-0.219158173,-12.556838336,-0.007326126,-0.002442360,1,-1.189393044,-68.147201576,-0.012210846,-0.003663063,2.988997936,171.256966720,0.000000000,-0.000000000,8.000000000,2.500000000,0.000000000,0.000000000,0.000000000,2.708557367,2.000000000,0.500000000,-3.000000000,-171.887338539,0.000000000,-2.756333113,1.000000000,0.500000000,-0.219158173,-12.556838336,0.000000000,-0.430917025,0.500000000,0.200000003,-1.183641434,-67.817658609,0.000000000,0.000209900,0.000000000,0.100000001
2026-07-06 20:21:05.760,1783340465.760011196,461.018195089,1,1,461.005245040,1,0.004523650,5,1,0.005663836,5,1,0,1,0,0,1,1,1,0,1,0,-1.000000000,0.000000000,0.000000000,0.000000000,0,-1.000000000,0,0,0,,0,-1.000000000,,0,0,0.000000000,0.000000000,0,-1.000000000,0,,0,-1.000000000,,0,-1.000000000,0,,1,3.003876209,172.109428970,-0.021978378,-0.134309769,1,0.000000000,0.000000000,-0.002442360,-0.034187317,1,-3.000000000,-171.887338539,-0.002442360,-0.034187317,1,-0.218776703,-12.534981731,-0.007326126,-0.002442360,1,-1.189393044,-68.147201576,0.012210846,-0.003663063,2.988997936,171.256966720,0.000000000,-0.000000000,8.000000000,2.500000000,0.000000000,0.000000000,0.000000000,2.708557367,2.000000000,0.500000000,-3.000000000,-171.887338539,0.000000000,-2.756333113,1.000000000,0.500000000,-0.219158173,-12.556838336,0.000000000,-0.430917025,0.500000000,0.200000003,-1.183641434,-67.817658609,0.000000000,0.000209900,0.000000000,0.100000001
2026-07-06 20:21:06.760,1783340466.760027647,462.018211364,1,1,462.005261315,1,0.004289628,5,1,0.005357845,5,1,0,1,0,0,1,1,1,0,1,0,-1.000000000,0.000000000,0.000000000,0.000000000,0,-1.000000000,0,0,0,,0,-1.000000000,,0,0,0.000000000,0.000000000,0,-1.000000000,0,,0,-1.000000000,,0,-1.000000000,0,,1,3.000442982,171.912719522,-0.021978378,-0.119658470,1,0.000000000,0.000000000,0.002442360,-0.034187317,1,-3.000000000,-171.887338539,-0.002442360,-0.034187317,1,-0.219158173,-12.556838336,-0.007326126,-0.002442360,1,-1.189393044,-68.147201576,-0.036628723,-0.003663063,2.988997936,171.256966720,0.000000000,-0.000000000,8.000000000,2.500000000,0.000000000,0.000000000,0.000000000,2.708557367,2.000000000,0.500000000,-3.000000000,-171.887338539,0.000000000,-2.756333113,1.000000000,0.500000000,-0.219158173,-12.556838336,0.000000000,-0.430917025,0.500000000,0.200000003,-1.183641434,-67.817658609,0.000000000,0.000209900,0.000000000,0.100000001
2026-07-06 20:21:07.760,1783340467.760061741,463.018245471,1,1,463.005295422,1,0.004586906,5,1,0.005652301,5,1,0,1,0,0,1,1,1,0,1,0,-1.000000000,0.000000000,0.000000000,0.000000000,0,-1.000000000,0,0,0,,0,-1.000000000,,0,0,0.000000000,0.000000000,0,-1.000000000,0,,0,-1.000000000,,0,-1.000000000,0,,1,3.000442982,171.912719522,-0.021978378,-0.119658470,1,0.000000000,0.000000000,-0.002442360,-0.034187317,1,-3.000000000,-171.887338539,-0.002442360,-0.047863007,1,-0.219158173,-12.556838336,-0.007326126,-0.002442360,1,-1.189393044,-68.147201576,-0.012210846,-0.003663063,2.988997936,171.256966720,0.000000000,-0.000000000,8.000000000,2.500000000,0.000000000,0.000000000,0.000000000,2.708557367,2.000000000,0.500000000,-3.000000000,-171.887338539,0.000000000,-2.756333113,1.000000000,0.500000000,-0.219158173,-12.556838336,0.000000000,-0.430917025,0.500000000,0.200000003,-1.183641434,-67.817658609,0.000000000,0.000209900,0.000000000,0.100000001
2026-07-06 20:21:08.760,1783340468.760123730,464.018307565,1,1,464.005357516,1,0.004446092,5,1,0.005576453,5,1,0,1,0,0,1,1,1,0,1,0,-1.000000000,0.000000000,0.000000000,0.000000000,0,-1.000000000,0,0,0,,0,-1.000000000,,0,0,0.000000000,0.000000000,0,-1.000000000,0,,0,-1.000000000,,0,-1.000000000,0,,1,3.000442982,171.912719522,-0.007326126,-0.119658470,1,0.000000000,0.000000000,-0.007326126,-0.020513535,1,-3.000000000,-171.887338539,-0.002442360,-0.034187317,0,-0.219158173,-12.556838336,0.007326126,-0.002442360,0,-1.189393044,-68.147201576,-0.036628723,-0.003663063,2.988997936,171.256966720,0.000000000,-0.000000000,8.000000000,2.500000000,0.000000000,0.000000000,0.000000000,2.708557367,2.000000000,0.500000000,-3.000000000,-171.887338539,0.000000000,-2.756333113,1.000000000,0.500000000,-0.219158173,-12.556838336,0.000000000,-0.430917025,0.500000000,0.200000003,-1.183641434,-67.817658609,0.000000000,0.000209900,0.000000000,0.100000001
2026-07-06 20:21:09.760,1783340469.760072947,465.018256707,1,1,465.005306658,1,0.004487049,5,1,0.005381957,5,1,0,1,0,0,1,1,1,0,1,0,-1.000000000,0.000000000,0.000000000,0.000000000,0,-1.000000000,0,0,0,,0,-1.000000000,,0,0,0.000000000,0.000000000,0,-1.000000000,0,,0,-1.000000000,,0,-1.000000000,0,,0,3.000824451,171.934576128,-0.021978378,-0.085470200,1,0.000000000,0.000000000,-0.002442360,-0.047863007,1,-3.000000000,-171.887338539,-0.002442360,-0.047863007,1,-0.219158173,-12.556838336,-0.007326126,-0.002442360,1,-1.189393044,-68.147201576,0.012210846,-0.003663063,2.988997936,171.256966720,0.000000000,-0.000000000,8.000000000,2.500000000,0.000000000,0.000000000,0.000000000,2.708557367,2.000000000,0.500000000,-3.000000000,-171.887338539,0.000000000,-2.756333113,1.000000000,0.500000000,-0.219158173,-12.556838336,0.000000000,-0.430917025,0.500000000,0.200000003,-1.183641434,-67.817658609,0.000000000,0.000209900,0.000000000,0.100000001
2026-07-06 20:21:10.760,1783340470.760070801,466.018254795,1,1,466.005304746,1,0.004542375,5,1,0.005466079,5,1,0,1,0,0,1,1,1,0,1,0,-1.000000000,0.000000000,0.000000000,0.000000000,0,-1.000000000,0,0,0,,0,-1.000000000,,0,0,0.000000000,0.000000000,0,-1.000000000,0,,0,-1.000000000,,0,-1.000000000,0,,1,2.999298573,171.847149706,0.007326126,-0.105006218,1,0.000000000,0.000000000,-0.002442360,-0.034187317,1,-3.000000000,-171.887338539,-0.002442360,-0.034187317,1,-0.219158173,-12.556838336,-0.007326126,-0.002442360,1,-1.189393044,-68.147201576,-0.012210846,-0.003663063,2.988997936,171.256966720,0.000000000,-0.000000000,8.000000000,2.500000000,0.000000000,0.000000000,0.000000000,2.708557367,2.000000000,0.500000000,-3.000000000,-171.887338539,0.000000000,-2.756333113,1.000000000,0.500000000,-0.219158173,-12.556838336,0.000000000,-0.430917025,0.500000000,0.200000003,-1.183641434,-67.817658609,0.000000000,0.000209900,0.000000000,0.100000001
2026-07-06 20:21:11.760,1783340471.760068655,467.018252479,1,1,467.005302430,1,0.004474379,5,1,0.005742065,5,1,0,1,0,0,1,1,1,0,1,0,-1.000000000,0.000000000,0.000000000,0.000000000,0,-1.000000000,0,0,0,,0,-1.000000000,,0,0,0.000000000,0.000000000,0,-1.000000000,0,,0,-1.000000000,,0,-1.000000000,0,,1,3.002731800,172.043859154,-0.007326126,-0.129426003,1,0.000000000,0.000000000,-0.002442360,-0.034187317,1,-3.000000000,-171.887338539,-0.007326126,-0.034187317,1,-0.219158173,-12.556838336,-0.007326126,-0.007326126,1,-1.189393044,-68.147201576,-0.012210846,-0.003663063,2.988997936,171.256966720,0.000000000,-0.000000000,8.000000000,2.500000000,0.000000000,0.000000000,0.000000000,2.708557367,2.000000000,0.500000000,-3.000000000,-171.887338539,0.000000000,-2.756333113,1.000000000,0.500000000,-0.219158173,-12.556838336,0.000000000,-0.430917025,0.500000000,0.200000003,-1.183641434,-67.817658609,0.000000000,0.000209900,0.000000000,0.100000001
2026-07-06 20:21:12.760,1783340472.760166883,468.018350584,1,1,468.005400535,1,0.004458047,5,1,0.005448905,5,1,0,1,0,0,1,1,1,0,1,0,-1.000000000,0.000000000,0.000000000,0.000000000,0,-1.000000000,0,0,0,,0,-1.000000000,,0,0,0.000000000,0.000000000,0,-1.000000000,0,,0,-1.000000000,,0,-1.000000000,0,,1,3.003494740,172.087572365,0.007326126,-0.139194489,1,0.000000000,0.000000000,-0.007326126,-0.034187317,1,-3.000000000,-171.887338539,-0.007326126,-0.020513535,1,-0.219158173,-12.556838336,-0.007326126,-0.007326126,1,-1.189393044,-68.147201576,-0.012210846,-0.003663063,2.988997936,171.256966720,0.000000000,-0.000000000,8.000000000,2.500000000,0.000000000,0.000000000,0.000000000,2.708557367,2.000000000,0.500000000,-3.000000000,-171.887338539,0.000000000,-2.756333113,1.000000000,0.500000000,-0.219158173,-12.556838336,0.000000000,-0.430917025,0.500000000,0.200000003,-1.183641434,-67.817658609,0.000000000,0.000209900,0.000000000,0.100000001
2026-07-06 20:21:13.760,1783340473.760230064,469.018413893,1,1,469.005463844,1,0.004191823,5,1,0.005480093,5,1,0,1,0,0,1,1,1,0,1,0,-1.000000000,0.000000000,0.000000000,0.000000000,0,-1.000000000,0,0,0,,0,-1.000000000,,0,0,0.000000000,0.000000000,0,-1.000000000,0,,0,-1.000000000,,0,-1.000000000,0,,1,3.003494740,172.087572365,-0.007326126,-0.139194489,1,0.000000000,0.000000000,-0.002442360,-0.034187317,1,-3.000000000,-171.887338539,-0.002442360,-0.047863007,1,-0.218776703,-12.534981731,-0.007326126,-0.002442360,1,-1.189393044,-68.147201576,-0.036628723,-0.003663063,2.988997936,171.256966720,0.000000000,-0.000000000,8.000000000,2.500000000,0.000000000,0.000000000,0.000000000,2.708557367,2.000000000,0.500000000,-3.000000000,-171.887338539,0.000000000,-2.756333113,1.000000000,0.500000000,-0.219158173,-12.556838336,0.000000000,-0.430917025,0.500000000,0.200000003,-1.183641434,-67.817658609,0.000000000,0.000209900,0.000000000,0.100000001
2026-07-06 20:21:14.760,1783340474.760152578,470.018336472,1,1,470.005386423,1,0.003512544,5,1,0.005378815,5,1,0,1,0,0,1,1,1,0,1,0,-1.000000000,0.000000000,0.000000000,0.000000000,0,-1.000000000,0,0,0,,0,-1.000000000,,0,0,0.000000000,0.000000000,0,-1.000000000,0,,0,-1.000000000,,0,-1.000000000,0,,1,3.003494740,172.087572365,0.007326126,-0.139194489,0,0.000000000,0.000000000,-0.002442360,-0.034187317,0,-3.000000000,-171.887338539,-0.007326126,-0.034187317,0,-0.219158173,-12.556838336,-0.021978378,-0.007326126,1,-1.189393044,-68.147201576,-0.012210846,-0.003663063,2.988997936,171.256966720,0.000000000,-0.000000000,8.000000000,2.500000000,0.000000000,0.000000000,0.000000000,2.708557367,2.000000000,0.500000000,-3.000000000,-171.887338539,0.000000000,-2.756333113,1.000000000,0.500000000,-0.219158173,-12.556838336,0.000000000,-0.430917025,0.500000000,0.200000003,-1.183641434,-67.817658609,0.000000000,0.000209900,0.000000000,0.100000001
2026-07-06 20:21:15.760,1783340475.760143757,471.018327544,1,1,471.005377495,1,0.004387822,5,1,0.005036323,5,1,0,1,0,0,1,1,1,0,1,0,-1.000000000,0.000000000,0.000000000,0.000000000,0,-1.000000000,0,0,0,,0,-1.000000000,,0,0,0.000000000,0.000000000,0,-1.000000000,0,,0,-1.000000000,,0,-1.000000000,0,,1,3.003494740,172.087572365,-0.021978378,-0.139194489,1,0.000000000,0.000000000,-0.002442360,-0.034187317,1,-3.000000000,-171.887338539,-0.002442360,-0.034187317,1,-0.219158173,-12.556838336,0.007326126,-0.007326126,1,-1.189393044,-68.147201576,-0.012210846,-0.003663063,2.988997936,171.256966720,0.000000000,-0.000000000,8.000000000,2.500000000,0.000000000,0.000000000,0.000000000,2.708557367,2.000000000,0.500000000,-3.000000000,-171.887338539,0.000000000,-2.756333113,1.000000000,0.500000000,-0.219158173,-12.556838336,0.000000000,-0.430917025,0.500000000,0.200000003,-1.183641434,-67.817658609,0.000000000,0.000209900,0.000000000,0.100000001
2026-07-06 20:21:16.760,1783340476.760207415,472.018391232,1,1,472.005441183,1,0.004510052,5,1,0.005474547,5,1,0,1,0,0,1,1,1,0,1,0,-1.000000000,0.000000000,0.000000000,0.000000000,0,-1.000000000,0,0,0,,0,-1.000000000,,0,0,0.000000000,0.000000000,0,-1.000000000,0,,0,-1.000000000,,0,-1.000000000,0,,1,3.003494740,172.087572365,0.007326126,-0.134309769,1,0.000000000,0.000000000,-0.002442360,-0.034187317,1,-3.000000000,-171.887338539,-0.002442360,-0.047863007,1,-0.218776703,-12.534981731,-0.007326126,-0.007326126,1,-1.189393044,-68.147201576,-0.061050415,-0.003663063,2.988997936,171.256966720,0.000000000,-0.000000000,8.000000000,2.500000000,0.000000000,0.000000000,0.000000000,2.708557367,2.000000000,0.500000000,-3.000000000,-171.887338539,0.000000000,-2.756333113,1.000000000,0.500000000,-0.219158173,-12.556838336,0.000000000,-0.430917025,0.500000000,0.200000003,-1.183641434,-67.817658609,0.000000000,0.000209900,0.000000000,0.100000001
2026-07-06 20:21:17.760,1783340477.760111094,473.018294863,1,1,473.005344814,1,0.004284596,5,1,0.005268595,5,1,0,1,0,0,1,1,1,0,1,0,-1.000000000,0.000000000,0.000000000,0.000000000,0,-1.000000000,0,0,0,,0,-1.000000000,,0,0,0.000000000,0.000000000,0,-1.000000000,0,,0,-1.000000000,,0,-1.000000000,0,,1,3.003494740,172.087572365,-0.007326126,-0.139194489,1,0.000000000,0.000000000,0.002442360,-0.034187317,1,-3.000000000,-171.887338539,-0.002442360,-0.034187317,1,-0.219158173,-12.556838336,-0.007326126,-0.007326126,1,-1.189009666,-68.125235687,0.012210846,-0.003663063,2.988997936,171.256966720,0.000000000,-0.000000000,8.000000000,2.500000000,0.000000000,0.000000000,0.000000000,2.708557367,2.000000000,0.500000000,-3.000000000,-171.887338539,0.000000000,-2.756333113,1.000000000,0.500000000,-0.219158173,-12.556838336,0.000000000,-0.430917025,0.500000000,0.200000003,-1.183641434,-67.817658609,0.000000000,0.000209900,0.000000000,0.100000001
2026-07-06 20:21:18.760,1783340478.760126829,474.018310504,1,1,474.005360455,1,0.003954111,5,1,0.005167626,5,1,0,1,0,0,1,1,1,0,1,0,-1.000000000,0.000000000,0.000000000,0.000000000,0,-1.000000000,0,0,0,,0,-1.000000000,,0,0,0.000000000,0.000000000,0,-1.000000000,0,,0,-1.000000000,,0,-1.000000000,0,,1,3.003494740,172.087572365,-0.021978378,-0.129426003,1,0.000000000,0.000000000,-0.002442360,-0.034187317,1,-3.000000000,-171.887338539,-0.002442360,-0.034187317,1,-0.219158173,-12.556838336,-0.007326126,-0.007326126,1,-1.189393044,-68.147201576,-0.036628723,-0.003663063,2.988997936,171.256966720,0.000000000,-0.000000000,8.000000000,2.500000000,0.000000000,0.000000000,0.000000000,2.708557367,2.000000000,0.500000000,-3.000000000,-171.887338539,0.000000000,-2.756333113,1.000000000,0.500000000,-0.219158173,-12.556838336,0.000000000,-0.430917025,0.500000000,0.200000003,-1.183641434,-67.817658609,0.000000000,0.000209900,0.000000000,0.100000001
2026-07-06 20:21:19.760,1783340479.760204315,475.018388187,1,1,475.005438138,1,0.004458937,5,1,0.005570304,5,1,0,1,0,0,1,1,1,0,1,0,-1.000000000,0.000000000,0.000000000,0.000000000,0,-1.000000000,0,0,0,,0,-1.000000000,,0,0,0.000000000,0.000000000,0,-1.000000000,0,,0,-1.000000000,,0,-1.000000000,0,,1,3.003494740,172.087572365,-0.021978378,-0.144078255,1,0.000000000,0.000000000,-0.002442360,-0.034187317,1,-3.000000000,-171.887338539,-0.002442360,-0.034187317,1,-0.219158173,-12.556838336,-0.007326126,-0.007326126,1,-1.189393044,-68.147201576,0.012210846,-0.003663063,2.988997936,171.256966720,0.000000000,-0.000000000,8.000000000,2.500000000,0.000000000,0.000000000,0.000000000,2.708557367,2.000000000,0.500000000,-3.000000000,-171.887338539,0.000000000,-2.756333113,1.000000000,0.500000000,-0.219158173,-12.556838336,0.000000000,-0.430917025,0.500000000,0.200000003,-1.183641434,-67.817658609,0.000000000,0.000209900,0.000000000,0.100000001
2026-07-06 20:21:20.760,1783340480.760230303,476.018414096,1,1,476.005464047,1,0.003790151,5,1,0.005614367,5,1,0,1,0,0,1,1,1,0,1,0,-1.000000000,0.000000000,0.000000000,0.000000000,0,-1.000000000,0,0,0,,0,-1.000000000,,0,0,0.000000000,0.000000000,0,-1.000000000,0,,0,-1.000000000,,0,-1.000000000,0,,1,3.003494740,172.087572365,-0.007326126,-0.139194489,1,0.000000000,0.000000000,-0.002442360,-0.034187317,1,-3.000000000,-171.887338539,-0.002442360,-0.034187317,1,-0.218776703,-12.534981731,0.007326126,-0.007326126,1,-1.189393044,-68.147201576,-0.012210846,-0.003663063,2.988997936,171.256966720,0.000000000,-0.000000000,8.000000000,2.500000000,0.000000000,0.000000000,0.000000000,2.708557367,2.000000000,0.500000000,-3.000000000,-171.887338539,0.000000000,-2.756333113,1.000000000,0.500000000,-0.219158173,-12.556838336,0.000000000,-0.430917025,0.500000000,0.200000003,-1.183641434,-67.817658609,0.000000000,0.000209900,0.000000000,0.100000001
2026-07-06 20:21:21.760,1783340481.760268688,477.018452701,1,1,477.005502652,1,0.004484529,5,1,0.005273998,5,1,0,1,0,0,1,1,1,0,1,0,-1.000000000,0.000000000,0.000000000,0.000000000,0,-1.000000000,0,0,0,,0,-1.000000000,,0,0,0.000000000,0.000000000,0,-1.000000000,0,,0,-1.000000000,,0,-1.000000000,0,,1,3.003494740,172.087572365,-0.007326126,-0.139194489,1,0.000000000,0.000000000,-0.002442360,-0.034187317,1,-3.000000000,-171.887338539,-0.002442360,-0.034187317,1,-0.219158173,-12.556838336,-0.021978378,-0.007326126,1,-1.189393044,-68.147201576,-0.036628723,-0.003663063,2.988997936,171.256966720,0.000000000,-0.000000000,8.000000000,2.500000000,0.000000000,0.000000000,0.000000000,2.708557367,2.000000000,0.500000000,-3.000000000,-171.887338539,0.000000000,-2.756333113,1.000000000,0.500000000,-0.219158173,-12.556838336,0.000000000,-0.430917025,0.500000000,0.200000003,-1.183641434,-67.817658609,0.000000000,0.000209900,0.000000000,0.100000001
2026-07-06 20:21:22.760,1783340482.760333776,478.018517538,1,1,478.005567489,1,0.004321676,5,1,0.005631844,5,1,0,1,0,0,1,1,1,0,1,0,-1.000000000,0.000000000,0.000000000,0.000000000,0,-1.000000000,0,0,0,,0,-1.000000000,,0,0,0.000000000,0.000000000,0,-1.000000000,0,,0,-1.000000000,,0,-1.000000000,0,,1,3.003494740,172.087572365,-0.021978378,-0.139194489,1,0.000000000,0.000000000,-0.002442360,-0.034187317,1,-3.000000000,-171.887338539,-0.002442360,-0.034187317,1,-0.218776703,-12.534981731,-0.007326126,-0.002442360,1,-1.189393044,-68.147201576,0.012210846,-0.003663063,2.988997936,171.256966720,0.000000000,-0.000000000,8.000000000,2.500000000,0.000000000,0.000000000,0.000000000,2.708557367,2.000000000,0.500000000,-3.000000000,-171.887338539,0.000000000,-2.756333113,1.000000000,0.500000000,-0.219158173,-12.556838336,0.000000000,-0.430917025,0.500000000,0.200000003,-1.183641434,-67.817658609,0.000000000,0.000209900,0.000000000,0.100000001
2026-07-06 20:21:23.760,1783340483.760336637,479.018520508,1,1,479.005570459,1,0.004593067,5,1,0.005444860,5,1,0,1,0,0,1,1,1,0,1,0,-1.000000000,0.000000000,0.000000000,0.000000000,0,-1.000000000,0,0,0,,0,-1.000000000,,0,0,0.000000000,0.000000000,0,-1.000000000,0,,0,-1.000000000,,0,-1.000000000,0,,1,3.003494740,172.087572365,-0.007326126,-0.139194489,1,0.000000000,0.000000000,-0.002442360,-0.034187317,1,-3.000000000,-171.887338539,-0.007326126,-0.047863007,1,-0.219158173,-12.556838336,-0.007326126,-0.007326126,1,-1.189393044,-68.147201576,-0.061050415,-0.003663063,2.988997936,171.256966720,0.000000000,-0.000000000,8.000000000,2.500000000,0.000000000,0.000000000,0.000000000,2.708557367,2.000000000,0.500000000,-3.000000000,-171.887338539,0.000000000,-2.756333113,1.000000000,0.500000000,-0.219158173,-12.556838336,0.000000000,-0.430917025,0.500000000,0.200000003,-1.183641434,-67.817658609,0.000000000,0.000209900,0.000000000,0.100000001
2026-07-06 20:21:24.760,1783340484.760301352,480.018485049,1,1,480.005535000,1,0.004481206,5,1,0.005537838,5,1,0,1,0,0,1,1,1,0,1,0,-1.000000000,0.000000000,0.000000000,0.000000000,0,-1.000000000,0,0,0,,0,-1.000000000,,0,0,0.000000000,0.000000000,0,-1.000000000,0,,0,-1.000000000,,0,-1.000000000,0,,1,3.003494740,172.087572365,-0.007326126,-0.134309769,1,0.000000000,0.000000000,-0.007326126,-0.034187317,1,-3.000000000,-171.887338539,-0.002442360,-0.034187317,1,-0.218776703,-12.534981731,0.007326126,-0.007326126,1,-1.189393044,-68.147201576,-0.012210846,-0.003663063,2.988997936,171.256966720,0.000000000,-0.000000000,8.000000000,2.500000000,0.000000000,0.000000000,0.000000000,2.708557367,2.000000000,0.500000000,-3.000000000,-171.887338539,0.000000000,-2.756333113,1.000000000,0.500000000,-0.219158173,-12.556838336,0.000000000,-0.430917025,0.500000000,0.200000003,-1.183641434,-67.817658609,0.000000000,0.000209900,0.000000000,0.100000001
2026-07-06 20:21:25.760,1783340485.760303974,481.018487580,1,1,481.005537531,1,0.004441883,5,1,0.005567093,5,1,0,1,0,0,1,1,1,0,1,0,-1.000000000,0.000000000,0.000000000,0.000000000,0,-1.000000000,0,0,0,,0,-1.000000000,,0,0,0.000000000,0.000000000,0,-1.000000000,0,,0,-1.000000000,,0,-1.000000000,0,,1,3.003876209,172.109428970,-0.007326126,-0.119658470,1,0.000000000,0.000000000,-0.002442360,-0.034187317,1,-3.000000000,-171.887338539,-0.002442360,-0.047863007,1,-0.219158173,-12.556838336,-0.021978378,-0.007326126,1,-1.189393044,-68.147201576,-0.012210846,-0.003663063,2.988997936,171.256966720,0.000000000,-0.000000000,8.000000000,2.500000000,0.000000000,0.000000000,0.000000000,2.708557367,2.000000000,0.500000000,-3.000000000,-171.887338539,0.000000000,-2.756333113,1.000000000,0.500000000,-0.219158173,-12.556838336,0.000000000,-0.430917025,0.500000000,0.200000003,-1.183641434,-67.817658609,0.000000000,0.000209900,0.000000000,0.100000001
2026-07-06 20:21:26.760,1783340486.760310411,482.018494451,1,1,482.005544402,1,0.004467350,5,1,0.005588220,5,1,0,1,0,0,1,1,1,0,1,0,-1.000000000,0.000000000,0.000000000,0.000000000,0,-1.000000000,0,0,0,,0,-1.000000000,,0,0,0.000000000,0.000000000,0,-1.000000000,0,,0,-1.000000000,,0,-1.000000000,0,,1,3.004257679,172.131285576,-0.021978378,-0.153845787,1,0.000000000,0.000000000,-0.002442360,-0.034187317,1,-3.000000000,-171.887338539,-0.002442360,-0.034187317,1,-0.219158173,-12.556838336,-0.007326126,-0.007326126,1,-1.189393044,-68.147201576,-0.012210846,-0.003663063,2.988997936,171.256966720,0.000000000,-0.000000000,8.000000000,2.500000000,0.000000000,0.000000000,0.000000000,2.708557367,2.000000000,0.500000000,-3.000000000,-171.887338539,0.000000000,-2.756333113,1.000000000,0.500000000,-0.219158173,-12.556838336,0.000000000,-0.430917025,0.500000000,0.200000003,-1.183641434,-67.817658609,0.000000000,0.000209900,0.000000000,0.100000001
2026-07-06 20:21:27.760,1783340487.760272503,483.018456115,1,1,483.005506066,1,0.004520144,5,1,0.005455983,5,1,0,1,0,0,1,1,1,0,1,0,-1.000000000,0.000000000,0.000000000,0.000000000,0,-1.000000000,0,0,0,,0,-1.000000000,,0,0,0.000000000,0.000000000,0,-1.000000000,0,,0,-1.000000000,,0,-1.000000000,0,,1,3.003876209,172.109428970,-0.007326126,-0.144078255,1,0.000000000,0.000000000,0.002442360,-0.034187317,1,-3.000000000,-171.887338539,-0.007326126,-0.034187317,1,-0.219158173,-12.556838336,-0.007326126,-0.002442360,1,-1.189393044,-68.147201576,-0.012210846,-0.003663063,2.988997936,171.256966720,0.000000000,-0.000000000,8.000000000,2.500000000,0.000000000,0.000000000,0.000000000,2.708557367,2.000000000,0.500000000,-3.000000000,-171.887338539,0.000000000,-2.756333113,1.000000000,0.500000000,-0.219158173,-12.556838336,0.000000000,-0.430917025,0.500000000,0.200000003,-1.183641434,-67.817658609,0.000000000,0.000209900,0.000000000,0.100000001
2026-07-06 20:21:28.760,1783340488.760264397,484.018448196,1,1,484.005498147,1,0.004675380,5,1,0.005433424,5,1,0,1,0,0,1,1,1,0,1,0,-1.000000000,0.000000000,0.000000000,0.000000000,0,-1.000000000,0,0,0,,0,-1.000000000,,0,0,0.000000000,0.000000000,0,-1.000000000,0,,0,-1.000000000,,0,-1.000000000,0,,1,2.999680042,171.869006312,-0.007326126,-0.051281929,1,0.000000000,0.000000000,-0.002442360,-0.047863007,1,-3.000000000,-171.887338539,-0.007326126,-0.034187317,1,-0.219158173,-12.556838336,0.007326126,-0.002442360,1,-1.189393044,-68.147201576,0.036628723,-0.003663063,2.988997936,171.256966720,0.000000000,-0.000000000,8.000000000,2.500000000,0.000000000,0.000000000,0.000000000,2.708557367,2.000000000,0.500000000,-3.000000000,-171.887338539,0.000000000,-2.756333113,1.000000000,0.500000000,-0.219158173,-12.556838336,0.000000000,-0.430917025,0.500000000,0.200000003,-1.183641434,-67.817658609,0.000000000,0.000209900,0.000000000,0.100000001
2026-07-06 20:21:29.760,1783340489.760303974,485.018487711,1,1,485.005537662,1,0.004533427,5,1,0.005416874,5,1,0,1,0,0,1,1,1,0,1,0,-1.000000000,0.000000000,0.000000000,0.000000000,0,-1.000000000,0,0,0,,0,-1.000000000,,0,0,0.000000000,0.000000000,0,-1.000000000,0,,0,-1.000000000,,0,-1.000000000,0,,1,3.003494740,172.087572365,-0.007326126,-0.134309769,1,0.000000000,0.000000000,0.002442360,-0.034187317,1,-3.000000000,-171.887338539,-0.002442360,-0.034187317,1,-0.219158173,-12.556838336,-0.007326126,-0.007326126,1,-1.189393044,-68.147201576,-0.012210846,-0.003663063,2.988997936,171.256966720,0.000000000,-0.000000000,8.000000000,2.500000000,0.000000000,0.000000000,0.000000000,2.708557367,2.000000000,0.500000000,-3.000000000,-171.887338539,0.000000000,-2.756333113,1.000000000,0.500000000,-0.219158173,-12.556838336,0.000000000,-0.430917025,0.500000000,0.200000003,-1.183641434,-67.817658609,0.000000000,0.000209900,0.000000000,0.100000001
2026-07-06 20:21:30.760,1783340490.760279894,486.018463497,1,1,486.005513448,1,0.004795693,5,1,0.005521826,5,1,0,1,0,0,1,1,1,0,1,0,-1.000000000,0.000000000,0.000000000,0.000000000,0,-1.000000000,0,0,0,,0,-1.000000000,,0,0,0.000000000,0.000000000,0,-1.000000000,0,,0,-1.000000000,,0,-1.000000000,0,,1,3.002350330,172.022002549,-0.007326126,-0.119658470,1,0.000000000,0.000000000,-0.002442360,-0.034187317,1,-3.000000000,-171.887338539,-0.002442360,-0.034187317,1,-0.219158173,-12.556838336,-0.007326126,-0.007326126,1,-1.189393044,-68.147201576,-0.012210846,-0.003663063,2.988997936,171.256966720,0.000000000,-0.000000000,8.000000000,2.500000000,0.000000000,0.000000000,0.000000000,2.708557367,2.000000000,0.500000000,-3.000000000,-171.887338539,0.000000000,-2.756333113,1.000000000,0.500000000,-0.219158173,-12.556838336,0.000000000,-0.430917025,0.500000000,0.200000003,-1.183641434,-67.817658609,0.000000000,0.000209900,0.000000000,0.100000001
2026-07-06 20:21:31.760,1783340491.760271311,487.018455129,1,1,487.005505080,1,0.004634993,5,1,0.005432250,5,1,0,1,0,0,1,1,1,0,1,0,-1.000000000,0.000000000,0.000000000,0.000000000,0,-1.000000000,0,0,0,,0,-1.000000000,,0,0,0.000000000,0.000000000,0,-1.000000000,0,,0,-1.000000000,,0,-1.000000000,0,,1,3.001205921,171.956432733,-0.007326126,-0.129426003,1,0.000000000,0.000000000,-0.007326126,-0.020513535,1,-3.000000000,-171.887338539,-0.002442360,-0.034187317,1,-0.219158173,-12.556838336,-0.007326126,-0.007326126,1,-1.189393044,-68.147201576,0.012210846,-0.003663063,2.988997936,171.256966720,0.000000000,-0.000000000,8.000000000,2.500000000,0.000000000,0.000000000,0.000000000,2.708557367,2.000000000,0.500000000,-3.000000000,-171.887338539,0.000000000,-2.756333113,1.000000000,0.500000000,-0.219158173,-12.556838336,0.000000000,-0.430917025,0.500000000,0.200000003,-1.183641434,-67.817658609,0.000000000,0.000209900,0.000000000,0.100000001
2026-07-06 20:21:32.760,1783340492.760295868,488.018479686,1,1,488.005529637,1,0.004537431,5,1,0.005629388,5,1,0,1,0,0,1,1,1,0,1,0,-1.000000000,0.000000000,0.000000000,0.000000000,0,-1.000000000,0,0,0,,0,-1.000000000,,0,0,0.000000000,0.000000000,0,-1.000000000,0,,0,-1.000000000,,0,-1.000000000,0,,1,3.001205921,171.956432733,-0.007326126,-0.119658470,1,0.000000000,0.000000000,-0.002442360,-0.047863007,1,-3.000000000,-171.887338539,-0.002442360,-0.047863007,1,-0.219158173,-12.556838336,-0.007326126,-0.007326126,1,-1.189393044,-68.147201576,0.012210846,-0.003663063,2.988997936,171.256966720,0.000000000,-0.000000000,8.000000000,2.500000000,0.000000000,0.000000000,0.000000000,2.708557367,2.000000000,0.500000000,-3.000000000,-171.887338539,0.000000000,-2.756333113,1.000000000,0.500000000,-0.219158173,-12.556838336,0.000000000,-0.430917025,0.500000000,0.200000003,-1.183641434,-67.817658609,0.000000000,0.000209900,0.000000000,0.100000001
2026-07-06 20:21:33.760,1783340493.760299921,489.018483819,1,1,489.005533770,1,0.004384926,5,1,0.005380029,5,1,0,1,0,0,1,1,1,0,1,0,-1.000000000,0.000000000,0.000000000,0.000000000,0,-1.000000000,0,0,0,,0,-1.000000000,,0,0,0.000000000,0.000000000,0,-1.000000000,0,,0,-1.000000000,,0,-1.000000000,0,,1,3.000442982,171.912719522,-0.021978378,-0.090353966,1,0.000000000,0.000000000,0.002442360,-0.034187317,1,-3.000000000,-171.887338539,-0.002442360,-0.047863007,1,-0.218776703,-12.534981731,-0.007326126,-0.002442360,1,-1.189393044,-68.147201576,-0.012210846,-0.003663063,2.988997936,171.256966720,0.000000000,-0.000000000,8.000000000,2.500000000,0.000000000,0.000000000,0.000000000,2.708557367,2.000000000,0.500000000,-3.000000000,-171.887338539,0.000000000,-2.756333113,1.000000000,0.500000000,-0.219158173,-12.556838336,0.000000000,-0.430917025,0.500000000,0.200000003,-1.183641434,-67.817658609,0.000000000,0.000209900,0.000000000,0.100000001
2026-07-06 20:21:34.760,1783340494.760314703,490.018498312,1,1,490.005548263,1,0.003964723,5,1,0.005002942,5,1,0,1,0,0,1,1,1,0,1,0,-1.000000000,0.000000000,0.000000000,0.000000000,0,-1.000000000,0,0,0,,0,-1.000000000,,0,0,0.000000000,0.000000000,0,-1.000000000,0,,0,-1.000000000,,0,-1.000000000,0,,1,2.915373325,167.038587247,0.080585480,0.295482635,1,0.000000000,0.000000000,-0.002442360,-0.034187317,1,-3.000000000,-171.887338539,-0.002442360,-0.034187317,1,-0.218776703,-12.534981731,-0.007326126,-0.002442360,1,-1.189009666,-68.125235687,0.012210846,-0.003663063,2.988997936,171.256966720,0.000000000,-0.000000000,8.000000000,2.500000000,0.000000000,0.000000000,0.000000000,2.708557367,2.000000000,0.500000000,-3.000000000,-171.887338539,0.000000000,-2.756333113,1.000000000,0.500000000,-0.219158173,-12.556838336,0.000000000,-0.430917025,0.500000000,0.200000003,-1.183641434,-67.817658609,0.000000000,0.000209900,0.000000000,0.100000001
2026-07-06 20:21:35.760,1783340495.760426283,491.018609992,1,1,491.005659943,1,0.004541313,5,1,0.005466647,5,1,0,1,0,0,1,1,1,0,1,0,-1.000000000,0.000000000,0.000000000,0.000000000,0,-1.000000000,0,0,0,,0,-1.000000000,,0,0,0.000000000,0.000000000,0,-1.000000000,0,,0,-1.000000000,,0,-1.000000000,0,,1,2.975265026,170.470128928,-0.007326126,0.080586433,1,0.000000000,0.000000000,-0.002442360,-0.047863007,1,-3.000000000,-171.887338539,-0.002442360,-0.034187317,1,-0.218776703,-12.534981731,-0.007326126,-0.002442360,1,-1.189393044,-68.147201576,-0.036628723,-0.003663063,2.988997936,171.256966720,0.000000000,-0.000000000,8.000000000,2.500000000,0.000000000,0.000000000,0.000000000,2.708557367,2.000000000,0.500000000,-3.000000000,-171.887338539,0.000000000,-2.756333113,1.000000000,0.500000000,-0.219158173,-12.556838336,0.000000000,-0.430917025,0.500000000,0.200000003,-1.183641434,-67.817658609,0.000000000,0.000209900,0.000000000,0.100000001
2026-07-06 20:21:36.760,1783340496.760301828,492.018485532,1,1,492.005535483,1,0.004352439,5,1,0.005397913,5,1,0,1,0,0,1,1,1,0,1,0,-1.000000000,0.000000000,0.000000000,0.000000000,0,-1.000000000,0,0,0,,0,-1.000000000,,0,0,0.000000000,0.000000000,0,-1.000000000,0,,0,-1.000000000,,0,-1.000000000,0,,1,2.947799206,168.896453343,0.168498993,-0.041514397,1,0.000000000,0.000000000,-0.002442360,-0.034187317,1,-3.000000000,-171.887338539,-0.002442360,-0.034187317,1,-0.219158173,-12.556838336,-0.007326126,-0.002442360,1,-1.189393044,-68.147201576,-0.012210846,-0.003663063,2.988997936,171.256966720,0.000000000,-0.000000000,8.000000000,2.500000000,0.000000000,0.000000000,0.000000000,2.708557367,2.000000000,0.500000000,-3.000000000,-171.887338539,0.000000000,-2.756333113,1.000000000,0.500000000,-0.219158173,-12.556838336,0.000000000,-0.430917025,0.500000000,0.200000003,-1.183641434,-67.817658609,0.000000000,0.000209900,0.000000000,0.100000001
2026-07-06 20:21:37.760,1783340497.760329485,493.018513336,1,1,493.005563287,1,0.004212115,5,1,0.005308556,5,1,0,1,0,0,1,1,1,0,1,0,-1.000000000,0.000000000,0.000000000,0.000000000,0,-1.000000000,0,0,0,,0,-1.000000000,,0,0,0.000000000,0.000000000,0,-1.000000000,0,,0,-1.000000000,,0,-1.000000000,0,,1,2.982131481,170.863547824,0.007326126,0.031745911,1,0.000000000,0.000000000,-0.002442360,-0.034187317,1,-3.000000000,-171.887338539,-0.002442360,-0.034187317,1,-0.219158173,-12.556838336,-0.007326126,-0.007326126,1,-1.189393044,-68.147201576,0.012210846,-0.003663063,2.988997936,171.256966720,0.000000000,-0.000000000,8.000000000,2.500000000,0.000000000,0.000000000,0.000000000,2.708557367,2.000000000,0.500000000,-3.000000000,-171.887338539,0.000000000,-2.756333113,1.000000000,0.500000000,-0.219158173,-12.556838336,0.000000000,-0.430917025,0.500000000,0.200000003,-1.183641434,-67.817658609,0.000000000,0.000209900,0.000000000,0.100000001
2026-07-06 20:21:38.760,1783340498.760407925,494.018591608,1,1,494.005641559,1,0.004532777,5,1,0.005710557,5,1,0,1,0,0,1,1,1,0,1,0,-1.000000000,0.000000000,0.000000000,0.000000000,0,-1.000000000,0,0,0,,0,-1.000000000,,0,0,0.000000000,0.000000000,0,-1.000000000,0,,0,-1.000000000,,0,-1.000000000,0,,1,2.982894421,170.907261035,-0.007326126,0.021978378,1,0.000000000,0.000000000,-0.002442360,-0.034187317,1,-3.000000000,-171.887338539,-0.002442360,-0.034187317,1,-0.219158173,-12.556838336,0.007326126,-0.007326126,1,-1.189393044,-68.147201576,0.012210846,-0.003663063,2.988997936,171.256966720,0.000000000,-0.000000000,8.000000000,2.500000000,0.000000000,0.000000000,0.000000000,2.708557367,2.000000000,0.500000000,-3.000000000,-171.887338539,0.000000000,-2.756333113,1.000000000,0.500000000,-0.219158173,-12.556838336,0.000000000,-0.430917025,0.500000000,0.200000003,-1.183641434,-67.817658609,0.000000000,0.000209900,0.000000000,0.100000001
2026-07-06 20:21:39.760,1783340499.760354996,495.018538805,1,1,495.005588756,1,0.004504054,5,1,0.005380747,5,1,0,1,0,0,1,1,1,0,1,0,-1.000000000,0.000000000,0.000000000,0.000000000,0,-1.000000000,0,0,0,,0,-1.000000000,,0,0,0.000000000,0.000000000,0,-1.000000000,0,,0,-1.000000000,,0,-1.000000000,0,,1,2.982894421,170.907261035,-0.007326126,0.026862144,1,0.000000000,0.000000000,-0.002442360,-0.034187317,1,-3.000000000,-171.887338539,-0.002442360,-0.034187317,1,-0.219158173,-12.556838336,-0.007326126,-0.002442360,1,-1.189393044,-68.147201576,-0.012210846,-0.003663063,2.988997936,171.256966720,0.000000000,-0.000000000,8.000000000,2.500000000,0.000000000,0.000000000,0.000000000,2.708557367,2.000000000,0.500000000,-3.000000000,-171.887338539,0.000000000,-2.756333113,1.000000000,0.500000000,-0.219158173,-12.556838336,0.000000000,-0.430917025,0.500000000,0.200000003,-1.183641434,-67.817658609,0.000000000,0.000209900,0.000000000,0.100000001
2026-07-06 20:21:40.760,1783340500.760355949,496.018539718,1,1,496.005589669,1,0.004487502,5,1,0.005451342,5,1,0,1,0,0,1,1,1,0,1,0,-1.000000000,0.000000000,0.000000000,0.000000000,0,-1.000000000,0,0,0,,0,-1.000000000,,0,0,0.000000000,0.000000000,0,-1.000000000,0,,0,-1.000000000,,0,-1.000000000,0,,1,2.988997936,171.256966720,0.007326126,-0.026862144,1,0.000000000,0.000000000,-0.002442360,-0.034187317,1,-3.000000000,-171.887338539,-0.002442360,-0.034187317,1,-0.219158173,-12.556838336,0.007326126,-0.007326126,1,-1.189393044,-68.147201576,-0.012210846,-0.003663063,2.988997936,171.256966720,0.000000000,-0.000000000,8.000000000,2.500000000,0.000000000,0.000000000,0.000000000,2.708557367,2.000000000,0.500000000,-3.000000000,-171.887338539,0.000000000,-2.756333113,1.000000000,0.500000000,-0.219158173,-12.556838336,0.000000000,-0.430917025,0.500000000,0.200000003,-1.183641434,-67.817658609,0.000000000,0.000209900,0.000000000,0.100000001
2026-07-06 20:21:41.760,1783340501.760380507,497.018564256,1,1,497.005614207,1,0.004533630,5,1,0.004497401,5,1,0,1,0,0,1,1,1,0,1,0,-1.000000000,0.000000000,0.000000000,0.000000000,0,-1.000000000,0,0,0,,0,-1.000000000,,0,0,0.000000000,0.000000000,0,-1.000000000,0,,0,-1.000000000,,0,-1.000000000,0,,1,2.988997936,171.256966720,-0.007326126,-0.026862144,1,0.000000000,0.000000000,-0.002442360,-0.034187317,1,-3.000000000,-171.887338539,-0.002442360,-0.047863007,1,-0.219158173,-12.556838336,-0.021978378,-0.002442360,1,-1.189393044,-68.147201576,-0.036628723,-0.003663063,2.988997936,171.256966720,0.000000000,-0.000000000,8.000000000,2.500000000,0.000000000,0.000000000,0.000000000,2.708557367,2.000000000,0.500000000,-3.000000000,-171.887338539,0.000000000,-2.756333113,1.000000000,0.500000000,-0.219158173,-12.556838336,0.000000000,-0.430917025,0.500000000,0.200000003,-1.183641434,-67.817658609,0.000000000,0.000209900,0.000000000,0.100000001
2026-07-06 20:21:42.760,1783340502.760433912,498.018617711,1,1,498.005667662,1,0.004463646,5,1,0.005519977,5,1,0,1,0,0,1,1,1,0,1,0,-1.000000000,0.000000000,0.000000000,0.000000000,0,-1.000000000,0,0,0,,0,-1.000000000,,0,0,0.000000000,0.000000000,0,-1.000000000,0,,0,-1.000000000,,0,-1.000000000,0,,1,2.988997936,171.256966720,-0.007326126,-0.021978378,1,0.000000000,0.000000000,-0.002442360,-0.034187317,1,-3.000000000,-171.887338539,0.002442360,-0.034187317,1,-0.218776703,-12.534981731,-0.007326126,-0.007326126,1,-1.189393044,-68.147201576,-0.012210846,-0.003663063,2.988997936,171.256966720,0.000000000,-0.000000000,8.000000000,2.500000000,0.000000000,0.000000000,0.000000000,2.708557367,2.000000000,0.500000000,-3.000000000,-171.887338539,0.000000000,-2.756333113,1.000000000,0.500000000,-0.219158173,-12.556838336,0.000000000,-0.430917025,0.500000000,0.200000003,-1.183641434,-67.817658609,0.000000000,0.000209900,0.000000000,0.100000001
2026-07-06 20:21:43.760,1783340503.760408640,499.018592249,1,1,499.005642200,1,0.004601182,5,1,0.005536603,5,1,0,1,0,0,1,1,1,0,1,0,-1.000000000,0.000000000,0.000000000,0.000000000,0,-1.000000000,0,0,0,,0,-1.000000000,,0,0,0.000000000,0.000000000,0,-1.000000000,0,,0,-1.000000000,,0,-1.000000000,0,,1,2.989379406,171.278823326,-0.007326126,-0.031745911,1,0.000000000,0.000000000,-0.002442360,-0.034187317,1,-3.000000000,-171.887338539,-0.002442360,-0.047863007,1,-0.218776703,-12.534981731,-0.007326126,-0.007326126,1,-1.189393044,-68.147201576,0.012210846,-0.003663063,2.988997936,171.256966720,0.000000000,-0.000000000,8.000000000,2.500000000,0.000000000,0.000000000,0.000000000,2.708557367,2.000000000,0.500000000,-3.000000000,-171.887338539,0.000000000,-2.756333113,1.000000000,0.500000000,-0.219158173,-12.556838336,0.000000000,-0.430917025,0.500000000,0.200000003,-1.183641434,-67.817658609,0.000000000,0.000209900,0.000000000,0.100000001
2026-07-06 20:21:44.760,1783340504.760415077,500.018598669,1,1,500.005648620,1,0.004851956,5,1,0.005720563,5,1,0,1,0,0,1,1,1,0,1,0,-1.000000000,0.000000000,0.000000000,0.000000000,0,-1.000000000,0,0,0,,0,-1.000000000,,0,0,0.000000000,0.000000000,0,-1.000000000,0,,0,-1.000000000,,0,-1.000000000,0,,1,2.989379406,171.278823326,-0.007326126,-0.031745911,1,0.000000000,0.000000000,-0.002442360,-0.034187317,1,-3.000000000,-171.887338539,-0.002442360,-0.047863007,1,-0.218776703,-12.534981731,0.007326126,-0.007326126,1,-1.189393044,-68.147201576,-0.012210846,-0.003663063,2.988997936,171.256966720,0.000000000,-0.000000000,8.000000000,2.500000000,0.000000000,0.000000000,0.000000000,2.708557367,2.000000000,0.500000000,-3.000000000,-171.887338539,0.000000000,-2.756333113,1.000000000,0.500000000,-0.219158173,-12.556838336,0.000000000,-0.430917025,0.500000000,0.200000003,-1.183641434,-67.817658609,0.000000000,0.000209900,0.000000000,0.100000001
2026-07-06 20:21:45.760,1783340505.760401964,501.018585797,1,1,501.005635748,1,0.004230588,5,1,0.005373147,5,1,0,1,0,0,1,1,1,0,1,0,-1.000000000,0.000000000,0.000000000,0.000000000,0,-1.000000000,0,0,0,,0,-1.000000000,,0,0,0.000000000,0.000000000,0,-1.000000000,0,,0,-1.000000000,,0,-1.000000000,0,,1,2.989379406,171.278823326,-0.021978378,-0.021978378,1,0.000000000,0.000000000,-0.002442360,-0.034187317,1,-3.000000000,-171.887338539,-0.002442360,-0.047863007,1,-0.219158173,-12.556838336,-0.007326126,-0.002442360,1,-1.189393044,-68.147201576,-0.012210846,-0.003663063,2.988997936,171.256966720,0.000000000,-0.000000000,8.000000000,2.500000000,0.000000000,0.000000000,0.000000000,2.708557367,2.000000000,0.500000000,-3.000000000,-171.887338539,0.000000000,-2.756333113,1.000000000,0.500000000,-0.219158173,-12.556838336,0.000000000,-0.430917025,0.500000000,0.200000003,-1.183641434,-67.817658609,0.000000000,0.000209900,0.000000000,0.100000001
2026-07-06 20:21:46.760,1783340506.760398149,502.018581885,1,1,502.005631836,1,0.004420391,5,1,0.005494890,5,1,0,1,0,0,1,1,1,0,1,0,-1.000000000,0.000000000,0.000000000,0.000000000,0,-1.000000000,0,0,0,,0,-1.000000000,,0,0,0.000000000,0.000000000,0,-1.000000000,0,,0,-1.000000000,,0,-1.000000000,0,,1,2.989379406,171.278823326,0.007326126,-0.021978378,1,0.000000000,0.000000000,-0.002442360,-0.020513535,1,-3.000000000,-171.887338539,-0.002442360,-0.034187317,1,-0.219158173,-12.556838336,-0.021978378,-0.007326126,1,-1.189393044,-68.147201576,-0.012210846,-0.003663063,2.988997936,171.256966720,0.000000000,-0.000000000,8.000000000,2.500000000,0.000000000,0.000000000,0.000000000,2.708557367,2.000000000,0.500000000,-3.000000000,-171.887338539,0.000000000,-2.756333113,1.000000000,0.500000000,-0.219158173,-12.556838336,0.000000000,-0.430917025,0.500000000,0.200000003,-1.183641434,-67.817658609,0.000000000,0.000209900,0.000000000,0.100000001
2026-07-06 20:21:47.760,1783340507.760446310,503.018629920,1,1,503.005679871,1,0.004636607,5,1,0.005500094,5,1,0,1,0,0,1,1,1,0,1,0,-1.000000000,0.000000000,0.000000000,0.000000000,0,-1.000000000,0,0,0,,0,-1.000000000,,0,0,0.000000000,0.000000000,0,-1.000000000,0,,0,-1.000000000,,0,-1.000000000,0,,1,2.989379406,171.278823326,-0.007326126,-0.031745911,1,0.000000000,0.000000000,-0.002442360,-0.047863007,1,-3.000000000,-171.887338539,-0.002442360,-0.034187317,1,-0.219158173,-12.556838336,-0.007326126,-0.002442360,1,-1.189393044,-68.147201576,-0.012210846,-0.003663063,2.988997936,171.256966720,0.000000000,-0.000000000,8.000000000,2.500000000,0.000000000,0.000000000,0.000000000,2.708557367,2.000000000,0.500000000,-3.000000000,-171.887338539,0.000000000,-2.756333113,1.000000000,0.500000000,-0.219158173,-12.556838336,0.000000000,-0.430917025,0.500000000,0.200000003,-1.183641434,-67.817658609,0.000000000,0.000209900,0.000000000,0.100000001
2026-07-06 20:21:48.760,1783340508.760430813,504.018614556,1,1,504.005664507,1,0.003523610,5,1,0.005523568,5,1,0,1,0,0,1,1,1,0,1,0,-1.000000000,0.000000000,0.000000000,0.000000000,0,-1.000000000,0,0,0,,0,-1.000000000,,0,0,0.000000000,0.000000000,0,-1.000000000,0,,0,-1.000000000,,0,-1.000000000,0,,1,2.989379406,171.278823326,0.007326126,-0.026862144,1,0.000000000,0.000000000,-0.002442360,-0.047863007,1,-3.000000000,-171.887338539,-0.007326126,-0.047863007,1,-0.218776703,-12.534981731,0.007326126,-0.002442360,1,-1.189393044,-68.147201576,-0.012210846,-0.003663063,2.988997936,171.256966720,0.000000000,-0.000000000,8.000000000,2.500000000,0.000000000,0.000000000,0.000000000,2.708557367,2.000000000,0.500000000,-3.000000000,-171.887338539,0.000000000,-2.756333113,1.000000000,0.500000000,-0.219158173,-12.556838336,0.000000000,-0.430917025,0.500000000,0.200000003,-1.183641434,-67.817658609,0.000000000,0.000209900,0.000000000,0.100000001
2026-07-06 20:21:49.760,1783340509.760509253,505.018692996,1,1,505.005742947,1,0.004612603,5,1,0.005610145,5,1,0,1,0,0,1,1,1,0,1,0,-1.000000000,0.000000000,0.000000000,0.000000000,0,-1.000000000,0,0,0,,0,-1.000000000,,0,0,0.000000000,0.000000000,0,-1.000000000,0,,0,-1.000000000,,0,-1.000000000,0,,1,2.989379406,171.278823326,-0.007326126,-0.021978378,1,0.000000000,0.000000000,-0.002442360,-0.034187317,1,-3.000000000,-171.887338539,-0.002442360,-0.034187317,1,-0.218776703,-12.534981731,0.007326126,-0.007326126,1,-1.189393044,-68.147201576,-0.012210846,-0.003663063,2.988997936,171.256966720,0.000000000,-0.000000000,8.000000000,2.500000000,0.000000000,0.000000000,0.000000000,2.708557367,2.000000000,0.500000000,-3.000000000,-171.887338539,0.000000000,-2.756333113,1.000000000,0.500000000,-0.219158173,-12.556838336,0.000000000,-0.430917025,0.500000000,0.200000003,-1.183641434,-67.817658609,0.000000000,0.000209900,0.000000000,0.100000001
2026-07-06 20:21:50.760,1783340510.760435104,506.018618982,1,1,506.005668933,1,0.004425074,5,1,0.005444912,5,1,0,1,0,0,1,1,1,0,1,0,-1.000000000,0.000000000,0.000000000,0.000000000,0,-1.000000000,0,0,0,,0,-1.000000000,,0,0,0.000000000,0.000000000,0,-1.000000000,0,,0,-1.000000000,,0,-1.000000000,0,,1,2.989379406,171.278823326,-0.007326126,-0.026862144,1,0.000000000,0.000000000,-0.002442360,-0.034187317,1,-3.000000000,-171.887338539,-0.002442360,-0.034187317,1,-0.219158173,-12.556838336,-0.007326126,-0.002442360,1,-1.189393044,-68.147201576,0.012210846,-0.003663063,2.988997936,171.256966720,0.000000000,-0.000000000,8.000000000,2.500000000,0.000000000,0.000000000,0.000000000,2.708557367,2.000000000,0.500000000,-3.000000000,-171.887338539,0.000000000,-2.756333113,1.000000000,0.500000000,-0.219158173,-12.556838336,0.000000000,-0.430917025,0.500000000,0.200000003,-1.183641434,-67.817658609,0.000000000,0.000209900,0.000000000,0.100000001
2026-07-06 20:21:51.760,1783340511.760511637,507.018695567,1,1,507.005745518,1,0.004755541,5,1,0.005488941,5,1,0,1,0,0,1,1,1,0,1,0,-1.000000000,0.000000000,0.000000000,0.000000000,0,-1.000000000,0,0,0,,0,-1.000000000,,0,0,0.000000000,0.000000000,0,-1.000000000,0,,0,-1.000000000,,0,-1.000000000,0,,1,2.992049694,171.431819563,0.007326126,-0.046398163,1,0.000000000,0.000000000,0.002442360,-0.034187317,1,-3.000000000,-171.887338539,-0.002442360,-0.034187317,1,-0.219158173,-12.556838336,-0.007326126,-0.007326126,1,-1.189393044,-68.147201576,-0.012210846,-0.003663063,2.988997936,171.256966720,0.000000000,-0.000000000,8.000000000,2.500000000,0.000000000,0.000000000,0.000000000,2.708557367,2.000000000,0.500000000,-3.000000000,-171.887338539,0.000000000,-2.756333113,1.000000000,0.500000000,-0.219158173,-12.556838336,0.000000000,-0.430917025,0.500000000,0.200000003,-1.183641434,-67.817658609,0.000000000,0.000209900,0.000000000,0.100000001
2026-07-06 20:21:52.760,1783340512.760461569,508.018645344,1,1,508.005695295,1,0.003034937,5,1,0.005354286,5,1,0,1,0,0,1,1,1,0,1,0,-1.000000000,0.000000000,0.000000000,0.000000000,0,-1.000000000,0,0,0,,0,-1.000000000,,0,0,0.000000000,0.000000000,0,-1.000000000,0,,0,-1.000000000,,0,-1.000000000,0,,1,2.995865345,171.650440258,-0.007326126,-0.075701714,1,0.000000000,0.000000000,-0.007326126,-0.034187317,1,-3.000000000,-171.887338539,-0.002442360,-0.047863007,1,-0.219158173,-12.556838336,-0.007326126,-0.002442360,1,-1.189393044,-68.147201576,0.012210846,-0.003663063,2.988997936,171.256966720,0.000000000,-0.000000000,8.000000000,2.500000000,0.000000000,0.000000000,0.000000000,2.708557367,2.000000000,0.500000000,-3.000000000,-171.887338539,0.000000000,-2.756333113,1.000000000,0.500000000,-0.219158173,-12.556838336,0.000000000,-0.430917025,0.500000000,0.200000003,-1.183641434,-67.817658609,0.000000000,0.000209900,0.000000000,0.100000001
2026-07-06 20:21:53.760,1783340513.760432243,509.018615803,1,1,509.005665754,1,0.004660416,5,1,0.005407298,5,1,0,1,0,0,1,1,1,0,1,0,-1.000000000,0.000000000,0.000000000,0.000000000,0,-1.000000000,0,0,0,,0,-1.000000000,,0,0,0.000000000,0.000000000,0,-1.000000000,0,,0,-1.000000000,,0,-1.000000000,0,,1,2.996246815,171.672296863,-0.007326126,-0.080586433,1,0.000000000,0.000000000,-0.002442360,-0.034187317,1,-3.000000000,-171.887338539,-0.002442360,-0.034187317,1,-0.218776703,-12.534981731,-0.007326126,-0.007326126,1,-1.189393044,-68.147201576,-0.012210846,-0.003663063,2.988997936,171.256966720,0.000000000,-0.000000000,8.000000000,2.500000000,0.000000000,0.000000000,0.000000000,2.708557367,2.000000000,0.500000000,-3.000000000,-171.887338539,0.000000000,-2.756333113,1.000000000,0.500000000,-0.219158173,-12.556838336,0.000000000,-0.430917025,0.500000000,0.200000003,-1.183641434,-67.817658609,0.000000000,0.000209900,0.000000000,0.100000001
2026-07-06 20:21:54.760,1783340514.760529041,510.018712989,1,1,510.005762940,1,0.004487845,5,1,0.005507735,5,1,0,1,0,0,1,1,1,0,1,0,-1.000000000,0.000000000,0.000000000,0.000000000,0,-1.000000000,0,0,0,,0,-1.000000000,,0,0,0.000000000,0.000000000,0,-1.000000000,0,,0,-1.000000000,,0,-1.000000000,0,,1,2.998535633,171.803436495,0.007326126,-0.105006218,1,0.000000000,0.000000000,-0.007326126,-0.034187317,1,-3.000000000,-171.887338539,0.002442360,-0.034187317,1,-0.219158173,-12.556838336,-0.007326126,-0.002442360,1,-1.189393044,-68.147201576,-0.012210846,-0.003663063,2.988997936,171.256966720,0.000000000,-0.000000000,8.000000000,2.500000000,0.000000000,0.000000000,0.000000000,2.708557367,2.000000000,0.500000000,-3.000000000,-171.887338539,0.000000000,-2.756333113,1.000000000,0.500000000,-0.219158173,-12.556838336,0.000000000,-0.430917025,0.500000000,0.200000003,-1.183641434,-67.817658609,0.000000000,0.000209900,0.000000000,0.100000001
2026-07-06 20:21:55.760,1783340515.760499954,511.018683765,1,1,511.005733716,1,0.004428009,5,1,0.005341807,5,1,0,1,0,0,1,1,1,0,1,0,-1.000000000,0.000000000,0.000000000,0.000000000,0,-1.000000000,0,0,0,,0,-1.000000000,,0,0,0.000000000,0.000000000,0,-1.000000000,0,,0,-1.000000000,,0,-1.000000000,0,,1,2.998535633,171.803436495,0.007326126,-0.105006218,1,0.000000000,0.000000000,-0.002442360,-0.034187317,1,-3.000000000,-171.887338539,-0.007326126,-0.047863007,1,-0.218776703,-12.534981731,0.007326126,-0.007326126,1,-1.189393044,-68.147201576,-0.012210846,-0.003663063,2.988997936,171.256966720,0.000000000,-0.000000000,8.000000000,2.500000000,0.000000000,0.000000000,0.000000000,2.708557367,2.000000000,0.500000000,-3.000000000,-171.887338539,0.000000000,-2.756333113,1.000000000,0.500000000,-0.219158173,-12.556838336,0.000000000,-0.430917025,0.500000000,0.200000003,-1.183641434,-67.817658609,0.000000000,0.000209900,0.000000000,0.100000001
2026-07-06 20:21:56.760,1783340516.760531664,512.018715605,1,1,512.005765556,1,0.004415727,5,1,0.005135474,5,1,0,1,0,0,1,1,1,0,1,0,-1.000000000,0.000000000,0.000000000,0.000000000,0,-1.000000000,0,0,0,,0,-1.000000000,,0,0,0.000000000,0.000000000,0,-1.000000000,0,,0,-1.000000000,,0,-1.000000000,0,,1,2.998535633,171.803436495,-0.007326126,-0.095237732,1,0.000000000,0.000000000,-0.002442360,-0.034187317,1,-3.000000000,-171.887338539,-0.002442360,-0.034187317,1,-0.219158173,-12.556838336,-0.007326126,-0.007326126,1,-1.189393044,-68.147201576,-0.012210846,-0.003663063,2.988997936,171.256966720,0.000000000,-0.000000000,8.000000000,2.500000000,0.000000000,0.000000000,0.000000000,2.708557367,2.000000000,0.500000000,-3.000000000,-171.887338539,0.000000000,-2.756333113,1.000000000,0.500000000,-0.219158173,-12.556838336,0.000000000,-0.430917025,0.500000000,0.200000003,-1.183641434,-67.817658609,0.000000000,0.000209900,0.000000000,0.100000001
2026-07-06 20:21:57.760,1783340517.760566950,513.018750857,1,1,513.005800808,1,0.004335725,5,1,0.005185132,5,1,0,1,0,0,1,1,1,0,1,0,-1.000000000,0.000000000,0.000000000,0.000000000,0,-1.000000000,0,0,0,,0,-1.000000000,,0,0,0.000000000,0.000000000,0,-1.000000000,0,,0,-1.000000000,,0,-1.000000000,0,,1,2.997391224,171.737866679,-0.036630630,-0.056165695,1,0.000000000,0.000000000,-0.002442360,-0.034187317,1,-3.000000000,-171.887338539,-0.002442360,-0.047863007,1,-0.219158173,-12.556838336,-0.007326126,-0.002442360,1,-1.189393044,-68.147201576,-0.012210846,-0.003663063,2.988997936,171.256966720,0.000000000,-0.000000000,8.000000000,2.500000000,0.000000000,0.000000000,0.000000000,2.708557367,2.000000000,0.500000000,-3.000000000,-171.887338539,0.000000000,-2.756333113,1.000000000,0.500000000,-0.219158173,-12.556838336,0.000000000,-0.430917025,0.500000000,0.200000003,-1.183641434,-67.817658609,0.000000000,0.000209900,0.000000000,0.100000001
2026-07-06 20:21:58.760,1783340518.760557413,514.018741222,1,1,514.005791173,1,0.004528636,5,1,0.005329418,5,1,0,1,0,0,1,1,1,0,1,0,-1.000000000,0.000000000,0.000000000,0.000000000,0,-1.000000000,0,0,0,,0,-1.000000000,,0,0,0.000000000,0.000000000,0,-1.000000000,0,,0,-1.000000000,,0,-1.000000000,0,,1,2.992812634,171.475532774,-0.007326126,-0.046398163,1,0.000000000,0.000000000,-0.002442360,-0.034187317,1,-3.000000000,-171.887338539,-0.002442360,-0.034187317,1,-0.219158173,-12.556838336,-0.021978378,-0.007326126,1,-1.189393044,-68.147201576,-0.012210846,-0.003663063,2.988997936,171.256966720,0.000000000,-0.000000000,8.000000000,2.500000000,0.000000000,0.000000000,0.000000000,2.708557367,2.000000000,0.500000000,-3.000000000,-171.887338539,0.000000000,-2.756333113,1.000000000,0.500000000,-0.219158173,-12.556838336,0.000000000,-0.430917025,0.500000000,0.200000003,-1.183641434,-67.817658609,0.000000000,0.000209900,0.000000000,0.100000001
2026-07-06 20:21:59.760,1783340519.760615349,515.018799153,1,1,515.005849104,1,0.004476828,5,1,0.005257529,5,1,0,1,0,0,1,1,1,0,1,0,-1.000000000,0.000000000,0.000000000,0.000000000,0,-1.000000000,0,0,0,,0,-1.000000000,,0,0,0.000000000,0.000000000,0,-1.000000000,0,,0,-1.000000000,,0,-1.000000000,0,,1,2.995102406,171.606727047,-0.021978378,-0.070817947,1,0.000000000,0.000000000,-0.002442360,-0.034187317,1,-3.000000000,-171.887338539,0.002442360,-0.034187317,1,-0.219158173,-12.556838336,-0.021978378,-0.002442360,1,-1.189393044,-68.147201576,-0.012210846,-0.003663063,2.988997936,171.256966720,0.000000000,-0.000000000,8.000000000,2.500000000,0.000000000,0.000000000,0.000000000,2.708557367,2.000000000,0.500000000,-3.000000000,-171.887338539,0.000000000,-2.756333113,1.000000000,0.500000000,-0.219158173,-12.556838336,0.000000000,-0.430917025,0.500000000,0.200000003,-1.183641434,-67.817658609,0.000000000,0.000209900,0.000000000,0.100000001
2026-07-06 20:22:00.760,1783340520.760660887,516.018844853,1,1,516.005894804,1,0.004212979,5,1,0.005364570,5,1,0,1,0,0,1,1,1,0,1,0,-1.000000000,0.000000000,0.000000000,0.000000000,0,-1.000000000,0,0,0,,0,-1.000000000,,0,0,0.000000000,0.000000000,0,-1.000000000,0,,0,-1.000000000,,0,-1.000000000,0,,1,3.000061512,171.890862917,-0.021978378,-0.105006218,1,0.000000000,0.000000000,-0.002442360,-0.034187317,1,-3.000000000,-171.887338539,-0.002442360,-0.034187317,1,-0.219158173,-12.556838336,-0.021978378,-0.002442360,1,-1.189393044,-68.147201576,-0.012210846,-0.003663063,2.988997936,171.256966720,0.000000000,-0.000000000,8.000000000,2.500000000,0.000000000,0.000000000,0.000000000,2.708557367,2.000000000,0.500000000,-3.000000000,-171.887338539,0.000000000,-2.756333113,1.000000000,0.500000000,-0.219158173,-12.556838336,0.000000000,-0.430917025,0.500000000,0.200000003,-1.183641434,-67.817658609,0.000000000,0.000209900,0.000000000,0.100000001
2026-07-06 20:22:01.760,1783340521.760683060,517.018866750,1,1,517.005916701,1,0.004594331,5,1,0.005427046,5,1,0,1,0,0,1,1,1,0,1,0,-1.000000000,0.000000000,0.000000000,0.000000000,0,-1.000000000,0,0,0,,0,-1.000000000,,0,0,0.000000000,0.000000000,0,-1.000000000,0,,0,-1.000000000,,0,-1.000000000,0,,1,3.000061512,171.890862917,0.007326126,-0.114773750,1,0.000000000,0.000000000,-0.002442360,-0.034187317,1,-3.000000000,-171.887338539,-0.007326126,-0.034187317,1,-0.219158173,-12.556838336,0.007326126,-0.002442360,1,-1.189393044,-68.147201576,-0.036628723,-0.003663063,2.988997936,171.256966720,0.000000000,-0.000000000,8.000000000,2.500000000,0.000000000,0.000000000,0.000000000,2.708557367,2.000000000,0.500000000,-3.000000000,-171.887338539,0.000000000,-2.756333113,1.000000000,0.500000000,-0.219158173,-12.556838336,0.000000000,-0.430917025,0.500000000,0.200000003,-1.183641434,-67.817658609,0.000000000,0.000209900,0.000000000,0.100000001
2026-07-06 20:22:02.760,1783340522.760603666,518.018787463,1,1,518.005837414,1,0.004199592,5,1,0.005225661,5,1,0,1,0,0,1,1,1,0,1,0,-1.000000000,0.000000000,0.000000000,0.000000000,0,-1.000000000,0,0,0,,0,-1.000000000,,0,0,0.000000000,0.000000000,0,-1.000000000,0,,0,-1.000000000,,0,-1.000000000,0,,1,3.000061512,171.890862917,-0.021978378,-0.105006218,1,0.000000000,0.000000000,-0.007326126,-0.034187317,1,-3.000000000,-171.887338539,-0.002442360,-0.047863007,1,-0.218776703,-12.534981731,-0.007326126,-0.002442360,1,-1.189393044,-68.147201576,-0.012210846,-0.003663063,2.988997936,171.256966720,0.000000000,-0.000000000,8.000000000,2.500000000,0.000000000,0.000000000,0.000000000,2.708557367,2.000000000,0.500000000,-3.000000000,-171.887338539,0.000000000,-2.756333113,1.000000000,0.500000000,-0.219158173,-12.556838336,0.000000000,-0.430917025,0.500000000,0.200000003,-1.183641434,-67.817658609,0.000000000,0.000209900,0.000000000,0.100000001
2026-07-06 20:22:03.760,1783340523.760589600,519.018773365,1,1,519.005823316,1,0.004536049,5,1,0.005730361,5,1,0,1,0,0,1,1,1,0,1,0,-1.000000000,0.000000000,0.000000000,0.000000000,0,-1.000000000,0,0,0,,0,-1.000000000,,0,0,0.000000000,0.000000000,0,-1.000000000,0,,0,-1.000000000,,0,-1.000000000,0,,1,3.006546497,172.262425208,-0.007326126,-0.148962021,1,0.000000000,0.000000000,-0.002442360,-0.034187317,1,-3.000000000,-171.887338539,-0.002442360,-0.034187317,1,-0.219158173,-12.556838336,-0.007326126,-0.002442360,1,-1.189393044,-68.147201576,-0.012210846,-0.003663063,2.988997936,171.256966720,0.000000000,-0.000000000,8.000000000,2.500000000,0.000000000,0.000000000,0.000000000,2.708557367,2.000000000,0.500000000,-3.000000000,-171.887338539,0.000000000,-2.756333113,1.000000000,0.500000000,-0.219158173,-12.556838336,0.000000000,-0.430917025,0.500000000,0.200000003,-1.183641434,-67.817658609,0.000000000,0.000209900,0.000000000,0.100000001
2026-07-06 20:22:04.760,1783340524.760663509,520.018847470,1,1,520.005897421,1,0.003832147,5,1,0.003788186,5,1,0,1,0,0,1,1,1,0,1,0,-1.000000000,0.000000000,0.000000000,0.000000000,0,-1.000000000,0,0,0,,0,-1.000000000,,0,0,0.000000000,0.000000000,0,-1.000000000,0,,0,-1.000000000,,0,-1.000000000,0,,1,3.006546497,172.262425208,-0.007326126,-0.178266525,1,0.000000000,0.000000000,0.002442360,-0.020513535,1,-3.000000000,-171.887338539,-0.002442360,-0.034187317,1,-0.219158173,-12.556838336,-0.007326126,-0.002442360,1,-1.189393044,-68.147201576,0.012210846,-0.003663063,2.988997936,171.256966720,0.000000000,-0.000000000,8.000000000,2.500000000,0.000000000,0.000000000,0.000000000,2.708557367,2.000000000,0.500000000,-3.000000000,-171.887338539,0.000000000,-2.756333113,1.000000000,0.500000000,-0.219158173,-12.556838336,0.000000000,-0.430917025,0.500000000,0.200000003,-1.183641434,-67.817658609,0.000000000,0.000209900,0.000000000,0.100000001
2026-07-06 20:22:05.760,1783340525.760749578,521.018933453,1,1,521.005983404,1,0.004497684,5,1,0.005245324,5,1,0,1,0,0,1,1,1,0,1,0,-1.000000000,0.000000000,0.000000000,0.000000000,0,-1.000000000,0,0,0,,0,-1.000000000,,0,0,0.000000000,0.000000000,0,-1.000000000,0,,0,-1.000000000,,0,-1.000000000,0,,1,3.010361195,172.480991261,-0.036630630,-0.192917824,1,0.000000000,0.000000000,-0.002442360,-0.034187317,1,-3.000000000,-171.887338539,-0.002442360,-0.034187317,1,-0.219158173,-12.556838336,-0.007326126,-0.002442360,1,-1.189393044,-68.147201576,-0.012210846,-0.003663063,2.988997936,171.256966720,0.000000000,-0.000000000,8.000000000,2.500000000,0.000000000,0.000000000,0.000000000,2.708557367,2.000000000,0.500000000,-3.000000000,-171.887338539,0.000000000,-2.756333113,1.000000000,0.500000000,-0.219158173,-12.556838336,0.000000000,-0.430917025,0.500000000,0.200000003,-1.183641434,-67.817658609,0.000000000,0.000209900,0.000000000,0.100000001
2026-07-06 20:22:06.760,1783340526.760620117,522.018803826,1,1,522.005853777,1,0.003614040,5,1,0.005318791,5,1,0,1,0,0,1,1,1,0,1,0,-1.000000000,0.000000000,0.000000000,0.000000000,0,-1.000000000,0,0,0,,0,-1.000000000,,0,0,0.000000000,0.000000000,0,-1.000000000,0,,0,-1.000000000,,0,-1.000000000,0,,1,3.010742664,172.502847866,-0.007326126,-0.192917824,1,0.000000000,0.000000000,0.002442360,-0.034187317,1,-3.000000000,-171.887338539,-0.002442360,-0.034187317,1,-0.218776703,-12.534981731,0.007326126,-0.002442360,1,-1.189393044,-68.147201576,-0.012210846,-0.003663063,2.988997936,171.256966720,0.000000000,-0.000000000,8.000000000,2.500000000,0.000000000,0.000000000,0.000000000,2.708557367,2.000000000,0.500000000,-3.000000000,-171.887338539,0.000000000,-2.756333113,1.000000000,0.500000000,-0.219158173,-12.556838336,0.000000000,-0.430917025,0.500000000,0.200000003,-1.183641434,-67.817658609,0.000000000,0.000209900,0.000000000,0.100000001
2026-07-06 20:22:07.760,1783340527.760611296,523.018795117,1,1,523.005845068,1,0.004388179,5,1,0.005491250,5,1,0,1,0,0,1,1,1,0,1,0,-1.000000000,0.000000000,0.000000000,0.000000000,0,-1.000000000,0,0,0,,0,-1.000000000,,0,0,0.000000000,0.000000000,0,-1.000000000,0,,0,-1.000000000,,0,-1.000000000,0,,1,3.010361195,172.480991261,-0.007326126,-0.192917824,1,0.000000000,0.000000000,-0.002442360,-0.034187317,1,-3.000000000,-171.887338539,-0.007326126,-0.034187317,1,-0.219158173,-12.556838336,-0.007326126,-0.007326126,1,-1.189393044,-68.147201576,0.012210846,-0.003663063,2.988997936,171.256966720,0.000000000,-0.000000000,8.000000000,2.500000000,0.000000000,0.000000000,0.000000000,2.708557367,2.000000000,0.500000000,-3.000000000,-171.887338539,0.000000000,-2.756333113,1.000000000,0.500000000,-0.219158173,-12.556838336,0.000000000,-0.430917025,0.500000000,0.200000003,-1.183641434,-67.817658609,0.000000000,0.000209900,0.000000000,0.100000001
2026-07-06 20:22:08.760,1783340528.760667086,524.018850815,1,1,524.005900766,1,0.004713904,5,1,0.005573904,5,1,0,1,0,0,1,1,1,0,1,0,-1.000000000,0.000000000,0.000000000,0.000000000,0,-1.000000000,0,0,0,,0,-1.000000000,,0,0,0.000000000,0.000000000,0,-1.000000000,0,,0,-1.000000000,,0,-1.000000000,0,,1,3.010361195,172.480991261,0.007326126,-0.192917824,1,0.000000000,0.000000000,-0.002442360,-0.034187317,1,-3.000000000,-171.887338539,-0.002442360,-0.034187317,1,-0.218776703,-12.534981731,-0.007326126,-0.007326126,1,-1.189393044,-68.147201576,-0.012210846,-0.003663063,2.988997936,171.256966720,0.000000000,-0.000000000,8.000000000,2.500000000,0.000000000,0.000000000,0.000000000,2.708557367,2.000000000,0.500000000,-3.000000000,-171.887338539,0.000000000,-2.756333113,1.000000000,0.500000000,-0.219158173,-12.556838336,0.000000000,-0.430917025,0.500000000,0.200000003,-1.183641434,-67.817658609,0.000000000,0.000209900,0.000000000,0.100000001
2026-07-06 20:22:09.760,1783340529.760742903,525.018926804,1,1,525.005976755,1,0.004581531,5,1,0.005562286,5,1,0,1,0,0,1,1,1,0,1,0,-1.000000000,0.000000000,0.000000000,0.000000000,0,-1.000000000,0,0,0,,0,-1.000000000,,0,0,0.000000000,0.000000000,0,-1.000000000,0,,0,-1.000000000,,0,-1.000000000,0,,1,3.010361195,172.480991261,-0.036630630,-0.202686310,1,0.000000000,0.000000000,-0.002442360,-0.034187317,1,-3.000000000,-171.887338539,-0.002442360,-0.034187317,1,-0.218776703,-12.534981731,-0.007326126,-0.002442360,1,-1.189777374,-68.169222106,-0.036628723,-0.003663063,2.988997936,171.256966720,0.000000000,-0.000000000,8.000000000,2.500000000,0.000000000,0.000000000,0.000000000,2.708557367,2.000000000,0.500000000,-3.000000000,-171.887338539,0.000000000,-2.756333113,1.000000000,0.500000000,-0.219158173,-12.556838336,0.000000000,-0.430917025,0.500000000,0.200000003,-1.183641434,-67.817658609,0.000000000,0.000209900,0.000000000,0.100000001
2026-07-06 20:22:10.760,1783340530.760724068,526.018907726,1,1,526.005957677,1,0.004636927,5,1,0.005682383,5,1,0,1,0,0,1,1,1,0,1,0,-1.000000000,0.000000000,0.000000000,0.000000000,0,-1.000000000,0,0,0,,0,-1.000000000,,0,0,0.000000000,0.000000000,0,-1.000000000,0,,0,-1.000000000,,0,-1.000000000,0,,1,3.010361195,172.480991261,0.007326126,-0.192917824,1,0.000000000,0.000000000,-0.002442360,-0.034187317,1,-3.000000000,-171.887338539,-0.002442360,-0.034187317,1,-0.218776703,-12.534981731,-0.007326126,-0.007326126,1,-1.189393044,-68.147201576,0.012210846,-0.003663063,2.988997936,171.256966720,0.000000000,-0.000000000,8.000000000,2.500000000,0.000000000,0.000000000,0.000000000,2.708557367,2.000000000,0.500000000,-3.000000000,-171.887338539,0.000000000,-2.756333113,1.000000000,0.500000000,-0.219158173,-12.556838336,0.000000000,-0.430917025,0.500000000,0.200000003,-1.183641434,-67.817658609,0.000000000,0.000209900,0.000000000,0.100000001
2026-07-06 20:22:11.760,1783340531.760679483,527.018863303,1,1,527.005913254,1,0.004434339,5,1,0.005479702,5,1,0,1,0,0,1,1,1,0,1,0,-1.000000000,0.000000000,0.000000000,0.000000000,0,-1.000000000,0,0,0,,0,-1.000000000,,0,0,0.000000000,0.000000000,0,-1.000000000,0,,0,-1.000000000,,0,-1.000000000,0,,1,3.010361195,172.480991261,-0.007326126,-0.197802544,1,0.000000000,0.000000000,-0.002442360,-0.034187317,1,-3.000000000,-171.887338539,0.002442360,-0.034187317,1,-0.219158173,-12.556838336,0.007326126,-0.002442360,1,-1.189393044,-68.147201576,-0.012210846,-0.003663063,2.988997936,171.256966720,0.000000000,-0.000000000,8.000000000,2.500000000,0.000000000,0.000000000,0.000000000,2.708557367,2.000000000,0.500000000,-3.000000000,-171.887338539,0.000000000,-2.756333113,1.000000000,0.500000000,-0.219158173,-12.556838336,0.000000000,-0.430917025,0.500000000,0.200000003,-1.183641434,-67.817658609,0.000000000,0.000209900,0.000000000,0.100000001
2026-07-06 20:22:12.760,1783340532.760716200,528.018900041,1,1,528.005949992,1,0.004820947,5,1,0.005584813,5,1,0,1,0,0,1,1,1,0,1,0,-1.000000000,0.000000000,0.000000000,0.000000000,0,-1.000000000,0,0,0,,0,-1.000000000,,0,0,0.000000000,0.000000000,0,-1.000000000,0,,0,-1.000000000,,0,-1.000000000,0,,1,3.010742664,172.502847866,-0.007326126,-0.192917824,1,0.000000000,0.000000000,-0.007326126,-0.034187317,1,-3.000000000,-171.887338539,0.002442360,-0.034187317,1,-0.219158173,-12.556838336,-0.007326126,-0.002442360,1,-1.189393044,-68.147201576,-0.036628723,-0.003663063,2.988997936,171.256966720,0.000000000,-0.000000000,8.000000000,2.500000000,0.000000000,0.000000000,0.000000000,2.708557367,2.000000000,0.500000000,-3.000000000,-171.887338539,0.000000000,-2.756333113,1.000000000,0.500000000,-0.219158173,-12.556838336,0.000000000,-0.430917025,0.500000000,0.200000003,-1.183641434,-67.817658609,0.000000000,0.000209900,0.000000000,0.100000001
2026-07-06 20:22:13.760,1783340533.760732889,529.018916728,1,1,529.005966679,1,0.004299163,5,1,0.005396450,5,1,0,1,0,0,1,1,1,0,1,0,-1.000000000,0.000000000,0.000000000,0.000000000,0,-1.000000000,0,0,0,,0,-1.000000000,,0,0,0.000000000,0.000000000,0,-1.000000000,0,,0,-1.000000000,,0,-1.000000000,0,,1,3.009979725,172.459134656,0.007326126,-0.197802544,1,0.000000000,0.000000000,-0.002442360,-0.034187317,1,-3.000000000,-171.887338539,-0.007326126,-0.034187317,1,-0.219158173,-12.556838336,-0.021978378,-0.002442360,1,-1.189393044,-68.147201576,0.012210846,-0.003663063,2.988997936,171.256966720,0.000000000,-0.000000000,8.000000000,2.500000000,0.000000000,0.000000000,0.000000000,2.708557367,2.000000000,0.500000000,-3.000000000,-171.887338539,0.000000000,-2.756333113,1.000000000,0.500000000,-0.219158173,-12.556838336,0.000000000,-0.430917025,0.500000000,0.200000003,-1.183641434,-67.817658609,0.000000000,0.000209900,0.000000000,0.100000001
2026-07-06 20:22:14.760,1783340534.760798454,530.018982388,1,1,530.006032339,1,0.003869559,5,1,0.005315611,5,1,0,1,0,0,1,1,1,0,1,0,-1.000000000,0.000000000,0.000000000,0.000000000,0,-1.000000000,0,0,0,,0,-1.000000000,,0,0,0.000000000,0.000000000,0,-1.000000000,0,,0,-1.000000000,,0,-1.000000000,0,,1,3.009598255,172.437278050,-0.021978378,-0.188034058,1,0.000000000,0.000000000,0.002442360,-0.034187317,1,-3.000000000,-171.887338539,-0.002442360,-0.047863007,1,-0.219158173,-12.556838336,-0.007326126,-0.002442360,1,-1.189393044,-68.147201576,-0.012210846,-0.003663063,2.988997936,171.256966720,0.000000000,-0.000000000,8.000000000,2.500000000,0.000000000,0.000000000,0.000000000,2.708557367,2.000000000,0.500000000,-3.000000000,-171.887338539,0.000000000,-2.756333113,1.000000000,0.500000000,-0.219158173,-12.556838336,0.000000000,-0.430917025,0.500000000,0.200000003,-1.183641434,-67.817658609,0.000000000,0.000209900,0.000000000,0.100000001
2026-07-06 20:22:15.761,1783340535.760935307,531.019119288,1,1,531.006169239,1,0.004699768,5,1,0.005678116,5,1,0,1,0,0,1,1,1,0,1,0,-1.000000000,0.000000000,0.000000000,0.000000000,0,-1.000000000,0,0,0,,0,-1.000000000,,0,0,0.000000000,0.000000000,0,-1.000000000,0,,0,-1.000000000,,0,-1.000000000,0,,1,3.009979725,172.459134656,-0.007326126,-0.192917824,1,0.000000000,0.000000000,-0.002442360,-0.034187317,1,-3.000000000,-171.887338539,-0.002442360,-0.034187317,1,-0.218776703,-12.534981731,0.007326126,-0.002442360,1,-1.189393044,-68.147201576,-0.036628723,-0.003663063,2.988997936,171.256966720,0.000000000,-0.000000000,8.000000000,2.500000000,0.000000000,0.000000000,0.000000000,2.708557367,2.000000000,0.500000000,-3.000000000,-171.887338539,0.000000000,-2.756333113,1.000000000,0.500000000,-0.219158173,-12.556838336,0.000000000,-0.430917025,0.500000000,0.200000003,-1.183641434,-67.817658609,0.000000000,0.000209900,0.000000000,0.100000001
2026-07-06 20:22:16.760,1783340536.760635138,532.018818846,1,1,532.005868797,1,0.004405201,5,1,0.005337117,5,1,0,1,0,0,1,1,1,0,1,0,-1.000000000,0.000000000,0.000000000,0.000000000,0,-1.000000000,0,0,0,,0,-1.000000000,,0,0,0.000000000,0.000000000,0,-1.000000000,0,,0,-1.000000000,,0,-1.000000000,0,,1,3.009979725,172.459134656,-0.021978378,-0.188034058,1,0.000000000,0.000000000,-0.002442360,-0.034187317,1,-3.000000000,-171.887338539,-0.002442360,-0.034187317,1,-0.219158173,-12.556838336,0.007326126,-0.002442360,1,-1.189393044,-68.147201576,-0.012210846,-0.003663063,2.988997936,171.256966720,0.000000000,-0.000000000,8.000000000,2.500000000,0.000000000,0.000000000,0.000000000,2.708557367,2.000000000,0.500000000,-3.000000000,-171.887338539,0.000000000,-2.756333113,1.000000000,0.500000000,-0.219158173,-12.556838336,0.000000000,-0.430917025,0.500000000,0.200000003,-1.183641434,-67.817658609,0.000000000,0.000209900,0.000000000,0.100000001
2026-07-06 20:22:17.760,1783340537.760728121,533.018911902,1,1,533.005961853,1,0.004207119,5,1,0.005364723,5,1,0,1,0,0,1,1,1,0,1,0,-1.000000000,0.000000000,0.000000000,0.000000000,0,-1.000000000,0,0,0,,0,-1.000000000,,0,0,0.000000000,0.000000000,0,-1.000000000,0,,0,-1.000000000,,0,-1.000000000,0,,1,3.007309437,172.306138418,-0.007326126,-0.173381805,1,0.000000000,0.000000000,-0.002442360,-0.047863007,1,-3.000000000,-171.887338539,-0.007326126,-0.047863007,1,-0.219158173,-12.556838336,-0.007326126,-0.002442360,1,-1.189393044,-68.147201576,-0.036628723,-0.003663063,2.988997936,171.256966720,0.000000000,-0.000000000,8.000000000,2.500000000,0.000000000,0.000000000,0.000000000,2.708557367,2.000000000,0.500000000,-3.000000000,-171.887338539,0.000000000,-2.756333113,1.000000000,0.500000000,-0.219158173,-12.556838336,0.000000000,-0.430917025,0.500000000,0.200000003,-1.183641434,-67.817658609,0.000000000,0.000209900,0.000000000,0.100000001
2026-07-06 20:22:18.760,1783340538.760729074,534.018912864,1,1,534.005962815,1,0.004500892,5,1,0.005488834,5,1,0,1,0,0,1,1,1,0,1,0,-1.000000000,0.000000000,0.000000000,0.000000000,0,-1.000000000,0,0,0,,0,-1.000000000,,0,0,0.000000000,0.000000000,0,-1.000000000,0,,0,-1.000000000,,0,-1.000000000,0,,1,3.000442982,171.912719522,-0.007326126,-0.129426003,1,0.000000000,0.000000000,-0.002442360,-0.034187317,1,-3.000000000,-171.887338539,-0.002442360,-0.034187317,1,-0.219158173,-12.556838336,-0.007326126,-0.002442360,1,-1.189393044,-68.147201576,-0.012210846,-0.003663063,2.988997936,171.256966720,0.000000000,-0.000000000,8.000000000,2.500000000,0.000000000,0.000000000,0.000000000,2.708557367,2.000000000,0.500000000,-3.000000000,-171.887338539,0.000000000,-2.756333113,1.000000000,0.500000000,-0.219158173,-12.556838336,0.000000000,-0.430917025,0.500000000,0.200000003,-1.183641434,-67.817658609,0.000000000,0.000209900,0.000000000,0.100000001
2026-07-06 20:22:19.761,1783340539.760877848,535.019061576,1,1,535.006111527,1,0.004481341,5,1,0.005612685,5,1,0,1,0,0,1,1,1,0,1,0,-1.000000000,0.000000000,0.000000000,0.000000000,0,-1.000000000,0,0,0,,0,-1.000000000,,0,0,0.000000000,0.000000000,0,-1.000000000,0,,0,-1.000000000,,0,-1.000000000,0,,1,3.000442982,171.912719522,-0.007326126,-0.134309769,1,0.000000000,0.000000000,-0.007326126,-0.034187317,1,-3.000000000,-171.887338539,-0.002442360,-0.034187317,1,-0.219158173,-12.556838336,-0.007326126,-0.002442360,1,-1.189393044,-68.147201576,-0.012210846,-0.003663063,2.988997936,171.256966720,0.000000000,-0.000000000,8.000000000,2.500000000,0.000000000,0.000000000,0.000000000,2.708557367,2.000000000,0.500000000,-3.000000000,-171.887338539,0.000000000,-2.756333113,1.000000000,0.500000000,-0.219158173,-12.556838336,0.000000000,-0.430917025,0.500000000,0.200000003,-1.183641434,-67.817658609,0.000000000,0.000209900,0.000000000,0.100000001
2026-07-06 20:22:20.761,1783340540.760895491,536.019079253,1,1,536.006129204,1,0.004774168,5,1,0.005314710,5,1,0,1,0,0,1,1,1,0,1,0,-1.000000000,0.000000000,0.000000000,0.000000000,0,-1.000000000,0,0,0,,0,-1.000000000,,0,0,0.000000000,0.000000000,0,-1.000000000,0,,0,-1.000000000,,0,-1.000000000,0,,1,3.000442982,171.912719522,-0.007326126,-0.105006218,1,0.000000000,0.000000000,-0.002442360,-0.034187317,1,-3.000000000,-171.887338539,-0.002442360,-0.034187317,1,-0.218776703,-12.534981731,-0.021978378,-0.007326126,1,-1.189393044,-68.147201576,-0.012210846,-0.003663063,2.988997936,171.256966720,0.000000000,-0.000000000,8.000000000,2.500000000,0.000000000,0.000000000,0.000000000,2.708557367,2.000000000,0.500000000,-3.000000000,-171.887338539,0.000000000,-2.756333113,1.000000000,0.500000000,-0.219158173,-12.556838336,0.000000000,-0.430917025,0.500000000,0.200000003,-1.183641434,-67.817658609,0.000000000,0.000209900,0.000000000,0.100000001
2026-07-06 20:22:21.761,1783340541.760900497,537.019084315,1,1,537.006134266,1,0.004444895,5,1,0.005486662,5,1,0,1,0,0,1,1,1,0,1,0,-1.000000000,0.000000000,0.000000000,0.000000000,0,-1.000000000,0,0,0,,0,-1.000000000,,0,0,0.000000000,0.000000000,0,-1.000000000,0,,0,-1.000000000,,0,-1.000000000,0,,1,3.003876209,172.109428970,-0.007326126,-0.148962021,1,0.000000000,0.000000000,-0.007326126,-0.034187317,1,-3.000000000,-171.887338539,-0.002442360,-0.034187317,1,-0.219158173,-12.556838336,-0.021978378,-0.002442360,1,-1.189393044,-68.147201576,-0.012210846,-0.003663063,2.988997936,171.256966720,0.000000000,-0.000000000,8.000000000,2.500000000,0.000000000,0.000000000,0.000000000,2.708557367,2.000000000,0.500000000,-3.000000000,-171.887338539,0.000000000,-2.756333113,1.000000000,0.500000000,-0.219158173,-12.556838336,0.000000000,-0.430917025,0.500000000,0.200000003,-1.183641434,-67.817658609,0.000000000,0.000209900,0.000000000,0.100000001
2026-07-06 20:22:22.761,1783340542.760941267,538.019125054,1,1,538.006175005,1,0.004448186,5,1,0.004973013,5,1,0,1,0,0,1,1,1,0,1,0,-1.000000000,0.000000000,0.000000000,0.000000000,0,-1.000000000,0,0,0,,0,-1.000000000,,0,0,0.000000000,0.000000000,0,-1.000000000,0,,0,-1.000000000,,0,-1.000000000,0,,1,3.013794422,172.677700709,0.095237732,-0.451770782,1,0.000000000,0.000000000,0.002442360,-0.047863007,1,-3.000000000,-171.887338539,-0.002442360,-0.034187317,1,-0.218776703,-12.534981731,-0.007326126,-0.007326126,1,-1.189393044,-68.147201576,0.036628723,-0.003663063,2.988997936,171.256966720,0.000000000,-0.000000000,8.000000000,2.500000000,0.000000000,0.000000000,0.000000000,2.708557367,2.000000000,0.500000000,-3.000000000,-171.887338539,0.000000000,-2.756333113,1.000000000,0.500000000,-0.219158173,-12.556838336,0.000000000,-0.430917025,0.500000000,0.200000003,-1.183641434,-67.817658609,0.000000000,0.000209900,0.000000000,0.100000001
2026-07-06 20:22:23.761,1783340543.760906696,539.019090497,1,1,539.006140448,1,0.004714455,5,1,0.005569431,5,1,0,1,0,0,1,1,1,0,1,0,-1.000000000,0.000000000,0.000000000,0.000000000,0,-1.000000000,0,0,0,,0,-1.000000000,,0,0,0.000000000,0.000000000,0,-1.000000000,0,,0,-1.000000000,,0,-1.000000000,0,,1,3.018372059,172.939979973,-0.007326126,-0.266178131,1,0.000000000,0.000000000,-0.002442360,-0.034187317,1,-3.000000000,-171.887338539,-0.002442360,-0.034187317,1,-0.219158173,-12.556838336,-0.007326126,-0.002442360,1,-1.189393044,-68.147201576,-0.012210846,-0.003663063,2.988997936,171.256966720,0.000000000,-0.000000000,8.000000000,2.500000000,0.000000000,0.000000000,0.000000000,2.708557367,2.000000000,0.500000000,-3.000000000,-171.887338539,0.000000000,-2.756333113,1.000000000,0.500000000,-0.219158173,-12.556838336,0.000000000,-0.430917025,0.500000000,0.200000003,-1.183641434,-67.817658609,0.000000000,0.000209900,0.000000000,0.100000001
2026-07-06 20:22:24.761,1783340544.760859489,540.019043247,1,1,540.006093198,1,0.004329282,5,1,0.005696925,5,1,0,1,0,0,1,1,1,0,1,0,-1.000000000,0.000000000,0.000000000,0.000000000,0,-1.000000000,0,0,0,,0,-1.000000000,,0,0,0.000000000,0.000000000,0,-1.000000000,0,,0,-1.000000000,,0,-1.000000000,0,,1,3.017990589,172.918123368,-0.007326126,-0.261294365,1,0.000000000,0.000000000,-0.002442360,-0.034187317,1,-3.000000000,-171.887338539,-0.002442360,-0.034187317,1,-0.219158173,-12.556838336,-0.007326126,-0.002442360,1,-1.189393044,-68.147201576,-0.036628723,-0.003663063,2.988997936,171.256966720,0.000000000,-0.000000000,8.000000000,2.500000000,0.000000000,0.000000000,0.000000000,2.708557367,2.000000000,0.500000000,-3.000000000,-171.887338539,0.000000000,-2.756333113,1.000000000,0.500000000,-0.219158173,-12.556838336,0.000000000,-0.430917025,0.500000000,0.200000003,-1.183641434,-67.817658609,0.000000000,0.000209900,0.000000000,0.100000001
2026-07-06 20:22:25.760,1783340545.760776281,541.018960007,1,1,541.006009958,1,0.004141227,5,1,0.005413690,5,1,0,1,0,0,1,1,1,0,1,0,-1.000000000,0.000000000,0.000000000,0.000000000,0,-1.000000000,0,0,0,,0,-1.000000000,,0,0,0.000000000,0.000000000,0,-1.000000000,0,,0,-1.000000000,,0,-1.000000000,0,,1,3.017990589,172.918123368,-0.007326126,-0.251525879,1,0.000000000,0.000000000,-0.002442360,-0.034187317,1,-3.000000000,-171.887338539,0.002442360,-0.034187317,1,-0.218776703,-12.534981731,-0.007326126,-0.002442360,1,-1.189393044,-68.147201576,-0.012210846,-0.003663063,2.988997936,171.256966720,0.000000000,-0.000000000,8.000000000,2.500000000,0.000000000,0.000000000,0.000000000,2.708557367,2.000000000,0.500000000,-3.000000000,-171.887338539,0.000000000,-2.756333113,1.000000000,0.500000000,-0.219158173,-12.556838336,0.000000000,-0.430917025,0.500000000,0.200000003,-1.183641434,-67.817658609,0.000000000,0.000209900,0.000000000,0.100000001
2026-07-06 20:22:26.760,1783340546.760830879,542.019014870,1,1,542.006064821,1,0.004219736,5,1,0.005564529,5,1,0,1,0,0,1,1,1,0,1,0,-1.000000000,0.000000000,0.000000000,0.000000000,0,-1.000000000,0,0,0,,0,-1.000000000,,0,0,0.000000000,0.000000000,0,-1.000000000,0,,0,-1.000000000,,0,-1.000000000,0,,1,3.017990589,172.918123368,-0.021978378,-0.256410599,1,0.000000000,0.000000000,-0.002442360,-0.034187317,1,-3.000000000,-171.887338539,0.002442360,-0.034187317,1,-0.218776703,-12.534981731,0.007326126,-0.002442360,1,-1.189393044,-68.147201576,-0.012210846,-0.003663063,2.988997936,171.256966720,0.000000000,-0.000000000,8.000000000,2.500000000,0.000000000,0.000000000,0.000000000,2.708557367,2.000000000,0.500000000,-3.000000000,-171.887338539,0.000000000,-2.756333113,1.000000000,0.500000000,-0.219158173,-12.556838336,0.000000000,-0.430917025,0.500000000,0.200000003,-1.183641434,-67.817658609,0.000000000,0.000209900,0.000000000,0.100000001
2026-07-06 20:22:27.760,1783340547.760800600,543.018984189,1,1,543.006034140,1,0.004350136,5,1,0.005615090,5,1,0,1,0,0,1,1,1,0,1,0,-1.000000000,0.000000000,0.000000000,0.000000000,0,-1.000000000,0,0,0,,0,-1.000000000,,0,0,0.000000000,0.000000000,0,-1.000000000,0,,0,-1.000000000,,0,-1.000000000,0,,1,3.014938831,172.743270525,-0.021978378,-0.188034058,1,0.000000000,0.000000000,-0.007326126,-0.034187317,1,-3.000000000,-171.887338539,-0.002442360,-0.034187317,1,-0.219158173,-12.556838336,-0.007326126,-0.007326126,1,-1.189393044,-68.147201576,0.012210846,-0.003663063,2.988997936,171.256966720,0.000000000,-0.000000000,8.000000000,2.500000000,0.000000000,0.000000000,0.000000000,2.708557367,2.000000000,0.500000000,-3.000000000,-171.887338539,0.000000000,-2.756333113,1.000000000,0.500000000,-0.219158173,-12.556838336,0.000000000,-0.430917025,0.500000000,0.200000003,-1.183641434,-67.817658609,0.000000000,0.000209900,0.000000000,0.100000001
2026-07-06 20:22:28.760,1783340548.760752439,544.018936232,1,1,544.005986183,1,0.004595162,5,1,0.005497559,5,1,0,1,0,0,1,1,1,0,1,0,-1.000000000,0.000000000,0.000000000,0.000000000,0,-1.000000000,0,0,0,,0,-1.000000000,,0,0,0.000000000,0.000000000,0,-1.000000000,0,,0,-1.000000000,,0,-1.000000000,0,,1,3.014557362,172.721413920,-0.007326126,-0.236874580,1,0.000000000,0.000000000,-0.002442360,-0.034187317,1,-3.000000000,-171.887338539,-0.002442360,-0.047863007,1,-0.219158173,-12.556838336,-0.007326126,-0.007326126,1,-1.189393044,-68.147201576,-0.036628723,-0.003663063,2.988997936,171.256966720,0.000000000,-0.000000000,8.000000000,2.500000000,0.000000000,0.000000000,0.000000000,2.708557367,2.000000000,0.500000000,-3.000000000,-171.887338539,0.000000000,-2.756333113,1.000000000,0.500000000,-0.219158173,-12.556838336,0.000000000,-0.430917025,0.500000000,0.200000003,-1.183641434,-67.817658609,0.000000000,0.000209900,0.000000000,0.100000001
2026-07-06 20:22:29.760,1783340549.760805845,545.018989744,1,1,545.006039695,1,0.004759966,5,1,0.005349786,5,1,0,1,0,0,1,1,1,0,1,0,-1.000000000,0.000000000,0.000000000,0.000000000,0,-1.000000000,0,0,0,,0,-1.000000000,,0,0,0.000000000,0.000000000,0,-1.000000000,0,,0,-1.000000000,,0,-1.000000000,0,,1,3.014557362,172.721413920,-0.007326126,-0.227106094,1,0.000000000,0.000000000,-0.002442360,-0.034187317,1,-3.000000000,-171.887338539,0.002442360,-0.034187317,1,-0.219158173,-12.556838336,-0.007326126,-0.002442360,1,-1.189393044,-68.147201576,0.012210846,-0.003663063,2.988997936,171.256966720,0.000000000,-0.000000000,8.000000000,2.500000000,0.000000000,0.000000000,0.000000000,2.708557367,2.000000000,0.500000000,-3.000000000,-171.887338539,0.000000000,-2.756333113,1.000000000,0.500000000,-0.219158173,-12.556838336,0.000000000,-0.430917025,0.500000000,0.200000003,-1.183641434,-67.817658609,0.000000000,0.000209900,0.000000000,0.100000001
2026-07-06 20:22:30.760,1783340550.760818720,546.019002383,1,1,546.006052334,1,0.004675078,5,1,0.005495990,5,1,0,1,0,0,1,1,1,0,1,0,-1.000000000,0.000000000,0.000000000,0.000000000,0,-1.000000000,0,0,0,,0,-1.000000000,,0,0,0.000000000,0.000000000,0,-1.000000000,0,,0,-1.000000000,,0,-1.000000000,0,,1,3.014557362,172.721413920,-0.007326126,-0.231989861,1,0.000000000,0.000000000,0.002442360,-0.034187317,1,-3.000000000,-171.887338539,-0.002442360,-0.034187317,1,-0.219158173,-12.556838336,-0.007326126,-0.002442360,1,-1.189393044,-68.147201576,-0.012210846,-0.003663063,2.988997936,171.256966720,0.000000000,-0.000000000,8.000000000,2.500000000,0.000000000,0.000000000,0.000000000,2.708557367,2.000000000,0.500000000,-3.000000000,-171.887338539,0.000000000,-2.756333113,1.000000000,0.500000000,-0.219158173,-12.556838336,0.000000000,-0.430917025,0.500000000,0.200000003,-1.183641434,-67.817658609,0.000000000,0.000209900,0.000000000,0.100000001
2026-07-06 20:22:31.760,1783340551.760793924,547.018977667,1,1,547.006027618,1,0.004273756,5,1,0.005452183,5,1,0,1,0,0,1,1,1,0,1,0,-1.000000000,0.000000000,0.000000000,0.000000000,0,-1.000000000,0,0,0,,0,-1.000000000,,0,0,0.000000000,0.000000000,0,-1.000000000,0,,0,-1.000000000,,0,-1.000000000,0,,1,3.014175892,172.699557315,-0.021978378,-0.227106094,1,0.000000000,0.000000000,-0.002442360,-0.034187317,1,-3.000000000,-171.887338539,-0.002442360,-0.034187317,1,-0.218776703,-12.534981731,0.007326126,-0.007326126,1,-1.189393044,-68.147201576,-0.012210846,-0.003663063,2.988997936,171.256966720,0.000000000,-0.000000000,8.000000000,2.500000000,0.000000000,0.000000000,0.000000000,2.708557367,2.000000000,0.500000000,-3.000000000,-171.887338539,0.000000000,-2.756333113,1.000000000,0.500000000,-0.219158173,-12.556838336,0.000000000,-0.430917025,0.500000000,0.200000003,-1.183641434,-67.817658609,0.000000000,0.000209900,0.000000000,0.100000001
2026-07-06 20:22:32.761,1783340552.760932207,548.019115967,1,1,548.006165918,1,0.003586292,5,1,0.005610229,5,1,0,1,0,0,1,1,1,0,1,0,-1.000000000,0.000000000,0.000000000,0.000000000,0,-1.000000000,0,0,0,,0,-1.000000000,,0,0,0.000000000,0.000000000,0,-1.000000000,0,,0,-1.000000000,,0,-1.000000000,0,,1,3.014557362,172.721413920,-0.007326126,-0.222222328,1,0.000000000,0.000000000,-0.002442360,-0.047863007,1,-3.000000000,-171.887338539,-0.002442360,-0.034187317,1,-0.219158173,-12.556838336,0.007326126,-0.002442360,1,-1.189393044,-68.147201576,-0.036628723,-0.003663063,2.988997936,171.256966720,0.000000000,-0.000000000,8.000000000,2.500000000,0.000000000,0.000000000,0.000000000,2.708557367,2.000000000,0.500000000,-3.000000000,-171.887338539,0.000000000,-2.756333113,1.000000000,0.500000000,-0.219158173,-12.556838336,0.000000000,-0.430917025,0.500000000,0.200000003,-1.183641434,-67.817658609,0.000000000,0.000209900,0.000000000,0.100000001
2026-07-06 20:22:33.760,1783340553.760866880,549.019050667,1,1,549.006100618,1,0.004538562,5,1,0.005570768,5,1,0,1,0,0,1,1,1,0,1,0,-1.000000000,0.000000000,0.000000000,0.000000000,0,-1.000000000,0,0,0,,0,-1.000000000,,0,0,0.000000000,0.000000000,0,-1.000000000,0,,0,-1.000000000,,0,-1.000000000,0,,1,3.014175892,172.699557315,-0.007326126,-0.212453842,1,0.000000000,0.000000000,-0.002442360,-0.034187317,1,-3.000000000,-171.887338539,-0.002442360,-0.034187317,1,-0.219158173,-12.556838336,-0.007326126,-0.002442360,1,-1.189777374,-68.169222106,-0.061050415,-0.003663063,2.988997936,171.256966720,0.000000000,-0.000000000,8.000000000,2.500000000,0.000000000,0.000000000,0.000000000,2.708557367,2.000000000,0.500000000,-3.000000000,-171.887338539,0.000000000,-2.756333113,1.000000000,0.500000000,-0.219158173,-12.556838336,0.000000000,-0.430917025,0.500000000,0.200000003,-1.183641434,-67.817658609,0.000000000,0.000209900,0.000000000,0.100000001
2026-07-06 20:22:34.761,1783340554.760936022,550.019119614,1,1,550.006169565,1,0.004781375,5,1,0.005627951,5,1,0,1,0,0,1,1,1,0,1,0,-1.000000000,0.000000000,0.000000000,0.000000000,0,-1.000000000,0,0,0,,0,-1.000000000,,0,0,0.000000000,0.000000000,0,-1.000000000,0,,0,-1.000000000,,0,-1.000000000,0,,1,3.014175892,172.699557315,-0.007326126,-0.222222328,1,0.000000000,0.000000000,-0.007326126,-0.034187317,1,-3.000000000,-171.887338539,-0.002442360,-0.034187317,1,-0.218776703,-12.534981731,-0.007326126,-0.002442360,1,-1.189393044,-68.147201576,-0.012210846,-0.003663063,2.988997936,171.256966720,0.000000000,-0.000000000,8.000000000,2.500000000,0.000000000,0.000000000,0.000000000,2.708557367,2.000000000,0.500000000,-3.000000000,-171.887338539,0.000000000,-2.756333113,1.000000000,0.500000000,-0.219158173,-12.556838336,0.000000000,-0.430917025,0.500000000,0.200000003,-1.183641434,-67.817658609,0.000000000,0.000209900,0.000000000,0.100000001
2026-07-06 20:22:35.761,1783340555.760895491,551.019079222,1,1,551.006129173,1,0.004664684,5,1,0.005526486,5,1,0,1,0,0,1,1,1,0,1,0,-1.000000000,0.000000000,0.000000000,0.000000000,0,-1.000000000,0,0,0,,0,-1.000000000,,0,0,0.000000000,0.000000000,0,-1.000000000,0,,0,-1.000000000,,0,-1.000000000,0,,1,3.014557362,172.721413920,-0.021978378,-0.227106094,1,0.000000000,0.000000000,-0.002442360,-0.034187317,1,-3.000000000,-171.887338539,0.002442360,-0.034187317,1,-0.219158173,-12.556838336,-0.007326126,-0.002442360,1,-1.189393044,-68.147201576,-0.012210846,-0.003663063,2.988997936,171.256966720,0.000000000,-0.000000000,8.000000000,2.500000000,0.000000000,0.000000000,0.000000000,2.708557367,2.000000000,0.500000000,-3.000000000,-171.887338539,0.000000000,-2.756333113,1.000000000,0.500000000,-0.219158173,-12.556838336,0.000000000,-0.430917025,0.500000000,0.200000003,-1.183641434,-67.817658609,0.000000000,0.000209900,0.000000000,0.100000001
2026-07-06 20:22:36.760,1783340556.760873795,552.019057559,1,1,552.006107510,1,0.003751721,5,1,0.005026343,5,1,0,1,0,0,1,1,1,0,1,0,-1.000000000,0.000000000,0.000000000,0.000000000,0,-1.000000000,0,0,0,,0,-1.000000000,,0,0,0.000000000,0.000000000,0,-1.000000000,0,,0,-1.000000000,,0,-1.000000000,0,,1,3.014557362,172.721413920,-0.021978378,-0.231989861,1,0.000000000,0.000000000,-0.002442360,-0.047863007,1,-3.000000000,-171.887338539,-0.002442360,-0.034187317,1,-0.219158173,-12.556838336,-0.021978378,-0.002442360,1,-1.189393044,-68.147201576,-0.036628723,-0.003663063,2.988997936,171.256966720,0.000000000,-0.000000000,8.000000000,2.500000000,0.000000000,0.000000000,0.000000000,2.708557367,2.000000000,0.500000000,-3.000000000,-171.887338539,0.000000000,-2.756333113,1.000000000,0.500000000,-0.219158173,-12.556838336,0.000000000,-0.430917025,0.500000000,0.200000003,-1.183641434,-67.817658609,0.000000000,0.000209900,0.000000000,0.100000001
2026-07-06 20:22:37.761,1783340557.760922194,553.019105932,1,1,553.006155883,1,0.004116308,5,1,0.005372675,5,1,0,1,0,0,1,1,1,0,1,0,-1.000000000,0.000000000,0.000000000,0.000000000,0,-1.000000000,0,0,0,,0,-1.000000000,,0,0,0.000000000,0.000000000,0,-1.000000000,0,,0,-1.000000000,,0,-1.000000000,0,,1,3.014557362,172.721413920,-0.007326126,-0.227106094,0,0.000000000,0.000000000,-0.002442360,-0.034187317,1,-3.000000000,-171.887338539,0.002442360,-0.034187317,1,-0.219158173,-12.556838336,-0.007326126,-0.002442360,1,-1.189393044,-68.147201576,-0.012210846,-0.003663063,2.988997936,171.256966720,0.000000000,-0.000000000,8.000000000,2.500000000,0.000000000,0.000000000,0.000000000,2.708557367,2.000000000,0.500000000,-3.000000000,-171.887338539,0.000000000,-2.756333113,1.000000000,0.500000000,-0.219158173,-12.556838336,0.000000000,-0.430917025,0.500000000,0.200000003,-1.183641434,-67.817658609,0.000000000,0.000209900,0.000000000,0.100000001
2026-07-06 20:22:38.760,1783340558.760874033,554.019057880,1,1,554.006107831,1,0.004095624,5,1,0.005638325,5,1,0,1,0,0,1,1,1,0,1,0,-1.000000000,0.000000000,0.000000000,0.000000000,0,-1.000000000,0,0,0,,0,-1.000000000,,0,0,0.000000000,0.000000000,0,-1.000000000,0,,0,-1.000000000,,0,-1.000000000,0,,1,3.012268543,172.590274288,0.007326126,-0.227106094,1,0.000000000,0.000000000,-0.002442360,-0.034187317,1,-3.000000000,-171.887338539,-0.002442360,-0.034187317,1,-0.219158173,-12.556838336,-0.021978378,-0.007326126,1,-1.189393044,-68.147201576,-0.012210846,-0.003663063,2.988997936,171.256966720,0.000000000,-0.000000000,8.000000000,2.500000000,0.000000000,0.000000000,0.000000000,2.708557367,2.000000000,0.500000000,-3.000000000,-171.887338539,0.000000000,-2.756333113,1.000000000,0.500000000,-0.219158173,-12.556838336,0.000000000,-0.430917025,0.500000000,0.200000003,-1.183641434,-67.817658609,0.000000000,0.000209900,0.000000000,0.100000001
2026-07-06 20:22:39.761,1783340559.760894775,555.019078644,1,1,555.006128595,1,0.004508941,5,1,0.005449375,5,1,0,1,0,0,1,1,1,0,1,0,-1.000000000,0.000000000,0.000000000,0.000000000,0,-1.000000000,0,0,0,,0,-1.000000000,,0,0,0.000000000,0.000000000,0,-1.000000000,0,,0,-1.000000000,,0,-1.000000000,0,,1,3.011124134,172.524704472,-0.021978378,-0.197802544,1,0.000000000,0.000000000,-0.002442360,-0.034187317,1,-3.000000000,-171.887338539,-0.002442360,-0.034187317,1,-0.219158173,-12.556838336,-0.007326126,-0.007326126,1,-1.189393044,-68.147201576,-0.012210846,-0.003663063,2.988997936,171.256966720,0.000000000,-0.000000000,8.000000000,2.500000000,0.000000000,0.000000000,0.000000000,2.708557367,2.000000000,0.500000000,-3.000000000,-171.887338539,0.000000000,-2.756333113,1.000000000,0.500000000,-0.219158173,-12.556838336,0.000000000,-0.430917025,0.500000000,0.200000003,-1.183641434,-67.817658609,0.000000000,0.000209900,0.000000000,0.100000001
2026-07-06 20:22:40.761,1783340560.760862827,556.019046555,1,1,556.006096506,1,0.004824002,5,1,0.005452003,5,1,0,1,0,0,1,1,1,0,1,0,-1.000000000,0.000000000,0.000000000,0.000000000,0,-1.000000000,0,0,0,,0,-1.000000000,,0,0,0.000000000,0.000000000,0,-1.000000000,0,,0,-1.000000000,,0,-1.000000000,0,,1,3.011124134,172.524704472,-0.007326126,-0.197802544,1,0.000000000,0.000000000,-0.002442360,-0.034187317,1,-3.000000000,-171.887338539,-0.002442360,-0.034187317,1,-0.218776703,-12.534981731,-0.007326126,-0.002442360,1,-1.189393044,-68.147201576,-0.012210846,-0.003663063,2.988997936,171.256966720,0.000000000,-0.000000000,8.000000000,2.500000000,0.000000000,0.000000000,0.000000000,2.708557367,2.000000000,0.500000000,-3.000000000,-171.887338539,0.000000000,-2.756333113,1.000000000,0.500000000,-0.219158173,-12.556838336,0.000000000,-0.430917025,0.500000000,0.200000003,-1.183641434,-67.817658609,0.000000000,0.000209900,0.000000000,0.100000001
2026-07-06 20:22:41.761,1783340561.760935068,557.019118868,1,1,557.006168819,1,0.004652343,5,1,0.005331073,5,1,0,1,0,0,1,1,1,0,1,0,-1.000000000,0.000000000,0.000000000,0.000000000,0,-1.000000000,0,0,0,,0,-1.000000000,,0,0,0.000000000,0.000000000,0,-1.000000000,0,,0,-1.000000000,,0,-1.000000000,0,,1,3.001205921,171.956432733,-0.007326126,-0.124542236,1,0.000000000,0.000000000,-0.002442360,-0.034187317,1,-3.000000000,-171.887338539,-0.002442360,-0.034187317,1,-0.218776703,-12.534981731,-0.007326126,-0.002442360,1,-1.189009666,-68.125235687,-0.012210846,-0.003663063,2.988997936,171.256966720,0.000000000,-0.000000000,8.000000000,2.500000000,0.000000000,0.000000000,0.000000000,2.708557367,2.000000000,0.500000000,-3.000000000,-171.887338539,0.000000000,-2.756333113,1.000000000,0.500000000,-0.219158173,-12.556838336,0.000000000,-0.430917025,0.500000000,0.200000003,-1.183641434,-67.817658609,0.000000000,0.000209900,0.000000000,0.100000001
2026-07-06 20:22:42.761,1783340562.760957956,558.019141692,1,1,558.006191643,1,0.003650980,5,1,0.005383684,5,1,0,1,0,0,1,1,1,0,1,0,-1.000000000,0.000000000,0.000000000,0.000000000,0,-1.000000000,0,0,0,,0,-1.000000000,,0,0,0.000000000,0.000000000,0,-1.000000000,0,,0,-1.000000000,,0,-1.000000000,0,,1,3.003876209,172.109428970,0.007326126,-0.183150291,1,0.000000000,0.000000000,-0.002442360,-0.020513535,1,-3.000000000,-171.887338539,-0.002442360,-0.034187317,1,-0.219158173,-12.556838336,-0.007326126,-0.002442360,1,-1.189393044,-68.147201576,-0.012210846,-0.003663063,2.988997936,171.256966720,0.000000000,-0.000000000,8.000000000,2.500000000,0.000000000,0.000000000,0.000000000,2.708557367,2.000000000,0.500000000,-3.000000000,-171.887338539,0.000000000,-2.756333113,1.000000000,0.500000000,-0.219158173,-12.556838336,0.000000000,-0.430917025,0.500000000,0.200000003,-1.183641434,-67.817658609,0.000000000,0.000209900,0.000000000,0.100000001
2026-07-06 20:22:43.760,1783340563.760878563,559.019062357,1,1,559.006112308,1,0.004510117,5,1,0.005362034,5,1,0,1,0,0,1,1,1,0,1,0,-1.000000000,0.000000000,0.000000000,0.000000000,0,-1.000000000,0,0,0,,0,-1.000000000,,0,0,0.000000000,0.000000000,0,-1.000000000,0,,0,-1.000000000,,0,-1.000000000,0,,1,3.014175892,172.699557315,-0.007326126,-0.231989861,1,0.000000000,0.000000000,-0.002442360,-0.034187317,1,-3.000000000,-171.887338539,0.002442360,-0.047863007,1,-0.219158173,-12.556838336,-0.021978378,-0.002442360,1,-1.189393044,-68.147201576,-0.012210846,-0.003663063,2.988997936,171.256966720,0.000000000,-0.000000000,8.000000000,2.500000000,0.000000000,0.000000000,0.000000000,2.708557367,2.000000000,0.500000000,-3.000000000,-171.887338539,0.000000000,-2.756333113,1.000000000,0.500000000,-0.219158173,-12.556838336,0.000000000,-0.430917025,0.500000000,0.200000003,-1.183641434,-67.817658609,0.000000000,0.000209900,0.000000000,0.100000001
2026-07-06 20:22:44.761,1783340564.760960102,560.019143804,1,1,560.006193755,1,0.004441453,5,1,0.005643809,5,1,0,1,0,0,1,1,1,0,1,0,-1.000000000,0.000000000,0.000000000,0.000000000,0,-1.000000000,0,0,0,,0,-1.000000000,,0,0,0.000000000,0.000000000,0,-1.000000000,0,,0,-1.000000000,,0,-1.000000000,0,,1,3.013794422,172.677700709,-0.007326126,-0.227106094,1,0.000000000,0.000000000,-0.002442360,-0.034187317,1,-3.000000000,-171.887338539,-0.002442360,-0.034187317,1,-0.219158173,-12.556838336,-0.007326126,-0.002442360,1,-1.189393044,-68.147201576,0.012210846,-0.003663063,2.988997936,171.256966720,0.000000000,-0.000000000,8.000000000,2.500000000,0.000000000,0.000000000,0.000000000,2.708557367,2.000000000,0.500000000,-3.000000000,-171.887338539,0.000000000,-2.756333113,1.000000000,0.500000000,-0.219158173,-12.556838336,0.000000000,-0.430917025,0.500000000,0.200000003,-1.183641434,-67.817658609,0.000000000,0.000209900,0.000000000,0.100000001
2026-07-06 20:22:45.761,1783340565.760959625,561.019143633,1,1,561.006193584,1,0.004832864,5,1,0.005465739,5,1,0,1,0,0,1,1,1,0,1,0,-1.000000000,0.000000000,0.000000000,0.000000000,0,-1.000000000,0,0,0,,0,-1.000000000,,0,0,0.000000000,0.000000000,0,-1.000000000,0,,0,-1.000000000,,0,-1.000000000,0,,1,3.014175892,172.699557315,-0.007326126,-0.222222328,1,0.000000000,0.000000000,-0.002442360,-0.034187317,1,-3.000000000,-171.887338539,-0.002442360,-0.034187317,1,-0.219158173,-12.556838336,-0.007326126,-0.007326126,1,-1.189393044,-68.147201576,-0.012210846,-0.003663063,2.988997936,171.256966720,0.000000000,-0.000000000,8.000000000,2.500000000,0.000000000,0.000000000,0.000000000,2.708557367,2.000000000,0.500000000,-3.000000000,-171.887338539,0.000000000,-2.756333113,1.000000000,0.500000000,-0.219158173,-12.556838336,0.000000000,-0.430917025,0.500000000,0.200000003,-1.183641434,-67.817658609,0.000000000,0.000209900,0.000000000,0.100000001
2026-07-06 20:22:46.761,1783340566.760908842,562.019092692,1,1,562.006142643,1,0.004165091,5,1,0.005349125,5,1,0,1,0,0,1,1,1,0,1,0,-1.000000000,0.000000000,0.000000000,0.000000000,0,-1.000000000,0,0,0,,0,-1.000000000,,0,0,0.000000000,0.000000000,0,-1.000000000,0,,0,-1.000000000,,0,-1.000000000,0,,1,3.010361195,172.480991261,-0.036630630,-0.148962021,1,0.000000000,0.000000000,0.002442360,-0.034187317,1,-3.000000000,-171.887338539,-0.002442360,-0.034187317,1,-0.219158173,-12.556838336,-0.007326126,-0.002442360,1,-1.189777374,-68.169222106,-0.012210846,-0.003663063,2.988997936,171.256966720,0.000000000,-0.000000000,8.000000000,2.500000000,0.000000000,0.000000000,0.000000000,2.708557367,2.000000000,0.500000000,-3.000000000,-171.887338539,0.000000000,-2.756333113,1.000000000,0.500000000,-0.219158173,-12.556838336,0.000000000,-0.430917025,0.500000000,0.200000003,-1.183641434,-67.817658609,0.000000000,0.000209900,0.000000000,0.100000001
2026-07-06 20:22:47.761,1783340567.760946274,563.019129954,1,1,563.006179905,1,0.004476920,5,1,0.005553602,5,1,0,1,0,0,1,1,1,0,1,0,-1.000000000,0.000000000,0.000000000,0.000000000,0,-1.000000000,0,0,0,,0,-1.000000000,,0,0,0.000000000,0.000000000,0,-1.000000000,0,,0,-1.000000000,,0,-1.000000000,0,,1,3.003876209,172.109428970,-0.007326126,-0.139194489,1,0.000000000,0.000000000,0.002442360,-0.034187317,1,-3.000000000,-171.887338539,-0.002442360,-0.047863007,1,-0.219158173,-12.556838336,-0.007326126,-0.007326126,1,-1.189777374,-68.169222106,-0.061050415,-0.003663063,2.988997936,171.256966720,0.000000000,-0.000000000,8.000000000,2.500000000,0.000000000,0.000000000,0.000000000,2.708557367,2.000000000,0.500000000,-3.000000000,-171.887338539,0.000000000,-2.756333113,1.000000000,0.500000000,-0.219158173,-12.556838336,0.000000000,-0.430917025,0.500000000,0.200000003,-1.183641434,-67.817658609,0.000000000,0.000209900,0.000000000,0.100000001
2026-07-06 20:22:48.761,1783340568.760990620,564.019174396,1,1,564.006224347,1,0.004353407,5,1,0.005286754,5,1,0,1,0,0,1,1,1,0,1,0,-1.000000000,0.000000000,0.000000000,0.000000000,0,-1.000000000,0,0,0,,0,-1.000000000,,0,0,0.000000000,0.000000000,0,-1.000000000,0,,0,-1.000000000,,0,-1.000000000,0,,1,3.006165028,172.240568602,-0.007326126,-0.158730507,1,0.000000000,0.000000000,-0.002442360,-0.047863007,1,-3.000000000,-171.887338539,0.002442360,-0.034187317,1,-0.219158173,-12.556838336,0.007326126,-0.007326126,1,-1.189777374,-68.169222106,0.012210846,-0.003663063,2.988997936,171.256966720,0.000000000,-0.000000000,8.000000000,2.500000000,0.000000000,0.000000000,0.000000000,2.708557367,2.000000000,0.500000000,-3.000000000,-171.887338539,0.000000000,-2.756333113,1.000000000,0.500000000,-0.219158173,-12.556838336,0.000000000,-0.430917025,0.500000000,0.200000003,-1.183641434,-67.817658609,0.000000000,0.000209900,0.000000000,0.100000001
2026-07-06 20:22:49.761,1783340569.760984898,565.019168593,1,1,565.006218544,1,0.004460482,5,1,0.005618158,5,1,0,1,0,0,1,1,1,0,1,0,-1.000000000,0.000000000,0.000000000,0.000000000,0,-1.000000000,0,0,0,,0,-1.000000000,,0,0,0.000000000,0.000000000,0,-1.000000000,0,,0,-1.000000000,,0,-1.000000000,0,,1,3.012268543,172.590274288,0.080585480,-0.446886063,1,0.000000000,0.000000000,-0.007326126,-0.034187317,1,-3.000000000,-171.887338539,-0.002442360,-0.034187317,1,-0.219158173,-12.556838336,-0.021978378,-0.002442360,1,-1.189393044,-68.147201576,-0.036628723,-0.003663063,2.988997936,171.256966720,0.000000000,-0.000000000,8.000000000,2.500000000,0.000000000,0.000000000,0.000000000,2.708557367,2.000000000,0.500000000,-3.000000000,-171.887338539,0.000000000,-2.756333113,1.000000000,0.500000000,-0.219158173,-12.556838336,0.000000000,-0.430917025,0.500000000,0.200000003,-1.183641434,-67.817658609,0.000000000,0.000209900,0.000000000,0.100000001
2026-07-06 20:22:50.761,1783340570.760946274,566.019129871,1,1,566.006179822,1,0.004337319,5,1,0.005598316,5,1,0,1,0,0,1,1,1,0,1,0,-1.000000000,0.000000000,0.000000000,0.000000000,0,-1.000000000,0,0,0,,0,-1.000000000,,0,0,0.000000000,0.000000000,0,-1.000000000,0,,0,-1.000000000,,0,-1.000000000,0,,1,3.011124134,172.524704472,-0.036630630,-0.188034058,1,0.000000000,0.000000000,-0.007326126,-0.034187317,1,-3.000000000,-171.887338539,-0.002442360,-0.034187317,1,-0.219158173,-12.556838336,-0.007326126,-0.007326126,1,-1.189777374,-68.169222106,-0.012210846,-0.003663063,2.988997936,171.256966720,0.000000000,-0.000000000,8.000000000,2.500000000,0.000000000,0.000000000,0.000000000,2.708557367,2.000000000,0.500000000,-3.000000000,-171.887338539,0.000000000,-2.756333113,1.000000000,0.500000000,-0.219158173,-12.556838336,0.000000000,-0.430917025,0.500000000,0.200000003,-1.183641434,-67.817658609,0.000000000,0.000209900,0.000000000,0.100000001
2026-07-06 20:22:51.761,1783340571.760960102,567.019143906,1,1,567.006193857,1,0.004401488,5,1,0.005399366,5,1,0,1,0,0,1,1,1,0,1,0,-1.000000000,0.000000000,0.000000000,0.000000000,0,-1.000000000,0,0,0,,0,-1.000000000,,0,0,0.000000000,0.000000000,0,-1.000000000,0,,0,-1.000000000,,0,-1.000000000,0,,1,3.009598255,172.437278050,-0.007326126,-0.197802544,1,0.000000000,0.000000000,-0.002442360,-0.034187317,1,-3.000000000,-171.887338539,-0.002442360,-0.047863007,1,-0.219158173,-12.556838336,-0.007326126,-0.007326126,1,-1.189777374,-68.169222106,-0.012210846,-0.003663063,2.988997936,171.256966720,0.000000000,-0.000000000,8.000000000,2.500000000,0.000000000,0.000000000,0.000000000,2.708557367,2.000000000,0.500000000,-3.000000000,-171.887338539,0.000000000,-2.756333113,1.000000000,0.500000000,-0.219158173,-12.556838336,0.000000000,-0.430917025,0.500000000,0.200000003,-1.183641434,-67.817658609,0.000000000,0.000209900,0.000000000,0.100000001
2026-07-06 20:22:52.761,1783340572.761004686,568.019188644,1,1,568.006238595,1,0.004388114,5,1,0.005228988,5,1,0,1,0,0,1,1,1,0,1,0,-1.000000000,0.000000000,0.000000000,0.000000000,0,-1.000000000,0,0,0,,0,-1.000000000,,0,0,0.000000000,0.000000000,0,-1.000000000,0,,0,-1.000000000,,0,-1.000000000,0,,1,3.008072376,172.349851629,-0.021978378,-0.178266525,1,0.000000000,0.000000000,-0.002442360,-0.034187317,1,-3.000000000,-171.887338539,-0.007326126,-0.034187317,1,-0.219158173,-12.556838336,-0.007326126,-0.002442360,1,-1.189777374,-68.169222106,-0.061050415,-0.003663063,2.988997936,171.256966720,0.000000000,-0.000000000,8.000000000,2.500000000,0.000000000,0.000000000,0.000000000,2.708557367,2.000000000,0.500000000,-3.000000000,-171.887338539,0.000000000,-2.756333113,1.000000000,0.500000000,-0.219158173,-12.556838336,0.000000000,-0.430917025,0.500000000,0.200000003,-1.183641434,-67.817658609,0.000000000,0.000209900,0.000000000,0.100000001
2026-07-06 20:22:53.761,1783340573.761040449,569.019224192,1,1,569.006274143,1,0.003833141,5,1,0.005115374,5,1,0,1,0,0,1,1,1,0,1,0,-1.000000000,0.000000000,0.000000000,0.000000000,0,-1.000000000,0,0,0,,0,-1.000000000,,0,0,0.000000000,0.000000000,0,-1.000000000,0,,0,-1.000000000,,0,-1.000000000,0,,1,3.014557362,172.721413920,-0.007326126,-0.236874580,1,0.000000000,0.000000000,-0.002442360,-0.034187317,1,-3.000000000,-171.887338539,-0.002442360,-0.047863007,1,-0.218776703,-12.534981731,0.007326126,-0.002442360,1,-1.189777374,-68.169222106,-0.012210846,-0.003663063,2.988997936,171.256966720,0.000000000,-0.000000000,8.000000000,2.500000000,0.000000000,0.000000000,0.000000000,2.708557367,2.000000000,0.500000000,-3.000000000,-171.887338539,0.000000000,-2.756333113,1.000000000,0.500000000,-0.219158173,-12.556838336,0.000000000,-0.430917025,0.500000000,0.200000003,-1.183641434,-67.817658609,0.000000000,0.000209900,0.000000000,0.100000001
2026-07-06 20:22:54.761,1783340574.760994673,570.019178461,1,1,570.006228412,1,0.003980384,5,1,0.005415945,5,1,0,1,0,0,1,1,1,0,1,0,-1.000000000,0.000000000,0.000000000,0.000000000,0,-1.000000000,0,0,0,,0,-1.000000000,,0,0,0.000000000,0.000000000,0,-1.000000000,0,,0,-1.000000000,,0,-1.000000000,0,,1,3.014938831,172.743270525,0.007326126,-0.231989861,1,0.000000000,0.000000000,-0.002442360,-0.034187317,1,-3.000000000,-171.887338539,-0.002442360,-0.034187317,1,-0.218776703,-12.534981731,0.007326126,-0.002442360,1,-1.189777374,-68.169222106,-0.012210846,-0.003663063,2.988997936,171.256966720,0.000000000,-0.000000000,8.000000000,2.500000000,0.000000000,0.000000000,0.000000000,2.708557367,2.000000000,0.500000000,-3.000000000,-171.887338539,0.000000000,-2.756333113,1.000000000,0.500000000,-0.219158173,-12.556838336,0.000000000,-0.430917025,0.500000000,0.200000003,-1.183641434,-67.817658609,0.000000000,0.000209900,0.000000000,0.100000001
2026-07-06 20:22:55.761,1783340575.760979176,571.019162944,1,1,571.006212895,1,0.004140874,5,1,0.005220603,5,1,0,1,0,0,1,1,1,0,1,0,-1.000000000,0.000000000,0.000000000,0.000000000,0,-1.000000000,0,0,0,,0,-1.000000000,,0,0,0.000000000,0.000000000,0,-1.000000000,0,,0,-1.000000000,,0,-1.000000000,0,,1,3.014557362,172.721413920,-0.007326126,-0.231989861,1,0.000000000,0.000000000,-0.002442360,-0.034187317,1,-3.000000000,-171.887338539,0.002442360,-0.020513535,1,-0.219158173,-12.556838336,-0.036630630,-0.002442360,1,-1.189777374,-68.169222106,0.012210846,-0.003663063,2.988997936,171.256966720,0.000000000,-0.000000000,8.000000000,2.500000000,0.000000000,0.000000000,0.000000000,2.708557367,2.000000000,0.500000000,-3.000000000,-171.887338539,0.000000000,-2.756333113,1.000000000,0.500000000,-0.219158173,-12.556838336,0.000000000,-0.430917025,0.500000000,0.200000003,-1.183641434,-67.817658609,0.000000000,0.000209900,0.000000000,0.100000001
2026-07-06 20:22:56.761,1783340576.761038303,572.019222067,1,1,572.006272018,1,0.004613928,5,1,0.005672233,5,1,0,1,0,0,1,1,1,0,1,0,-1.000000000,0.000000000,0.000000000,0.000000000,0,-1.000000000,0,0,0,,0,-1.000000000,,0,0,0.000000000,0.000000000,0,-1.000000000,0,,0,-1.000000000,,0,-1.000000000,0,,1,3.013794422,172.677700709,-0.021978378,-0.202686310,1,0.000000000,0.000000000,-0.002442360,-0.034187317,1,-3.000000000,-171.887338539,-0.002442360,-0.034187317,1,-0.219158173,-12.556838336,-0.007326126,-0.002442360,1,-1.189777374,-68.169222106,-0.012210846,-0.003663063,2.988997936,171.256966720,0.000000000,-0.000000000,8.000000000,2.500000000,0.000000000,0.000000000,0.000000000,2.708557367,2.000000000,0.500000000,-3.000000000,-171.887338539,0.000000000,-2.756333113,1.000000000,0.500000000,-0.219158173,-12.556838336,0.000000000,-0.430917025,0.500000000,0.200000003,-1.183641434,-67.817658609,0.000000000,0.000209900,0.000000000,0.100000001
2026-07-06 20:22:57.761,1783340577.761047840,573.019231729,1,1,573.006281680,1,0.004775534,5,1,0.005671741,5,1,0,1,0,0,1,1,1,0,1,0,-1.000000000,0.000000000,0.000000000,0.000000000,0,-1.000000000,0,0,0,,0,-1.000000000,,0,0,0.000000000,0.000000000,0,-1.000000000,0,,0,-1.000000000,,0,-1.000000000,0,,1,3.014175892,172.699557315,-0.007326126,-0.222222328,1,0.000000000,0.000000000,-0.002442360,-0.034187317,1,-3.000000000,-171.887338539,-0.002442360,-0.034187317,1,-0.219158173,-12.556838336,-0.021978378,-0.002442360,1,-1.189777374,-68.169222106,0.012210846,-0.003663063,2.988997936,171.256966720,0.000000000,-0.000000000,8.000000000,2.500000000,0.000000000,0.000000000,0.000000000,2.708557367,2.000000000,0.500000000,-3.000000000,-171.887338539,0.000000000,-2.756333113,1.000000000,0.500000000,-0.219158173,-12.556838336,0.000000000,-0.430917025,0.500000000,0.200000003,-1.183641434,-67.817658609,0.000000000,0.000209900,0.000000000,0.100000001
2026-07-06 20:22:58.761,1783340578.761089325,574.019273028,1,1,574.006322979,1,0.004566399,5,1,0.005594116,5,1,0,1,0,0,1,1,1,0,1,0,-1.000000000,0.000000000,0.000000000,0.000000000,0,-1.000000000,0,0,0,,0,-1.000000000,,0,0,0.000000000,0.000000000,0,-1.000000000,0,,0,-1.000000000,,0,-1.000000000,0,,1,3.014175892,172.699557315,-0.007326126,-0.222222328,1,0.000000000,0.000000000,-0.002442360,-0.034187317,1,-3.000000000,-171.887338539,0.002442360,-0.034187317,1,-0.219158173,-12.556838336,-0.007326126,-0.002442360,1,-1.189393044,-68.147201576,0.012210846,-0.003663063,2.988997936,171.256966720,0.000000000,-0.000000000,8.000000000,2.500000000,0.000000000,0.000000000,0.000000000,2.708557367,2.000000000,0.500000000,-3.000000000,-171.887338539,0.000000000,-2.756333113,1.000000000,0.500000000,-0.219158173,-12.556838336,0.000000000,-0.430917025,0.500000000,0.200000003,-1.183641434,-67.817658609,0.000000000,0.000209900,0.000000000,0.100000001
2026-07-06 20:22:59.761,1783340579.761113882,575.019297629,1,1,575.006347580,1,0.004522215,5,1,0.005483372,5,1,0,1,0,0,1,1,1,0,1,0,-1.000000000,0.000000000,0.000000000,0.000000000,0,-1.000000000,0,0,0,,0,-1.000000000,,0,0,0.000000000,0.000000000,0,-1.000000000,0,,0,-1.000000000,,0,-1.000000000,0,,1,3.014175892,172.699557315,-0.007326126,-0.222222328,1,0.000000000,0.000000000,0.002442360,-0.034187317,1,-3.000000000,-171.887338539,-0.002442360,-0.034187317,1,-0.219158173,-12.556838336,-0.007326126,-0.007326126,1,-1.189393044,-68.147201576,-0.012210846,-0.003663063,2.988997936,171.256966720,0.000000000,-0.000000000,8.000000000,2.500000000,0.000000000,0.000000000,0.000000000,2.708557367,2.000000000,0.500000000,-3.000000000,-171.887338539,0.000000000,-2.756333113,1.000000000,0.500000000,-0.219158173,-12.556838336,0.000000000,-0.430917025,0.500000000,0.200000003,-1.183641434,-67.817658609,0.000000000,0.000209900,0.000000000,0.100000001
2026-07-06 20:23:00.761,1783340580.761141777,576.019325683,1,1,576.006375634,1,0.004600873,5,1,0.005381216,5,1,0,1,0,0,1,1,1,0,1,0,-1.000000000,0.000000000,0.000000000,0.000000000,0,-1.000000000,0,0,0,,0,-1.000000000,,0,0,0.000000000,0.000000000,0,-1.000000000,0,,0,-1.000000000,,0,-1.000000000,0,,1,3.000824451,171.934576128,-0.021978378,-0.036629677,1,0.000000000,0.000000000,-0.002442360,-0.034187317,1,-3.000000000,-171.887338539,-0.002442360,-0.034187317,1,-0.219158173,-12.556838336,-0.007326126,-0.002442360,1,-1.189777374,-68.169222106,-0.012210846,-0.003663063,2.988997936,171.256966720,0.000000000,-0.000000000,8.000000000,2.500000000,0.000000000,0.000000000,0.000000000,2.708557367,2.000000000,0.500000000,-3.000000000,-171.887338539,0.000000000,-2.756333113,1.000000000,0.500000000,-0.219158173,-12.556838336,0.000000000,-0.430917025,0.500000000,0.200000003,-1.183641434,-67.817658609,0.000000000,0.000209900,0.000000000,0.100000001
2026-07-06 20:23:01.761,1783340581.761114120,577.019297902,1,1,577.006347853,1,0.004297505,5,1,0.005190111,5,1,0,1,0,0,1,1,1,0,1,0,-1.000000000,0.000000000,0.000000000,0.000000000,0,-1.000000000,0,0,0,,0,-1.000000000,,0,0,0.000000000,0.000000000,0,-1.000000000,0,,0,-1.000000000,,0,-1.000000000,0,,1,2.988997936,171.256966720,-0.021978378,0.017093658,1,0.000000000,0.000000000,-0.002442360,-0.034187317,1,-3.000000000,-171.887338539,-0.002442360,-0.034187317,1,-0.219158173,-12.556838336,-0.007326126,-0.002442360,1,-1.189393044,-68.147201576,0.012210846,-0.003663063,2.988997936,171.256966720,0.000000000,-0.000000000,8.000000000,2.500000000,0.000000000,0.000000000,0.000000000,2.708557367,2.000000000,0.500000000,-3.000000000,-171.887338539,0.000000000,-2.756333113,1.000000000,0.500000000,-0.219158173,-12.556838336,0.000000000,-0.430917025,0.500000000,0.200000003,-1.183641434,-67.817658609,0.000000000,0.000209900,0.000000000,0.100000001
2026-07-06 20:23:02.761,1783340582.761113405,578.019297034,1,1,578.006346985,1,0.004589270,5,1,0.005402875,5,1,0,1,0,0,1,1,1,0,1,0,-1.000000000,0.000000000,0.000000000,0.000000000,0,-1.000000000,0,0,0,,0,-1.000000000,,0,0,0.000000000,0.000000000,0,-1.000000000,0,,0,-1.000000000,,0,-1.000000000,0,,1,2.988997936,171.256966720,-0.007326126,-0.026862144,1,0.000000000,0.000000000,-0.002442360,-0.020513535,1,-3.000000000,-171.887338539,-0.002442360,-0.034187317,1,-0.218776703,-12.534981731,-0.007326126,-0.002442360,1,-1.189393044,-68.147201576,0.012210846,-0.003663063,2.988997936,171.256966720,0.000000000,-0.000000000,8.000000000,2.500000000,0.000000000,0.000000000,0.000000000,2.708557367,2.000000000,0.500000000,-3.000000000,-171.887338539,0.000000000,-2.756333113,1.000000000,0.500000000,-0.219158173,-12.556838336,0.000000000,-0.430917025,0.500000000,0.200000003,-1.183641434,-67.817658609,0.000000000,0.000209900,0.000000000,0.100000001
2026-07-06 20:23:03.761,1783340583.761085987,579.019269789,1,1,579.006319740,1,0.004325614,5,1,0.005241984,5,1,0,1,0,0,1,1,1,0,1,0,-1.000000000,0.000000000,0.000000000,0.000000000,0,-1.000000000,0,0,0,,0,-1.000000000,,0,0,0.000000000,0.000000000,0,-1.000000000,0,,0,-1.000000000,,0,-1.000000000,0,,1,2.990523815,171.344393142,-0.021978378,-0.002442360,1,0.000000000,0.000000000,-0.007326126,-0.034187317,1,-3.000000000,-171.887338539,-0.007326126,-0.034187317,1,-0.219158173,-12.556838336,-0.007326126,-0.002442360,1,-1.189777374,-68.169222106,-0.012210846,-0.003663063,2.988997936,171.256966720,0.000000000,-0.000000000,8.000000000,2.500000000,0.000000000,0.000000000,0.000000000,2.708557367,2.000000000,0.500000000,-3.000000000,-171.887338539,0.000000000,-2.756333113,1.000000000,0.500000000,-0.219158173,-12.556838336,0.000000000,-0.430917025,0.500000000,0.200000003,-1.183641434,-67.817658609,0.000000000,0.000209900,0.000000000,0.100000001
2026-07-06 20:23:04.761,1783340584.761099815,580.019283596,1,1,580.006333547,1,0.004360760,5,1,0.005336286,5,1,0,1,0,0,1,1,1,0,1,0,-1.000000000,0.000000000,0.000000000,0.000000000,0,-1.000000000,0,0,0,,0,-1.000000000,,0,0,0.000000000,0.000000000,0,-1.000000000,0,,0,-1.000000000,,0,-1.000000000,0,,1,2.984038830,170.972830851,-0.021978378,0.065934181,1,0.000000000,0.000000000,-0.002442360,-0.020513535,1,-3.000000000,-171.887338539,-0.002442360,-0.034187317,1,-0.218776703,-12.534981731,0.007326126,-0.002442360,1,-1.189777374,-68.169222106,0.012210846,-0.003663063,2.988997936,171.256966720,0.000000000,-0.000000000,8.000000000,2.500000000,0.000000000,0.000000000,0.000000000,2.708557367,2.000000000,0.500000000,-3.000000000,-171.887338539,0.000000000,-2.756333113,1.000000000,0.500000000,-0.219158173,-12.556838336,0.000000000,-0.430917025,0.500000000,0.200000003,-1.183641434,-67.817658609,0.000000000,0.000209900,0.000000000,0.100000001
2026-07-06 20:23:05.761,1783340585.761116266,581.019300000,1,1,581.006349951,1,0.004428918,5,1,0.005611580,5,1,0,1,0,0,1,1,1,0,1,0,-1.000000000,0.000000000,0.000000000,0.000000000,0,-1.000000000,0,0,0,,0,-1.000000000,,0,0,0.000000000,0.000000000,0,-1.000000000,0,,0,-1.000000000,,0,-1.000000000,0,,1,2.989760876,171.300679931,-0.007326126,-0.031745911,1,0.000000000,0.000000000,-0.002442360,-0.034187317,1,-3.000000000,-171.887338539,-0.002442360,-0.034187317,1,-0.219158173,-12.556838336,0.007326126,-0.007326126,1,-1.189393044,-68.147201576,-0.012210846,-0.003663063,2.988997936,171.256966720,0.000000000,-0.000000000,8.000000000,2.500000000,0.000000000,0.000000000,0.000000000,2.708557367,2.000000000,0.500000000,-3.000000000,-171.887338539,0.000000000,-2.756333113,1.000000000,0.500000000,-0.219158173,-12.556838336,0.000000000,-0.430917025,0.500000000,0.200000003,-1.183641434,-67.817658609,0.000000000,0.000209900,0.000000000,0.100000001
2026-07-06 20:23:06.761,1783340586.761223078,582.019407054,1,1,582.006457005,1,0.004519188,5,1,0.005495033,5,1,0,1,0,0,1,1,1,0,1,0,-1.000000000,0.000000000,0.000000000,0.000000000,0,-1.000000000,0,0,0,,0,-1.000000000,,0,0,0.000000000,0.000000000,0,-1.000000000,0,,0,-1.000000000,,0,-1.000000000,0,,0,2.988997936,171.256966720,-0.007326126,-0.021978378,0,0.000000000,0.000000000,-0.002442360,-0.034187317,0,-3.000000000,-171.887338539,-0.002442360,-0.034187317,0,-0.219158173,-12.556838336,-0.007326126,-0.002442360,0,-1.189393044,-68.147201576,0.012210846,-0.003663063,2.988997936,171.256966720,0.000000000,-0.000000000,8.000000000,2.500000000,0.000000000,0.000000000,0.000000000,2.708557367,2.000000000,0.500000000,-3.000000000,-171.887338539,0.000000000,-2.756333113,1.000000000,0.500000000,-0.219158173,-12.556838336,0.000000000,-0.430917025,0.500000000,0.200000003,-1.183641434,-67.817658609,0.000000000,0.000209900,0.000000000,0.100000001
2026-07-06 20:23:07.761,1783340587.761234522,583.019418183,1,1,583.006468134,1,0.004909263,5,1,0.005747238,5,1,0,1,0,0,1,1,1,0,1,0,-1.000000000,0.000000000,0.000000000,0.000000000,0,-1.000000000,0,0,0,,0,-1.000000000,,0,0,0.000000000,0.000000000,0,-1.000000000,0,,0,-1.000000000,,0,-1.000000000,0,,1,2.988616467,171.235110115,-0.007326126,-0.021978378,1,0.000000000,0.000000000,-0.002442360,-0.047863007,1,-3.000000000,-171.887338539,-0.002442360,-0.034187317,1,-0.219158173,-12.556838336,-0.007326126,-0.002442360,1,-1.189393044,-68.147201576,0.012210846,-0.003663063,2.988997936,171.256966720,0.000000000,-0.000000000,8.000000000,2.500000000,0.000000000,0.000000000,0.000000000,2.708557367,2.000000000,0.500000000,-3.000000000,-171.887338539,0.000000000,-2.756333113,1.000000000,0.500000000,-0.219158173,-12.556838336,0.000000000,-0.430917025,0.500000000,0.200000003,-1.183641434,-67.817658609,0.000000000,0.000209900,0.000000000,0.100000001
2026-07-06 20:23:08.761,1783340588.761127234,584.019310943,1,1,584.006360894,1,0.004314841,5,1,0.005448753,5,1,0,1,0,0,1,1,1,0,1,0,-1.000000000,0.000000000,0.000000000,0.000000000,0,-1.000000000,0,0,0,,0,-1.000000000,,0,0,0.000000000,0.000000000,0,-1.000000000,0,,0,-1.000000000,,0,-1.000000000,0,,1,2.986709118,171.125827088,-0.036630630,0.041514397,1,0.000000000,0.000000000,-0.002442360,-0.034187317,1,-3.000000000,-171.887338539,-0.002442360,-0.034187317,1,-0.219158173,-12.556838336,-0.007326126,-0.002442360,1,-1.189393044,-68.147201576,-0.012210846,-0.003663063,2.988997936,171.256966720,0.000000000,-0.000000000,8.000000000,2.500000000,0.000000000,0.000000000,0.000000000,2.708557367,2.000000000,0.500000000,-3.000000000,-171.887338539,0.000000000,-2.756333113,1.000000000,0.500000000,-0.219158173,-12.556838336,0.000000000,-0.430917025,0.500000000,0.200000003,-1.183641434,-67.817658609,0.000000000,0.000209900,0.000000000,0.100000001
2026-07-06 20:23:09.761,1783340589.761183262,585.019367155,1,1,585.006417106,1,0.004496463,5,1,0.005708072,5,1,0,1,0,0,1,1,1,0,1,0,-1.000000000,0.000000000,0.000000000,0.000000000,0,-1.000000000,0,0,0,,0,-1.000000000,,0,0,0.000000000,0.000000000,0,-1.000000000,0,,0,-1.000000000,,0,-1.000000000,0,,1,2.957717419,169.464725082,-0.007326126,0.202686310,1,0.000000000,0.000000000,-0.002442360,-0.047863007,1,-3.000000000,-171.887338539,0.002442360,-0.034187317,1,-0.219158173,-12.556838336,-0.007326126,-0.002442360,1,-1.189393044,-68.147201576,-0.036628723,-0.003663063,2.988997936,171.256966720,0.000000000,-0.000000000,8.000000000,2.500000000,0.000000000,0.000000000,0.000000000,2.708557367,2.000000000,0.500000000,-3.000000000,-171.887338539,0.000000000,-2.756333113,1.000000000,0.500000000,-0.219158173,-12.556838336,0.000000000,-0.430917025,0.500000000,0.200000003,-1.183641434,-67.817658609,0.000000000,0.000209900,0.000000000,0.100000001
2026-07-06 20:23:10.761,1783340590.761130571,586.019314325,1,1,586.006364276,1,0.004192394,5,1,0.005389891,5,1,0,1,0,0,1,1,1,0,1,0,-1.000000000,0.000000000,0.000000000,0.000000000,0,-1.000000000,0,0,0,,0,-1.000000000,,0,0,0.000000000,0.000000000,0,-1.000000000,0,,0,-1.000000000,,0,-1.000000000,0,,1,2.957717419,169.464725082,-0.036630630,0.261294365,1,0.000000000,0.000000000,-0.002442360,-0.034187317,1,-3.000000000,-171.887338539,-0.002442360,-0.034187317,1,-0.219158173,-12.556838336,-0.007326126,-0.002442360,1,-1.189393044,-68.147201576,-0.036628723,-0.003663063,2.988997936,171.256966720,0.000000000,-0.000000000,8.000000000,2.500000000,0.000000000,0.000000000,0.000000000,2.708557367,2.000000000,0.500000000,-3.000000000,-171.887338539,0.000000000,-2.756333113,1.000000000,0.500000000,-0.219158173,-12.556838336,0.000000000,-0.430917025,0.500000000,0.200000003,-1.183641434,-67.817658609,0.000000000,0.000209900,0.000000000,0.100000001
2026-07-06 20:23:11.761,1783340591.761133909,587.019317630,1,1,587.006367581,1,0.004333406,5,1,0.005574197,5,1,0,1,0,0,1,1,1,0,1,0,-1.000000000,0.000000000,0.000000000,0.000000000,0,-1.000000000,0,0,0,,0,-1.000000000,,0,0,0.000000000,0.000000000,0,-1.000000000,0,,0,-1.000000000,,0,-1.000000000,0,,1,2.967635632,170.032996821,0.007326126,0.139194489,1,0.000000000,0.000000000,-0.002442360,-0.034187317,1,-3.000000000,-171.887338539,0.002442360,-0.034187317,1,-0.219158173,-12.556838336,-0.007326126,-0.002442360,1,-1.189393044,-68.147201576,-0.012210846,-0.003663063,2.988997936,171.256966720,0.000000000,-0.000000000,8.000000000,2.500000000,0.000000000,0.000000000,0.000000000,2.708557367,2.000000000,0.500000000,-3.000000000,-171.887338539,0.000000000,-2.756333113,1.000000000,0.500000000,-0.219158173,-12.556838336,0.000000000,-0.430917025,0.500000000,0.200000003,-1.183641434,-67.817658609,0.000000000,0.000209900,0.000000000,0.100000001
2026-07-06 20:23:12.761,1783340592.761197090,588.019380803,1,1,588.006430754,1,0.004306041,5,1,0.005351346,5,1,0,1,0,0,1,1,1,0,1,0,-1.000000000,0.000000000,0.000000000,0.000000000,0,-1.000000000,0,0,0,,0,-1.000000000,,0,0,0.000000000,0.000000000,0,-1.000000000,0,,0,-1.000000000,,0,-1.000000000,0,,1,2.975646496,170.491985533,-0.007326126,0.124542236,1,0.000000000,0.000000000,-0.002442360,-0.034187317,1,-3.000000000,-171.887338539,-0.002442360,-0.034187317,1,-0.219158173,-12.556838336,-0.007326126,-0.007326126,1,-1.189777374,-68.169222106,-0.036628723,-0.003663063,2.988997936,171.256966720,0.000000000,-0.000000000,8.000000000,2.500000000,0.000000000,0.000000000,0.000000000,2.708557367,2.000000000,0.500000000,-3.000000000,-171.887338539,0.000000000,-2.756333113,1.000000000,0.500000000,-0.219158173,-12.556838336,0.000000000,-0.430917025,0.500000000,0.200000003,-1.183641434,-67.817658609,0.000000000,0.000209900,0.000000000,0.100000001
2026-07-06 20:23:13.761,1783340593.761157751,589.019341545,1,1,589.006391496,1,0.004333397,5,1,0.005369979,5,1,0,1,0,0,1,1,1,0,1,0,-1.000000000,0.000000000,0.000000000,0.000000000,0,-1.000000000,0,0,0,,0,-1.000000000,,0,0,0.000000000,0.000000000,0,-1.000000000,0,,0,-1.000000000,,0,-1.000000000,0,,1,2.970687389,170.207849664,-0.007326126,0.119658470,1,0.000000000,0.000000000,-0.002442360,-0.034187317,1,-3.000000000,-171.887338539,-0.002442360,-0.034187317,1,-0.219158173,-12.556838336,-0.007326126,-0.007326126,1,-1.189777374,-68.169222106,-0.012210846,-0.003663063,2.988997936,171.256966720,0.000000000,-0.000000000,8.000000000,2.500000000,0.000000000,0.000000000,0.000000000,2.708557367,2.000000000,0.500000000,-3.000000000,-171.887338539,0.000000000,-2.756333113,1.000000000,0.500000000,-0.219158173,-12.556838336,0.000000000,-0.430917025,0.500000000,0.200000003,-1.183641434,-67.817658609,0.000000000,0.000209900,0.000000000,0.100000001
2026-07-06 20:23:14.761,1783340594.761263132,590.019446798,1,1,590.006496749,1,0.004493581,5,1,0.005672223,5,1,0,1,0,0,1,1,1,0,1,0,-1.000000000,0.000000000,0.000000000,0.000000000,0,-1.000000000,0,0,0,,0,-1.000000000,,0,0,0.000000000,0.000000000,0,-1.000000000,0,,0,-1.000000000,,0,-1.000000000,0,,1,2.974120617,170.404559112,-0.021978378,0.105006218,1,0.000000000,0.000000000,-0.002442360,-0.034187317,1,-3.000000000,-171.887338539,-0.002442360,-0.034187317,1,-0.219158173,-12.556838336,-0.021978378,-0.002442360,1,-1.189393044,-68.147201576,-0.036628723,-0.003663063,2.988997936,171.256966720,0.000000000,-0.000000000,8.000000000,2.500000000,0.000000000,0.000000000,0.000000000,2.708557367,2.000000000,0.500000000,-3.000000000,-171.887338539,0.000000000,-2.756333113,1.000000000,0.500000000,-0.219158173,-12.556838336,0.000000000,-0.430917025,0.500000000,0.200000003,-1.183641434,-67.817658609,0.000000000,0.000209900,0.000000000,0.100000001
2026-07-06 20:23:15.761,1783340595.761306286,591.019490142,1,1,591.006540093,1,0.004189772,5,1,0.005129913,5,1,0,1,0,0,1,1,1,0,1,0,-1.000000000,0.000000000,0.000000000,0.000000000,0,-1.000000000,0,0,0,,0,-1.000000000,,0,0,0.000000000,0.000000000,0,-1.000000000,0,,0,-1.000000000,,0,-1.000000000,0,,1,2.968398571,170.076710032,0.007326126,0.085470200,1,0.000000000,0.000000000,-0.002442360,-0.034187317,1,-3.000000000,-171.887338539,-0.002442360,-0.034187317,1,-0.218776703,-12.534981731,-0.021978378,-0.002442360,1,-1.189393044,-68.147201576,-0.012210846,-0.003663063,2.988997936,171.256966720,0.000000000,-0.000000000,8.000000000,2.500000000,0.000000000,0.000000000,0.000000000,2.708557367,2.000000000,0.500000000,-3.000000000,-171.887338539,0.000000000,-2.756333113,1.000000000,0.500000000,-0.219158173,-12.556838336,0.000000000,-0.430917025,0.500000000,0.200000003,-1.183641434,-67.817658609,0.000000000,0.000209900,0.000000000,0.100000001
2026-07-06 20:23:16.761,1783340596.761166573,592.019350407,1,1,592.006400358,1,0.004634615,5,1,0.005368304,5,1,0,1,0,0,1,1,1,0,1,0,-1.000000000,0.000000000,0.000000000,0.000000000,0,-1.000000000,0,0,0,,0,-1.000000000,,0,0,0.000000000,0.000000000,0,-1.000000000,0,,0,-1.000000000,,0,-1.000000000,0,,1,2.953521252,169.224302423,0.065933228,0.144078255,1,0.000000000,0.000000000,-0.002442360,-0.034187317,1,-3.000000000,-171.887338539,-0.002442360,-0.034187317,1,-0.219158173,-12.556838336,-0.007326126,-0.002442360,1,-1.189393044,-68.147201576,-0.012210846,-0.003663063,2.988997936,171.256966720,0.000000000,-0.000000000,8.000000000,2.500000000,0.000000000,0.000000000,0.000000000,2.708557367,2.000000000,0.500000000,-3.000000000,-171.887338539,0.000000000,-2.756333113,1.000000000,0.500000000,-0.219158173,-12.556838336,0.000000000,-0.430917025,0.500000000,0.200000003,-1.183641434,-67.817658609,0.000000000,0.000209900,0.000000000,0.100000001
2026-07-06 20:23:17.761,1783340597.761225224,593.019408987,1,1,593.006458938,1,0.004323146,5,1,0.005422703,5,1,0,1,0,0,1,1,1,0,1,0,-1.000000000,0.000000000,0.000000000,0.000000000,0,-1.000000000,0,0,0,,0,-1.000000000,,0,0,0.000000000,0.000000000,0,-1.000000000,0,,0,-1.000000000,,0,-1.000000000,0,,1,2.952376842,169.158732607,-0.007326126,0.256410599,1,0.000000000,0.000000000,-0.002442360,-0.047863007,1,-3.000000000,-171.887338539,-0.002442360,-0.034187317,1,-0.219158173,-12.556838336,-0.021978378,-0.002442360,1,-1.189393044,-68.147201576,0.012210846,-0.003663063,2.988997936,171.256966720,0.000000000,-0.000000000,8.000000000,2.500000000,0.000000000,0.000000000,0.000000000,2.708557367,2.000000000,0.500000000,-3.000000000,-171.887338539,0.000000000,-2.756333113,1.000000000,0.500000000,-0.219158173,-12.556838336,0.000000000,-0.430917025,0.500000000,0.200000003,-1.183641434,-67.817658609,0.000000000,0.000209900,0.000000000,0.100000001
2026-07-06 20:23:18.761,1783340598.761227608,594.019411380,1,1,594.006461331,1,0.004714328,5,1,0.005454913,5,1,0,1,0,0,1,1,1,0,1,0,-1.000000000,0.000000000,0.000000000,0.000000000,0,-1.000000000,0,0,0,,0,-1.000000000,,0,0,0.000000000,0.000000000,0,-1.000000000,0,,0,-1.000000000,,0,-1.000000000,0,,1,2.951995373,169.136876002,0.007326126,0.261294365,1,0.000000000,0.000000000,-0.007326126,-0.034187317,1,-3.000000000,-171.887338539,-0.002442360,-0.034187317,1,-0.219158173,-12.556838336,-0.007326126,-0.002442360,1,-1.189393044,-68.147201576,0.036628723,-0.003663063,2.988997936,171.256966720,0.000000000,-0.000000000,8.000000000,2.500000000,0.000000000,0.000000000,0.000000000,2.708557367,2.000000000,0.500000000,-3.000000000,-171.887338539,0.000000000,-2.756333113,1.000000000,0.500000000,-0.219158173,-12.556838336,0.000000000,-0.430917025,0.500000000,0.200000003,-1.183641434,-67.817658609,0.000000000,0.000209900,0.000000000,0.100000001
2026-07-06 20:23:19.761,1783340599.761264801,595.019448569,1,1,595.006498520,1,0.004601863,5,1,0.005455465,5,1,0,1,0,0,1,1,1,0,1,0,-1.000000000,0.000000000,0.000000000,0.000000000,0,-1.000000000,0,0,0,,0,-1.000000000,,0,0,0.000000000,0.000000000,0,-1.000000000,0,,0,-1.000000000,,0,-1.000000000,0,,1,2.933303356,168.065902340,0.007326126,0.417582512,1,0.000000000,0.000000000,-0.002442360,-0.034187317,1,-3.000000000,-171.887338539,-0.007326126,-0.034187317,1,-0.218776703,-12.534981731,0.007326126,-0.002442360,1,-1.189393044,-68.147201576,-0.012210846,-0.003663063,2.988997936,171.256966720,0.000000000,-0.000000000,8.000000000,2.500000000,0.000000000,0.000000000,0.000000000,2.708557367,2.000000000,0.500000000,-3.000000000,-171.887338539,0.000000000,-2.756333113,1.000000000,0.500000000,-0.219158173,-12.556838336,0.000000000,-0.430917025,0.500000000,0.200000003,-1.183641434,-67.817658609,0.000000000,0.000209900,0.000000000,0.100000001
2026-07-06 20:23:20.761,1783340600.761212826,596.019396833,1,1,596.006446784,1,0.004583086,5,1,0.005441474,5,1,0,1,0,0,1,1,1,0,1,0,-1.000000000,0.000000000,0.000000000,0.000000000,0,-1.000000000,0,0,0,,0,-1.000000000,,0,0,0.000000000,0.000000000,0,-1.000000000,0,,0,-1.000000000,,0,-1.000000000,0,,1,2.981750011,170.841691219,0.007326126,0.036629677,1,0.000000000,0.000000000,-0.002442360,-0.034187317,1,-3.000000000,-171.887338539,-0.002442360,-0.034187317,1,-0.219158173,-12.556838336,-0.021978378,-0.002442360,1,-1.189393044,-68.147201576,0.012210846,-0.003663063,2.988997936,171.256966720,0.000000000,-0.000000000,8.000000000,2.500000000,0.000000000,0.000000000,0.000000000,2.708557367,2.000000000,0.500000000,-3.000000000,-171.887338539,0.000000000,-2.756333113,1.000000000,0.500000000,-0.219158173,-12.556838336,0.000000000,-0.430917025,0.500000000,0.200000003,-1.183641434,-67.817658609,0.000000000,0.000209900,0.000000000,0.100000001
2026-07-06 20:23:21.761,1783340601.761193991,597.019377754,1,1,597.006427705,1,0.004689466,5,1,0.005355301,5,1,0,1,0,0,1,1,1,0,1,0,-1.000000000,0.000000000,0.000000000,0.000000000,0,-1.000000000,0,0,0,,0,-1.000000000,,0,0,0.000000000,0.000000000,0,-1.000000000,0,,0,-1.000000000,,0,-1.000000000,0,,1,2.986327648,171.103970483,0.007326126,-0.007326126,1,0.000000000,0.000000000,-0.002442360,-0.034187317,1,-3.000000000,-171.887338539,-0.002442360,-0.034187317,1,-0.218776703,-12.534981731,-0.007326126,-0.007326126,1,-1.189777374,-68.169222106,-0.012210846,-0.003663063,2.988997936,171.256966720,0.000000000,-0.000000000,8.000000000,2.500000000,0.000000000,0.000000000,0.000000000,2.708557367,2.000000000,0.500000000,-3.000000000,-171.887338539,0.000000000,-2.756333113,1.000000000,0.500000000,-0.219158173,-12.556838336,0.000000000,-0.430917025,0.500000000,0.200000003,-1.183641434,-67.817658609,0.000000000,0.000209900,0.000000000,0.100000001
2026-07-06 20:23:22.761,1783340602.761275053,598.019458987,1,1,598.006508938,1,0.004665669,5,1,0.005229930,5,1,0,1,0,0,1,1,1,0,1,0,-1.000000000,0.000000000,0.000000000,0.000000000,0,-1.000000000,0,0,0,,0,-1.000000000,,0,0,0.000000000,0.000000000,0,-1.000000000,0,,0,-1.000000000,,0,-1.000000000,0,,1,2.986327648,171.103970483,-0.007326126,-0.002442360,1,0.000000000,0.000000000,0.002442360,-0.034187317,1,-3.000000000,-171.887338539,-0.002442360,-0.047863007,1,-0.219158173,-12.556838336,-0.007326126,-0.002442360,1,-1.189393044,-68.147201576,-0.061050415,-0.003663063,2.988997936,171.256966720,0.000000000,-0.000000000,8.000000000,2.500000000,0.000000000,0.000000000,0.000000000,2.708557367,2.000000000,0.500000000,-3.000000000,-171.887338539,0.000000000,-2.756333113,1.000000000,0.500000000,-0.219158173,-12.556838336,0.000000000,-0.430917025,0.500000000,0.200000003,-1.183641434,-67.817658609,0.000000000,0.000209900,0.000000000,0.100000001
2026-07-06 20:23:23.761,1783340603.761196852,599.019380521,1,1,599.006430472,1,0.004495932,5,1,0.005448625,5,1,0,1,0,0,1,1,1,0,1,0,-1.000000000,0.000000000,0.000000000,0.000000000,0,-1.000000000,0,0,0,,0,-1.000000000,,0,0,0.000000000,0.000000000,0,-1.000000000,0,,0,-1.000000000,,0,-1.000000000,0,,1,2.986327648,171.103970483,-0.021978378,-0.007326126,1,0.000000000,0.000000000,-0.002442360,-0.034187317,1,-3.000000000,-171.887338539,-0.002442360,-0.034187317,1,-0.219158173,-12.556838336,-0.021978378,-0.002442360,1,-1.189393044,-68.147201576,0.012210846,-0.003663063,2.988997936,171.256966720,0.000000000,-0.000000000,8.000000000,2.500000000,0.000000000,0.000000000,0.000000000,2.708557367,2.000000000,0.500000000,-3.000000000,-171.887338539,0.000000000,-2.756333113,1.000000000,0.500000000,-0.219158173,-12.556838336,0.000000000,-0.430917025,0.500000000,0.200000003,-1.183641434,-67.817658609,0.000000000,0.000209900,0.000000000,0.100000001
2026-07-06 20:23:24.761,1783340604.761340618,600.019524542,1,1,600.006574493,1,0.004698983,5,1,0.005712358,5,1,0,1,0,0,1,1,1,0,1,0,-1.000000000,0.000000000,0.000000000,0.000000000,0,-1.000000000,0,0,0,,0,-1.000000000,,0,0,0.000000000,0.000000000,0,-1.000000000,0,,0,-1.000000000,,0,-1.000000000,0,,1,2.986327648,171.103970483,-0.036630630,-0.007326126,1,0.000000000,0.000000000,-0.002442360,-0.034187317,1,-3.000000000,-171.887338539,0.002442360,-0.034187317,1,-0.219158173,-12.556838336,-0.007326126,-0.002442360,1,-1.189777374,-68.169222106,0.012210846,-0.001221180,2.988997936,171.256966720,0.000000000,-0.000000000,8.000000000,2.500000000,0.000000000,0.000000000,0.000000000,2.708557367,2.000000000,0.500000000,-3.000000000,-171.887338539,0.000000000,-2.756333113,1.000000000,0.500000000,-0.219158173,-12.556838336,0.000000000,-0.430917025,0.500000000,0.200000003,-1.183641434,-67.817658609,0.000000000,0.000209900,0.000000000,0.100000001
2026-07-06 20:23:25.761,1783340605.761309624,601.019493478,1,1,601.006543429,1,0.004497645,5,1,0.005591966,5,1,0,1,0,0,1,1,1,0,1,0,-1.000000000,0.000000000,0.000000000,0.000000000,0,-1.000000000,0,0,0,,0,-1.000000000,,0,0,0.000000000,0.000000000,0,-1.000000000,0,,0,-1.000000000,,0,-1.000000000,0,,1,2.986327648,171.103970483,-0.007326126,-0.002442360,1,0.000000000,0.000000000,-0.002442360,-0.034187317,1,-3.000000000,-171.887338539,-0.002442360,-0.034187317,1,-0.219158173,-12.556838336,-0.007326126,-0.002442360,1,-1.189777374,-68.169222106,-0.036628723,-0.003663063,2.988997936,171.256966720,0.000000000,-0.000000000,8.000000000,2.500000000,0.000000000,0.000000000,0.000000000,2.708557367,2.000000000,0.500000000,-3.000000000,-171.887338539,0.000000000,-2.756333113,1.000000000,0.500000000,-0.219158173,-12.556838336,0.000000000,-0.430917025,0.500000000,0.200000003,-1.183641434,-67.817658609,0.000000000,0.000209900,0.000000000,0.100000001
2026-07-06 20:23:26.761,1783340606.761420965,602.019604976,1,1,602.006654927,1,0.004385323,5,1,0.005680958,5,1,0,1,0,0,1,1,1,0,1,0,-1.000000000,0.000000000,0.000000000,0.000000000,0,-1.000000000,0,0,0,,0,-1.000000000,,0,0,0.000000000,0.000000000,0,-1.000000000,0,,0,-1.000000000,,0,-1.000000000,0,,1,2.986327648,171.103970483,-0.007326126,-0.002442360,1,0.000000000,0.000000000,-0.002442360,-0.034187317,1,-3.000000000,-171.887338539,-0.002442360,-0.034187317,1,-0.219158173,-12.556838336,-0.021978378,-0.002442360,1,-1.189393044,-68.147201576,-0.012210846,-0.003663063,2.988997936,171.256966720,0.000000000,-0.000000000,8.000000000,2.500000000,0.000000000,0.000000000,0.000000000,2.708557367,2.000000000,0.500000000,-3.000000000,-171.887338539,0.000000000,-2.756333113,1.000000000,0.500000000,-0.219158173,-12.556838336,0.000000000,-0.430917025,0.500000000,0.200000003,-1.183641434,-67.817658609,0.000000000,0.000209900,0.000000000,0.100000001
2026-07-06 20:23:27.761,1783340607.761319160,603.019502950,1,1,603.006552901,1,0.003925693,5,1,0.005185464,5,1,0,1,0,0,1,1,1,0,1,0,-1.000000000,0.000000000,0.000000000,0.000000000,0,-1.000000000,0,0,0,,0,-1.000000000,,0,0,0.000000000,0.000000000,0,-1.000000000,0,,0,-1.000000000,,0,-1.000000000,0,,1,2.986327648,171.103970483,-0.007326126,-0.007326126,1,0.000000000,0.000000000,0.002442360,-0.047863007,1,-3.000000000,-171.887338539,-0.002442360,-0.047863007,1,-0.219158173,-12.556838336,-0.007326126,-0.007326126,1,-1.189393044,-68.147201576,-0.012210846,-0.003663063,2.988997936,171.256966720,0.000000000,-0.000000000,8.000000000,2.500000000,0.000000000,0.000000000,0.000000000,2.708557367,2.000000000,0.500000000,-3.000000000,-171.887338539,0.000000000,-2.756333113,1.000000000,0.500000000,-0.219158173,-12.556838336,0.000000000,-0.430917025,0.500000000,0.200000003,-1.183641434,-67.817658609,0.000000000,0.000209900,0.000000000,0.100000001
2026-07-06 20:23:28.761,1783340608.761256218,604.019439898,1,1,604.006489849,1,0.003817684,5,1,0.005254685,5,1,0,1,0,0,1,1,1,0,1,0,-1.000000000,0.000000000,0.000000000,0.000000000,0,-1.000000000,0,0,0,,0,-1.000000000,,0,0,0.000000000,0.000000000,0,-1.000000000,0,,0,-1.000000000,,0,-1.000000000,0,,1,2.986327648,171.103970483,-0.007326126,-0.002442360,1,0.000000000,0.000000000,-0.002442360,-0.034187317,1,-3.000000000,-171.887338539,0.002442360,-0.034187317,1,-0.219158173,-12.556838336,-0.007326126,-0.007326126,1,-1.189393044,-68.147201576,-0.012210846,-0.003663063,2.988997936,171.256966720,0.000000000,-0.000000000,8.000000000,2.500000000,0.000000000,0.000000000,0.000000000,2.708557367,2.000000000,0.500000000,-3.000000000,-171.887338539,0.000000000,-2.756333113,1.000000000,0.500000000,-0.219158173,-12.556838336,0.000000000,-0.430917025,0.500000000,0.200000003,-1.183641434,-67.817658609,0.000000000,0.000209900,0.000000000,0.100000001
2026-07-06 20:23:29.761,1783340609.761301517,605.019485264,1,1,605.006535215,1,0.004689953,5,1,0.005622612,5,1,0,1,0,0,1,1,1,0,1,0,-1.000000000,0.000000000,0.000000000,0.000000000,0,-1.000000000,0,0,0,,0,-1.000000000,,0,0,0.000000000,0.000000000,0,-1.000000000,0,,0,-1.000000000,,0,-1.000000000,0,,1,2.986327648,171.103970483,0.007326126,0.002442360,1,0.000000000,0.000000000,-0.002442360,-0.034187317,1,-3.000000000,-171.887338539,-0.002442360,-0.034187317,1,-0.219158173,-12.556838336,-0.021978378,-0.002442360,1,-1.189393044,-68.147201576,-0.012210846,-0.003663063,2.988997936,171.256966720,0.000000000,-0.000000000,8.000000000,2.500000000,0.000000000,0.000000000,0.000000000,2.708557367,2.000000000,0.500000000,-3.000000000,-171.887338539,0.000000000,-2.756333113,1.000000000,0.500000000,-0.219158173,-12.556838336,0.000000000,-0.430917025,0.500000000,0.200000003,-1.183641434,-67.817658609,0.000000000,0.000209900,0.000000000,0.100000001
2026-07-06 20:23:30.761,1783340610.761380672,606.019564444,1,1,606.006614395,1,0.004561103,5,1,0.005568595,5,1,0,1,0,0,1,1,1,0,1,0,-1.000000000,0.000000000,0.000000000,0.000000000,0,-1.000000000,0,0,0,,0,-1.000000000,,0,0,0.000000000,0.000000000,0,-1.000000000,0,,0,-1.000000000,,0,-1.000000000,0,,1,2.986327648,171.103970483,-0.007326126,-0.002442360,1,0.000000000,0.000000000,-0.002442360,-0.034187317,1,-3.000000000,-171.887338539,0.002442360,-0.047863007,1,-0.218776703,-12.534981731,-0.007326126,-0.002442360,1,-1.189777374,-68.169222106,-0.012210846,-0.003663063,2.988997936,171.256966720,0.000000000,-0.000000000,8.000000000,2.500000000,0.000000000,0.000000000,0.000000000,2.708557367,2.000000000,0.500000000,-3.000000000,-171.887338539,0.000000000,-2.756333113,1.000000000,0.500000000,-0.219158173,-12.556838336,0.000000000,-0.430917025,0.500000000,0.200000003,-1.183641434,-67.817658609,0.000000000,0.000209900,0.000000000,0.100000001
2026-07-06 20:23:31.761,1783340611.761335373,607.019519170,1,1,607.006569121,1,0.004533948,5,1,0.005705737,5,1,0,1,0,0,1,1,1,0,1,0,-1.000000000,0.000000000,0.000000000,0.000000000,0,-1.000000000,0,0,0,,0,-1.000000000,,0,0,0.000000000,0.000000000,0,-1.000000000,0,,0,-1.000000000,,0,-1.000000000,0,,1,2.986327648,171.103970483,-0.021978378,-0.007326126,1,0.000000000,0.000000000,-0.002442360,-0.034187317,1,-3.000000000,-171.887338539,-0.002442360,-0.047863007,1,-0.219158173,-12.556838336,-0.007326126,-0.002442360,1,-1.189393044,-68.147201576,-0.012210846,-0.003663063,2.988997936,171.256966720,0.000000000,-0.000000000,8.000000000,2.500000000,0.000000000,0.000000000,0.000000000,2.708557367,2.000000000,0.500000000,-3.000000000,-171.887338539,0.000000000,-2.756333113,1.000000000,0.500000000,-0.219158173,-12.556838336,0.000000000,-0.430917025,0.500000000,0.200000003,-1.183641434,-67.817658609,0.000000000,0.000209900,0.000000000,0.100000001
2026-07-06 20:23:32.761,1783340612.761318922,608.019502659,1,1,608.006552610,1,0.004226540,5,1,0.005341671,5,1,0,1,0,0,1,1,1,0,1,0,-1.000000000,0.000000000,0.000000000,0.000000000,0,-1.000000000,0,0,0,,0,-1.000000000,,0,0,0.000000000,0.000000000,0,-1.000000000,0,,0,-1.000000000,,0,-1.000000000,0,,1,2.986327648,171.103970483,-0.021978378,-0.002442360,1,0.000000000,0.000000000,-0.007326126,-0.034187317,1,-3.000000000,-171.887338539,-0.002442360,-0.047863007,1,-0.219158173,-12.556838336,-0.021978378,-0.002442360,1,-1.189393044,-68.147201576,-0.012210846,-0.003663063,2.988997936,171.256966720,0.000000000,-0.000000000,8.000000000,2.500000000,0.000000000,0.000000000,0.000000000,2.708557367,2.000000000,0.500000000,-3.000000000,-171.887338539,0.000000000,-2.756333113,1.000000000,0.500000000,-0.219158173,-12.556838336,0.000000000,-0.430917025,0.500000000,0.200000003,-1.183641434,-67.817658609,0.000000000,0.000209900,0.000000000,0.100000001
2026-07-06 20:23:33.761,1783340613.761373520,609.019557261,1,1,609.006607212,1,0.004416815,5,1,0.005342540,5,1,0,1,0,0,1,1,1,0,1,0,-1.000000000,0.000000000,0.000000000,0.000000000,0,-1.000000000,0,0,0,,0,-1.000000000,,0,0,0.000000000,0.000000000,0,-1.000000000,0,,0,-1.000000000,,0,-1.000000000,0,,1,2.986709118,171.125827088,-0.007326126,-0.002442360,1,0.000000000,0.000000000,-0.002442360,-0.034187317,1,-3.000000000,-171.887338539,0.002442360,-0.034187317,1,-0.219158173,-12.556838336,-0.007326126,-0.002442360,1,-1.189393044,-68.147201576,0.012210846,-0.003663063,2.988997936,171.256966720,0.000000000,-0.000000000,8.000000000,2.500000000,0.000000000,0.000000000,0.000000000,2.708557367,2.000000000,0.500000000,-3.000000000,-171.887338539,0.000000000,-2.756333113,1.000000000,0.500000000,-0.219158173,-12.556838336,0.000000000,-0.430917025,0.500000000,0.200000003,-1.183641434,-67.817658609,0.000000000,0.000209900,0.000000000,0.100000001
2026-07-06 20:23:34.761,1783340614.761344194,610.019527967,1,1,610.006577918,1,0.004378328,5,1,0.005554936,5,1,0,1,0,0,1,1,1,0,1,0,-1.000000000,0.000000000,0.000000000,0.000000000,0,-1.000000000,0,0,0,,0,-1.000000000,,0,0,0.000000000,0.000000000,0,-1.000000000,0,,0,-1.000000000,,0,-1.000000000,0,,1,2.986709118,171.125827088,-0.007326126,-0.007326126,1,0.000000000,0.000000000,-0.002442360,-0.034187317,1,-3.000000000,-171.887338539,-0.002442360,-0.034187317,1,-0.219158173,-12.556838336,0.007326126,-0.002442360,1,-1.189393044,-68.147201576,-0.012210846,-0.003663063,2.988997936,171.256966720,0.000000000,-0.000000000,8.000000000,2.500000000,0.000000000,0.000000000,0.000000000,2.708557367,2.000000000,0.500000000,-3.000000000,-171.887338539,0.000000000,-2.756333113,1.000000000,0.500000000,-0.219158173,-12.556838336,0.000000000,-0.430917025,0.500000000,0.200000003,-1.183641434,-67.817658609,0.000000000,0.000209900,0.000000000,0.100000001
2026-07-06 20:23:35.761,1783340615.761361122,611.019544932,1,1,611.006594883,1,0.004368924,5,1,0.005391139,5,1,0,1,0,0,1,1,1,0,1,0,-1.000000000,0.000000000,0.000000000,0.000000000,0,-1.000000000,0,0,0,,0,-1.000000000,,0,0,0.000000000,0.000000000,0,-1.000000000,0,,0,-1.000000000,,0,-1.000000000,0,,1,2.986327648,171.103970483,-0.021978378,-0.002442360,1,0.000000000,0.000000000,-0.002442360,-0.034187317,1,-3.000000000,-171.887338539,-0.002442360,-0.034187317,1,-0.219158173,-12.556838336,-0.021978378,-0.002442360,1,-1.189393044,-68.147201576,0.012210846,-0.003663063,2.988997936,171.256966720,0.000000000,-0.000000000,8.000000000,2.500000000,0.000000000,0.000000000,0.000000000,2.708557367,2.000000000,0.500000000,-3.000000000,-171.887338539,0.000000000,-2.756333113,1.000000000,0.500000000,-0.219158173,-12.556838336,0.000000000,-0.430917025,0.500000000,0.200000003,-1.183641434,-67.817658609,0.000000000,0.000209900,0.000000000,0.100000001
2026-07-06 20:23:36.761,1783340616.761378527,612.019562463,1,1,612.006612414,1,0.004466991,5,1,0.005597426,5,1,0,1,0,0,1,1,1,0,1,0,-1.000000000,0.000000000,0.000000000,0.000000000,0,-1.000000000,0,0,0,,0,-1.000000000,,0,0,0.000000000,0.000000000,0,-1.000000000,0,,0,-1.000000000,,0,-1.000000000,0,,1,2.986327648,171.103970483,-0.007326126,-0.002442360,1,0.000000000,0.000000000,-0.002442360,-0.020513535,0,-3.000000000,-171.887338539,-0.002442360,-0.034187317,0,-0.219158173,-12.556838336,-0.007326126,-0.002442360,1,-1.189393044,-68.147201576,-0.036628723,-0.003663063,2.988997936,171.256966720,0.000000000,-0.000000000,8.000000000,2.500000000,0.000000000,0.000000000,0.000000000,2.708557367,2.000000000,0.500000000,-3.000000000,-171.887338539,0.000000000,-2.756333113,1.000000000,0.500000000,-0.219158173,-12.556838336,0.000000000,-0.430917025,0.500000000,0.200000003,-1.183641434,-67.817658609,0.000000000,0.000209900,0.000000000,0.100000001
2026-07-06 20:23:37.761,1783340617.761364698,613.019548654,1,1,613.006598605,1,0.004245115,5,1,0.005513990,5,1,0,1,0,0,1,1,1,0,1,0,-1.000000000,0.000000000,0.000000000,0.000000000,0,-1.000000000,0,0,0,,0,-1.000000000,,0,0,0.000000000,0.000000000,0,-1.000000000,0,,0,-1.000000000,,0,-1.000000000,0,,1,2.991286755,171.388106352,0.036630630,-0.119658470,1,0.000000000,0.000000000,-0.002442360,-0.034187317,1,-3.000000000,-171.887338539,-0.007326126,-0.034187317,1,-0.219158173,-12.556838336,-0.021978378,-0.002442360,1,-1.189393044,-68.147201576,-0.012210846,-0.003663063,2.988997936,171.256966720,0.000000000,-0.000000000,8.000000000,2.500000000,0.000000000,0.000000000,0.000000000,2.708557367,2.000000000,0.500000000,-3.000000000,-171.887338539,0.000000000,-2.756333113,1.000000000,0.500000000,-0.219158173,-12.556838336,0.000000000,-0.430917025,0.500000000,0.200000003,-1.183641434,-67.817658609,0.000000000,0.000209900,0.000000000,0.100000001
2026-07-06 20:23:38.761,1783340618.761372328,614.019556313,1,1,614.006606264,1,0.004482472,5,1,0.005586694,5,1,0,1,0,0,1,1,1,0,1,0,-1.000000000,0.000000000,0.000000000,0.000000000,0,-1.000000000,0,0,0,,0,-1.000000000,,0,0,0.000000000,0.000000000,0,-1.000000000,0,,0,-1.000000000,,0,-1.000000000,0,,1,2.993194103,171.497389379,-0.007326126,-0.056165695,1,0.000000000,0.000000000,-0.002442360,-0.034187317,1,-3.000000000,-171.887338539,-0.002442360,-0.047863007,1,-0.218776703,-12.534981731,-0.007326126,-0.002442360,1,-1.189393044,-68.147201576,0.012210846,-0.003663063,2.988997936,171.256966720,0.000000000,-0.000000000,8.000000000,2.500000000,0.000000000,0.000000000,0.000000000,2.708557367,2.000000000,0.500000000,-3.000000000,-171.887338539,0.000000000,-2.756333113,1.000000000,0.500000000,-0.219158173,-12.556838336,0.000000000,-0.430917025,0.500000000,0.200000003,-1.183641434,-67.817658609,0.000000000,0.000209900,0.000000000,0.100000001
2026-07-06 20:23:39.761,1783340619.761370897,615.019554796,1,1,615.006604747,1,0.004159793,5,1,0.005354824,5,1,0,1,0,0,1,1,1,0,1,0,-1.000000000,0.000000000,0.000000000,0.000000000,0,-1.000000000,0,0,0,,0,-1.000000000,,0,0,0.000000000,0.000000000,0,-1.000000000,0,,0,-1.000000000,,0,-1.000000000,0,,1,2.993575573,171.519245984,-0.007326126,-0.061050415,1,0.000000000,0.000000000,-0.002442360,-0.034187317,1,-3.000000000,-171.887338539,-0.002442360,-0.034187317,1,-0.219158173,-12.556838336,-0.007326126,-0.007326126,1,-1.189393044,-68.147201576,-0.012210846,-0.003663063,2.988997936,171.256966720,0.000000000,-0.000000000,8.000000000,2.500000000,0.000000000,0.000000000,0.000000000,2.708557367,2.000000000,0.500000000,-3.000000000,-171.887338539,0.000000000,-2.756333113,1.000000000,0.500000000,-0.219158173,-12.556838336,0.000000000,-0.430917025,0.500000000,0.200000003,-1.183641434,-67.817658609,0.000000000,0.000209900,0.000000000,0.100000001
2026-07-06 20:23:40.761,1783340620.761412382,616.019596227,1,1,616.006646178,1,0.004571772,5,1,0.005580065,5,1,0,1,0,0,1,1,1,0,1,0,-1.000000000,0.000000000,0.000000000,0.000000000,0,-1.000000000,0,0,0,,0,-1.000000000,,0,0,0.000000000,0.000000000,0,-1.000000000,0,,0,-1.000000000,,0,-1.000000000,0,,1,2.993575573,171.519245984,-0.007326126,-0.061050415,1,0.000000000,0.000000000,-0.002442360,-0.034187317,1,-3.000000000,-171.887338539,0.002442360,-0.034187317,1,-0.219158173,-12.556838336,-0.021978378,-0.002442360,1,-1.189777374,-68.169222106,-0.036628723,-0.003663063,2.988997936,171.256966720,0.000000000,-0.000000000,8.000000000,2.500000000,0.000000000,0.000000000,0.000000000,2.708557367,2.000000000,0.500000000,-3.000000000,-171.887338539,0.000000000,-2.756333113,1.000000000,0.500000000,-0.219158173,-12.556838336,0.000000000,-0.430917025,0.500000000,0.200000003,-1.183641434,-67.817658609,0.000000000,0.000209900,0.000000000,0.100000001
2026-07-06 20:23:41.761,1783340621.761373043,617.019556771,1,1,617.006606722,1,0.004257534,5,1,0.005347580,5,1,0,1,0,0,1,1,1,0,1,0,-1.000000000,0.000000000,0.000000000,0.000000000,0,-1.000000000,0,0,0,,0,-1.000000000,,0,0,0.000000000,0.000000000,0,-1.000000000,0,,0,-1.000000000,,0,-1.000000000,0,,1,2.993194103,171.497389379,0.007326126,-0.056165695,1,0.000000000,0.000000000,-0.007326126,-0.034187317,1,-3.000000000,-171.887338539,-0.002442360,-0.047863007,1,-0.219158173,-12.556838336,-0.021978378,-0.002442360,1,-1.189393044,-68.147201576,-0.012210846,-0.003663063,2.988997936,171.256966720,0.000000000,-0.000000000,8.000000000,2.500000000,0.000000000,0.000000000,0.000000000,2.708557367,2.000000000,0.500000000,-3.000000000,-171.887338539,0.000000000,-2.756333113,1.000000000,0.500000000,-0.219158173,-12.556838336,0.000000000,-0.430917025,0.500000000,0.200000003,-1.183641434,-67.817658609,0.000000000,0.000209900,0.000000000,0.100000001
2026-07-06 20:23:42.761,1783340622.761406660,618.019590422,1,1,618.006640373,1,0.004340485,5,1,0.005324768,5,1,0,1,0,0,1,1,1,0,1,0,-1.000000000,0.000000000,0.000000000,0.000000000,0,-1.000000000,0,0,0,,0,-1.000000000,,0,0,0.000000000,0.000000000,0,-1.000000000,0,,0,-1.000000000,,0,-1.000000000,0,,1,2.993194103,171.497389379,-0.021978378,-0.061050415,1,0.000000000,0.000000000,0.002442360,-0.034187317,1,-3.000000000,-171.887338539,-0.007326126,-0.034187317,1,-0.219158173,-12.556838336,-0.021978378,-0.002442360,1,-1.189393044,-68.147201576,-0.036628723,-0.003663063,2.988997936,171.256966720,0.000000000,-0.000000000,8.000000000,2.500000000,0.000000000,0.000000000,0.000000000,2.708557367,2.000000000,0.500000000,-3.000000000,-171.887338539,0.000000000,-2.756333113,1.000000000,0.500000000,-0.219158173,-12.556838336,0.000000000,-0.430917025,0.500000000,0.200000003,-1.183641434,-67.817658609,0.000000000,0.000209900,0.000000000,0.100000001
2026-07-06 20:23:43.761,1783340623.761416912,619.019600874,1,1,619.006650825,1,0.004562655,5,1,0.005549835,5,1,0,1,0,0,1,1,1,0,1,0,-1.000000000,0.000000000,0.000000000,0.000000000,0,-1.000000000,0,0,0,,0,-1.000000000,,0,0,0.000000000,0.000000000,0,-1.000000000,0,,0,-1.000000000,,0,-1.000000000,0,,1,2.993575573,171.519245984,-0.007326126,-0.061050415,1,0.000000000,0.000000000,-0.002442360,-0.047863007,1,-3.000000000,-171.887338539,0.002442360,-0.034187317,1,-0.219158173,-12.556838336,0.007326126,-0.007326126,1,-1.189777374,-68.169222106,-0.036628723,-0.003663063,2.988997936,171.256966720,0.000000000,-0.000000000,8.000000000,2.500000000,0.000000000,0.000000000,0.000000000,2.708557367,2.000000000,0.500000000,-3.000000000,-171.887338539,0.000000000,-2.756333113,1.000000000,0.500000000,-0.219158173,-12.556838336,0.000000000,-0.430917025,0.500000000,0.200000003,-1.183641434,-67.817658609,0.000000000,0.000209900,0.000000000,0.100000001
2026-07-06 20:23:44.761,1783340624.761420250,620.019604166,1,1,620.006654117,1,0.004448902,5,1,0.005469481,5,1,0,1,0,0,1,1,1,0,1,0,-1.000000000,0.000000000,0.000000000,0.000000000,0,-1.000000000,0,0,0,,0,-1.000000000,,0,0,0.000000000,0.000000000,0,-1.000000000,0,,0,-1.000000000,,0,-1.000000000,0,,1,2.993575573,171.519245984,-0.007326126,-0.061050415,1,0.000000000,0.000000000,-0.002442360,-0.047863007,1,-3.000000000,-171.887338539,-0.002442360,-0.034187317,1,-0.219158173,-12.556838336,-0.007326126,-0.002442360,1,-1.189393044,-68.147201576,0.036628723,-0.003663063,2.988997936,171.256966720,0.000000000,-0.000000000,8.000000000,2.500000000,0.000000000,0.000000000,0.000000000,2.708557367,2.000000000,0.500000000,-3.000000000,-171.887338539,0.000000000,-2.756333113,1.000000000,0.500000000,-0.219158173,-12.556838336,0.000000000,-0.430917025,0.500000000,0.200000003,-1.183641434,-67.817658609,0.000000000,0.000209900,0.000000000,0.100000001
2026-07-06 20:23:45.761,1783340625.761507034,621.019690816,1,1,621.006740767,1,0.004756440,5,1,0.005343258,5,1,0,1,0,0,1,1,1,0,1,0,-1.000000000,0.000000000,0.000000000,0.000000000,0,-1.000000000,0,0,0,,0,-1.000000000,,0,0,0.000000000,0.000000000,0,-1.000000000,0,,0,-1.000000000,,0,-1.000000000,0,,1,2.993194103,171.497389379,-0.007326126,-0.061050415,1,0.000000000,0.000000000,-0.002442360,-0.034187317,1,-3.000000000,-171.887338539,0.002442360,-0.034187317,1,-0.219158173,-12.556838336,-0.007326126,-0.002442360,1,-1.189393044,-68.147201576,-0.012210846,-0.003663063,2.988997936,171.256966720,0.000000000,-0.000000000,8.000000000,2.500000000,0.000000000,0.000000000,0.000000000,2.708557367,2.000000000,0.500000000,-3.000000000,-171.887338539,0.000000000,-2.756333113,1.000000000,0.500000000,-0.219158173,-12.556838336,0.000000000,-0.430917025,0.500000000,0.200000003,-1.183641434,-67.817658609,0.000000000,0.000209900,0.000000000,0.100000001
2026-07-06 20:23:46.761,1783340626.761487246,622.019671204,1,1,622.006721155,1,0.004139443,5,1,0.005491058,5,1,0,1,0,0,1,1,1,0,1,0,-1.000000000,0.000000000,0.000000000,0.000000000,0,-1.000000000,0,0,0,,0,-1.000000000,,0,0,0.000000000,0.000000000,0,-1.000000000,0,,0,-1.000000000,,0,-1.000000000,0,,1,2.993575573,171.519245984,-0.007326126,-0.061050415,1,0.000000000,0.000000000,-0.002442360,-0.034187317,1,-3.000000000,-171.887338539,-0.002442360,-0.034187317,1,-0.219158173,-12.556838336,0.007326126,-0.002442360,1,-1.189393044,-68.147201576,-0.012210846,-0.003663063,2.988997936,171.256966720,0.000000000,-0.000000000,8.000000000,2.500000000,0.000000000,0.000000000,0.000000000,2.708557367,2.000000000,0.500000000,-3.000000000,-171.887338539,0.000000000,-2.756333113,1.000000000,0.500000000,-0.219158173,-12.556838336,0.000000000,-0.430917025,0.500000000,0.200000003,-1.183641434,-67.817658609,0.000000000,0.000209900,0.000000000,0.100000001
2026-07-06 20:23:47.761,1783340627.761506557,623.019690373,1,1,623.006740324,1,0.004640507,5,1,0.005482518,5,1,0,1,0,0,1,1,1,0,1,0,-1.000000000,0.000000000,0.000000000,0.000000000,0,-1.000000000,0,0,0,,0,-1.000000000,,0,0,0.000000000,0.000000000,0,-1.000000000,0,,0,-1.000000000,,0,-1.000000000,0,,1,2.993194103,171.497389379,-0.007326126,-0.061050415,1,0.000000000,0.000000000,-0.002442360,-0.034187317,1,-3.000000000,-171.887338539,-0.002442360,-0.034187317,1,-0.219158173,-12.556838336,-0.007326126,-0.002442360,1,-1.189393044,-68.147201576,0.012210846,-0.003663063,2.988997936,171.256966720,0.000000000,-0.000000000,8.000000000,2.500000000,0.000000000,0.000000000,0.000000000,2.708557367,2.000000000,0.500000000,-3.000000000,-171.887338539,0.000000000,-2.756333113,1.000000000,0.500000000,-0.219158173,-12.556838336,0.000000000,-0.430917025,0.500000000,0.200000003,-1.183641434,-67.817658609,0.000000000,0.000209900,0.000000000,0.100000001
2026-07-06 20:23:48.761,1783340628.761627436,624.019811219,1,1,624.006861170,1,0.004903673,5,1,0.005587210,5,1,0,1,0,0,1,1,1,0,1,0,-1.000000000,0.000000000,0.000000000,0.000000000,0,-1.000000000,0,0,0,,0,-1.000000000,,0,0,0.000000000,0.000000000,0,-1.000000000,0,,0,-1.000000000,,0,-1.000000000,0,,1,2.993575573,171.519245984,-0.007326126,-0.061050415,1,0.000000000,0.000000000,-0.002442360,-0.034187317,1,-3.000000000,-171.887338539,-0.007326126,-0.034187317,1,-0.219158173,-12.556838336,0.007326126,-0.002442360,1,-1.189393044,-68.147201576,-0.036628723,-0.003663063,2.988997936,171.256966720,0.000000000,-0.000000000,8.000000000,2.500000000,0.000000000,0.000000000,0.000000000,2.708557367,2.000000000,0.500000000,-3.000000000,-171.887338539,0.000000000,-2.756333113,1.000000000,0.500000000,-0.219158173,-12.556838336,0.000000000,-0.430917025,0.500000000,0.200000003,-1.183641434,-67.817658609,0.000000000,0.000209900,0.000000000,0.100000001
2026-07-06 20:23:49.761,1783340629.761498690,625.019682373,1,1,625.006732324,1,0.004608606,5,1,0.005707228,5,1,0,1,0,0,1,1,1,0,1,0,-1.000000000,0.000000000,0.000000000,0.000000000,0,-1.000000000,0,0,0,,0,-1.000000000,,0,0,0.000000000,0.000000000,0,-1.000000000,0,,0,-1.000000000,,0,-1.000000000,0,,1,2.993575573,171.519245984,-0.007326126,-0.061050415,1,0.000000000,0.000000000,-0.002442360,-0.034187317,1,-3.000000000,-171.887338539,-0.002442360,-0.034187317,1,-0.219158173,-12.556838336,-0.007326126,-0.007326126,1,-1.189393044,-68.147201576,-0.012210846,-0.003663063,2.988997936,171.256966720,0.000000000,-0.000000000,8.000000000,2.500000000,0.000000000,0.000000000,0.000000000,2.708557367,2.000000000,0.500000000,-3.000000000,-171.887338539,0.000000000,-2.756333113,1.000000000,0.500000000,-0.219158173,-12.556838336,0.000000000,-0.430917025,0.500000000,0.200000003,-1.183641434,-67.817658609,0.000000000,0.000209900,0.000000000,0.100000001
2026-07-06 20:23:50.761,1783340630.761498451,626.019682291,1,1,626.006732242,1,0.004051597,5,1,0.005400840,5,1,0,1,0,0,1,1,1,0,1,0,-1.000000000,0.000000000,0.000000000,0.000000000,0,-1.000000000,0,0,0,,0,-1.000000000,,0,0,0.000000000,0.000000000,0,-1.000000000,0,,0,-1.000000000,,0,-1.000000000,0,,1,2.993575573,171.519245984,-0.007326126,-0.065934181,1,0.000000000,0.000000000,-0.002442360,-0.034187317,1,-3.000000000,-171.887338539,-0.002442360,-0.047863007,1,-0.219158173,-12.556838336,-0.007326126,-0.007326126,1,-1.189777374,-68.169222106,-0.036628723,-0.003663063,2.988997936,171.256966720,0.000000000,-0.000000000,8.000000000,2.500000000,0.000000000,0.000000000,0.000000000,2.708557367,2.000000000,0.500000000,-3.000000000,-171.887338539,0.000000000,-2.756333113,1.000000000,0.500000000,-0.219158173,-12.556838336,0.000000000,-0.430917025,0.500000000,0.200000003,-1.183641434,-67.817658609,0.000000000,0.000209900,0.000000000,0.100000001
2026-07-06 20:23:51.761,1783340631.761486530,627.019670353,1,1,627.006720304,1,0.004433061,5,1,0.005296147,5,1,0,1,0,0,1,1,1,0,1,0,-1.000000000,0.000000000,0.000000000,0.000000000,0,-1.000000000,0,0,0,,0,-1.000000000,,0,0,0.000000000,0.000000000,0,-1.000000000,0,,0,-1.000000000,,0,-1.000000000,0,,1,2.993575573,171.519245984,0.007326126,-0.056165695,1,0.000000000,0.000000000,-0.002442360,-0.034187317,1,-3.000000000,-171.887338539,-0.002442360,-0.034187317,1,-0.218776703,-12.534981731,0.007326126,-0.002442360,1,-1.189777374,-68.169222106,-0.012210846,-0.003663063,2.988997936,171.256966720,0.000000000,-0.000000000,8.000000000,2.500000000,0.000000000,0.000000000,0.000000000,2.708557367,2.000000000,0.500000000,-3.000000000,-171.887338539,0.000000000,-2.756333113,1.000000000,0.500000000,-0.219158173,-12.556838336,0.000000000,-0.430917025,0.500000000,0.200000003,-1.183641434,-67.817658609,0.000000000,0.000209900,0.000000000,0.100000001
2026-07-06 20:23:52.761,1783340632.761450529,628.019634170,1,1,628.006684121,1,0.004845774,5,1,0.005671950,5,1,0,1,0,0,1,1,1,0,1,0,-1.000000000,0.000000000,0.000000000,0.000000000,0,-1.000000000,0,0,0,,0,-1.000000000,,0,0,0.000000000,0.000000000,0,-1.000000000,0,,0,-1.000000000,,0,-1.000000000,0,,1,2.993575573,171.519245984,-0.007326126,-0.056165695,1,0.000000000,0.000000000,-0.002442360,-0.034187317,1,-3.000000000,-171.887338539,-0.002442360,-0.034187317,1,-0.219158173,-12.556838336,-0.021978378,-0.002442360,1,-1.189393044,-68.147201576,-0.012210846,-0.003663063,2.988997936,171.256966720,0.000000000,-0.000000000,8.000000000,2.500000000,0.000000000,0.000000000,0.000000000,2.708557367,2.000000000,0.500000000,-3.000000000,-171.887338539,0.000000000,-2.756333113,1.000000000,0.500000000,-0.219158173,-12.556838336,0.000000000,-0.430917025,0.500000000,0.200000003,-1.183641434,-67.817658609,0.000000000,0.000209900,0.000000000,0.100000001
2026-07-06 20:23:53.761,1783340633.761447906,629.019631700,1,1,629.006681651,1,0.004280292,5,1,0.005400785,5,1,0,1,0,0,1,1,1,0,1,0,-1.000000000,0.000000000,0.000000000,0.000000000,0,-1.000000000,0,0,0,,0,-1.000000000,,0,0,0.000000000,0.000000000,0,-1.000000000,0,,0,-1.000000000,,0,-1.000000000,0,,1,2.993194103,171.497389379,-0.021978378,-0.061050415,1,0.000000000,0.000000000,-0.002442360,-0.034187317,1,-3.000000000,-171.887338539,-0.002442360,-0.034187317,1,-0.219158173,-12.556838336,0.007326126,-0.002442360,1,-1.189393044,-68.147201576,-0.012210846,-0.003663063,2.988997936,171.256966720,0.000000000,-0.000000000,8.000000000,2.500000000,0.000000000,0.000000000,0.000000000,2.708557367,2.000000000,0.500000000,-3.000000000,-171.887338539,0.000000000,-2.756333113,1.000000000,0.500000000,-0.219158173,-12.556838336,0.000000000,-0.430917025,0.500000000,0.200000003,-1.183641434,-67.817658609,0.000000000,0.000209900,0.000000000,0.100000001
2026-07-06 20:23:54.761,1783340634.761477470,630.019661191,1,1,630.006711142,1,0.004122120,5,1,0.005241772,5,1,0,1,0,0,1,1,1,0,1,0,-1.000000000,0.000000000,0.000000000,0.000000000,0,-1.000000000,0,0,0,,0,-1.000000000,,0,0,0.000000000,0.000000000,0,-1.000000000,0,,0,-1.000000000,,0,-1.000000000,0,,1,2.993575573,171.519245984,-0.021978378,-0.061050415,1,0.000000000,0.000000000,-0.002442360,-0.034187317,1,-3.000000000,-171.887338539,-0.002442360,-0.034187317,1,-0.219158173,-12.556838336,-0.021978378,-0.007326126,1,-1.189393044,-68.147201576,-0.012210846,-0.003663063,2.988997936,171.256966720,0.000000000,-0.000000000,8.000000000,2.500000000,0.000000000,0.000000000,0.000000000,2.708557367,2.000000000,0.500000000,-3.000000000,-171.887338539,0.000000000,-2.756333113,1.000000000,0.500000000,-0.219158173,-12.556838336,0.000000000,-0.430917025,0.500000000,0.200000003,-1.183641434,-67.817658609,0.000000000,0.000209900,0.000000000,0.100000001
2026-07-06 20:23:55.761,1783340635.761570930,631.019754657,1,1,631.006804608,1,0.004161666,5,1,0.005229848,5,1,0,1,0,0,1,1,1,0,1,0,-1.000000000,0.000000000,0.000000000,0.000000000,0,-1.000000000,0,0,0,,0,-1.000000000,,0,0,0.000000000,0.000000000,0,-1.000000000,0,,0,-1.000000000,,0,-1.000000000,0,,1,2.993194103,171.497389379,-0.007326126,-0.056165695,1,0.000000000,0.000000000,0.002442360,-0.047863007,1,-3.000000000,-171.887338539,-0.002442360,-0.034187317,1,-0.219158173,-12.556838336,-0.007326126,-0.007326126,1,-1.189393044,-68.147201576,0.012210846,-0.003663063,2.988997936,171.256966720,0.000000000,-0.000000000,8.000000000,2.500000000,0.000000000,0.000000000,0.000000000,2.708557367,2.000000000,0.500000000,-3.000000000,-171.887338539,0.000000000,-2.756333113,1.000000000,0.500000000,-0.219158173,-12.556838336,0.000000000,-0.430917025,0.500000000,0.200000003,-1.183641434,-67.817658609,0.000000000,0.000209900,0.000000000,0.100000001
2026-07-06 20:23:56.761,1783340636.761493444,632.019677283,1,1,632.006727234,1,0.004558119,5,1,0.005201818,5,1,0,1,0,0,1,1,1,0,1,0,-1.000000000,0.000000000,0.000000000,0.000000000,0,-1.000000000,0,0,0,,0,-1.000000000,,0,0,0.000000000,0.000000000,0,-1.000000000,0,,0,-1.000000000,,0,-1.000000000,0,,1,2.993575573,171.519245984,-0.007326126,-0.061050415,1,0.000000000,0.000000000,-0.002442360,-0.047863007,1,-3.000000000,-171.887338539,-0.002442360,-0.034187317,1,-0.219158173,-12.556838336,-0.007326126,-0.002442360,1,-1.189777374,-68.169222106,-0.012210846,-0.003663063,2.988997936,171.256966720,0.000000000,-0.000000000,8.000000000,2.500000000,0.000000000,0.000000000,0.000000000,2.708557367,2.000000000,0.500000000,-3.000000000,-171.887338539,0.000000000,-2.756333113,1.000000000,0.500000000,-0.219158173,-12.556838336,0.000000000,-0.430917025,0.500000000,0.200000003,-1.183641434,-67.817658609,0.000000000,0.000209900,0.000000000,0.100000001
2026-07-06 20:23:57.761,1783340637.761542082,633.019726005,1,1,633.006775956,1,0.004336853,5,1,0.005485037,5,1,0,1,0,0,1,1,1,0,1,0,-1.000000000,0.000000000,0.000000000,0.000000000,0,-1.000000000,0,0,0,,0,-1.000000000,,0,0,0.000000000,0.000000000,0,-1.000000000,0,,0,-1.000000000,,0,-1.000000000,0,,1,2.993194103,171.497389379,-0.007326126,-0.061050415,1,0.000000000,0.000000000,-0.002442360,-0.034187317,1,-3.000000000,-171.887338539,-0.002442360,-0.034187317,1,-0.219158173,-12.556838336,-0.021978378,-0.002442360,1,-1.189777374,-68.169222106,-0.085468292,-0.003663063,2.988997936,171.256966720,0.000000000,-0.000000000,8.000000000,2.500000000,0.000000000,0.000000000,0.000000000,2.708557367,2.000000000,0.500000000,-3.000000000,-171.887338539,0.000000000,-2.756333113,1.000000000,0.500000000,-0.219158173,-12.556838336,0.000000000,-0.430917025,0.500000000,0.200000003,-1.183641434,-67.817658609,0.000000000,0.000209900,0.000000000,0.100000001
2026-07-06 20:23:58.761,1783340638.761565447,634.019749126,1,1,634.006799077,1,0.004175011,5,1,0.005241731,5,1,0,1,0,0,1,1,1,0,1,0,-1.000000000,0.000000000,0.000000000,0.000000000,0,-1.000000000,0,0,0,,0,-1.000000000,,0,0,0.000000000,0.000000000,0,-1.000000000,0,,0,-1.000000000,,0,-1.000000000,0,,1,2.993194103,171.497389379,-0.007326126,-0.056165695,1,0.000000000,0.000000000,-0.007326126,-0.034187317,1,-3.000000000,-171.887338539,-0.002442360,-0.034187317,1,-0.219158173,-12.556838336,-0.007326126,-0.007326126,1,-1.189777374,-68.169222106,-0.012210846,-0.003663063,2.988997936,171.256966720,0.000000000,-0.000000000,8.000000000,2.500000000,0.000000000,0.000000000,0.000000000,2.708557367,2.000000000,0.500000000,-3.000000000,-171.887338539,0.000000000,-2.756333113,1.000000000,0.500000000,-0.219158173,-12.556838336,0.000000000,-0.430917025,0.500000000,0.200000003,-1.183641434,-67.817658609,0.000000000,0.000209900,0.000000000,0.100000001
2026-07-06 20:23:59.761,1783340639.761563540,635.019747408,1,1,635.006797359,1,0.004139130,5,1,0.005473365,5,1,0,1,0,0,1,1,1,0,1,0,-1.000000000,0.000000000,0.000000000,0.000000000,0,-1.000000000,0,0,0,,0,-1.000000000,,0,0,0.000000000,0.000000000,0,-1.000000000,0,,0,-1.000000000,,0,-1.000000000,0,,1,2.993575573,171.519245984,-0.007326126,-0.061050415,1,0.000000000,0.000000000,-0.002442360,-0.034187317,1,-3.000000000,-171.887338539,0.002442360,-0.034187317,1,-0.219158173,-12.556838336,0.007326126,-0.002442360,1,-1.189777374,-68.169222106,-0.036628723,-0.003663063,2.988997936,171.256966720,0.000000000,-0.000000000,8.000000000,2.500000000,0.000000000,0.000000000,0.000000000,2.708557367,2.000000000,0.500000000,-3.000000000,-171.887338539,0.000000000,-2.756333113,1.000000000,0.500000000,-0.219158173,-12.556838336,0.000000000,-0.430917025,0.500000000,0.200000003,-1.183641434,-67.817658609,0.000000000,0.000209900,0.000000000,0.100000001
2026-07-06 20:24:00.761,1783340640.761552095,636.019735830,1,1,636.006785781,1,0.004832088,5,1,0.005776141,5,1,0,1,0,0,1,1,1,0,1,0,-1.000000000,0.000000000,0.000000000,0.000000000,0,-1.000000000,0,0,0,,0,-1.000000000,,0,0,0.000000000,0.000000000,0,-1.000000000,0,,0,-1.000000000,,0,-1.000000000,0,,1,2.993194103,171.497389379,0.007326126,-0.061050415,1,0.000000000,0.000000000,-0.007326126,-0.034187317,1,-3.000000000,-171.887338539,-0.002442360,-0.047863007,1,-0.219158173,-12.556838336,-0.021978378,-0.002442360,1,-1.189393044,-68.147201576,-0.012210846,-0.003663063,2.988997936,171.256966720,0.000000000,-0.000000000,8.000000000,2.500000000,0.000000000,0.000000000,0.000000000,2.708557367,2.000000000,0.500000000,-3.000000000,-171.887338539,0.000000000,-2.756333113,1.000000000,0.500000000,-0.219158173,-12.556838336,0.000000000,-0.430917025,0.500000000,0.200000003,-1.183641434,-67.817658609,0.000000000,0.000209900,0.000000000,0.100000001
2026-07-06 20:24:01.761,1783340641.761525869,637.019709553,1,1,637.006759504,1,0.003929405,5,1,0.005584689,5,1,0,1,0,0,1,1,1,0,1,0,-1.000000000,0.000000000,0.000000000,0.000000000,0,-1.000000000,0,0,0,,0,-1.000000000,,0,0,0.000000000,0.000000000,0,-1.000000000,0,,0,-1.000000000,,0,-1.000000000,0,,1,2.993575573,171.519245984,-0.021978378,-0.061050415,1,0.000000000,0.000000000,-0.002442360,-0.034187317,1,-3.000000000,-171.887338539,0.002442360,-0.034187317,1,-0.219158173,-12.556838336,-0.021978378,-0.002442360,1,-1.189393044,-68.147201576,0.036628723,-0.003663063,2.988997936,171.256966720,0.000000000,-0.000000000,8.000000000,2.500000000,0.000000000,0.000000000,0.000000000,2.708557367,2.000000000,0.500000000,-3.000000000,-171.887338539,0.000000000,-2.756333113,1.000000000,0.500000000,-0.219158173,-12.556838336,0.000000000,-0.430917025,0.500000000,0.200000003,-1.183641434,-67.817658609,0.000000000,0.000209900,0.000000000,0.100000001
2026-07-06 20:24:02.761,1783340642.761519909,638.019703565,1,1,638.006753516,1,0.004270469,5,1,0.005394507,5,1,0,1,0,0,1,1,1,0,1,0,-1.000000000,0.000000000,0.000000000,0.000000000,0,-1.000000000,0,0,0,,0,-1.000000000,,0,0,0.000000000,0.000000000,0,-1.000000000,0,,0,-1.000000000,,0,-1.000000000,0,,1,2.993194103,171.497389379,-0.007326126,-0.065934181,1,0.000000000,0.000000000,-0.002442360,-0.034187317,1,-3.000000000,-171.887338539,-0.007326126,-0.034187317,1,-0.219158173,-12.556838336,-0.007326126,-0.002442360,1,-1.189393044,-68.147201576,-0.012210846,-0.003663063,2.988997936,171.256966720,0.000000000,-0.000000000,8.000000000,2.500000000,0.000000000,0.000000000,0.000000000,2.708557367,2.000000000,0.500000000,-3.000000000,-171.887338539,0.000000000,-2.756333113,1.000000000,0.500000000,-0.219158173,-12.556838336,0.000000000,-0.430917025,0.500000000,0.200000003,-1.183641434,-67.817658609,0.000000000,0.000209900,0.000000000,0.100000001
2026-07-06 20:24:03.761,1783340643.761691809,639.019875690,1,1,639.006925641,1,0.004650429,5,1,0.005276100,5,1,0,1,0,0,1,1,1,0,1,0,-1.000000000,0.000000000,0.000000000,0.000000000,0,-1.000000000,0,0,0,,0,-1.000000000,,0,0,0.000000000,0.000000000,0,-1.000000000,0,,0,-1.000000000,,0,-1.000000000,0,,1,2.993575573,171.519245984,-0.007326126,-0.061050415,1,0.000000000,0.000000000,-0.002442360,-0.034187317,1,-3.000000000,-171.887338539,-0.002442360,-0.047863007,1,-0.219158173,-12.556838336,-0.007326126,-0.002442360,1,-1.189393044,-68.147201576,-0.012210846,-0.003663063,2.988997936,171.256966720,0.000000000,-0.000000000,8.000000000,2.500000000,0.000000000,0.000000000,0.000000000,2.708557367,2.000000000,0.500000000,-3.000000000,-171.887338539,0.000000000,-2.756333113,1.000000000,0.500000000,-0.219158173,-12.556838336,0.000000000,-0.430917025,0.500000000,0.200000003,-1.183641434,-67.817658609,0.000000000,0.000209900,0.000000000,0.100000001
2026-07-06 20:24:04.761,1783340644.761633873,640.019817654,1,1,640.006867605,1,0.004609346,5,1,0.005557972,5,1,0,1,0,0,1,1,1,0,1,0,-1.000000000,0.000000000,0.000000000,0.000000000,0,-1.000000000,0,0,0,,0,-1.000000000,,0,0,0.000000000,0.000000000,0,-1.000000000,0,,0,-1.000000000,,0,-1.000000000,0,,1,2.993194103,171.497389379,-0.007326126,-0.061050415,1,0.000000000,0.000000000,-0.002442360,-0.047863007,1,-3.000000000,-171.887338539,0.002442360,-0.034187317,1,-0.219158173,-12.556838336,-0.007326126,-0.002442360,1,-1.189393044,-68.147201576,-0.012210846,-0.003663063,2.988997936,171.256966720,0.000000000,-0.000000000,8.000000000,2.500000000,0.000000000,0.000000000,0.000000000,2.708557367,2.000000000,0.500000000,-3.000000000,-171.887338539,0.000000000,-2.756333113,1.000000000,0.500000000,-0.219158173,-12.556838336,0.000000000,-0.430917025,0.500000000,0.200000003,-1.183641434,-67.817658609,0.000000000,0.000209900,0.000000000,0.100000001
2026-07-06 20:24:05.761,1783340645.761545658,641.019729544,1,1,641.006779495,1,0.004529906,5,1,0.005582744,5,1,0,1,0,0,1,1,1,0,1,0,-1.000000000,0.000000000,0.000000000,0.000000000,0,-1.000000000,0,0,0,,0,-1.000000000,,0,0,0.000000000,0.000000000,0,-1.000000000,0,,0,-1.000000000,,0,-1.000000000,0,,1,2.993194103,171.497389379,-0.021978378,-0.061050415,1,0.000000000,0.000000000,-0.002442360,-0.034187317,1,-3.000000000,-171.887338539,-0.002442360,-0.034187317,1,-0.219158173,-12.556838336,-0.007326126,-0.002442360,1,-1.189777374,-68.169222106,-0.012210846,-0.003663063,2.988997936,171.256966720,0.000000000,-0.000000000,8.000000000,2.500000000,0.000000000,0.000000000,0.000000000,2.708557367,2.000000000,0.500000000,-3.000000000,-171.887338539,0.000000000,-2.756333113,1.000000000,0.500000000,-0.219158173,-12.556838336,0.000000000,-0.430917025,0.500000000,0.200000003,-1.183641434,-67.817658609,0.000000000,0.000209900,0.000000000,0.100000001
2026-07-06 20:24:06.761,1783340646.761717558,642.019901331,1,1,642.006951282,1,0.004727653,5,1,0.005545526,5,1,0,1,0,0,1,1,1,0,1,0,-1.000000000,0.000000000,0.000000000,0.000000000,0,-1.000000000,0,0,0,,0,-1.000000000,,0,0,0.000000000,0.000000000,0,-1.000000000,0,,0,-1.000000000,,0,-1.000000000,0,,0,2.993194103,171.497389379,-0.021978378,-0.061050415,0,0.000000000,0.000000000,-0.002442360,-0.034187317,0,-3.000000000,-171.887338539,-0.002442360,-0.020513535,0,-0.219158173,-12.556838336,-0.021978378,-0.002442360,0,-1.189393044,-68.147201576,-0.012210846,-0.003663063,2.988997936,171.256966720,0.000000000,-0.000000000,8.000000000,2.500000000,0.000000000,0.000000000,0.000000000,2.708557367,2.000000000,0.500000000,-3.000000000,-171.887338539,0.000000000,-2.756333113,1.000000000,0.500000000,-0.219158173,-12.556838336,0.000000000,-0.430917025,0.500000000,0.200000003,-1.183641434,-67.817658609,0.000000000,0.000209900,0.000000000,0.100000001
2026-07-06 20:24:07.761,1783340647.761664629,643.019848196,1,1,643.006898147,1,0.004493211,5,1,0.005379899,5,1,0,1,0,0,1,1,1,0,1,0,-1.000000000,0.000000000,0.000000000,0.000000000,0,-1.000000000,0,0,0,,0,-1.000000000,,0,0,0.000000000,0.000000000,0,-1.000000000,0,,0,-1.000000000,,0,-1.000000000,0,,1,2.993575573,171.519245984,-0.007326126,-0.056165695,1,0.000000000,0.000000000,-0.002442360,-0.034187317,1,-3.000000000,-171.887338539,0.002442360,-0.034187317,1,-0.219158173,-12.556838336,-0.007326126,-0.002442360,1,-1.189777374,-68.169222106,-0.036628723,-0.003663063,2.988997936,171.256966720,0.000000000,-0.000000000,8.000000000,2.500000000,0.000000000,0.000000000,0.000000000,2.708557367,2.000000000,0.500000000,-3.000000000,-171.887338539,0.000000000,-2.756333113,1.000000000,0.500000000,-0.219158173,-12.556838336,0.000000000,-0.430917025,0.500000000,0.200000003,-1.183641434,-67.817658609,0.000000000,0.000209900,0.000000000,0.100000001
2026-07-06 20:24:08.761,1783340648.761604548,644.019788441,1,1,644.006838392,1,0.004552789,5,1,0.005421969,5,1,0,1,0,0,1,1,1,0,1,0,-1.000000000,0.000000000,0.000000000,0.000000000,0,-1.000000000,0,0,0,,0,-1.000000000,,0,0,0.000000000,0.000000000,0,-1.000000000,0,,0,-1.000000000,,0,-1.000000000,0,,1,2.993575573,171.519245984,0.007326126,-0.061050415,1,0.000000000,0.000000000,-0.002442360,-0.034187317,1,-3.000000000,-171.887338539,-0.002442360,-0.034187317,1,-0.219158173,-12.556838336,-0.021978378,-0.002442360,1,-1.189393044,-68.147201576,-0.036628723,-0.003663063,2.988997936,171.256966720,0.000000000,-0.000000000,8.000000000,2.500000000,0.000000000,0.000000000,0.000000000,2.708557367,2.000000000,0.500000000,-3.000000000,-171.887338539,0.000000000,-2.756333113,1.000000000,0.500000000,-0.219158173,-12.556838336,0.000000000,-0.430917025,0.500000000,0.200000003,-1.183641434,-67.817658609,0.000000000,0.000209900,0.000000000,0.100000001
2026-07-06 20:24:09.761,1783340649.761573792,645.019757675,1,1,645.006807626,1,0.004305503,5,1,0.005418616,5,1,0,1,0,0,1,1,1,0,1,0,-1.000000000,0.000000000,0.000000000,0.000000000,0,-1.000000000,0,0,0,,0,-1.000000000,,0,0,0.000000000,0.000000000,0,-1.000000000,0,,0,-1.000000000,,0,-1.000000000,0,,1,2.993194103,171.497389379,-0.007326126,-0.056165695,1,0.000000000,0.000000000,-0.002442360,-0.047863007,1,-3.000000000,-171.887338539,-0.002442360,-0.034187317,1,-0.219158173,-12.556838336,-0.021978378,-0.002442360,1,-1.189393044,-68.147201576,-0.036628723,-0.003663063,2.988997936,171.256966720,0.000000000,-0.000000000,8.000000000,2.500000000,0.000000000,0.000000000,0.000000000,2.708557367,2.000000000,0.500000000,-3.000000000,-171.887338539,0.000000000,-2.756333113,1.000000000,0.500000000,-0.219158173,-12.556838336,0.000000000,-0.430917025,0.500000000,0.200000003,-1.183641434,-67.817658609,0.000000000,0.000209900,0.000000000,0.100000001
2026-07-06 20:24:10.761,1783340650.761592388,646.019776024,1,1,646.006825975,1,0.004766517,5,1,0.005481672,5,1,0,1,0,0,1,1,1,0,1,0,-1.000000000,0.000000000,0.000000000,0.000000000,0,-1.000000000,0,0,0,,0,-1.000000000,,0,0,0.000000000,0.000000000,0,-1.000000000,0,,0,-1.000000000,,0,-1.000000000,0,,1,2.993194103,171.497389379,-0.007326126,-0.061050415,1,0.000000000,0.000000000,0.002442360,-0.047863007,1,-3.000000000,-171.887338539,-0.002442360,-0.034187317,1,-0.219158173,-12.556838336,0.007326126,-0.002442360,1,-1.189393044,-68.147201576,-0.012210846,-0.003663063,2.988997936,171.256966720,0.000000000,-0.000000000,8.000000000,2.500000000,0.000000000,0.000000000,0.000000000,2.708557367,2.000000000,0.500000000,-3.000000000,-171.887338539,0.000000000,-2.756333113,1.000000000,0.500000000,-0.219158173,-12.556838336,0.000000000,-0.430917025,0.500000000,0.200000003,-1.183641434,-67.817658609,0.000000000,0.000209900,0.000000000,0.100000001
2026-07-06 20:24:11.761,1783340651.761477709,647.019661334,1,1,647.006711285,1,0.001419449,5,1,0.005337164,5,1,0,1,0,0,1,1,1,0,1,0,-1.000000000,0.000000000,0.000000000,0.000000000,0,-1.000000000,0,0,0,,0,-1.000000000,,0,0,0.000000000,0.000000000,0,-1.000000000,0,,0,-1.000000000,,0,-1.000000000,0,,1,2.993575573,171.519245984,-0.007326126,-0.061050415,1,0.000000000,0.000000000,-0.002442360,-0.020513535,1,-3.000000000,-171.887338539,-0.002442360,-0.034187317,1,-0.219158173,-12.556838336,-0.021978378,-0.007326126,1,-1.189393044,-68.147201576,0.012210846,-0.003663063,2.988997936,171.256966720,0.000000000,-0.000000000,8.000000000,2.500000000,0.000000000,0.000000000,0.000000000,2.708557367,2.000000000,0.500000000,-3.000000000,-171.887338539,0.000000000,-2.756333113,1.000000000,0.500000000,-0.219158173,-12.556838336,0.000000000,-0.430917025,0.500000000,0.200000003,-1.183641434,-67.817658609,0.000000000,0.000209900,0.000000000,0.100000001
2026-07-06 20:24:12.761,1783340652.761631489,648.019815368,1,1,648.006865319,1,0.004564066,5,1,0.005418914,5,1,0,1,0,0,1,1,1,0,1,0,-1.000000000,0.000000000,0.000000000,0.000000000,0,-1.000000000,0,0,0,,0,-1.000000000,,0,0,0.000000000,0.000000000,0,-1.000000000,0,,0,-1.000000000,,0,-1.000000000,0,,1,2.993575573,171.519245984,0.007326126,-0.056165695,1,0.000000000,0.000000000,-0.002442360,-0.034187317,1,-3.000000000,-171.887338539,-0.002442360,-0.034187317,1,-0.219158173,-12.556838336,-0.007326126,-0.007326126,1,-1.189777374,-68.169222106,0.012210846,-0.003663063,2.988997936,171.256966720,0.000000000,-0.000000000,8.000000000,2.500000000,0.000000000,0.000000000,0.000000000,2.708557367,2.000000000,0.500000000,-3.000000000,-171.887338539,0.000000000,-2.756333113,1.000000000,0.500000000,-0.219158173,-12.556838336,0.000000000,-0.430917025,0.500000000,0.200000003,-1.183641434,-67.817658609,0.000000000,0.000209900,0.000000000,0.100000001
2026-07-06 20:24:13.761,1783340653.761676073,649.019859759,1,1,649.006909710,1,0.004219390,5,1,0.005347826,5,1,0,1,0,0,1,1,1,0,1,0,-1.000000000,0.000000000,0.000000000,0.000000000,0,-1.000000000,0,0,0,,0,-1.000000000,,0,0,0.000000000,0.000000000,0,-1.000000000,0,,0,-1.000000000,,0,-1.000000000,0,,1,2.993575573,171.519245984,-0.007326126,-0.061050415,1,0.000000000,0.000000000,-0.002442360,-0.034187317,1,-3.000000000,-171.887338539,-0.002442360,-0.034187317,1,-0.219158173,-12.556838336,-0.007326126,-0.002442360,1,-1.189393044,-68.147201576,0.012210846,-0.003663063,2.988997936,171.256966720,0.000000000,-0.000000000,8.000000000,2.500000000,0.000000000,0.000000000,0.000000000,2.708557367,2.000000000,0.500000000,-3.000000000,-171.887338539,0.000000000,-2.756333113,1.000000000,0.500000000,-0.219158173,-12.556838336,0.000000000,-0.430917025,0.500000000,0.200000003,-1.183641434,-67.817658609,0.000000000,0.000209900,0.000000000,0.100000001
2026-07-06 20:24:14.761,1783340654.761754990,650.019938552,1,1,650.006988503,1,0.004341745,5,1,0.005654664,5,1,0,1,0,0,1,1,1,0,1,0,-1.000000000,0.000000000,0.000000000,0.000000000,0,-1.000000000,0,0,0,,0,-1.000000000,,0,0,0.000000000,0.000000000,0,-1.000000000,0,,0,-1.000000000,,0,-1.000000000,0,,1,2.993194103,171.497389379,-0.007326126,-0.061050415,1,0.000000000,0.000000000,0.002442360,-0.034187317,1,-3.000000000,-171.887338539,-0.002442360,-0.047863007,1,-0.219158173,-12.556838336,-0.007326126,-0.007326126,1,-1.189393044,-68.147201576,-0.012210846,-0.003663063,2.988997936,171.256966720,0.000000000,-0.000000000,8.000000000,2.500000000,0.000000000,0.000000000,0.000000000,2.708557367,2.000000000,0.500000000,-3.000000000,-171.887338539,0.000000000,-2.756333113,1.000000000,0.500000000,-0.219158173,-12.556838336,0.000000000,-0.430917025,0.500000000,0.200000003,-1.183641434,-67.817658609,0.000000000,0.000209900,0.000000000,0.100000001
2026-07-06 20:24:15.761,1783340655.761596203,651.019780022,1,1,651.006829973,1,0.004600865,5,1,0.005346535,5,1,0,1,0,0,1,1,1,0,1,0,-1.000000000,0.000000000,0.000000000,0.000000000,0,-1.000000000,0,0,0,,0,-1.000000000,,0,0,0.000000000,0.000000000,0,-1.000000000,0,,0,-1.000000000,,0,-1.000000000,0,,1,2.993575573,171.519245984,-0.007326126,-0.061050415,1,0.000000000,0.000000000,-0.002442360,-0.034187317,1,-3.000000000,-171.887338539,0.002442360,-0.047863007,1,-0.219158173,-12.556838336,-0.007326126,-0.002442360,1,-1.189393044,-68.147201576,-0.012210846,-0.003663063,2.988997936,171.256966720,0.000000000,-0.000000000,8.000000000,2.500000000,0.000000000,0.000000000,0.000000000,2.708557367,2.000000000,0.500000000,-3.000000000,-171.887338539,0.000000000,-2.756333113,1.000000000,0.500000000,-0.219158173,-12.556838336,0.000000000,-0.430917025,0.500000000,0.200000003,-1.183641434,-67.817658609,0.000000000,0.000209900,0.000000000,0.100000001
2026-07-06 20:24:16.761,1783340656.761768818,652.019952567,1,1,652.007002518,1,0.004941725,5,1,0.005649586,5,1,0,1,0,0,1,1,1,0,1,0,-1.000000000,0.000000000,0.000000000,0.000000000,0,-1.000000000,0,0,0,,0,-1.000000000,,0,0,0.000000000,0.000000000,0,-1.000000000,0,,0,-1.000000000,,0,-1.000000000,0,,1,2.993194103,171.497389379,-0.007326126,-0.061050415,1,0.000000000,0.000000000,-0.002442360,-0.034187317,1,-3.000000000,-171.887338539,0.002442360,-0.020513535,1,-0.219158173,-12.556838336,0.007326126,-0.002442360,1,-1.189777374,-68.169222106,-0.012210846,-0.003663063,2.988997936,171.256966720,0.000000000,-0.000000000,8.000000000,2.500000000,0.000000000,0.000000000,0.000000000,2.708557367,2.000000000,0.500000000,-3.000000000,-171.887338539,0.000000000,-2.756333113,1.000000000,0.500000000,-0.219158173,-12.556838336,0.000000000,-0.430917025,0.500000000,0.200000003,-1.183641434,-67.817658609,0.000000000,0.000209900,0.000000000,0.100000001
2026-07-06 20:24:17.761,1783340657.761684418,653.019868338,1,1,653.006918289,1,0.004409593,5,1,0.005665861,5,1,0,1,0,0,1,1,1,0,1,0,-1.000000000,0.000000000,0.000000000,0.000000000,0,-1.000000000,0,0,0,,0,-1.000000000,,0,0,0.000000000,0.000000000,0,-1.000000000,0,,0,-1.000000000,,0,-1.000000000,0,,1,2.993575573,171.519245984,-0.007326126,-0.061050415,1,0.000000000,0.000000000,-0.002442360,-0.034187317,1,-3.000000000,-171.887338539,-0.002442360,-0.034187317,1,-0.219158173,-12.556838336,-0.007326126,-0.007326126,1,-1.189777374,-68.169222106,-0.012210846,-0.003663063,2.988997936,171.256966720,0.000000000,-0.000000000,8.000000000,2.500000000,0.000000000,0.000000000,0.000000000,2.708557367,2.000000000,0.500000000,-3.000000000,-171.887338539,0.000000000,-2.756333113,1.000000000,0.500000000,-0.219158173,-12.556838336,0.000000000,-0.430917025,0.500000000,0.200000003,-1.183641434,-67.817658609,0.000000000,0.000209900,0.000000000,0.100000001
2026-07-06 20:24:18.761,1783340658.761775255,654.019959104,1,1,654.007009055,1,0.004437624,5,1,0.005492720,5,1,0,1,0,0,1,1,1,0,1,0,-1.000000000,0.000000000,0.000000000,0.000000000,0,-1.000000000,0,0,0,,0,-1.000000000,,0,0,0.000000000,0.000000000,0,-1.000000000,0,,0,-1.000000000,,0,-1.000000000,0,,1,2.993194103,171.497389379,-0.021978378,-0.061050415,1,0.000000000,0.000000000,-0.007326126,-0.034187317,1,-3.000000000,-171.887338539,-0.002442360,-0.034187317,1,-0.219158173,-12.556838336,0.007326126,-0.007326126,1,-1.189777374,-68.169222106,-0.012210846,-0.003663063,2.988997936,171.256966720,0.000000000,-0.000000000,8.000000000,2.500000000,0.000000000,0.000000000,0.000000000,2.708557367,2.000000000,0.500000000,-3.000000000,-171.887338539,0.000000000,-2.756333113,1.000000000,0.500000000,-0.219158173,-12.556838336,0.000000000,-0.430917025,0.500000000,0.200000003,-1.183641434,-67.817658609,0.000000000,0.000209900,0.000000000,0.100000001
2026-07-06 20:24:19.761,1783340659.761641502,655.019825251,1,1,655.006875202,1,0.004730997,5,1,0.005732775,5,1,0,1,0,0,1,1,1,0,1,0,-1.000000000,0.000000000,0.000000000,0.000000000,0,-1.000000000,0,0,0,,0,-1.000000000,,0,0,0.000000000,0.000000000,0,-1.000000000,0,,0,-1.000000000,,0,-1.000000000,0,,1,2.993194103,171.497389379,-0.007326126,-0.061050415,1,0.000000000,0.000000000,-0.002442360,-0.034187317,1,-3.000000000,-171.887338539,-0.002442360,-0.034187317,1,-0.219158173,-12.556838336,-0.007326126,-0.007326126,1,-1.189393044,-68.147201576,-0.036628723,-0.003663063,2.988997936,171.256966720,0.000000000,-0.000000000,8.000000000,2.500000000,0.000000000,0.000000000,0.000000000,2.708557367,2.000000000,0.500000000,-3.000000000,-171.887338539,0.000000000,-2.756333113,1.000000000,0.500000000,-0.219158173,-12.556838336,0.000000000,-0.430917025,0.500000000,0.200000003,-1.183641434,-67.817658609,0.000000000,0.000209900,0.000000000,0.100000001
2026-07-06 20:24:20.761,1783340660.761795998,656.019979881,1,1,656.007029832,1,0.004769451,5,1,0.005604326,5,1,0,1,0,0,1,1,1,0,1,0,-1.000000000,0.000000000,0.000000000,0.000000000,0,-1.000000000,0,0,0,,0,-1.000000000,,0,0,0.000000000,0.000000000,0,-1.000000000,0,,0,-1.000000000,,0,-1.000000000,0,,1,2.993194103,171.497389379,-0.007326126,-0.056165695,1,0.000000000,0.000000000,-0.002442360,-0.034187317,1,-3.000000000,-171.887338539,-0.007326126,-0.034187317,1,-0.219158173,-12.556838336,-0.007326126,-0.002442360,1,-1.189393044,-68.147201576,0.012210846,-0.003663063,2.988997936,171.256966720,0.000000000,-0.000000000,8.000000000,2.500000000,0.000000000,0.000000000,0.000000000,2.708557367,2.000000000,0.500000000,-3.000000000,-171.887338539,0.000000000,-2.756333113,1.000000000,0.500000000,-0.219158173,-12.556838336,0.000000000,-0.430917025,0.500000000,0.200000003,-1.183641434,-67.817658609,0.000000000,0.000209900,0.000000000,0.100000001
2026-07-06 20:24:21.761,1783340661.761770725,657.019954527,1,1,657.007004478,1,0.004302237,5,1,0.005209465,5,1,0,1,0,0,1,1,1,0,1,0,-1.000000000,0.000000000,0.000000000,0.000000000,0,-1.000000000,0,0,0,,0,-1.000000000,,0,0,0.000000000,0.000000000,0,-1.000000000,0,,0,-1.000000000,,0,-1.000000000,0,,1,2.993575573,171.519245984,-0.007326126,-0.061050415,1,0.000000000,0.000000000,-0.002442360,-0.034187317,1,-3.000000000,-171.887338539,-0.002442360,-0.034187317,1,-0.219158173,-12.556838336,-0.007326126,-0.002442360,1,-1.189393044,-68.147201576,-0.012210846,-0.003663063,2.988997936,171.256966720,0.000000000,-0.000000000,8.000000000,2.500000000,0.000000000,0.000000000,0.000000000,2.708557367,2.000000000,0.500000000,-3.000000000,-171.887338539,0.000000000,-2.756333113,1.000000000,0.500000000,-0.219158173,-12.556838336,0.000000000,-0.430917025,0.500000000,0.200000003,-1.183641434,-67.817658609,0.000000000,0.000209900,0.000000000,0.100000001
2026-07-06 20:24:22.761,1783340662.761757612,658.019941488,1,1,658.006991439,1,0.004449280,5,1,0.005479427,5,1,0,1,0,0,1,1,1,0,1,0,-1.000000000,0.000000000,0.000000000,0.000000000,0,-1.000000000,0,0,0,,0,-1.000000000,,0,0,0.000000000,0.000000000,0,-1.000000000,0,,0,-1.000000000,,0,-1.000000000,0,,1,2.993194103,171.497389379,-0.007326126,-0.056165695,1,0.000000000,0.000000000,-0.002442360,-0.034187317,1,-3.000000000,-171.887338539,-0.007326126,-0.034187317,1,-0.219158173,-12.556838336,-0.021978378,-0.002442360,1,-1.189393044,-68.147201576,0.012210846,-0.003663063,2.988997936,171.256966720,0.000000000,-0.000000000,8.000000000,2.500000000,0.000000000,0.000000000,0.000000000,2.708557367,2.000000000,0.500000000,-3.000000000,-171.887338539,0.000000000,-2.756333113,1.000000000,0.500000000,-0.219158173,-12.556838336,0.000000000,-0.430917025,0.500000000,0.200000003,-1.183641434,-67.817658609,0.000000000,0.000209900,0.000000000,0.100000001
2026-07-06 20:24:23.761,1783340663.761863947,659.020047809,1,1,659.007097760,1,0.004578811,5,1,0.005531286,5,1,0,1,0,0,1,1,1,0,1,0,-1.000000000,0.000000000,0.000000000,0.000000000,0,-1.000000000,0,0,0,,0,-1.000000000,,0,0,0.000000000,0.000000000,0,-1.000000000,0,,0,-1.000000000,,0,-1.000000000,0,,1,2.993575573,171.519245984,-0.021978378,-0.061050415,1,0.000000000,0.000000000,-0.002442360,-0.034187317,1,-3.000000000,-171.887338539,-0.002442360,-0.034187317,1,-0.219158173,-12.556838336,-0.036630630,-0.002442360,1,-1.189393044,-68.147201576,-0.012210846,-0.003663063,2.988997936,171.256966720,0.000000000,-0.000000000,8.000000000,2.500000000,0.000000000,0.000000000,0.000000000,2.708557367,2.000000000,0.500000000,-3.000000000,-171.887338539,0.000000000,-2.756333113,1.000000000,0.500000000,-0.219158173,-12.556838336,0.000000000,-0.430917025,0.500000000,0.200000003,-1.183641434,-67.817658609,0.000000000,0.000209900,0.000000000,0.100000001
2026-07-06 20:24:24.761,1783340664.761768103,660.019952087,1,1,660.007002038,1,0.004225886,5,1,0.005372349,5,1,0,1,0,0,1,1,1,0,1,0,-1.000000000,0.000000000,0.000000000,0.000000000,0,-1.000000000,0,0,0,,0,-1.000000000,,0,0,0.000000000,0.000000000,0,-1.000000000,0,,0,-1.000000000,,0,-1.000000000,0,,1,2.993575573,171.519245984,0.007326126,-0.056165695,1,0.000000000,0.000000000,-0.002442360,-0.047863007,1,-3.000000000,-171.887338539,-0.002442360,-0.034187317,1,-0.219158173,-12.556838336,-0.007326126,-0.002442360,1,-1.189777374,-68.169222106,-0.012210846,-0.003663063,2.988997936,171.256966720,0.000000000,-0.000000000,8.000000000,2.500000000,0.000000000,0.000000000,0.000000000,2.708557367,2.000000000,0.500000000,-3.000000000,-171.887338539,0.000000000,-2.756333113,1.000000000,0.500000000,-0.219158173,-12.556838336,0.000000000,-0.430917025,0.500000000,0.200000003,-1.183641434,-67.817658609,0.000000000,0.000209900,0.000000000,0.100000001
2026-07-06 20:24:25.761,1783340665.761770248,661.019954034,1,1,661.007003985,1,0.004004394,5,1,0.005637322,5,1,0,1,0,0,1,1,1,0,1,0,-1.000000000,0.000000000,0.000000000,0.000000000,0,-1.000000000,0,0,0,,0,-1.000000000,,0,0,0.000000000,0.000000000,0,-1.000000000,0,,0,-1.000000000,,0,-1.000000000,0,,1,2.993194103,171.497389379,-0.036630630,-0.061050415,1,0.000000000,0.000000000,-0.002442360,-0.034187317,1,-3.000000000,-171.887338539,-0.002442360,-0.034187317,1,-0.219158173,-12.556838336,0.007326126,-0.007326126,1,-1.189777374,-68.169222106,0.012210846,-0.003663063,2.988997936,171.256966720,0.000000000,-0.000000000,8.000000000,2.500000000,0.000000000,0.000000000,0.000000000,2.708557367,2.000000000,0.500000000,-3.000000000,-171.887338539,0.000000000,-2.756333113,1.000000000,0.500000000,-0.219158173,-12.556838336,0.000000000,-0.430917025,0.500000000,0.200000003,-1.183641434,-67.817658609,0.000000000,0.000209900,0.000000000,0.100000001
2026-07-06 20:24:26.761,1783340666.761786222,662.019969804,1,1,662.007019755,1,0.004293846,5,1,0.005321149,5,1,0,1,0,0,1,1,1,0,1,0,-1.000000000,0.000000000,0.000000000,0.000000000,0,-1.000000000,0,0,0,,0,-1.000000000,,0,0,0.000000000,0.000000000,0,-1.000000000,0,,0,-1.000000000,,0,-1.000000000,0,,1,2.993194103,171.497389379,-0.007326126,-0.056165695,1,0.000000000,0.000000000,-0.002442360,-0.034187317,1,-3.000000000,-171.887338539,-0.002442360,-0.047863007,1,-0.219158173,-12.556838336,-0.007326126,-0.007326126,1,-1.189393044,-68.147201576,0.036628723,-0.003663063,2.988997936,171.256966720,0.000000000,-0.000000000,8.000000000,2.500000000,0.000000000,0.000000000,0.000000000,2.708557367,2.000000000,0.500000000,-3.000000000,-171.887338539,0.000000000,-2.756333113,1.000000000,0.500000000,-0.219158173,-12.556838336,0.000000000,-0.430917025,0.500000000,0.200000003,-1.183641434,-67.817658609,0.000000000,0.000209900,0.000000000,0.100000001
2026-07-06 20:24:27.761,1783340667.761783123,663.019966752,1,1,663.007016703,1,0.004372216,5,1,0.004807336,5,1,0,1,0,0,1,1,1,0,1,0,-1.000000000,0.000000000,0.000000000,0.000000000,0,-1.000000000,0,0,0,,0,-1.000000000,,0,0,0.000000000,0.000000000,0,-1.000000000,0,,0,-1.000000000,,0,-1.000000000,0,,1,2.993575573,171.519245984,0.007326126,-0.061050415,1,0.000000000,0.000000000,-0.002442360,-0.034187317,1,-3.000000000,-171.887338539,-0.002442360,-0.034187317,1,-0.219158173,-12.556838336,-0.007326126,-0.007326126,1,-1.189777374,-68.169222106,-0.012210846,-0.003663063,2.988997936,171.256966720,0.000000000,-0.000000000,8.000000000,2.500000000,0.000000000,0.000000000,0.000000000,2.708557367,2.000000000,0.500000000,-3.000000000,-171.887338539,0.000000000,-2.756333113,1.000000000,0.500000000,-0.219158173,-12.556838336,0.000000000,-0.430917025,0.500000000,0.200000003,-1.183641434,-67.817658609,0.000000000,0.000209900,0.000000000,0.100000001
2026-07-06 20:24:28.762,1783340668.761867285,664.020051180,1,1,664.007101131,1,0.004435157,5,1,0.005327282,5,1,0,1,0,0,1,1,1,0,1,0,-1.000000000,0.000000000,0.000000000,0.000000000,0,-1.000000000,0,0,0,,0,-1.000000000,,0,0,0.000000000,0.000000000,0,-1.000000000,0,,0,-1.000000000,,0,-1.000000000,0,,1,2.993194103,171.497389379,-0.007326126,-0.061050415,1,0.000000000,0.000000000,-0.002442360,-0.034187317,1,-3.000000000,-171.887338539,-0.002442360,-0.034187317,1,-0.219158173,-12.556838336,-0.007326126,-0.002442360,1,-1.189393044,-68.147201576,0.012210846,-0.003663063,2.988997936,171.256966720,0.000000000,-0.000000000,8.000000000,2.500000000,0.000000000,0.000000000,0.000000000,2.708557367,2.000000000,0.500000000,-3.000000000,-171.887338539,0.000000000,-2.756333113,1.000000000,0.500000000,-0.219158173,-12.556838336,0.000000000,-0.430917025,0.500000000,0.200000003,-1.183641434,-67.817658609,0.000000000,0.000209900,0.000000000,0.100000001
2026-07-06 20:24:29.761,1783340669.761794090,665.019977884,1,1,665.007027835,1,0.004486654,5,1,0.005677477,5,1,0,1,0,0,1,1,1,0,1,0,-1.000000000,0.000000000,0.000000000,0.000000000,0,-1.000000000,0,0,0,,0,-1.000000000,,0,0,0.000000000,0.000000000,0,-1.000000000,0,,0,-1.000000000,,0,-1.000000000,0,,1,2.993575573,171.519245984,-0.021978378,-0.061050415,1,0.000000000,0.000000000,-0.002442360,-0.034187317,1,-3.000000000,-171.887338539,0.002442360,-0.034187317,1,-0.219158173,-12.556838336,-0.007326126,-0.007326126,1,-1.189777374,-68.169222106,-0.012210846,-0.003663063,2.988997936,171.256966720,0.000000000,-0.000000000,8.000000000,2.500000000,0.000000000,0.000000000,0.000000000,2.708557367,2.000000000,0.500000000,-3.000000000,-171.887338539,0.000000000,-2.756333113,1.000000000,0.500000000,-0.219158173,-12.556838336,0.000000000,-0.430917025,0.500000000,0.200000003,-1.183641434,-67.817658609,0.000000000,0.000209900,0.000000000,0.100000001
2026-07-06 20:24:30.761,1783340670.761813402,666.019997314,1,1,666.007047265,1,0.004409188,5,1,0.005454305,5,1,0,1,0,0,1,1,1,0,1,0,-1.000000000,0.000000000,0.000000000,0.000000000,0,-1.000000000,0,0,0,,0,-1.000000000,,0,0,0.000000000,0.000000000,0,-1.000000000,0,,0,-1.000000000,,0,-1.000000000,0,,1,2.993575573,171.519245984,-0.007326126,-0.056165695,1,0.000000000,0.000000000,-0.007326126,-0.034187317,1,-3.000000000,-171.887338539,-0.002442360,-0.034187317,1,-0.219158173,-12.556838336,-0.007326126,-0.002442360,1,-1.189393044,-68.147201576,0.012210846,-0.003663063,2.988997936,171.256966720,0.000000000,-0.000000000,8.000000000,2.500000000,0.000000000,0.000000000,0.000000000,2.708557367,2.000000000,0.500000000,-3.000000000,-171.887338539,0.000000000,-2.756333113,1.000000000,0.500000000,-0.219158173,-12.556838336,0.000000000,-0.430917025,0.500000000,0.200000003,-1.183641434,-67.817658609,0.000000000,0.000209900,0.000000000,0.100000001
2026-07-06 20:24:31.762,1783340671.761927843,667.020111632,1,1,667.007161583,1,0.004767953,5,1,0.005819828,5,1,0,1,0,0,1,1,1,0,1,0,-1.000000000,0.000000000,0.000000000,0.000000000,0,-1.000000000,0,0,0,,0,-1.000000000,,0,0,0.000000000,0.000000000,0,-1.000000000,0,,0,-1.000000000,,0,-1.000000000,0,,1,2.993194103,171.497389379,-0.007326126,-0.061050415,1,0.000000000,0.000000000,0.002442360,-0.034187317,1,-3.000000000,-171.887338539,-0.002442360,-0.034187317,1,-0.219158173,-12.556838336,0.007326126,-0.002442360,1,-1.189393044,-68.147201576,-0.036628723,-0.003663063,2.988997936,171.256966720,0.000000000,-0.000000000,8.000000000,2.500000000,0.000000000,0.000000000,0.000000000,2.708557367,2.000000000,0.500000000,-3.000000000,-171.887338539,0.000000000,-2.756333113,1.000000000,0.500000000,-0.219158173,-12.556838336,0.000000000,-0.430917025,0.500000000,0.200000003,-1.183641434,-67.817658609,0.000000000,0.000209900,0.000000000,0.100000001
2026-07-06 20:24:32.761,1783340672.761833191,668.020017025,1,1,668.007066976,1,0.004757047,5,1,0.005516256,5,1,0,1,0,0,1,1,1,0,1,0,-1.000000000,0.000000000,0.000000000,0.000000000,0,-1.000000000,0,0,0,,0,-1.000000000,,0,0,0.000000000,0.000000000,0,-1.000000000,0,,0,-1.000000000,,0,-1.000000000,0,,1,2.993194103,171.497389379,-0.007326126,-0.061050415,1,0.000000000,0.000000000,-0.007326126,-0.020513535,1,-3.000000000,-171.887338539,-0.002442360,-0.034187317,1,-0.219158173,-12.556838336,-0.007326126,-0.002442360,1,-1.189777374,-68.169222106,-0.012210846,-0.003663063,2.988997936,171.256966720,0.000000000,-0.000000000,8.000000000,2.500000000,0.000000000,0.000000000,0.000000000,2.708557367,2.000000000,0.500000000,-3.000000000,-171.887338539,0.000000000,-2.756333113,1.000000000,0.500000000,-0.219158173,-12.556838336,0.000000000,-0.430917025,0.500000000,0.200000003,-1.183641434,-67.817658609,0.000000000,0.000209900,0.000000000,0.100000001
2026-07-06 20:24:33.762,1783340673.761907101,669.020090969,1,1,669.007140920,1,0.004577186,5,1,0.005506819,5,1,0,1,0,0,1,1,1,0,1,0,-1.000000000,0.000000000,0.000000000,0.000000000,0,-1.000000000,0,0,0,,0,-1.000000000,,0,0,0.000000000,0.000000000,0,-1.000000000,0,,0,-1.000000000,,0,-1.000000000,0,,1,2.993194103,171.497389379,-0.021978378,-0.061050415,1,0.000000000,0.000000000,-0.007326126,-0.047863007,1,-3.000000000,-171.887338539,-0.002442360,-0.034187317,1,-0.218776703,-12.534981731,0.007326126,-0.002442360,1,-1.189393044,-68.147201576,-0.012210846,-0.003663063,2.988997936,171.256966720,0.000000000,-0.000000000,8.000000000,2.500000000,0.000000000,0.000000000,0.000000000,2.708557367,2.000000000,0.500000000,-3.000000000,-171.887338539,0.000000000,-2.756333113,1.000000000,0.500000000,-0.219158173,-12.556838336,0.000000000,-0.430917025,0.500000000,0.200000003,-1.183641434,-67.817658609,0.000000000,0.000209900,0.000000000,0.100000001
2026-07-06 20:24:34.762,1783340674.761861086,670.020044987,1,1,670.007094938,1,0.004335886,5,1,0.005574721,5,1,0,1,0,0,1,1,1,0,1,0,-1.000000000,0.000000000,0.000000000,0.000000000,0,-1.000000000,0,0,0,,0,-1.000000000,,0,0,0.000000000,0.000000000,0,-1.000000000,0,,0,-1.000000000,,0,-1.000000000,0,,1,2.993575573,171.519245984,0.007326126,-0.056165695,1,0.000000000,0.000000000,-0.007326126,-0.034187317,1,-3.000000000,-171.887338539,-0.002442360,-0.034187317,1,-0.219158173,-12.556838336,-0.007326126,-0.002442360,1,-1.189777374,-68.169222106,-0.012210846,-0.003663063,2.988997936,171.256966720,0.000000000,-0.000000000,8.000000000,2.500000000,0.000000000,0.000000000,0.000000000,2.708557367,2.000000000,0.500000000,-3.000000000,-171.887338539,0.000000000,-2.756333113,1.000000000,0.500000000,-0.219158173,-12.556838336,0.000000000,-0.430917025,0.500000000,0.200000003,-1.183641434,-67.817658609,0.000000000,0.000209900,0.000000000,0.100000001
2026-07-06 20:24:35.762,1783340675.761874437,671.020058289,1,1,671.007108240,1,0.004747380,5,1,0.005445541,5,1,0,1,0,0,1,1,1,0,1,0,-1.000000000,0.000000000,0.000000000,0.000000000,0,-1.000000000,0,0,0,,0,-1.000000000,,0,0,0.000000000,0.000000000,0,-1.000000000,0,,0,-1.000000000,,0,-1.000000000,0,,1,2.993194103,171.497389379,-0.021978378,-0.056165695,1,0.000000000,0.000000000,-0.002442360,-0.034187317,1,-3.000000000,-171.887338539,-0.007326126,-0.034187317,1,-0.219158173,-12.556838336,-0.007326126,-0.007326126,1,-1.189777374,-68.169222106,-0.061050415,-0.003663063,2.988997936,171.256966720,0.000000000,-0.000000000,8.000000000,2.500000000,0.000000000,0.000000000,0.000000000,2.708557367,2.000000000,0.500000000,-3.000000000,-171.887338539,0.000000000,-2.756333113,1.000000000,0.500000000,-0.219158173,-12.556838336,0.000000000,-0.430917025,0.500000000,0.200000003,-1.183641434,-67.817658609,0.000000000,0.000209900,0.000000000,0.100000001
2026-07-06 20:24:36.762,1783340676.761905670,672.020089414,1,1,672.007139365,1,0.004810579,5,1,0.005529888,5,1,0,1,0,0,1,1,1,0,1,0,-1.000000000,0.000000000,0.000000000,0.000000000,0,-1.000000000,0,0,0,,0,-1.000000000,,0,0,0.000000000,0.000000000,0,-1.000000000,0,,0,-1.000000000,,0,-1.000000000,0,,1,2.993194103,171.497389379,-0.007326126,-0.065934181,1,0.000000000,0.000000000,-0.007326126,-0.034187317,1,-3.000000000,-171.887338539,-0.002442360,-0.034187317,1,-0.219158173,-12.556838336,0.007326126,-0.002442360,1,-1.189393044,-68.147201576,-0.012210846,-0.003663063,2.988997936,171.256966720,0.000000000,-0.000000000,8.000000000,2.500000000,0.000000000,0.000000000,0.000000000,2.708557367,2.000000000,0.500000000,-3.000000000,-171.887338539,0.000000000,-2.756333113,1.000000000,0.500000000,-0.219158173,-12.556838336,0.000000000,-0.430917025,0.500000000,0.200000003,-1.183641434,-67.817658609,0.000000000,0.000209900,0.000000000,0.100000001
2026-07-06 20:24:37.761,1783340677.761782885,673.019966709,1,1,673.007016660,1,0.004816996,5,1,0.005465859,5,1,0,1,0,0,1,1,1,0,1,0,-1.000000000,0.000000000,0.000000000,0.000000000,0,-1.000000000,0,0,0,,0,-1.000000000,,0,0,0.000000000,0.000000000,0,-1.000000000,0,,0,-1.000000000,,0,-1.000000000,0,,1,2.993575573,171.519245984,-0.007326126,-0.061050415,1,0.000000000,0.000000000,0.002442360,-0.034187317,1,-3.000000000,-171.887338539,-0.002442360,-0.034187317,1,-0.219158173,-12.556838336,0.007326126,-0.002442360,1,-1.189393044,-68.147201576,0.012210846,-0.003663063,2.988997936,171.256966720,0.000000000,-0.000000000,8.000000000,2.500000000,0.000000000,0.000000000,0.000000000,2.708557367,2.000000000,0.500000000,-3.000000000,-171.887338539,0.000000000,-2.756333113,1.000000000,0.500000000,-0.219158173,-12.556838336,0.000000000,-0.430917025,0.500000000,0.200000003,-1.183641434,-67.817658609,0.000000000,0.000209900,0.000000000,0.100000001
2026-07-06 20:24:38.762,1783340678.761909723,674.020093567,1,1,674.007143518,1,0.004310337,5,1,0.005542508,5,1,0,1,0,0,1,1,1,0,1,0,-1.000000000,0.000000000,0.000000000,0.000000000,0,-1.000000000,0,0,0,,0,-1.000000000,,0,0,0.000000000,0.000000000,0,-1.000000000,0,,0,-1.000000000,,0,-1.000000000,0,,1,2.993194103,171.497389379,-0.007326126,-0.061050415,1,0.000000000,0.000000000,-0.002442360,-0.034187317,1,-3.000000000,-171.887338539,-0.002442360,-0.034187317,1,-0.219158173,-12.556838336,-0.021978378,-0.002442360,1,-1.189393044,-68.147201576,-0.036628723,-0.003663063,2.988997936,171.256966720,0.000000000,-0.000000000,8.000000000,2.500000000,0.000000000,0.000000000,0.000000000,2.708557367,2.000000000,0.500000000,-3.000000000,-171.887338539,0.000000000,-2.756333113,1.000000000,0.500000000,-0.219158173,-12.556838336,0.000000000,-0.430917025,0.500000000,0.200000003,-1.183641434,-67.817658609,0.000000000,0.000209900,0.000000000,0.100000001
2026-07-06 20:24:39.762,1783340679.761836290,675.020020097,1,1,675.007070048,1,0.004074515,5,1,0.005336118,5,1,0,1,0,0,1,1,1,0,1,0,-1.000000000,0.000000000,0.000000000,0.000000000,0,-1.000000000,0,0,0,,0,-1.000000000,,0,0,0.000000000,0.000000000,0,-1.000000000,0,,0,-1.000000000,,0,-1.000000000,0,,1,2.993194103,171.497389379,-0.021978378,-0.061050415,1,0.000000000,0.000000000,-0.002442360,-0.034187317,1,-3.000000000,-171.887338539,-0.002442360,-0.034187317,1,-0.219158173,-12.556838336,-0.021978378,-0.007326126,1,-1.189393044,-68.147201576,-0.012210846,-0.003663063,2.988997936,171.256966720,0.000000000,-0.000000000,8.000000000,2.500000000,0.000000000,0.000000000,0.000000000,2.708557367,2.000000000,0.500000000,-3.000000000,-171.887338539,0.000000000,-2.756333113,1.000000000,0.500000000,-0.219158173,-12.556838336,0.000000000,-0.430917025,0.500000000,0.200000003,-1.183641434,-67.817658609,0.000000000,0.000209900,0.000000000,0.100000001
2026-07-06 20:24:40.762,1783340680.761873722,676.020057536,1,1,676.007107487,1,0.003970197,5,1,0.005231240,5,1,0,1,0,0,1,1,1,0,1,0,-1.000000000,0.000000000,0.000000000,0.000000000,0,-1.000000000,0,0,0,,0,-1.000000000,,0,0,0.000000000,0.000000000,0,-1.000000000,0,,0,-1.000000000,,0,-1.000000000,0,,1,2.993194103,171.497389379,-0.007326126,-0.061050415,1,0.000000000,0.000000000,-0.002442360,-0.047863007,1,-3.000000000,-171.887338539,-0.002442360,-0.047863007,1,-0.219158173,-12.556838336,-0.021978378,-0.002442360,1,-1.189393044,-68.147201576,0.012210846,-0.003663063,2.988997936,171.256966720,0.000000000,-0.000000000,8.000000000,2.500000000,0.000000000,0.000000000,0.000000000,2.708557367,2.000000000,0.500000000,-3.000000000,-171.887338539,0.000000000,-2.756333113,1.000000000,0.500000000,-0.219158173,-12.556838336,0.000000000,-0.430917025,0.500000000,0.200000003,-1.183641434,-67.817658609,0.000000000,0.000209900,0.000000000,0.100000001
2026-07-06 20:24:41.761,1783340681.761857033,677.020040946,1,1,677.007090897,1,0.004596844,5,1,0.005398264,5,1,0,1,0,0,1,1,1,0,1,0,-1.000000000,0.000000000,0.000000000,0.000000000,0,-1.000000000,0,0,0,,0,-1.000000000,,0,0,0.000000000,0.000000000,0,-1.000000000,0,,0,-1.000000000,,0,-1.000000000,0,,1,2.993194103,171.497389379,-0.021978378,-0.061050415,1,0.000000000,0.000000000,0.002442360,-0.034187317,1,-3.000000000,-171.887338539,-0.002442360,-0.034187317,1,-0.219158173,-12.556838336,-0.007326126,-0.002442360,1,-1.189393044,-68.147201576,-0.012210846,-0.003663063,2.988997936,171.256966720,0.000000000,-0.000000000,8.000000000,2.500000000,0.000000000,0.000000000,0.000000000,2.708557367,2.000000000,0.500000000,-3.000000000,-171.887338539,0.000000000,-2.756333113,1.000000000,0.500000000,-0.219158173,-12.556838336,0.000000000,-0.430917025,0.500000000,0.200000003,-1.183641434,-67.817658609,0.000000000,0.000209900,0.000000000,0.100000001
2026-07-06 20:24:42.761,1783340682.761834145,678.020018053,1,1,678.007068004,1,0.004687929,5,1,0.005578180,5,1,0,1,0,0,1,1,1,0,1,0,-1.000000000,0.000000000,0.000000000,0.000000000,0,-1.000000000,0,0,0,,0,-1.000000000,,0,0,0.000000000,0.000000000,0,-1.000000000,0,,0,-1.000000000,,0,-1.000000000,0,,1,2.993575573,171.519245984,-0.007326126,-0.061050415,1,0.000000000,0.000000000,0.002442360,-0.047863007,1,-3.000000000,-171.887338539,-0.002442360,-0.034187317,1,-0.219158173,-12.556838336,-0.007326126,-0.002442360,1,-1.189393044,-68.147201576,-0.012210846,-0.003663063,2.988997936,171.256966720,0.000000000,-0.000000000,8.000000000,2.500000000,0.000000000,0.000000000,0.000000000,2.708557367,2.000000000,0.500000000,-3.000000000,-171.887338539,0.000000000,-2.756333113,1.000000000,0.500000000,-0.219158173,-12.556838336,0.000000000,-0.430917025,0.500000000,0.200000003,-1.183641434,-67.817658609,0.000000000,0.000209900,0.000000000,0.100000001
2026-07-06 20:24:43.761,1783340683.761823654,679.020007533,1,1,679.007057484,1,0.004464791,5,1,0.005698400,5,1,0,1,0,0,1,1,1,0,1,0,-1.000000000,0.000000000,0.000000000,0.000000000,0,-1.000000000,0,0,0,,0,-1.000000000,,0,0,0.000000000,0.000000000,0,-1.000000000,0,,0,-1.000000000,,0,-1.000000000,0,,1,2.993194103,171.497389379,-0.007326126,-0.061050415,1,0.000000000,0.000000000,-0.007326126,-0.034187317,1,-3.000000000,-171.887338539,-0.002442360,-0.034187317,1,-0.219158173,-12.556838336,-0.007326126,-0.002442360,1,-1.189777374,-68.169222106,-0.036628723,-0.003663063,2.988997936,171.256966720,0.000000000,-0.000000000,8.000000000,2.500000000,0.000000000,0.000000000,0.000000000,2.708557367,2.000000000,0.500000000,-3.000000000,-171.887338539,0.000000000,-2.756333113,1.000000000,0.500000000,-0.219158173,-12.556838336,0.000000000,-0.430917025,0.500000000,0.200000003,-1.183641434,-67.817658609,0.000000000,0.000209900,0.000000000,0.100000001
2026-07-06 20:24:44.761,1783340684.761841059,680.020024864,1,1,680.007074815,1,0.004686672,5,1,0.005647397,5,1,0,1,0,0,1,1,1,0,1,0,-1.000000000,0.000000000,0.000000000,0.000000000,0,-1.000000000,0,0,0,,0,-1.000000000,,0,0,0.000000000,0.000000000,0,-1.000000000,0,,0,-1.000000000,,0,-1.000000000,0,,1,2.993194103,171.497389379,-0.007326126,-0.061050415,1,0.000000000,0.000000000,-0.002442360,-0.034187317,1,-3.000000000,-171.887338539,0.002442360,-0.047863007,1,-0.219158173,-12.556838336,0.007326126,-0.002442360,1,-1.189393044,-68.147201576,-0.036628723,-0.003663063,2.988997936,171.256966720,0.000000000,-0.000000000,8.000000000,2.500000000,0.000000000,0.000000000,0.000000000,2.708557367,2.000000000,0.500000000,-3.000000000,-171.887338539,0.000000000,-2.756333113,1.000000000,0.500000000,-0.219158173,-12.556838336,0.000000000,-0.430917025,0.500000000,0.200000003,-1.183641434,-67.817658609,0.000000000,0.000209900,0.000000000,0.100000001
2026-07-06 20:24:45.762,1783340685.761875391,681.020059266,1,1,681.007109217,1,0.004532590,5,1,0.005424700,5,1,0,1,0,0,1,1,1,0,1,0,-1.000000000,0.000000000,0.000000000,0.000000000,0,-1.000000000,0,0,0,,0,-1.000000000,,0,0,0.000000000,0.000000000,0,-1.000000000,0,,0,-1.000000000,,0,-1.000000000,0,,1,2.993194103,171.497389379,-0.007326126,-0.056165695,1,0.000000000,0.000000000,-0.002442360,-0.034187317,1,-3.000000000,-171.887338539,-0.007326126,-0.034187317,1,-0.219158173,-12.556838336,-0.007326126,-0.002442360,1,-1.189393044,-68.147201576,-0.012210846,-0.003663063,2.988997936,171.256966720,0.000000000,-0.000000000,8.000000000,2.500000000,0.000000000,0.000000000,0.000000000,2.708557367,2.000000000,0.500000000,-3.000000000,-171.887338539,0.000000000,-2.756333113,1.000000000,0.500000000,-0.219158173,-12.556838336,0.000000000,-0.430917025,0.500000000,0.200000003,-1.183641434,-67.817658609,0.000000000,0.000209900,0.000000000,0.100000001
2026-07-06 20:24:46.761,1783340686.761861086,682.020044843,1,1,682.007094794,1,0.004840993,5,1,0.005493835,5,1,0,1,0,0,1,1,1,0,1,0,-1.000000000,0.000000000,0.000000000,0.000000000,0,-1.000000000,0,0,0,,0,-1.000000000,,0,0,0.000000000,0.000000000,0,-1.000000000,0,,0,-1.000000000,,0,-1.000000000,0,,1,2.993194103,171.497389379,-0.007326126,-0.061050415,1,0.000000000,0.000000000,-0.002442360,-0.034187317,1,-3.000000000,-171.887338539,-0.002442360,-0.034187317,1,-0.219158173,-12.556838336,-0.007326126,-0.002442360,1,-1.189393044,-68.147201576,-0.012210846,-0.003663063,2.988997936,171.256966720,0.000000000,-0.000000000,8.000000000,2.500000000,0.000000000,0.000000000,0.000000000,2.708557367,2.000000000,0.500000000,-3.000000000,-171.887338539,0.000000000,-2.756333113,1.000000000,0.500000000,-0.219158173,-12.556838336,0.000000000,-0.430917025,0.500000000,0.200000003,-1.183641434,-67.817658609,0.000000000,0.000209900,0.000000000,0.100000001
2026-07-06 20:24:47.761,1783340687.761852741,683.020036550,1,1,683.007086501,1,0.004381516,5,1,0.005445181,5,1,0,1,0,0,1,1,1,0,1,0,-1.000000000,0.000000000,0.000000000,0.000000000,0,-1.000000000,0,0,0,,0,-1.000000000,,0,0,0.000000000,0.000000000,0,-1.000000000,0,,0,-1.000000000,,0,-1.000000000,0,,1,2.993194103,171.497389379,-0.007326126,-0.056165695,1,0.000000000,0.000000000,-0.002442360,-0.034187317,1,-3.000000000,-171.887338539,-0.002442360,-0.034187317,1,-0.219158173,-12.556838336,-0.007326126,-0.007326126,1,-1.189393044,-68.147201576,-0.012210846,-0.003663063,2.988997936,171.256966720,0.000000000,-0.000000000,8.000000000,2.500000000,0.000000000,0.000000000,0.000000000,2.708557367,2.000000000,0.500000000,-3.000000000,-171.887338539,0.000000000,-2.756333113,1.000000000,0.500000000,-0.219158173,-12.556838336,0.000000000,-0.430917025,0.500000000,0.200000003,-1.183641434,-67.817658609,0.000000000,0.000209900,0.000000000,0.100000001
2026-07-06 20:24:48.762,1783340688.761854887,684.020038783,1,1,684.007088734,1,0.004060195,5,1,0.005294217,5,1,0,1,0,0,1,1,1,0,1,0,-1.000000000,0.000000000,0.000000000,0.000000000,0,-1.000000000,0,0,0,,0,-1.000000000,,0,0,0.000000000,0.000000000,0,-1.000000000,0,,0,-1.000000000,,0,-1.000000000,0,,1,2.993194103,171.497389379,-0.007326126,-0.061050415,1,0.000000000,0.000000000,-0.002442360,-0.034187317,1,-3.000000000,-171.887338539,-0.002442360,-0.034187317,1,-0.219158173,-12.556838336,-0.021978378,-0.007326126,1,-1.189777374,-68.169222106,-0.036628723,-0.003663063,2.988997936,171.256966720,0.000000000,-0.000000000,8.000000000,2.500000000,0.000000000,0.000000000,0.000000000,2.708557367,2.000000000,0.500000000,-3.000000000,-171.887338539,0.000000000,-2.756333113,1.000000000,0.500000000,-0.219158173,-12.556838336,0.000000000,-0.430917025,0.500000000,0.200000003,-1.183641434,-67.817658609,0.000000000,0.000209900,0.000000000,0.100000001
2026-07-06 20:24:49.761,1783340689.761896133,685.020079974,1,1,685.007129925,1,0.004667180,5,1,0.005449437,5,1,0,1,0,0,1,1,1,0,1,0,-1.000000000,0.000000000,0.000000000,0.000000000,0,-1.000000000,0,0,0,,0,-1.000000000,,0,0,0.000000000,0.000000000,0,-1.000000000,0,,0,-1.000000000,,0,-1.000000000,0,,1,2.993575573,171.519245984,-0.007326126,-0.056165695,1,0.000000000,0.000000000,-0.002442360,-0.034187317,1,-3.000000000,-171.887338539,-0.007326126,-0.034187317,1,-0.219158173,-12.556838336,-0.007326126,-0.002442360,1,-1.189393044,-68.147201576,0.012210846,-0.003663063,2.988997936,171.256966720,0.000000000,-0.000000000,8.000000000,2.500000000,0.000000000,0.000000000,0.000000000,2.708557367,2.000000000,0.500000000,-3.000000000,-171.887338539,0.000000000,-2.756333113,1.000000000,0.500000000,-0.219158173,-12.556838336,0.000000000,-0.430917025,0.500000000,0.200000003,-1.183641434,-67.817658609,0.000000000,0.000209900,0.000000000,0.100000001
2026-07-06 20:24:50.761,1783340690.761869669,686.020053432,1,1,686.007103383,1,0.004231605,5,1,0.005571885,5,1,0,1,0,0,1,1,1,0,1,0,-1.000000000,0.000000000,0.000000000,0.000000000,0,-1.000000000,0,0,0,,0,-1.000000000,,0,0,0.000000000,0.000000000,0,-1.000000000,0,,0,-1.000000000,,0,-1.000000000,0,,1,2.993575573,171.519245984,-0.007326126,-0.056165695,1,0.000000000,0.000000000,-0.007326126,-0.034187317,1,-3.000000000,-171.887338539,0.002442360,-0.034187317,1,-0.219158173,-12.556838336,-0.007326126,-0.002442360,1,-1.189393044,-68.147201576,-0.012210846,-0.003663063,2.988997936,171.256966720,0.000000000,-0.000000000,8.000000000,2.500000000,0.000000000,0.000000000,0.000000000,2.708557367,2.000000000,0.500000000,-3.000000000,-171.887338539,0.000000000,-2.756333113,1.000000000,0.500000000,-0.219158173,-12.556838336,0.000000000,-0.430917025,0.500000000,0.200000003,-1.183641434,-67.817658609,0.000000000,0.000209900,0.000000000,0.100000001
2026-07-06 20:24:51.761,1783340691.761870623,687.020054482,1,1,687.007104433,1,0.004749806,5,1,0.005378524,5,1,0,1,0,0,1,1,1,0,1,0,-1.000000000,0.000000000,0.000000000,0.000000000,0,-1.000000000,0,0,0,,0,-1.000000000,,0,0,0.000000000,0.000000000,0,-1.000000000,0,,0,-1.000000000,,0,-1.000000000,0,,1,2.993194103,171.497389379,-0.007326126,-0.056165695,1,0.000000000,0.000000000,-0.002442360,-0.034187317,1,-3.000000000,-171.887338539,-0.002442360,-0.034187317,1,-0.219158173,-12.556838336,-0.007326126,-0.007326126,1,-1.189393044,-68.147201576,0.012210846,-0.003663063,2.988997936,171.256966720,0.000000000,-0.000000000,8.000000000,2.500000000,0.000000000,0.000000000,0.000000000,2.708557367,2.000000000,0.500000000,-3.000000000,-171.887338539,0.000000000,-2.756333113,1.000000000,0.500000000,-0.219158173,-12.556838336,0.000000000,-0.430917025,0.500000000,0.200000003,-1.183641434,-67.817658609,0.000000000,0.000209900,0.000000000,0.100000001
2026-07-06 20:24:52.761,1783340692.761873007,688.020056747,1,1,688.007106698,1,0.003989208,5,1,0.005294012,5,1,0,1,0,0,1,1,1,0,1,0,-1.000000000,0.000000000,0.000000000,0.000000000,0,-1.000000000,0,0,0,,0,-1.000000000,,0,0,0.000000000,0.000000000,0,-1.000000000,0,,0,-1.000000000,,0,-1.000000000,0,,1,2.993575573,171.519245984,-0.007326126,-0.061050415,1,0.000000000,0.000000000,-0.002442360,-0.034187317,1,-3.000000000,-171.887338539,-0.002442360,-0.034187317,1,-0.219158173,-12.556838336,-0.007326126,-0.007326126,1,-1.189393044,-68.147201576,-0.036628723,-0.003663063,2.988997936,171.256966720,0.000000000,-0.000000000,8.000000000,2.500000000,0.000000000,0.000000000,0.000000000,2.708557367,2.000000000,0.500000000,-3.000000000,-171.887338539,0.000000000,-2.756333113,1.000000000,0.500000000,-0.219158173,-12.556838336,0.000000000,-0.430917025,0.500000000,0.200000003,-1.183641434,-67.817658609,0.000000000,0.000209900,0.000000000,0.100000001
2026-07-06 20:24:53.762,1783340693.761892080,689.020075992,1,1,689.007125943,1,0.004265301,5,1,0.005569951,5,1,0,1,0,0,1,1,1,0,1,0,-1.000000000,0.000000000,0.000000000,0.000000000,0,-1.000000000,0,0,0,,0,-1.000000000,,0,0,0.000000000,0.000000000,0,-1.000000000,0,,0,-1.000000000,,0,-1.000000000,0,,1,2.993575573,171.519245984,-0.007326126,-0.061050415,1,0.000000000,0.000000000,0.002442360,-0.034187317,1,-3.000000000,-171.887338539,0.002442360,-0.034187317,1,-0.219158173,-12.556838336,0.007326126,-0.007326126,1,-1.189393044,-68.147201576,-0.036628723,-0.003663063,2.988997936,171.256966720,0.000000000,-0.000000000,8.000000000,2.500000000,0.000000000,0.000000000,0.000000000,2.708557367,2.000000000,0.500000000,-3.000000000,-171.887338539,0.000000000,-2.756333113,1.000000000,0.500000000,-0.219158173,-12.556838336,0.000000000,-0.430917025,0.500000000,0.200000003,-1.183641434,-67.817658609,0.000000000,0.000209900,0.000000000,0.100000001
2026-07-06 20:24:54.762,1783340694.761995792,690.020179607,1,1,690.007229558,1,0.004153719,5,1,0.005584227,5,1,0,1,0,0,1,1,1,0,1,0,-1.000000000,0.000000000,0.000000000,0.000000000,0,-1.000000000,0,0,0,,0,-1.000000000,,0,0,0.000000000,0.000000000,0,-1.000000000,0,,0,-1.000000000,,0,-1.000000000,0,,1,2.993575573,171.519245984,0.007326126,-0.061050415,1,0.000000000,0.000000000,-0.002442360,-0.034187317,1,-3.000000000,-171.887338539,-0.002442360,-0.034187317,1,-0.218776703,-12.534981731,-0.007326126,-0.002442360,1,-1.189777374,-68.169222106,-0.012210846,-0.003663063,2.988997936,171.256966720,0.000000000,-0.000000000,8.000000000,2.500000000,0.000000000,0.000000000,0.000000000,2.708557367,2.000000000,0.500000000,-3.000000000,-171.887338539,0.000000000,-2.756333113,1.000000000,0.500000000,-0.219158173,-12.556838336,0.000000000,-0.430917025,0.500000000,0.200000003,-1.183641434,-67.817658609,0.000000000,0.000209900,0.000000000,0.100000001
2026-07-06 20:24:55.762,1783340695.761924028,691.020107931,1,1,691.007157882,1,0.004400017,5,1,0.005361254,5,1,0,1,0,0,1,1,1,0,1,0,-1.000000000,0.000000000,0.000000000,0.000000000,0,-1.000000000,0,0,0,,0,-1.000000000,,0,0,0.000000000,0.000000000,0,-1.000000000,0,,0,-1.000000000,,0,-1.000000000,0,,1,2.993575573,171.519245984,-0.007326126,-0.061050415,1,0.000000000,0.000000000,0.002442360,-0.034187317,1,-3.000000000,-171.887338539,-0.007326126,-0.034187317,1,-0.219158173,-12.556838336,-0.007326126,-0.002442360,1,-1.189777374,-68.169222106,-0.012210846,-0.003663063,2.988997936,171.256966720,0.000000000,-0.000000000,8.000000000,2.500000000,0.000000000,0.000000000,0.000000000,2.708557367,2.000000000,0.500000000,-3.000000000,-171.887338539,0.000000000,-2.756333113,1.000000000,0.500000000,-0.219158173,-12.556838336,0.000000000,-0.430917025,0.500000000,0.200000003,-1.183641434,-67.817658609,0.000000000,0.000209900,0.000000000,0.100000001
2026-07-06 20:24:56.762,1783340696.761915445,692.020099166,1,1,692.007149117,1,0.004215173,5,1,0.005380833,5,1,0,1,0,0,1,1,1,0,1,0,-1.000000000,0.000000000,0.000000000,0.000000000,0,-1.000000000,0,0,0,,0,-1.000000000,,0,0,0.000000000,0.000000000,0,-1.000000000,0,,0,-1.000000000,,0,-1.000000000,0,,1,2.993575573,171.519245984,-0.007326126,-0.061050415,1,0.000000000,0.000000000,-0.002442360,-0.047863007,1,-3.000000000,-171.887338539,0.002442360,-0.034187317,1,-0.219158173,-12.556838336,-0.021978378,-0.007326126,1,-1.189777374,-68.169222106,-0.036628723,-0.003663063,2.988997936,171.256966720,0.000000000,-0.000000000,8.000000000,2.500000000,0.000000000,0.000000000,0.000000000,2.708557367,2.000000000,0.500000000,-3.000000000,-171.887338539,0.000000000,-2.756333113,1.000000000,0.500000000,-0.219158173,-12.556838336,0.000000000,-0.430917025,0.500000000,0.200000003,-1.183641434,-67.817658609,0.000000000,0.000209900,0.000000000,0.100000001
2026-07-06 20:24:57.762,1783340697.761943102,693.020126805,1,1,693.007176756,1,0.004519934,5,1,0.005409042,5,1,0,1,0,0,1,1,1,0,1,0,-1.000000000,0.000000000,0.000000000,0.000000000,0,-1.000000000,0,0,0,,0,-1.000000000,,0,0,0.000000000,0.000000000,0,-1.000000000,0,,0,-1.000000000,,0,-1.000000000,0,,1,2.993575573,171.519245984,-0.007326126,-0.061050415,1,0.000000000,0.000000000,0.002442360,-0.034187317,1,-3.000000000,-171.887338539,-0.002442360,-0.034187317,1,-0.219158173,-12.556838336,-0.021978378,-0.007326126,1,-1.189393044,-68.147201576,0.012210846,-0.003663063,2.988997936,171.256966720,0.000000000,-0.000000000,8.000000000,2.500000000,0.000000000,0.000000000,0.000000000,2.708557367,2.000000000,0.500000000,-3.000000000,-171.887338539,0.000000000,-2.756333113,1.000000000,0.500000000,-0.219158173,-12.556838336,0.000000000,-0.430917025,0.500000000,0.200000003,-1.183641434,-67.817658609,0.000000000,0.000209900,0.000000000,0.100000001
2026-07-06 20:24:58.762,1783340698.761949539,694.020133161,1,1,694.007183112,1,0.004428081,5,1,0.005393780,5,1,0,1,0,0,1,1,1,0,1,0,-1.000000000,0.000000000,0.000000000,0.000000000,0,-1.000000000,0,0,0,,0,-1.000000000,,0,0,0.000000000,0.000000000,0,-1.000000000,0,,0,-1.000000000,,0,-1.000000000,0,,1,2.993194103,171.497389379,-0.007326126,-0.056165695,1,0.000000000,0.000000000,0.002442360,-0.034187317,1,-3.000000000,-171.887338539,-0.002442360,-0.034187317,1,-0.219158173,-12.556838336,-0.007326126,-0.007326126,1,-1.189393044,-68.147201576,0.012210846,-0.003663063,2.988997936,171.256966720,0.000000000,-0.000000000,8.000000000,2.500000000,0.000000000,0.000000000,0.000000000,2.708557367,2.000000000,0.500000000,-3.000000000,-171.887338539,0.000000000,-2.756333113,1.000000000,0.500000000,-0.219158173,-12.556838336,0.000000000,-0.430917025,0.500000000,0.200000003,-1.183641434,-67.817658609,0.000000000,0.000209900,0.000000000,0.100000001
2026-07-06 20:24:59.762,1783340699.761916399,695.020100201,1,1,695.007150152,1,0.004389187,5,1,0.005387384,5,1,0,1,0,0,1,1,1,0,1,0,-1.000000000,0.000000000,0.000000000,0.000000000,0,-1.000000000,0,0,0,,0,-1.000000000,,0,0,0.000000000,0.000000000,0,-1.000000000,0,,0,-1.000000000,,0,-1.000000000,0,,1,2.993194103,171.497389379,-0.021978378,-0.061050415,1,0.000000000,0.000000000,-0.002442360,-0.047863007,1,-3.000000000,-171.887338539,-0.002442360,-0.034187317,1,-0.219158173,-12.556838336,0.007326126,-0.007326126,1,-1.189777374,-68.169222106,-0.012210846,-0.003663063,2.988997936,171.256966720,0.000000000,-0.000000000,8.000000000,2.500000000,0.000000000,0.000000000,0.000000000,2.708557367,2.000000000,0.500000000,-3.000000000,-171.887338539,0.000000000,-2.756333113,1.000000000,0.500000000,-0.219158173,-12.556838336,0.000000000,-0.430917025,0.500000000,0.200000003,-1.183641434,-67.817658609,0.000000000,0.000209900,0.000000000,0.100000001
2026-07-06 20:25:00.762,1783340700.762075186,696.020259026,1,1,696.007308977,1,0.004692087,5,1,0.005445207,5,1,0,1,0,0,1,1,1,0,1,0,-1.000000000,0.000000000,0.000000000,0.000000000,0,-1.000000000,0,0,0,,0,-1.000000000,,0,0,0.000000000,0.000000000,0,-1.000000000,0,,0,-1.000000000,,0,-1.000000000,0,,1,2.993575573,171.519245984,-0.007326126,-0.061050415,1,0.000000000,0.000000000,-0.002442360,-0.034187317,1,-3.000000000,-171.887338539,-0.002442360,-0.034187317,1,-0.219158173,-12.556838336,-0.021978378,-0.007326126,1,-1.189777374,-68.169222106,-0.012210846,-0.003663063,2.988997936,171.256966720,0.000000000,-0.000000000,8.000000000,2.500000000,0.000000000,0.000000000,0.000000000,2.708557367,2.000000000,0.500000000,-3.000000000,-171.887338539,0.000000000,-2.756333113,1.000000000,0.500000000,-0.219158173,-12.556838336,0.000000000,-0.430917025,0.500000000,0.200000003,-1.183641434,-67.817658609,0.000000000,0.000209900,0.000000000,0.100000001
2026-07-06 20:25:01.762,1783340701.761967659,697.020151514,1,1,697.007201465,1,0.004314731,5,1,0.005397429,5,1,0,1,0,0,1,1,1,0,1,0,-1.000000000,0.000000000,0.000000000,0.000000000,0,-1.000000000,0,0,0,,0,-1.000000000,,0,0,0.000000000,0.000000000,0,-1.000000000,0,,0,-1.000000000,,0,-1.000000000,0,,0,2.993194103,171.497389379,-0.021978378,-0.061050415,0,0.000000000,0.000000000,-0.002442360,-0.034187317,0,-3.000000000,-171.887338539,-0.002442360,-0.034187317,0,-0.219158173,-12.556838336,-0.007326126,-0.007326126,0,-1.189393044,-68.147201576,0.012210846,-0.003663063,2.988997936,171.256966720,0.000000000,-0.000000000,8.000000000,2.500000000,0.000000000,0.000000000,0.000000000,2.708557367,2.000000000,0.500000000,-3.000000000,-171.887338539,0.000000000,-2.756333113,1.000000000,0.500000000,-0.219158173,-12.556838336,0.000000000,-0.430917025,0.500000000,0.200000003,-1.183641434,-67.817658609,0.000000000,0.000209900,0.000000000,0.100000001
2026-07-06 20:25:02.762,1783340702.761966228,698.020150097,1,1,698.007200048,1,0.004475132,5,1,0.005414590,5,1,0,1,0,0,1,1,1,0,1,0,-1.000000000,0.000000000,0.000000000,0.000000000,0,-1.000000000,0,0,0,,0,-1.000000000,,0,0,0.000000000,0.000000000,0,-1.000000000,0,,0,-1.000000000,,0,-1.000000000,0,,1,2.993575573,171.519245984,-0.007326126,-0.056165695,1,0.000000000,0.000000000,-0.002442360,-0.034187317,1,-3.000000000,-171.887338539,-0.002442360,-0.034187317,1,-0.219158173,-12.556838336,-0.007326126,-0.002442360,1,-1.189393044,-68.147201576,0.012210846,-0.003663063,2.988997936,171.256966720,0.000000000,-0.000000000,8.000000000,2.500000000,0.000000000,0.000000000,0.000000000,2.708557367,2.000000000,0.500000000,-3.000000000,-171.887338539,0.000000000,-2.756333113,1.000000000,0.500000000,-0.219158173,-12.556838336,0.000000000,-0.430917025,0.500000000,0.200000003,-1.183641434,-67.817658609,0.000000000,0.000209900,0.000000000,0.100000001
2026-07-06 20:25:03.762,1783340703.761963844,699.020147621,1,1,699.007197572,1,0.004380763,5,1,0.005727599,5,1,0,1,0,0,1,1,1,0,1,0,-1.000000000,0.000000000,0.000000000,0.000000000,0,-1.000000000,0,0,0,,0,-1.000000000,,0,0,0.000000000,0.000000000,0,-1.000000000,0,,0,-1.000000000,,0,-1.000000000,0,,1,2.993575573,171.519245984,0.007326126,-0.061050415,1,0.000000000,0.000000000,-0.002442360,-0.034187317,1,-3.000000000,-171.887338539,-0.002442360,-0.034187317,1,-0.219158173,-12.556838336,-0.021978378,-0.007326126,1,-1.189393044,-68.147201576,-0.012210846,-0.006104946,2.988997936,171.256966720,0.000000000,-0.000000000,8.000000000,2.500000000,0.000000000,0.000000000,0.000000000,2.708557367,2.000000000,0.500000000,-3.000000000,-171.887338539,0.000000000,-2.756333113,1.000000000,0.500000000,-0.219158173,-12.556838336,0.000000000,-0.430917025,0.500000000,0.200000003,-1.183641434,-67.817658609,0.000000000,0.000209900,0.000000000,0.100000001
2026-07-06 20:25:04.762,1783340704.761999369,700.020183042,1,1,700.007232993,1,0.004708178,5,1,0.005382082,5,1,0,1,0,0,1,1,1,0,1,0,-1.000000000,0.000000000,0.000000000,0.000000000,0,-1.000000000,0,0,0,,0,-1.000000000,,0,0,0.000000000,0.000000000,0,-1.000000000,0,,0,-1.000000000,,0,-1.000000000,0,,1,2.994339466,171.563013837,0.036630630,-0.168498039,1,0.000000000,0.000000000,-0.002442360,-0.034187317,1,-3.000000000,-171.887338539,-0.007326126,-0.034187317,1,-0.219158173,-12.556838336,-0.021978378,-0.007326126,1,-1.189393044,-68.147201576,-0.012210846,-0.003663063,2.988997936,171.256966720,0.000000000,-0.000000000,8.000000000,2.500000000,0.000000000,0.000000000,0.000000000,2.708557367,2.000000000,0.500000000,-3.000000000,-171.887338539,0.000000000,-2.756333113,1.000000000,0.500000000,-0.219158173,-12.556838336,0.000000000,-0.430917025,0.500000000,0.200000003,-1.183641434,-67.817658609,0.000000000,0.000209900,0.000000000,0.100000001
2026-07-06 20:25:05.762,1783340705.761978626,701.020162405,1,1,701.007212356,1,0.004098831,5,1,0.005464819,5,1,0,1,0,0,1,1,1,0,1,0,-1.000000000,0.000000000,0.000000000,0.000000000,0,-1.000000000,0,0,0,,0,-1.000000000,,0,0,0.000000000,0.000000000,0,-1.000000000,0,,0,-1.000000000,,0,-1.000000000,0,,1,2.994720936,171.584870442,0.007326126,-0.070817947,1,0.000000000,0.000000000,0.002442360,-0.034187317,1,-3.000000000,-171.887338539,-0.002442360,-0.034187317,1,-0.219158173,-12.556838336,-0.007326126,-0.002442360,1,-1.189393044,-68.147201576,0.012210846,-0.003663063,2.988997936,171.256966720,0.000000000,-0.000000000,8.000000000,2.500000000,0.000000000,0.000000000,0.000000000,2.708557367,2.000000000,0.500000000,-3.000000000,-171.887338539,0.000000000,-2.756333113,1.000000000,0.500000000,-0.219158173,-12.556838336,0.000000000,-0.430917025,0.500000000,0.200000003,-1.183641434,-67.817658609,0.000000000,0.000209900,0.000000000,0.100000001
2026-07-06 20:25:06.762,1783340706.761986971,702.020170922,1,1,702.007220873,1,0.004346941,5,1,0.005321269,5,1,0,1,0,0,1,1,1,0,1,0,-1.000000000,0.000000000,0.000000000,0.000000000,0,-1.000000000,0,0,0,,0,-1.000000000,,0,0,0.000000000,0.000000000,0,-1.000000000,0,,0,-1.000000000,,0,-1.000000000,0,,1,2.994720936,171.584870442,-0.007326126,-0.070817947,1,0.000000000,0.000000000,-0.007326126,-0.047863007,1,-3.000000000,-171.887338539,-0.002442360,-0.034187317,1,-0.219158173,-12.556838336,0.007326126,-0.007326126,1,-1.189393044,-68.147201576,-0.012210846,-0.003663063,2.988997936,171.256966720,0.000000000,-0.000000000,8.000000000,2.500000000,0.000000000,0.000000000,0.000000000,2.708557367,2.000000000,0.500000000,-3.000000000,-171.887338539,0.000000000,-2.756333113,1.000000000,0.500000000,-0.219158173,-12.556838336,0.000000000,-0.430917025,0.500000000,0.200000003,-1.183641434,-67.817658609,0.000000000,0.000209900,0.000000000,0.100000001
2026-07-06 20:25:07.762,1783340707.762028456,703.020212453,1,1,703.007262404,1,0.004182348,5,1,0.005416171,5,1,0,1,0,0,1,1,1,0,1,0,-1.000000000,0.000000000,0.000000000,0.000000000,0,-1.000000000,0,0,0,,0,-1.000000000,,0,0,0.000000000,0.000000000,0,-1.000000000,0,,0,-1.000000000,,0,-1.000000000,0,,1,2.994720936,171.584870442,0.007326126,-0.070817947,1,0.000000000,0.000000000,-0.002442360,-0.020513535,1,-3.000000000,-171.887338539,-0.002442360,-0.034187317,1,-0.219158173,-12.556838336,0.007326126,-0.002442360,1,-1.189777374,-68.169222106,-0.036628723,-0.003663063,2.988997936,171.256966720,0.000000000,-0.000000000,8.000000000,2.500000000,0.000000000,0.000000000,0.000000000,2.708557367,2.000000000,0.500000000,-3.000000000,-171.887338539,0.000000000,-2.756333113,1.000000000,0.500000000,-0.219158173,-12.556838336,0.000000000,-0.430917025,0.500000000,0.200000003,-1.183641434,-67.817658609,0.000000000,0.000209900,0.000000000,0.100000001
2026-07-06 20:25:08.762,1783340708.761995077,704.020178812,1,1,704.007228763,1,0.004751754,5,1,0.005461505,5,1,0,1,0,0,1,1,1,0,1,0,-1.000000000,0.000000000,0.000000000,0.000000000,0,-1.000000000,0,0,0,,0,-1.000000000,,0,0,0.000000000,0.000000000,0,-1.000000000,0,,0,-1.000000000,,0,-1.000000000,0,,1,2.994720936,171.584870442,-0.007326126,-0.070817947,1,0.000000000,0.000000000,-0.002442360,-0.034187317,1,-3.000000000,-171.887338539,-0.002442360,-0.034187317,1,-0.219158173,-12.556838336,-0.021978378,-0.007326126,1,-1.189393044,-68.147201576,-0.036628723,-0.003663063,2.988997936,171.256966720,0.000000000,-0.000000000,8.000000000,2.500000000,0.000000000,0.000000000,0.000000000,2.708557367,2.000000000,0.500000000,-3.000000000,-171.887338539,0.000000000,-2.756333113,1.000000000,0.500000000,-0.219158173,-12.556838336,0.000000000,-0.430917025,0.500000000,0.200000003,-1.183641434,-67.817658609,0.000000000,0.000209900,0.000000000,0.100000001
2026-07-06 20:25:09.762,1783340709.762034178,705.020218035,1,1,705.007267986,1,0.004300910,5,1,0.005297484,5,1,0,1,0,0,1,1,1,0,1,0,-1.000000000,0.000000000,0.000000000,0.000000000,0,-1.000000000,0,0,0,,0,-1.000000000,,0,0,0.000000000,0.000000000,0,-1.000000000,0,,0,-1.000000000,,0,-1.000000000,0,,1,2.995102406,171.606727047,-0.007326126,-0.080586433,1,0.000000000,0.000000000,-0.002442360,-0.034187317,1,-3.000000000,-171.887338539,-0.002442360,-0.034187317,1,-0.219158173,-12.556838336,0.007326126,-0.002442360,1,-1.189777374,-68.169222106,-0.036628723,-0.003663063,2.988997936,171.256966720,0.000000000,-0.000000000,8.000000000,2.500000000,0.000000000,0.000000000,0.000000000,2.708557367,2.000000000,0.500000000,-3.000000000,-171.887338539,0.000000000,-2.756333113,1.000000000,0.500000000,-0.219158173,-12.556838336,0.000000000,-0.430917025,0.500000000,0.200000003,-1.183641434,-67.817658609,0.000000000,0.000209900,0.000000000,0.100000001
2026-07-06 20:25:10.762,1783340710.762090445,706.020274365,1,1,706.007324316,1,0.004681590,5,1,0.005669834,5,1,0,1,0,0,1,1,1,0,1,0,-1.000000000,0.000000000,0.000000000,0.000000000,0,-1.000000000,0,0,0,,0,-1.000000000,,0,0,0.000000000,0.000000000,0,-1.000000000,0,,0,-1.000000000,,0,-1.000000000,0,,1,2.995483875,171.628583653,-0.007326126,-0.075701714,1,0.000000000,0.000000000,-0.002442360,-0.020513535,1,-3.000000000,-171.887338539,-0.002442360,-0.034187317,1,-0.219158173,-12.556838336,-0.007326126,-0.002442360,1,-1.189777374,-68.169222106,-0.036628723,-0.003663063,2.988997936,171.256966720,0.000000000,-0.000000000,8.000000000,2.500000000,0.000000000,0.000000000,0.000000000,2.708557367,2.000000000,0.500000000,-3.000000000,-171.887338539,0.000000000,-2.756333113,1.000000000,0.500000000,-0.219158173,-12.556838336,0.000000000,-0.430917025,0.500000000,0.200000003,-1.183641434,-67.817658609,0.000000000,0.000209900,0.000000000,0.100000001
2026-07-06 20:25:11.762,1783340711.762030363,707.020214243,1,1,707.007264194,1,0.004357861,5,1,0.005420750,5,1,0,1,0,0,1,1,1,0,1,0,-1.000000000,0.000000000,0.000000000,0.000000000,0,-1.000000000,0,0,0,,0,-1.000000000,,0,0,0.000000000,0.000000000,0,-1.000000000,0,,0,-1.000000000,,0,-1.000000000,0,,1,2.995865345,171.650440258,-0.007326126,-0.085470200,1,0.000000000,0.000000000,-0.002442360,-0.034187317,1,-3.000000000,-171.887338539,-0.002442360,-0.034187317,1,-0.219158173,-12.556838336,-0.007326126,-0.002442360,1,-1.189393044,-68.147201576,-0.012210846,-0.003663063,2.988997936,171.256966720,0.000000000,-0.000000000,8.000000000,2.500000000,0.000000000,0.000000000,0.000000000,2.708557367,2.000000000,0.500000000,-3.000000000,-171.887338539,0.000000000,-2.756333113,1.000000000,0.500000000,-0.219158173,-12.556838336,0.000000000,-0.430917025,0.500000000,0.200000003,-1.183641434,-67.817658609,0.000000000,0.000209900,0.000000000,0.100000001
2026-07-06 20:25:12.762,1783340712.762074709,708.020258394,1,1,708.007308345,1,0.004809241,5,1,0.005694486,5,1,0,1,0,0,1,1,1,0,1,0,-1.000000000,0.000000000,0.000000000,0.000000000,0,-1.000000000,0,0,0,,0,-1.000000000,,0,0,0.000000000,0.000000000,0,-1.000000000,0,,0,-1.000000000,,0,-1.000000000,0,,1,2.995865345,171.650440258,-0.007326126,-0.075701714,1,0.000000000,0.000000000,-0.002442360,-0.047863007,1,-3.000000000,-171.887338539,-0.002442360,-0.020513535,1,-0.219158173,-12.556838336,-0.007326126,-0.002442360,1,-1.189393044,-68.147201576,0.012210846,-0.003663063,2.988997936,171.256966720,0.000000000,-0.000000000,8.000000000,2.500000000,0.000000000,0.000000000,0.000000000,2.708557367,2.000000000,0.500000000,-3.000000000,-171.887338539,0.000000000,-2.756333113,1.000000000,0.500000000,-0.219158173,-12.556838336,0.000000000,-0.430917025,0.500000000,0.200000003,-1.183641434,-67.817658609,0.000000000,0.000209900,0.000000000,0.100000001
2026-07-06 20:25:13.762,1783340713.762017012,709.020200794,1,1,709.007250745,1,0.004000396,5,1,0.005399095,5,1,0,1,0,0,1,1,1,0,1,0,-1.000000000,0.000000000,0.000000000,0.000000000,0,-1.000000000,0,0,0,,0,-1.000000000,,0,0,0.000000000,0.000000000,0,-1.000000000,0,,0,-1.000000000,,0,-1.000000000,0,,1,2.995865345,171.650440258,-0.007326126,-0.080586433,1,0.000000000,0.000000000,-0.002442360,-0.034187317,1,-3.000000000,-171.887338539,-0.002442360,-0.020513535,1,-0.219158173,-12.556838336,-0.007326126,-0.002442360,1,-1.189393044,-68.147201576,0.036628723,-0.003663063,2.988997936,171.256966720,0.000000000,-0.000000000,8.000000000,2.500000000,0.000000000,0.000000000,0.000000000,2.708557367,2.000000000,0.500000000,-3.000000000,-171.887338539,0.000000000,-2.756333113,1.000000000,0.500000000,-0.219158173,-12.556838336,0.000000000,-0.430917025,0.500000000,0.200000003,-1.183641434,-67.817658609,0.000000000,0.000209900,0.000000000,0.100000001
2026-07-06 20:25:14.762,1783340714.762101173,710.020285159,1,1,710.007335110,1,0.004508075,5,1,0.005327053,5,1,0,1,0,0,1,1,1,0,1,0,-1.000000000,0.000000000,0.000000000,0.000000000,0,-1.000000000,0,0,0,,0,-1.000000000,,0,0,0.000000000,0.000000000,0,-1.000000000,0,,0,-1.000000000,,0,-1.000000000,0,,1,2.996246815,171.672296863,-0.007326126,-0.080586433,1,0.000000000,0.000000000,-0.002442360,-0.034187317,1,-3.000000000,-171.887338539,-0.007326126,-0.034187317,1,-0.219158173,-12.556838336,-0.007326126,-0.002442360,1,-1.189777374,-68.169222106,-0.012210846,-0.003663063,2.988997936,171.256966720,0.000000000,-0.000000000,8.000000000,2.500000000,0.000000000,0.000000000,0.000000000,2.708557367,2.000000000,0.500000000,-3.000000000,-171.887338539,0.000000000,-2.756333113,1.000000000,0.500000000,-0.219158173,-12.556838336,0.000000000,-0.430917025,0.500000000,0.200000003,-1.183641434,-67.817658609,0.000000000,0.000209900,0.000000000,0.100000001
2026-07-06 20:25:15.762,1783340715.762150288,711.020334163,1,1,711.007384114,1,0.004589870,5,1,0.005555915,5,1,0,1,0,0,1,1,1,0,1,0,-1.000000000,0.000000000,0.000000000,0.000000000,0,-1.000000000,0,0,0,,0,-1.000000000,,0,0,0.000000000,0.000000000,0,-1.000000000,0,,0,-1.000000000,,0,-1.000000000,0,,1,2.995865345,171.650440258,-0.007326126,-0.075701714,1,0.000000000,0.000000000,-0.002442360,-0.034187317,1,-3.000000000,-171.887338539,-0.002442360,-0.034187317,1,-0.219158173,-12.556838336,0.007326126,-0.002442360,1,-1.189777374,-68.169222106,-0.036628723,-0.003663063,2.988997936,171.256966720,0.000000000,-0.000000000,8.000000000,2.500000000,0.000000000,0.000000000,0.000000000,2.708557367,2.000000000,0.500000000,-3.000000000,-171.887338539,0.000000000,-2.756333113,1.000000000,0.500000000,-0.219158173,-12.556838336,0.000000000,-0.430917025,0.500000000,0.200000003,-1.183641434,-67.817658609,0.000000000,0.000209900,0.000000000,0.100000001
2026-07-06 20:25:16.762,1783340716.762045622,712.020229399,1,1,712.007279350,1,0.004640808,5,1,0.005779252,5,1,0,1,0,0,1,1,1,0,1,0,-1.000000000,0.000000000,0.000000000,0.000000000,0,-1.000000000,0,0,0,,0,-1.000000000,,0,0,0.000000000,0.000000000,0,-1.000000000,0,,0,-1.000000000,,0,-1.000000000,0,,1,2.995865345,171.650440258,-0.007326126,-0.080586433,1,0.000000000,0.000000000,-0.002442360,-0.034187317,1,-3.000000000,-171.887338539,-0.002442360,-0.034187317,1,-0.219158173,-12.556838336,-0.007326126,-0.002442360,1,-1.189777374,-68.169222106,-0.036628723,-0.003663063,2.988997936,171.256966720,0.000000000,-0.000000000,8.000000000,2.500000000,0.000000000,0.000000000,0.000000000,2.708557367,2.000000000,0.500000000,-3.000000000,-171.887338539,0.000000000,-2.756333113,1.000000000,0.500000000,-0.219158173,-12.556838336,0.000000000,-0.430917025,0.500000000,0.200000003,-1.183641434,-67.817658609,0.000000000,0.000209900,0.000000000,0.100000001
2026-07-06 20:25:17.762,1783340717.762098551,713.020282335,1,1,713.007332286,1,0.004337459,5,1,0.005809197,5,1,0,1,0,0,1,1,1,0,1,0,-1.000000000,0.000000000,0.000000000,0.000000000,0,-1.000000000,0,0,0,,0,-1.000000000,,0,0,0.000000000,0.000000000,0,-1.000000000,0,,0,-1.000000000,,0,-1.000000000,0,,0,2.995865345,171.650440258,-0.007326126,-0.080586433,1,0.000000000,0.000000000,-0.002442360,-0.034187317,1,-3.000000000,-171.887338539,-0.002442360,-0.034187317,1,-0.218776703,-12.534981731,0.007326126,-0.007326126,1,-1.189777374,-68.169222106,-0.036628723,-0.003663063,2.988997936,171.256966720,0.000000000,-0.000000000,8.000000000,2.500000000,0.000000000,0.000000000,0.000000000,2.708557367,2.000000000,0.500000000,-3.000000000,-171.887338539,0.000000000,-2.756333113,1.000000000,0.500000000,-0.219158173,-12.556838336,0.000000000,-0.430917025,0.500000000,0.200000003,-1.183641434,-67.817658609,0.000000000,0.000209900,0.000000000,0.100000001
2026-07-06 20:25:18.762,1783340718.762121916,714.020305826,1,1,714.007355777,1,0.004490703,5,1,0.005534796,5,1,0,1,0,0,1,1,1,0,1,0,-1.000000000,0.000000000,0.000000000,0.000000000,0,-1.000000000,0,0,0,,0,-1.000000000,,0,0,0.000000000,0.000000000,0,-1.000000000,0,,0,-1.000000000,,0,-1.000000000,0,,1,2.980224133,170.754264797,-0.139194489,0.422466278,1,0.000000000,0.000000000,-0.002442360,-0.034187317,1,-3.000000000,-171.887338539,-0.007326126,-0.047863007,1,-0.218776703,-12.534981731,-0.007326126,-0.007326126,1,-1.190160751,-68.191187994,-0.012210846,-0.003663063,2.988997936,171.256966720,0.000000000,-0.000000000,8.000000000,2.500000000,0.000000000,0.000000000,0.000000000,2.708557367,2.000000000,0.500000000,-3.000000000,-171.887338539,0.000000000,-2.756333113,1.000000000,0.500000000,-0.219158173,-12.556838336,0.000000000,-0.430917025,0.500000000,0.200000003,-1.183641434,-67.817658609,0.000000000,0.000209900,0.000000000,0.100000001
2026-07-06 20:25:19.762,1783340719.762150288,715.020334211,1,1,715.007384162,1,0.004409556,5,1,0.005411858,5,1,0,1,0,0,1,1,1,0,1,0,-1.000000000,0.000000000,0.000000000,0.000000000,0,-1.000000000,0,0,0,,0,-1.000000000,,0,0,0.000000000,0.000000000,0,-1.000000000,0,,0,-1.000000000,,0,-1.000000000,0,,1,2.970687389,170.207849664,-0.007326126,0.119658470,1,0.000000000,0.000000000,-0.002442360,-0.034187317,1,-3.000000000,-171.887338539,-0.002442360,-0.034187317,1,-0.218776703,-12.534981731,-0.007326126,-0.007326126,1,-1.189777374,-68.169222106,-0.036628723,-0.003663063,2.988997936,171.256966720,0.000000000,-0.000000000,8.000000000,2.500000000,0.000000000,0.000000000,0.000000000,2.708557367,2.000000000,0.500000000,-3.000000000,-171.887338539,0.000000000,-2.756333113,1.000000000,0.500000000,-0.219158173,-12.556838336,0.000000000,-0.430917025,0.500000000,0.200000003,-1.183641434,-67.817658609,0.000000000,0.000209900,0.000000000,0.100000001
2026-07-06 20:25:20.762,1783340720.762128830,716.020312570,1,1,716.007362521,1,0.004292497,5,1,0.005441070,5,1,0,1,0,0,1,1,1,0,1,0,-1.000000000,0.000000000,0.000000000,0.000000000,0,-1.000000000,0,0,0,,0,-1.000000000,,0,0,0.000000000,0.000000000,0,-1.000000000,0,,0,-1.000000000,,0,-1.000000000,0,,1,2.970687389,170.207849664,0.007326126,0.124542236,1,0.000000000,0.000000000,-0.002442360,-0.034187317,1,-3.000000000,-171.887338539,0.002442360,-0.034187317,1,-0.219158173,-12.556838336,-0.007326126,-0.007326126,1,-1.189777374,-68.169222106,-0.012210846,-0.003663063,2.988997936,171.256966720,0.000000000,-0.000000000,8.000000000,2.500000000,0.000000000,0.000000000,0.000000000,2.708557367,2.000000000,0.500000000,-3.000000000,-171.887338539,0.000000000,-2.756333113,1.000000000,0.500000000,-0.219158173,-12.556838336,0.000000000,-0.430917025,0.500000000,0.200000003,-1.183641434,-67.817658609,0.000000000,0.000209900,0.000000000,0.100000001
2026-07-06 20:25:21.762,1783340721.762182236,717.020366037,1,1,717.007415988,1,0.004556496,5,1,0.005565298,5,1,0,1,0,0,1,1,1,0,1,0,-1.000000000,0.000000000,0.000000000,0.000000000,0,-1.000000000,0,0,0,,0,-1.000000000,,0,0,0.000000000,0.000000000,0,-1.000000000,0,,0,-1.000000000,,0,-1.000000000,0,,1,2.970305920,170.185993059,-0.007326126,0.119658470,1,0.000000000,0.000000000,-0.002442360,-0.034187317,1,-3.000000000,-171.887338539,-0.002442360,-0.034187317,1,-0.218776703,-12.534981731,0.007326126,-0.002442360,1,-1.189777374,-68.169222106,-0.061050415,-0.003663063,2.988997936,171.256966720,0.000000000,-0.000000000,8.000000000,2.500000000,0.000000000,0.000000000,0.000000000,2.708557367,2.000000000,0.500000000,-3.000000000,-171.887338539,0.000000000,-2.756333113,1.000000000,0.500000000,-0.219158173,-12.556838336,0.000000000,-0.430917025,0.500000000,0.200000003,-1.183641434,-67.817658609,0.000000000,0.000209900,0.000000000,0.100000001
2026-07-06 20:25:22.762,1783340722.762242079,718.020425952,1,1,718.007475903,1,0.004850315,5,1,0.005680479,5,1,0,1,0,0,1,1,1,0,1,0,-1.000000000,0.000000000,0.000000000,0.000000000,0,-1.000000000,0,0,0,,0,-1.000000000,,0,0,0.000000000,0.000000000,0,-1.000000000,0,,0,-1.000000000,,0,-1.000000000,0,,1,2.982131481,170.863547824,0.051282883,-0.158730507,1,0.000000000,0.000000000,-0.002442360,-0.034187317,1,-3.000000000,-171.887338539,-0.002442360,-0.034187317,1,-0.218776703,-12.534981731,-0.007326126,-0.007326126,1,-1.189777374,-68.169222106,-0.036628723,-0.003663063,2.988997936,171.256966720,0.000000000,-0.000000000,8.000000000,2.500000000,0.000000000,0.000000000,0.000000000,2.708557367,2.000000000,0.500000000,-3.000000000,-171.887338539,0.000000000,-2.756333113,1.000000000,0.500000000,-0.219158173,-12.556838336,0.000000000,-0.430917025,0.500000000,0.200000003,-1.183641434,-67.817658609,0.000000000,0.000209900,0.000000000,0.100000001
2026-07-06 20:25:23.762,1783340723.762162685,719.020346433,1,1,719.007396384,1,0.004527455,5,1,0.005412135,5,1,0,1,0,0,1,1,1,0,1,0,-1.000000000,0.000000000,0.000000000,0.000000000,0,-1.000000000,0,0,0,,0,-1.000000000,,0,0,0.000000000,0.000000000,0,-1.000000000,0,,0,-1.000000000,,0,-1.000000000,0,,1,3.014938831,172.743270525,-0.036630630,-0.222222328,1,0.000000000,0.000000000,-0.002442360,-0.034187317,1,-3.000000000,-171.887338539,-0.002442360,-0.034187317,1,-0.219158173,-12.556838336,-0.021978378,-0.002442360,1,-1.189777374,-68.169222106,0.012210846,-0.003663063,2.988997936,171.256966720,0.000000000,-0.000000000,8.000000000,2.500000000,0.000000000,0.000000000,0.000000000,2.708557367,2.000000000,0.500000000,-3.000000000,-171.887338539,0.000000000,-2.756333113,1.000000000,0.500000000,-0.219158173,-12.556838336,0.000000000,-0.430917025,0.500000000,0.200000003,-1.183641434,-67.817658609,0.000000000,0.000209900,0.000000000,0.100000001
2026-07-06 20:25:24.762,1783340724.762246609,720.020430356,1,1,720.007480307,1,0.004544166,5,1,0.005703136,5,1,0,1,0,0,1,1,1,0,1,0,-1.000000000,0.000000000,0.000000000,0.000000000,0,-1.000000000,0,0,0,,0,-1.000000000,,0,0,0.000000000,0.000000000,0,-1.000000000,0,,0,-1.000000000,,0,-1.000000000,0,,1,3.018372059,172.939979973,-0.007326126,-0.261294365,1,0.000000000,0.000000000,-0.002442360,-0.034187317,1,-3.000000000,-171.887338539,-0.002442360,-0.034187317,1,-0.219158173,-12.556838336,-0.007326126,-0.002442360,1,-1.189777374,-68.169222106,-0.012210846,-0.003663063,2.988997936,171.256966720,0.000000000,-0.000000000,8.000000000,2.500000000,0.000000000,0.000000000,0.000000000,2.708557367,2.000000000,0.500000000,-3.000000000,-171.887338539,0.000000000,-2.756333113,1.000000000,0.500000000,-0.219158173,-12.556838336,0.000000000,-0.430917025,0.500000000,0.200000003,-1.183641434,-67.817658609,0.000000000,0.000209900,0.000000000,0.100000001
2026-07-06 20:25:25.762,1783340725.762147427,721.020331133,1,1,721.007381084,1,0.004596556,5,1,0.005515274,5,1,0,1,0,0,1,1,1,0,1,0,-1.000000000,0.000000000,0.000000000,0.000000000,0,-1.000000000,0,0,0,,0,-1.000000000,,0,0,0.000000000,0.000000000,0,-1.000000000,0,,0,-1.000000000,,0,-1.000000000,0,,1,3.014938831,172.743270525,-0.007326126,-0.227106094,1,0.000000000,0.000000000,-0.002442360,-0.034187317,1,-3.000000000,-171.887338539,-0.002442360,-0.034187317,1,-0.219158173,-12.556838336,-0.021978378,-0.007326126,1,-1.189777374,-68.169222106,-0.012210846,-0.003663063,2.988997936,171.256966720,0.000000000,-0.000000000,8.000000000,2.500000000,0.000000000,0.000000000,0.000000000,2.708557367,2.000000000,0.500000000,-3.000000000,-171.887338539,0.000000000,-2.756333113,1.000000000,0.500000000,-0.219158173,-12.556838336,0.000000000,-0.430917025,0.500000000,0.200000003,-1.183641434,-67.817658609,0.000000000,0.000209900,0.000000000,0.100000001
2026-07-06 20:25:26.762,1783340726.762161970,722.020345660,1,1,722.007395611,1,0.004286412,5,1,0.005422956,5,1,0,1,0,0,1,1,1,0,1,0,-1.000000000,0.000000000,0.000000000,0.000000000,0,-1.000000000,0,0,0,,0,-1.000000000,,0,0,0.000000000,0.000000000,0,-1.000000000,0,,0,-1.000000000,,0,-1.000000000,0,,1,3.014938831,172.743270525,-0.007326126,-0.231989861,1,0.000000000,0.000000000,-0.002442360,-0.034187317,1,-3.000000000,-171.887338539,-0.007326126,-0.034187317,1,-0.219158173,-12.556838336,0.007326126,-0.002442360,1,-1.189777374,-68.169222106,0.012210846,-0.003663063,2.988997936,171.256966720,0.000000000,-0.000000000,8.000000000,2.500000000,0.000000000,0.000000000,0.000000000,2.708557367,2.000000000,0.500000000,-3.000000000,-171.887338539,0.000000000,-2.756333113,1.000000000,0.500000000,-0.219158173,-12.556838336,0.000000000,-0.430917025,0.500000000,0.200000003,-1.183641434,-67.817658609,0.000000000,0.000209900,0.000000000,0.100000001
2026-07-06 20:25:27.762,1783340727.762193918,723.020377686,1,1,723.007427637,1,0.004838391,5,1,0.005673274,5,1,0,1,0,0,1,1,1,0,1,0,-1.000000000,0.000000000,0.000000000,0.000000000,0,-1.000000000,0,0,0,,0,-1.000000000,,0,0,0.000000000,0.000000000,0,-1.000000000,0,,0,-1.000000000,,0,-1.000000000,0,,1,3.014938831,172.743270525,-0.021978378,-0.222222328,1,0.000000000,0.000000000,-0.002442360,-0.034187317,1,-3.000000000,-171.887338539,0.002442360,-0.034187317,1,-0.218776703,-12.534981731,0.007326126,-0.007326126,1,-1.189393044,-68.147201576,0.012210846,-0.003663063,2.988997936,171.256966720,0.000000000,-0.000000000,8.000000000,2.500000000,0.000000000,0.000000000,0.000000000,2.708557367,2.000000000,0.500000000,-3.000000000,-171.887338539,0.000000000,-2.756333113,1.000000000,0.500000000,-0.219158173,-12.556838336,0.000000000,-0.430917025,0.500000000,0.200000003,-1.183641434,-67.817658609,0.000000000,0.000209900,0.000000000,0.100000001
2026-07-06 20:25:28.762,1783340728.762154818,724.020338649,1,1,724.007388600,1,0.004521379,5,1,0.005390972,5,1,0,1,0,0,1,1,1,0,1,0,-1.000000000,0.000000000,0.000000000,0.000000000,0,-1.000000000,0,0,0,,0,-1.000000000,,0,0,0.000000000,0.000000000,0,-1.000000000,0,,0,-1.000000000,,0,-1.000000000,0,,1,3.014938831,172.743270525,0.007326126,-0.236874580,1,0.000000000,0.000000000,-0.002442360,-0.034187317,1,-3.000000000,-171.887338539,-0.007326126,-0.034187317,1,-0.219158173,-12.556838336,-0.007326126,-0.002442360,1,-1.189777374,-68.169222106,-0.036628723,-0.003663063,2.988997936,171.256966720,0.000000000,-0.000000000,8.000000000,2.500000000,0.000000000,0.000000000,0.000000000,2.708557367,2.000000000,0.500000000,-3.000000000,-171.887338539,0.000000000,-2.756333113,1.000000000,0.500000000,-0.219158173,-12.556838336,0.000000000,-0.430917025,0.500000000,0.200000003,-1.183641434,-67.817658609,0.000000000,0.000209900,0.000000000,0.100000001
2026-07-06 20:25:29.762,1783340729.762131929,725.020315683,1,1,725.007365634,1,0.004099256,5,1,0.005431814,5,1,0,1,0,0,1,1,1,0,1,0,-1.000000000,0.000000000,0.000000000,0.000000000,0,-1.000000000,0,0,0,,0,-1.000000000,,0,0,0.000000000,0.000000000,0,-1.000000000,0,,0,-1.000000000,,0,-1.000000000,0,,1,3.014557362,172.721413920,0.007326126,-0.227106094,1,0.000000000,0.000000000,-0.002442360,-0.020513535,1,-3.000000000,-171.887338539,-0.002442360,-0.034187317,1,-0.219158173,-12.556838336,-0.021978378,-0.007326126,1,-1.189777374,-68.169222106,-0.012210846,-0.003663063,2.988997936,171.256966720,0.000000000,-0.000000000,8.000000000,2.500000000,0.000000000,0.000000000,0.000000000,2.708557367,2.000000000,0.500000000,-3.000000000,-171.887338539,0.000000000,-2.756333113,1.000000000,0.500000000,-0.219158173,-12.556838336,0.000000000,-0.430917025,0.500000000,0.200000003,-1.183641434,-67.817658609,0.000000000,0.000209900,0.000000000,0.100000001
2026-07-06 20:25:30.762,1783340730.762188435,726.020372251,1,1,726.007422202,1,0.004391099,5,1,0.005741418,5,1,0,1,0,0,1,1,1,0,1,0,-1.000000000,0.000000000,0.000000000,0.000000000,0,-1.000000000,0,0,0,,0,-1.000000000,,0,0,0.000000000,0.000000000,0,-1.000000000,0,,0,-1.000000000,,0,-1.000000000,0,,1,3.014938831,172.743270525,-0.007326126,-0.227106094,1,0.000000000,0.000000000,-0.002442360,-0.034187317,1,-3.000000000,-171.887338539,-0.002442360,-0.034187317,1,-0.219158173,-12.556838336,-0.007326126,-0.007326126,1,-1.189777374,-68.169222106,-0.036628723,-0.003663063,2.988997936,171.256966720,0.000000000,-0.000000000,8.000000000,2.500000000,0.000000000,0.000000000,0.000000000,2.708557367,2.000000000,0.500000000,-3.000000000,-171.887338539,0.000000000,-2.756333113,1.000000000,0.500000000,-0.219158173,-12.556838336,0.000000000,-0.430917025,0.500000000,0.200000003,-1.183641434,-67.817658609,0.000000000,0.000209900,0.000000000,0.100000001
2026-07-06 20:25:31.762,1783340731.762195349,727.020379307,1,1,727.007429258,1,0.004264097,5,1,0.005805157,5,1,0,1,0,0,1,1,1,0,1,0,-1.000000000,0.000000000,0.000000000,0.000000000,0,-1.000000000,0,0,0,,0,-1.000000000,,0,0,0.000000000,0.000000000,0,-1.000000000,0,,0,-1.000000000,,0,-1.000000000,0,,1,3.014175892,172.699557315,-0.021978378,-0.217338562,1,0.000000000,0.000000000,-0.007326126,-0.034187317,1,-3.000000000,-171.887338539,-0.007326126,-0.034187317,1,-0.219158173,-12.556838336,-0.007326126,-0.007326126,1,-1.189777374,-68.169222106,-0.036628723,-0.003663063,2.988997936,171.256966720,0.000000000,-0.000000000,8.000000000,2.500000000,0.000000000,0.000000000,0.000000000,2.708557367,2.000000000,0.500000000,-3.000000000,-171.887338539,0.000000000,-2.756333113,1.000000000,0.500000000,-0.219158173,-12.556838336,0.000000000,-0.430917025,0.500000000,0.200000003,-1.183641434,-67.817658609,0.000000000,0.000209900,0.000000000,0.100000001
2026-07-06 20:25:32.762,1783340732.762203217,728.020387054,1,1,728.007437005,1,0.004836012,5,1,0.005605496,5,1,0,1,0,0,1,1,1,0,1,0,-1.000000000,0.000000000,0.000000000,0.000000000,0,-1.000000000,0,0,0,,0,-1.000000000,,0,0,0.000000000,0.000000000,0,-1.000000000,0,,0,-1.000000000,,0,-1.000000000,0,,1,3.013794422,172.677700709,-0.007326126,-0.222222328,1,0.000000000,0.000000000,-0.002442360,-0.047863007,1,-3.000000000,-171.887338539,-0.002442360,-0.034187317,1,-0.219158173,-12.556838336,-0.007326126,-0.007326126,1,-1.189777374,-68.169222106,-0.012210846,-0.003663063,2.988997936,171.256966720,0.000000000,-0.000000000,8.000000000,2.500000000,0.000000000,0.000000000,0.000000000,2.708557367,2.000000000,0.500000000,-3.000000000,-171.887338539,0.000000000,-2.756333113,1.000000000,0.500000000,-0.219158173,-12.556838336,0.000000000,-0.430917025,0.500000000,0.200000003,-1.183641434,-67.817658609,0.000000000,0.000209900,0.000000000,0.100000001
2026-07-06 20:25:33.762,1783340733.762204409,729.020388327,1,1,729.007438278,1,0.004756075,5,1,0.005569404,5,1,0,1,0,0,1,1,1,0,1,0,-1.000000000,0.000000000,0.000000000,0.000000000,0,-1.000000000,0,0,0,,0,-1.000000000,,0,0,0.000000000,0.000000000,0,-1.000000000,0,,0,-1.000000000,,0,-1.000000000,0,,1,3.006546497,172.262425208,-0.007326126,-0.173381805,1,0.000000000,0.000000000,-0.007326126,-0.034187317,1,-3.000000000,-171.887338539,-0.007326126,-0.034187317,1,-0.219158173,-12.556838336,-0.007326126,-0.002442360,1,-1.189777374,-68.169222106,-0.012210846,-0.003663063,2.988997936,171.256966720,0.000000000,-0.000000000,8.000000000,2.500000000,0.000000000,0.000000000,0.000000000,2.708557367,2.000000000,0.500000000,-3.000000000,-171.887338539,0.000000000,-2.756333113,1.000000000,0.500000000,-0.219158173,-12.556838336,0.000000000,-0.430917025,0.500000000,0.200000003,-1.183641434,-67.817658609,0.000000000,0.000209900,0.000000000,0.100000001
2026-07-06 20:25:34.762,1783340734.762243509,730.020427280,1,1,730.007477231,1,0.004539969,5,1,0.005587848,5,1,0,1,0,0,1,1,1,0,1,0,-1.000000000,0.000000000,0.000000000,0.000000000,0,-1.000000000,0,0,0,,0,-1.000000000,,0,0,0.000000000,0.000000000,0,-1.000000000,0,,0,-1.000000000,,0,-1.000000000,0,,1,3.006927967,172.284281813,0.007326126,-0.173381805,1,0.000000000,0.000000000,-0.002442360,-0.034187317,1,-3.000000000,-171.887338539,0.002442360,-0.034187317,1,-0.219158173,-12.556838336,0.007326126,-0.002442360,1,-1.189393044,-68.147201576,0.012210846,-0.003663063,2.988997936,171.256966720,0.000000000,-0.000000000,8.000000000,2.500000000,0.000000000,0.000000000,0.000000000,2.708557367,2.000000000,0.500000000,-3.000000000,-171.887338539,0.000000000,-2.756333113,1.000000000,0.500000000,-0.219158173,-12.556838336,0.000000000,-0.430917025,0.500000000,0.200000003,-1.183641434,-67.817658609,0.000000000,0.000209900,0.000000000,0.100000001
2026-07-06 20:25:35.762,1783340735.762234688,731.020418348,1,1,731.007468299,1,0.004700051,5,1,0.005658733,5,1,0,1,0,0,1,1,1,0,1,0,-1.000000000,0.000000000,0.000000000,0.000000000,0,-1.000000000,0,0,0,,0,-1.000000000,,0,0,0.000000000,0.000000000,0,-1.000000000,0,,0,-1.000000000,,0,-1.000000000,0,,1,3.006546497,172.262425208,-0.007326126,-0.168498039,1,0.000000000,0.000000000,-0.002442360,-0.034187317,1,-3.000000000,-171.887338539,-0.002442360,-0.034187317,1,-0.218776703,-12.534981731,-0.007326126,-0.002442360,1,-1.189777374,-68.169222106,-0.012210846,-0.003663063,2.988997936,171.256966720,0.000000000,-0.000000000,8.000000000,2.500000000,0.000000000,0.000000000,0.000000000,2.708557367,2.000000000,0.500000000,-3.000000000,-171.887338539,0.000000000,-2.756333113,1.000000000,0.500000000,-0.219158173,-12.556838336,0.000000000,-0.430917025,0.500000000,0.200000003,-1.183641434,-67.817658609,0.000000000,0.000209900,0.000000000,0.100000001
2026-07-06 20:25:36.762,1783340736.762322426,732.020506273,1,1,732.007556224,1,0.004803749,5,1,0.005572537,5,1,0,1,0,0,1,1,1,0,1,0,-1.000000000,0.000000000,0.000000000,0.000000000,0,-1.000000000,0,0,0,,0,-1.000000000,,0,0,0.000000000,0.000000000,0,-1.000000000,0,,0,-1.000000000,,0,-1.000000000,0,,1,2.991668224,171.409962958,-0.007326126,-0.061050415,1,0.000000000,0.000000000,-0.002442360,-0.034187317,1,-3.000000000,-171.887338539,-0.002442360,-0.034187317,1,-0.218776703,-12.534981731,-0.007326126,-0.002442360,1,-1.189777374,-68.169222106,-0.012210846,-0.001221180,2.988997936,171.256966720,0.000000000,-0.000000000,8.000000000,2.500000000,0.000000000,0.000000000,0.000000000,2.708557367,2.000000000,0.500000000,-3.000000000,-171.887338539,0.000000000,-2.756333113,1.000000000,0.500000000,-0.219158173,-12.556838336,0.000000000,-0.430917025,0.500000000,0.200000003,-1.183641434,-67.817658609,0.000000000,0.000209900,0.000000000,0.100000001
2026-07-06 20:25:37.762,1783340737.762305260,733.020489058,1,1,733.007539009,1,0.004395003,5,1,0.005622660,5,1,0,1,0,0,1,1,1,0,1,0,-1.000000000,0.000000000,0.000000000,0.000000000,0,-1.000000000,0,0,0,,0,-1.000000000,,0,0,0.000000000,0.000000000,0,-1.000000000,0,,0,-1.000000000,,0,-1.000000000,0,,1,2.967254162,170.011140216,0.007326126,0.129426003,1,0.000000000,0.000000000,-0.002442360,-0.034187317,1,-3.000000000,-171.887338539,-0.002442360,-0.047863007,1,-0.219158173,-12.556838336,-0.007326126,-0.007326126,1,-1.189777374,-68.169222106,-0.012210846,-0.003663063,2.988997936,171.256966720,0.000000000,-0.000000000,8.000000000,2.500000000,0.000000000,0.000000000,0.000000000,2.708557367,2.000000000,0.500000000,-3.000000000,-171.887338539,0.000000000,-2.756333113,1.000000000,0.500000000,-0.219158173,-12.556838336,0.000000000,-0.430917025,0.500000000,0.200000003,-1.183641434,-67.817658609,0.000000000,0.000209900,0.000000000,0.100000001
2026-07-06 20:25:38.762,1783340738.762257576,734.020441433,1,1,734.007491384,1,0.004760809,5,1,0.005528614,5,1,0,1,0,0,1,1,1,0,1,0,-1.000000000,0.000000000,0.000000000,0.000000000,0,-1.000000000,0,0,0,,0,-1.000000000,,0,0,0.000000000,0.000000000,0,-1.000000000,0,,0,-1.000000000,,0,-1.000000000,0,,1,2.968017101,170.054853426,-0.007326126,0.124542236,1,0.000000000,0.000000000,-0.002442360,-0.034187317,1,-3.000000000,-171.887338539,-0.002442360,-0.034187317,1,-0.219158173,-12.556838336,-0.007326126,-0.002442360,1,-1.189777374,-68.169222106,0.012210846,-0.003663063,2.988997936,171.256966720,0.000000000,-0.000000000,8.000000000,2.500000000,0.000000000,0.000000000,0.000000000,2.708557367,2.000000000,0.500000000,-3.000000000,-171.887338539,0.000000000,-2.756333113,1.000000000,0.500000000,-0.219158173,-12.556838336,0.000000000,-0.430917025,0.500000000,0.200000003,-1.183641434,-67.817658609,0.000000000,0.000209900,0.000000000,0.100000001
2026-07-06 20:25:39.762,1783340739.762266397,735.020450121,1,1,735.007500072,1,0.004462011,5,1,0.005525494,5,1,0,1,0,0,1,1,1,0,1,0,-1.000000000,0.000000000,0.000000000,0.000000000,0,-1.000000000,0,0,0,,0,-1.000000000,,0,0,0.000000000,0.000000000,0,-1.000000000,0,,0,-1.000000000,,0,-1.000000000,0,,1,2.971831799,170.273419480,-0.007326126,0.109889984,1,0.000000000,0.000000000,-0.002442360,-0.047863007,1,-3.000000000,-171.887338539,0.002442360,-0.034187317,1,-0.218776703,-12.534981731,-0.007326126,-0.007326126,1,-1.189777374,-68.169222106,-0.036628723,-0.003663063,2.988997936,171.256966720,0.000000000,-0.000000000,8.000000000,2.500000000,0.000000000,0.000000000,0.000000000,2.708557367,2.000000000,0.500000000,-3.000000000,-171.887338539,0.000000000,-2.756333113,1.000000000,0.500000000,-0.219158173,-12.556838336,0.000000000,-0.430917025,0.500000000,0.200000003,-1.183641434,-67.817658609,0.000000000,0.000209900,0.000000000,0.100000001
2026-07-06 20:25:40.762,1783340740.762247086,736.020430995,1,1,736.007480946,1,0.004434586,5,1,0.005533155,5,1,0,1,0,0,1,1,1,0,1,0,-1.000000000,0.000000000,0.000000000,0.000000000,0,-1.000000000,0,0,0,,0,-1.000000000,,0,0,0.000000000,0.000000000,0,-1.000000000,0,,0,-1.000000000,,0,-1.000000000,0,,1,2.974120617,170.404559112,-0.021978378,0.095237732,1,0.000000000,0.000000000,-0.002442360,-0.034187317,1,-3.000000000,-171.887338539,-0.002442360,-0.034187317,1,-0.219158173,-12.556838336,-0.007326126,-0.007326126,1,-1.189777374,-68.169222106,-0.036628723,-0.003663063,2.988997936,171.256966720,0.000000000,-0.000000000,8.000000000,2.500000000,0.000000000,0.000000000,0.000000000,2.708557367,2.000000000,0.500000000,-3.000000000,-171.887338539,0.000000000,-2.756333113,1.000000000,0.500000000,-0.219158173,-12.556838336,0.000000000,-0.430917025,0.500000000,0.200000003,-1.183641434,-67.817658609,0.000000000,0.000209900,0.000000000,0.100000001
2026-07-06 20:25:41.762,1783340741.762303114,737.020487147,1,1,737.007537098,1,0.004882419,5,1,0.005611444,5,1,0,1,0,0,1,1,1,0,1,0,-1.000000000,0.000000000,0.000000000,0.000000000,0,-1.000000000,0,0,0,,0,-1.000000000,,0,0,0.000000000,0.000000000,0,-1.000000000,0,,0,-1.000000000,,0,-1.000000000,0,,1,2.974502087,170.426415717,-0.007326126,0.095237732,1,0.000000000,0.000000000,-0.002442360,-0.034187317,1,-3.000000000,-171.887338539,-0.002442360,-0.034187317,1,-0.218776703,-12.534981731,-0.007326126,-0.002442360,1,-1.189777374,-68.169222106,-0.012210846,-0.003663063,2.988997936,171.256966720,0.000000000,-0.000000000,8.000000000,2.500000000,0.000000000,0.000000000,0.000000000,2.708557367,2.000000000,0.500000000,-3.000000000,-171.887338539,0.000000000,-2.756333113,1.000000000,0.500000000,-0.219158173,-12.556838336,0.000000000,-0.430917025,0.500000000,0.200000003,-1.183641434,-67.817658609,0.000000000,0.000209900,0.000000000,0.100000001
2026-07-06 20:25:42.762,1783340742.762254000,738.020437910,1,1,738.007487861,1,0.004520522,5,1,0.005436800,5,1,0,1,0,0,1,1,1,0,1,0,-1.000000000,0.000000000,0.000000000,0.000000000,0,-1.000000000,0,0,0,,0,-1.000000000,,0,0,0.000000000,0.000000000,0,-1.000000000,0,,0,-1.000000000,,0,-1.000000000,0,,1,2.974502087,170.426415717,-0.007326126,0.100122452,1,0.000000000,0.000000000,-0.002442360,-0.034187317,1,-3.000000000,-171.887338539,-0.002442360,-0.034187317,1,-0.219158173,-12.556838336,-0.007326126,-0.002442360,1,-1.189777374,-68.169222106,-0.012210846,-0.003663063,2.988997936,171.256966720,0.000000000,-0.000000000,8.000000000,2.500000000,0.000000000,0.000000000,0.000000000,2.708557367,2.000000000,0.500000000,-3.000000000,-171.887338539,0.000000000,-2.756333113,1.000000000,0.500000000,-0.219158173,-12.556838336,0.000000000,-0.430917025,0.500000000,0.200000003,-1.183641434,-67.817658609,0.000000000,0.000209900,0.000000000,0.100000001
2026-07-06 20:25:43.762,1783340743.762301207,739.020484994,1,1,739.007534945,1,0.004670959,5,1,0.005374651,5,1,0,1,0,0,1,1,1,0,1,0,-1.000000000,0.000000000,0.000000000,0.000000000,0,-1.000000000,0,0,0,,0,-1.000000000,,0,0,0.000000000,0.000000000,0,-1.000000000,0,,0,-1.000000000,,0,-1.000000000,0,,1,2.977935314,170.623125165,-0.007326126,0.061050415,1,0.000000000,0.000000000,0.002442360,-0.047863007,1,-3.000000000,-171.887338539,-0.002442360,-0.020513535,1,-0.219158173,-12.556838336,-0.007326126,-0.007326126,1,-1.189393044,-68.147201576,0.012210846,-0.003663063,2.988997936,171.256966720,0.000000000,-0.000000000,8.000000000,2.500000000,0.000000000,0.000000000,0.000000000,2.708557367,2.000000000,0.500000000,-3.000000000,-171.887338539,0.000000000,-2.756333113,1.000000000,0.500000000,-0.219158173,-12.556838336,0.000000000,-0.430917025,0.500000000,0.200000003,-1.183641434,-67.817658609,0.000000000,0.000209900,0.000000000,0.100000001
2026-07-06 20:25:44.762,1783340744.762272835,740.020456447,1,1,740.007506398,1,0.004665321,5,1,0.005463248,5,1,0,1,0,0,1,1,1,0,1,0,-1.000000000,0.000000000,0.000000000,0.000000000,0,-1.000000000,0,0,0,,0,-1.000000000,,0,0,0.000000000,0.000000000,0,-1.000000000,0,,0,-1.000000000,,0,-1.000000000,0,,1,2.977935314,170.623125165,0.007326126,0.065934181,1,0.000000000,0.000000000,-0.002442360,-0.034187317,1,-3.000000000,-171.887338539,0.002442360,-0.034187317,1,-0.219158173,-12.556838336,-0.007326126,-0.007326126,1,-1.189777374,-68.169222106,-0.012210846,-0.003663063,2.988997936,171.256966720,0.000000000,-0.000000000,8.000000000,2.500000000,0.000000000,0.000000000,0.000000000,2.708557367,2.000000000,0.500000000,-3.000000000,-171.887338539,0.000000000,-2.756333113,1.000000000,0.500000000,-0.219158173,-12.556838336,0.000000000,-0.430917025,0.500000000,0.200000003,-1.183641434,-67.817658609,0.000000000,0.000209900,0.000000000,0.100000001
2026-07-06 20:25:45.762,1783340745.762314558,741.020498314,1,1,741.007548265,1,0.004523151,5,1,0.005376050,5,1,0,1,0,0,1,1,1,0,1,0,-1.000000000,0.000000000,0.000000000,0.000000000,0,-1.000000000,0,0,0,,0,-1.000000000,,0,0,0.000000000,0.000000000,0,-1.000000000,0,,0,-1.000000000,,0,-1.000000000,0,,1,2.978316784,170.644981771,0.007326126,0.061050415,1,0.000000000,0.000000000,-0.002442360,-0.020513535,1,-3.000000000,-171.887338539,-0.002442360,-0.034187317,1,-0.219158173,-12.556838336,-0.007326126,-0.007326126,1,-1.189777374,-68.169222106,-0.012210846,-0.003663063,2.988997936,171.256966720,0.000000000,-0.000000000,8.000000000,2.500000000,0.000000000,0.000000000,0.000000000,2.708557367,2.000000000,0.500000000,-3.000000000,-171.887338539,0.000000000,-2.756333113,1.000000000,0.500000000,-0.219158173,-12.556838336,0.000000000,-0.430917025,0.500000000,0.200000003,-1.183641434,-67.817658609,0.000000000,0.000209900,0.000000000,0.100000001
2026-07-06 20:25:46.762,1783340746.762305260,742.020489146,1,1,742.007539097,1,0.004468188,5,1,0.005577907,5,1,0,1,0,0,1,1,1,0,1,0,-1.000000000,0.000000000,0.000000000,0.000000000,0,-1.000000000,0,0,0,,0,-1.000000000,,0,0,0.000000000,0.000000000,0,-1.000000000,0,,0,-1.000000000,,0,-1.000000000,0,,1,2.978316784,170.644981771,0.007326126,0.056165695,1,0.000000000,0.000000000,-0.002442360,-0.034187317,1,-3.000000000,-171.887338539,-0.002442360,-0.047863007,1,-0.218776703,-12.534981731,0.007326126,-0.002442360,1,-1.189777374,-68.169222106,-0.036628723,-0.003663063,2.988997936,171.256966720,0.000000000,-0.000000000,8.000000000,2.500000000,0.000000000,0.000000000,0.000000000,2.708557367,2.000000000,0.500000000,-3.000000000,-171.887338539,0.000000000,-2.756333113,1.000000000,0.500000000,-0.219158173,-12.556838336,0.000000000,-0.430917025,0.500000000,0.200000003,-1.183641434,-67.817658609,0.000000000,0.000209900,0.000000000,0.100000001
2026-07-06 20:25:47.762,1783340747.762298822,743.020482778,1,1,743.007532729,1,0.004468590,5,1,0.005440659,5,1,0,1,0,0,1,1,1,0,1,0,-1.000000000,0.000000000,0.000000000,0.000000000,0,-1.000000000,0,0,0,,0,-1.000000000,,0,0,0.000000000,0.000000000,0,-1.000000000,0,,0,-1.000000000,,0,-1.000000000,0,,1,2.977935314,170.623125165,-0.007326126,0.065934181,1,0.000000000,0.000000000,0.002442360,-0.034187317,1,-3.000000000,-171.887338539,-0.002442360,-0.047863007,1,-0.219158173,-12.556838336,-0.007326126,-0.002442360,1,-1.189777374,-68.169222106,-0.012210846,-0.003663063,2.988997936,171.256966720,0.000000000,-0.000000000,8.000000000,2.500000000,0.000000000,0.000000000,0.000000000,2.708557367,2.000000000,0.500000000,-3.000000000,-171.887338539,0.000000000,-2.756333113,1.000000000,0.500000000,-0.219158173,-12.556838336,0.000000000,-0.430917025,0.500000000,0.200000003,-1.183641434,-67.817658609,0.000000000,0.000209900,0.000000000,0.100000001
2026-07-06 20:25:48.762,1783340748.762279510,744.020463254,1,1,744.007513205,1,0.004308983,5,1,0.005545544,5,1,0,1,0,0,1,1,1,0,1,0,-1.000000000,0.000000000,0.000000000,0.000000000,0,-1.000000000,0,0,0,,0,-1.000000000,,0,0,0.000000000,0.000000000,0,-1.000000000,0,,0,-1.000000000,,0,-1.000000000,0,,1,2.978316784,170.644981771,-0.021978378,0.061050415,1,0.000000000,0.000000000,-0.002442360,-0.034187317,1,-3.000000000,-171.887338539,-0.002442360,-0.034187317,1,-0.219158173,-12.556838336,-0.007326126,-0.002442360,1,-1.189777374,-68.169222106,0.012210846,-0.003663063,2.988997936,171.256966720,0.000000000,-0.000000000,8.000000000,2.500000000,0.000000000,0.000000000,0.000000000,2.708557367,2.000000000,0.500000000,-3.000000000,-171.887338539,0.000000000,-2.756333113,1.000000000,0.500000000,-0.219158173,-12.556838336,0.000000000,-0.430917025,0.500000000,0.200000003,-1.183641434,-67.817658609,0.000000000,0.000209900,0.000000000,0.100000001
2026-07-06 20:25:49.762,1783340749.762371302,745.020555204,1,1,745.007605155,1,0.002931346,5,1,0.005448638,5,1,0,1,0,0,1,1,1,0,1,0,-1.000000000,0.000000000,0.000000000,0.000000000,0,-1.000000000,0,0,0,,0,-1.000000000,,0,0,0.000000000,0.000000000,0,-1.000000000,0,,0,-1.000000000,,0,-1.000000000,0,,1,2.978316784,170.644981771,-0.021978378,0.061050415,1,0.000000000,0.000000000,0.002442360,-0.020513535,1,-3.000000000,-171.887338539,-0.007326126,-0.034187317,1,-0.219158173,-12.556838336,0.007326126,-0.007326126,1,-1.189777374,-68.169222106,-0.012210846,-0.003663063,2.988997936,171.256966720,0.000000000,-0.000000000,8.000000000,2.500000000,0.000000000,0.000000000,0.000000000,2.708557367,2.000000000,0.500000000,-3.000000000,-171.887338539,0.000000000,-2.756333113,1.000000000,0.500000000,-0.219158173,-12.556838336,0.000000000,-0.430917025,0.500000000,0.200000003,-1.183641434,-67.817658609,0.000000000,0.000209900,0.000000000,0.100000001
2026-07-06 20:25:50.762,1783340750.762272835,746.020456516,1,1,746.007506467,1,0.004281556,5,1,0.005378159,5,1,0,1,0,0,1,1,1,0,1,0,-1.000000000,0.000000000,0.000000000,0.000000000,0,-1.000000000,0,0,0,,0,-1.000000000,,0,0,0.000000000,0.000000000,0,-1.000000000,0,,0,-1.000000000,,0,-1.000000000,0,,1,2.978698254,170.666838376,-0.007326126,0.056165695,1,0.000000000,0.000000000,-0.002442360,-0.034187317,1,-3.000000000,-171.887338539,-0.002442360,-0.034187317,1,-0.219158173,-12.556838336,-0.007326126,-0.002442360,1,-1.189777374,-68.169222106,-0.012210846,-0.003663063,2.988997936,171.256966720,0.000000000,-0.000000000,8.000000000,2.500000000,0.000000000,0.000000000,0.000000000,2.708557367,2.000000000,0.500000000,-3.000000000,-171.887338539,0.000000000,-2.756333113,1.000000000,0.500000000,-0.219158173,-12.556838336,0.000000000,-0.430917025,0.500000000,0.200000003,-1.183641434,-67.817658609,0.000000000,0.000209900,0.000000000,0.100000001
2026-07-06 20:25:51.762,1783340751.762348652,747.020532410,1,1,747.007582361,1,0.004559757,5,1,0.005542633,5,1,0,1,0,0,1,1,1,0,1,0,-1.000000000,0.000000000,0.000000000,0.000000000,0,-1.000000000,0,0,0,,0,-1.000000000,,0,0,0.000000000,0.000000000,0,-1.000000000,0,,0,-1.000000000,,0,-1.000000000,0,,1,2.978316784,170.644981771,0.007326126,0.061050415,1,0.000000000,0.000000000,-0.002442360,-0.034187317,1,-3.000000000,-171.887338539,-0.002442360,-0.034187317,1,-0.218776703,-12.534981731,0.007326126,-0.002442360,1,-1.189777374,-68.169222106,-0.012210846,-0.003663063,2.988997936,171.256966720,0.000000000,-0.000000000,8.000000000,2.500000000,0.000000000,0.000000000,0.000000000,2.708557367,2.000000000,0.500000000,-3.000000000,-171.887338539,0.000000000,-2.756333113,1.000000000,0.500000000,-0.219158173,-12.556838336,0.000000000,-0.430917025,0.500000000,0.200000003,-1.183641434,-67.817658609,0.000000000,0.000209900,0.000000000,0.100000001
2026-07-06 20:25:52.762,1783340752.762390614,748.020574219,1,1,748.007624170,1,0.004590831,5,1,0.005435880,5,1,0,1,0,0,1,1,1,0,1,0,-1.000000000,0.000000000,0.000000000,0.000000000,0,-1.000000000,0,0,0,,0,-1.000000000,,0,0,0.000000000,0.000000000,0,-1.000000000,0,,0,-1.000000000,,0,-1.000000000,0,,1,2.978316784,170.644981771,-0.007326126,0.056165695,1,0.000000000,0.000000000,-0.002442360,-0.034187317,1,-3.000000000,-171.887338539,-0.002442360,-0.034187317,1,-0.218776703,-12.534981731,0.007326126,-0.002442360,1,-1.189777374,-68.169222106,-0.012210846,-0.003663063,2.988997936,171.256966720,0.000000000,-0.000000000,8.000000000,2.500000000,0.000000000,0.000000000,0.000000000,2.708557367,2.000000000,0.500000000,-3.000000000,-171.887338539,0.000000000,-2.756333113,1.000000000,0.500000000,-0.219158173,-12.556838336,0.000000000,-0.430917025,0.500000000,0.200000003,-1.183641434,-67.817658609,0.000000000,0.000209900,0.000000000,0.100000001
2026-07-06 20:25:53.762,1783340753.762377262,749.020561101,1,1,749.007611052,1,0.004312409,5,1,0.005425157,5,1,0,1,0,0,1,1,1,0,1,0,-1.000000000,0.000000000,0.000000000,0.000000000,0,-1.000000000,0,0,0,,0,-1.000000000,,0,0,0.000000000,0.000000000,0,-1.000000000,0,,0,-1.000000000,,0,-1.000000000,0,,1,2.978316784,170.644981771,-0.007326126,0.061050415,1,0.000000000,0.000000000,-0.007326126,-0.047863007,1,-3.000000000,-171.887338539,-0.002442360,-0.034187317,1,-0.218776703,-12.534981731,-0.007326126,-0.002442360,1,-1.189393044,-68.147201576,-0.012210846,-0.003663063,2.988997936,171.256966720,0.000000000,-0.000000000,8.000000000,2.500000000,0.000000000,0.000000000,0.000000000,2.708557367,2.000000000,0.500000000,-3.000000000,-171.887338539,0.000000000,-2.756333113,1.000000000,0.500000000,-0.219158173,-12.556838336,0.000000000,-0.430917025,0.500000000,0.200000003,-1.183641434,-67.817658609,0.000000000,0.000209900,0.000000000,0.100000001
2026-07-06 20:25:54.762,1783340754.762318611,750.020502506,1,1,750.007552457,1,0.004334545,5,1,0.005459079,5,1,0,1,0,0,1,1,1,0,1,0,-1.000000000,0.000000000,0.000000000,0.000000000,0,-1.000000000,0,0,0,,0,-1.000000000,,0,0,0.000000000,0.000000000,0,-1.000000000,0,,0,-1.000000000,,0,-1.000000000,0,,1,2.978316784,170.644981771,-0.007326126,0.061050415,1,0.000000000,0.000000000,-0.002442360,-0.034187317,1,-3.000000000,-171.887338539,-0.002442360,-0.034187317,1,-0.219158173,-12.556838336,-0.007326126,-0.002442360,1,-1.189777374,-68.169222106,-0.036628723,-0.003663063,2.988997936,171.256966720,0.000000000,-0.000000000,8.000000000,2.500000000,0.000000000,0.000000000,0.000000000,2.708557367,2.000000000,0.500000000,-3.000000000,-171.887338539,0.000000000,-2.756333113,1.000000000,0.500000000,-0.219158173,-12.556838336,0.000000000,-0.430917025,0.500000000,0.200000003,-1.183641434,-67.817658609,0.000000000,0.000209900,0.000000000,0.100000001
2026-07-06 20:25:55.762,1783340755.762461424,751.020645155,1,1,751.007695106,1,0.004793413,5,1,0.005578547,5,1,0,1,0,0,1,1,1,0,1,0,-1.000000000,0.000000000,0.000000000,0.000000000,0,-1.000000000,0,0,0,,0,-1.000000000,,0,0,0.000000000,0.000000000,0,-1.000000000,0,,0,-1.000000000,,0,-1.000000000,0,,1,2.978316784,170.644981771,0.007326126,0.061050415,1,0.000000000,0.000000000,-0.002442360,-0.020513535,1,-3.000000000,-171.887338539,-0.002442360,-0.047863007,1,-0.219158173,-12.556838336,-0.036630630,-0.007326126,1,-1.189777374,-68.169222106,-0.036628723,-0.003663063,2.988997936,171.256966720,0.000000000,-0.000000000,8.000000000,2.500000000,0.000000000,0.000000000,0.000000000,2.708557367,2.000000000,0.500000000,-3.000000000,-171.887338539,0.000000000,-2.756333113,1.000000000,0.500000000,-0.219158173,-12.556838336,0.000000000,-0.430917025,0.500000000,0.200000003,-1.183641434,-67.817658609,0.000000000,0.000209900,0.000000000,0.100000001
2026-07-06 20:25:56.762,1783340756.762319565,752.020503389,1,1,752.007553340,1,0.004382786,5,1,0.005409644,5,1,0,1,0,0,1,1,1,0,1,0,-1.000000000,0.000000000,0.000000000,0.000000000,0,-1.000000000,0,0,0,,0,-1.000000000,,0,0,0.000000000,0.000000000,0,-1.000000000,0,,0,-1.000000000,,0,-1.000000000,0,,1,2.978316784,170.644981771,-0.021978378,0.056165695,1,0.000000000,0.000000000,-0.002442360,-0.034187317,1,-3.000000000,-171.887338539,-0.002442360,-0.047863007,1,-0.219158173,-12.556838336,-0.007326126,-0.007326126,1,-1.189777374,-68.169222106,-0.012210846,-0.003663063,2.988997936,171.256966720,0.000000000,-0.000000000,8.000000000,2.500000000,0.000000000,0.000000000,0.000000000,2.708557367,2.000000000,0.500000000,-3.000000000,-171.887338539,0.000000000,-2.756333113,1.000000000,0.500000000,-0.219158173,-12.556838336,0.000000000,-0.430917025,0.500000000,0.200000003,-1.183641434,-67.817658609,0.000000000,0.000209900,0.000000000,0.100000001
2026-07-06 20:25:57.762,1783340757.762366533,753.020550180,1,1,753.007600131,1,0.004448154,5,1,0.005334839,5,1,0,1,0,0,1,1,1,0,1,0,-1.000000000,0.000000000,0.000000000,0.000000000,0,-1.000000000,0,0,0,,0,-1.000000000,,0,0,0.000000000,0.000000000,0,-1.000000000,0,,0,-1.000000000,,0,-1.000000000,0,,1,2.978316784,170.644981771,-0.007326126,0.056165695,1,0.000000000,0.000000000,-0.002442360,-0.047863007,1,-3.000000000,-171.887338539,-0.002442360,-0.034187317,1,-0.218776703,-12.534981731,-0.007326126,-0.002442360,1,-1.189777374,-68.169222106,-0.012210846,-0.003663063,2.988997936,171.256966720,0.000000000,-0.000000000,8.000000000,2.500000000,0.000000000,0.000000000,0.000000000,2.708557367,2.000000000,0.500000000,-3.000000000,-171.887338539,0.000000000,-2.756333113,1.000000000,0.500000000,-0.219158173,-12.556838336,0.000000000,-0.430917025,0.500000000,0.200000003,-1.183641434,-67.817658609,0.000000000,0.000209900,0.000000000,0.100000001
2026-07-06 20:25:58.762,1783340758.762415886,754.020599549,1,1,754.007649500,1,0.004230690,5,1,0.005381374,5,1,0,1,0,0,1,1,1,0,1,0,-1.000000000,0.000000000,0.000000000,0.000000000,0,-1.000000000,0,0,0,,0,-1.000000000,,0,0,0.000000000,0.000000000,0,-1.000000000,0,,0,-1.000000000,,0,-1.000000000,0,,1,2.978316784,170.644981771,0.007326126,0.056165695,1,0.000000000,0.000000000,0.002442360,-0.034187317,1,-3.000000000,-171.887338539,-0.002442360,-0.034187317,1,-0.219158173,-12.556838336,-0.021978378,-0.007326126,1,-1.189777374,-68.169222106,-0.012210846,-0.003663063,2.988997936,171.256966720,0.000000000,-0.000000000,8.000000000,2.500000000,0.000000000,0.000000000,0.000000000,2.708557367,2.000000000,0.500000000,-3.000000000,-171.887338539,0.000000000,-2.756333113,1.000000000,0.500000000,-0.219158173,-12.556838336,0.000000000,-0.430917025,0.500000000,0.200000003,-1.183641434,-67.817658609,0.000000000,0.000209900,0.000000000,0.100000001
2026-07-06 20:25:59.762,1783340759.762457371,755.020641022,1,1,755.007690973,1,0.004581047,5,1,0.005423191,5,1,0,1,0,0,1,1,1,0,1,0,-1.000000000,0.000000000,0.000000000,0.000000000,0,-1.000000000,0,0,0,,0,-1.000000000,,0,0,0.000000000,0.000000000,0,-1.000000000,0,,0,-1.000000000,,0,-1.000000000,0,,1,2.978698254,170.666838376,-0.007326126,0.056165695,1,0.000000000,0.000000000,-0.002442360,-0.047863007,1,-3.000000000,-171.887338539,-0.002442360,-0.034187317,1,-0.219158173,-12.556838336,-0.007326126,-0.002442360,1,-1.189393044,-68.147201576,-0.012210846,-0.003663063,2.988997936,171.256966720,0.000000000,-0.000000000,8.000000000,2.500000000,0.000000000,0.000000000,0.000000000,2.708557367,2.000000000,0.500000000,-3.000000000,-171.887338539,0.000000000,-2.756333113,1.000000000,0.500000000,-0.219158173,-12.556838336,0.000000000,-0.430917025,0.500000000,0.200000003,-1.183641434,-67.817658609,0.000000000,0.000209900,0.000000000,0.100000001
2026-07-06 20:26:00.762,1783340760.762405396,756.020589191,1,1,756.007639142,1,0.004663337,5,1,0.005560327,5,1,0,1,0,0,1,1,1,0,1,0,-1.000000000,0.000000000,0.000000000,0.000000000,0,-1.000000000,0,0,0,,0,-1.000000000,,0,0,0.000000000,0.000000000,0,-1.000000000,0,,0,-1.000000000,,0,-1.000000000,0,,1,2.981368542,170.819834613,0.007326126,0.036629677,1,0.000000000,0.000000000,-0.002442360,-0.034187317,1,-3.000000000,-171.887338539,0.002442360,-0.034187317,1,-0.218776703,-12.534981731,-0.007326126,-0.007326126,1,-1.189777374,-68.169222106,0.012210846,-0.003663063,2.988997936,171.256966720,0.000000000,-0.000000000,8.000000000,2.500000000,0.000000000,0.000000000,0.000000000,2.708557367,2.000000000,0.500000000,-3.000000000,-171.887338539,0.000000000,-2.756333113,1.000000000,0.500000000,-0.219158173,-12.556838336,0.000000000,-0.430917025,0.500000000,0.200000003,-1.183641434,-67.817658609,0.000000000,0.000209900,0.000000000,0.100000001
2026-07-06 20:26:01.762,1783340761.762387037,757.020570860,1,1,757.007620811,1,0.004347999,5,1,0.005300002,5,1,0,1,0,0,1,1,1,0,1,0,-1.000000000,0.000000000,0.000000000,0.000000000,0,-1.000000000,0,0,0,,0,-1.000000000,,0,0,0.000000000,0.000000000,0,-1.000000000,0,,0,-1.000000000,,0,-1.000000000,0,,1,2.981750011,170.841691219,-0.007326126,0.031745911,1,0.000000000,0.000000000,-0.002442360,-0.034187317,1,-3.000000000,-171.887338539,-0.002442360,-0.034187317,1,-0.218776703,-12.534981731,0.007326126,-0.002442360,1,-1.189777374,-68.169222106,0.012210846,-0.001221180,2.988997936,171.256966720,0.000000000,-0.000000000,8.000000000,2.500000000,0.000000000,0.000000000,0.000000000,2.708557367,2.000000000,0.500000000,-3.000000000,-171.887338539,0.000000000,-2.756333113,1.000000000,0.500000000,-0.219158173,-12.556838336,0.000000000,-0.430917025,0.500000000,0.200000003,-1.183641434,-67.817658609,0.000000000,0.000209900,0.000000000,0.100000001
2026-07-06 20:26:02.762,1783340762.762412310,758.020596043,1,1,758.007645994,1,0.004354034,5,1,0.005347229,5,1,0,1,0,0,1,1,1,0,1,0,-1.000000000,0.000000000,0.000000000,0.000000000,0,-1.000000000,0,0,0,,0,-1.000000000,,0,0,0.000000000,0.000000000,0,-1.000000000,0,,0,-1.000000000,,0,-1.000000000,0,,1,2.981750011,170.841691219,-0.007326126,0.031745911,1,0.000000000,0.000000000,-0.002442360,-0.034187317,1,-3.000000000,-171.887338539,-0.002442360,-0.034187317,1,-0.219158173,-12.556838336,-0.007326126,-0.002442360,1,-1.189393044,-68.147201576,0.036628723,-0.003663063,2.988997936,171.256966720,0.000000000,-0.000000000,8.000000000,2.500000000,0.000000000,0.000000000,0.000000000,2.708557367,2.000000000,0.500000000,-3.000000000,-171.887338539,0.000000000,-2.756333113,1.000000000,0.500000000,-0.219158173,-12.556838336,0.000000000,-0.430917025,0.500000000,0.200000003,-1.183641434,-67.817658609,0.000000000,0.000209900,0.000000000,0.100000001
2026-07-06 20:26:03.762,1783340763.762407541,759.020591255,1,1,759.007641206,1,0.004171491,5,1,0.005361802,5,1,0,1,0,0,1,1,1,0,1,0,-1.000000000,0.000000000,0.000000000,0.000000000,0,-1.000000000,0,0,0,,0,-1.000000000,,0,0,0.000000000,0.000000000,0,-1.000000000,0,,0,-1.000000000,,0,-1.000000000,0,,1,2.981750011,170.841691219,-0.007326126,0.036629677,1,0.000000000,0.000000000,-0.002442360,-0.034187317,1,-3.000000000,-171.887338539,-0.007326126,-0.034187317,1,-0.218776703,-12.534981731,0.007326126,-0.007326126,1,-1.189777374,-68.169222106,-0.012210846,-0.003663063,2.988997936,171.256966720,0.000000000,-0.000000000,8.000000000,2.500000000,0.000000000,0.000000000,0.000000000,2.708557367,2.000000000,0.500000000,-3.000000000,-171.887338539,0.000000000,-2.756333113,1.000000000,0.500000000,-0.219158173,-12.556838336,0.000000000,-0.430917025,0.500000000,0.200000003,-1.183641434,-67.817658609,0.000000000,0.000209900,0.000000000,0.100000001
2026-07-06 20:26:04.762,1783340764.762410641,760.020594540,1,1,760.007644491,1,0.004550097,5,1,0.005419757,5,1,0,1,0,0,1,1,1,0,1,0,-1.000000000,0.000000000,0.000000000,0.000000000,0,-1.000000000,0,0,0,,0,-1.000000000,,0,0,0.000000000,0.000000000,0,-1.000000000,0,,0,-1.000000000,,0,-1.000000000,0,,1,2.981750011,170.841691219,-0.007326126,0.031745911,1,0.000000000,0.000000000,-0.007326126,-0.034187317,1,-3.000000000,-171.887338539,-0.002442360,-0.034187317,1,-0.219158173,-12.556838336,-0.007326126,-0.002442360,1,-1.189777374,-68.169222106,-0.012210846,-0.003663063,2.988997936,171.256966720,0.000000000,-0.000000000,8.000000000,2.500000000,0.000000000,0.000000000,0.000000000,2.708557367,2.000000000,0.500000000,-3.000000000,-171.887338539,0.000000000,-2.756333113,1.000000000,0.500000000,-0.219158173,-12.556838336,0.000000000,-0.430917025,0.500000000,0.200000003,-1.183641434,-67.817658609,0.000000000,0.000209900,0.000000000,0.100000001
2026-07-06 20:26:05.762,1783340765.762514591,761.020698540,1,1,761.007748491,1,0.004805455,5,1,0.005496540,5,1,0,1,0,0,1,1,1,0,1,0,-1.000000000,0.000000000,0.000000000,0.000000000,0,-1.000000000,0,0,0,,0,-1.000000000,,0,0,0.000000000,0.000000000,0,-1.000000000,0,,0,-1.000000000,,0,-1.000000000,0,,1,2.981750011,170.841691219,-0.007326126,0.031745911,1,0.000000000,0.000000000,-0.002442360,-0.034187317,1,-3.000000000,-171.887338539,-0.002442360,-0.034187317,1,-0.219158173,-12.556838336,-0.021978378,-0.007326126,1,-1.189777374,-68.169222106,-0.012210846,-0.003663063,2.988997936,171.256966720,0.000000000,-0.000000000,8.000000000,2.500000000,0.000000000,0.000000000,0.000000000,2.708557367,2.000000000,0.500000000,-3.000000000,-171.887338539,0.000000000,-2.756333113,1.000000000,0.500000000,-0.219158173,-12.556838336,0.000000000,-0.430917025,0.500000000,0.200000003,-1.183641434,-67.817658609,0.000000000,0.000209900,0.000000000,0.100000001
2026-07-06 20:26:06.762,1783340766.762418032,762.020601613,1,1,762.007651564,1,0.004747480,5,1,0.005477895,5,1,0,1,0,0,1,1,1,0,1,0,-1.000000000,0.000000000,0.000000000,0.000000000,0,-1.000000000,0,0,0,,0,-1.000000000,,0,0,0.000000000,0.000000000,0,-1.000000000,0,,0,-1.000000000,,0,-1.000000000,0,,1,2.981750011,170.841691219,-0.007326126,0.036629677,1,0.000000000,0.000000000,-0.002442360,-0.034187317,1,-3.000000000,-171.887338539,-0.007326126,-0.034187317,1,-0.219158173,-12.556838336,-0.007326126,-0.002442360,1,-1.189777374,-68.169222106,-0.012210846,-0.003663063,2.988997936,171.256966720,0.000000000,-0.000000000,8.000000000,2.500000000,0.000000000,0.000000000,0.000000000,2.708557367,2.000000000,0.500000000,-3.000000000,-171.887338539,0.000000000,-2.756333113,1.000000000,0.500000000,-0.219158173,-12.556838336,0.000000000,-0.430917025,0.500000000,0.200000003,-1.183641434,-67.817658609,0.000000000,0.000209900,0.000000000,0.100000001
2026-07-06 20:26:07.762,1783340767.762491941,763.020675755,1,1,763.007725706,1,0.004951750,5,1,0.005449558,5,1,0,1,0,0,1,1,1,0,1,0,-1.000000000,0.000000000,0.000000000,0.000000000,0,-1.000000000,0,0,0,,0,-1.000000000,,0,0,0.000000000,0.000000000,0,-1.000000000,0,,0,-1.000000000,,0,-1.000000000,0,,1,2.981750011,170.841691219,-0.021978378,0.036629677,1,0.000000000,0.000000000,-0.002442360,-0.047863007,1,-3.000000000,-171.887338539,-0.007326126,-0.034187317,1,-0.219158173,-12.556838336,-0.007326126,-0.002442360,1,-1.189777374,-68.169222106,-0.036628723,-0.003663063,2.988997936,171.256966720,0.000000000,-0.000000000,8.000000000,2.500000000,0.000000000,0.000000000,0.000000000,2.708557367,2.000000000,0.500000000,-3.000000000,-171.887338539,0.000000000,-2.756333113,1.000000000,0.500000000,-0.219158173,-12.556838336,0.000000000,-0.430917025,0.500000000,0.200000003,-1.183641434,-67.817658609,0.000000000,0.000209900,0.000000000,0.100000001
2026-07-06 20:26:08.762,1783340768.762488365,764.020672048,1,1,764.007721999,1,0.004609772,5,1,0.005526374,5,1,0,1,0,0,1,1,1,0,1,0,-1.000000000,0.000000000,0.000000000,0.000000000,0,-1.000000000,0,0,0,,0,-1.000000000,,0,0,0.000000000,0.000000000,0,-1.000000000,0,,0,-1.000000000,,0,-1.000000000,0,,1,2.981750011,170.841691219,-0.007326126,0.031745911,1,0.000000000,0.000000000,-0.002442360,-0.034187317,1,-3.000000000,-171.887338539,-0.007326126,-0.047863007,1,-0.218776703,-12.534981731,0.007326126,-0.007326126,1,-1.189777374,-68.169222106,-0.012210846,-0.003663063,2.988997936,171.256966720,0.000000000,-0.000000000,8.000000000,2.500000000,0.000000000,0.000000000,0.000000000,2.708557367,2.000000000,0.500000000,-3.000000000,-171.887338539,0.000000000,-2.756333113,1.000000000,0.500000000,-0.219158173,-12.556838336,0.000000000,-0.430917025,0.500000000,0.200000003,-1.183641434,-67.817658609,0.000000000,0.000209900,0.000000000,0.100000001
2026-07-06 20:26:09.762,1783340769.762512684,765.020696533,1,1,765.007746484,1,0.004746647,5,1,0.005411950,5,1,0,1,0,0,1,1,1,0,1,0,-1.000000000,0.000000000,0.000000000,0.000000000,0,-1.000000000,0,0,0,,0,-1.000000000,,0,0,0.000000000,0.000000000,0,-1.000000000,0,,0,-1.000000000,,0,-1.000000000,0,,0,2.981750011,170.841691219,0.007326126,0.031745911,0,0.000000000,0.000000000,0.002442360,-0.034187317,0,-3.000000000,-171.887338539,-0.007326126,-0.034187317,0,-0.219158173,-12.556838336,-0.007326126,-0.002442360,0,-1.189777374,-68.169222106,-0.012210846,-0.003663063,2.988997936,171.256966720,0.000000000,-0.000000000,8.000000000,2.500000000,0.000000000,0.000000000,0.000000000,2.708557367,2.000000000,0.500000000,-3.000000000,-171.887338539,0.000000000,-2.756333113,1.000000000,0.500000000,-0.219158173,-12.556838336,0.000000000,-0.430917025,0.500000000,0.200000003,-1.183641434,-67.817658609,0.000000000,0.000209900,0.000000000,0.100000001
2026-07-06 20:26:10.762,1783340770.762458324,766.020642195,1,1,766.007692146,1,0.004267152,5,1,0.005459315,5,1,0,1,0,0,1,1,1,0,1,0,-1.000000000,0.000000000,0.000000000,0.000000000,0,-1.000000000,0,0,0,,0,-1.000000000,,0,0,0.000000000,0.000000000,0,-1.000000000,0,,0,-1.000000000,,0,-1.000000000,0,,1,2.981750011,170.841691219,0.007326126,0.036629677,1,0.000000000,0.000000000,0.002442360,-0.034187317,1,-3.000000000,-171.887338539,-0.002442360,-0.034187317,1,-0.219158173,-12.556838336,0.007326126,-0.002442360,1,-1.189777374,-68.169222106,-0.012210846,-0.003663063,2.988997936,171.256966720,0.000000000,-0.000000000,8.000000000,2.500000000,0.000000000,0.000000000,0.000000000,2.708557367,2.000000000,0.500000000,-3.000000000,-171.887338539,0.000000000,-2.756333113,1.000000000,0.500000000,-0.219158173,-12.556838336,0.000000000,-0.430917025,0.500000000,0.200000003,-1.183641434,-67.817658609,0.000000000,0.000209900,0.000000000,0.100000001
2026-07-06 20:26:11.762,1783340771.762529850,767.020713713,1,1,767.007763664,1,0.004765558,5,1,0.005489633,5,1,0,1,0,0,1,1,1,0,1,0,-1.000000000,0.000000000,0.000000000,0.000000000,0,-1.000000000,0,0,0,,0,-1.000000000,,0,0,0.000000000,0.000000000,0,-1.000000000,0,,0,-1.000000000,,0,-1.000000000,0,,1,2.981750011,170.841691219,-0.007326126,0.031745911,1,0.000000000,0.000000000,-0.007326126,-0.034187317,1,-3.000000000,-171.887338539,-0.007326126,-0.034187317,1,-0.219158173,-12.556838336,-0.007326126,-0.007326126,1,-1.189777374,-68.169222106,-0.012210846,-0.003663063,2.988997936,171.256966720,0.000000000,-0.000000000,8.000000000,2.500000000,0.000000000,0.000000000,0.000000000,2.708557367,2.000000000,0.500000000,-3.000000000,-171.887338539,0.000000000,-2.756333113,1.000000000,0.500000000,-0.219158173,-12.556838336,0.000000000,-0.430917025,0.500000000,0.200000003,-1.183641434,-67.817658609,0.000000000,0.000209900,0.000000000,0.100000001
2026-07-06 20:26:12.762,1783340772.762450218,768.020633861,1,1,768.007683812,1,0.004214570,5,1,0.005357433,5,1,0,1,0,0,1,1,1,0,1,0,-1.000000000,0.000000000,0.000000000,0.000000000,0,-1.000000000,0,0,0,,0,-1.000000000,,0,0,0.000000000,0.000000000,0,-1.000000000,0,,0,-1.000000000,,0,-1.000000000,0,,1,2.981750011,170.841691219,-0.007326126,0.036629677,1,0.000000000,0.000000000,0.002442360,-0.034187317,1,-3.000000000,-171.887338539,0.002442360,-0.034187317,1,-0.219158173,-12.556838336,-0.021978378,-0.002442360,1,-1.189777374,-68.169222106,0.036628723,-0.003663063,2.988997936,171.256966720,0.000000000,-0.000000000,8.000000000,2.500000000,0.000000000,0.000000000,0.000000000,2.708557367,2.000000000,0.500000000,-3.000000000,-171.887338539,0.000000000,-2.756333113,1.000000000,0.500000000,-0.219158173,-12.556838336,0.000000000,-0.430917025,0.500000000,0.200000003,-1.183641434,-67.817658609,0.000000000,0.000209900,0.000000000,0.100000001
