wall_time,ros_time_sec,elapsed_sec,has_ready,driver_ready,ready_age_sec,has_state,state_age_sec,state_size,has_command,command_age_sec,command_size,service_mode,service_suction,service_pick,service_place,service_stack,service_payload_estimate,service_payload_state,service_arm_mission,service_nav_arm_event,action_move_joint,has_nav_state,nav_state_age_sec,nav_state_x,nav_state_y,nav_state_yaw,has_nav_task_points,nav_task_points_age_sec,nav_task_points_count,nav_task_points_min_id,nav_task_points_max_id,nav_task_points_summary,has_nav_mission_request,nav_mission_request_age_sec,nav_mission_action,nav_mission_task_index,nav_mission_point_id,nav_mission_x,nav_mission_y,has_nav_mission_response,nav_mission_response_age_sec,nav_mission_response_success,nav_mission_response_message,has_nav_arm_event_request,nav_arm_event_request_age_sec,nav_arm_event_request_message,has_nav_arm_event_response,nav_arm_event_response_age_sec,nav_arm_event_response_success,nav_arm_event_response_message,state_valid_0,state_q_rad_0,state_q_deg_0,state_dq_0,state_tau_est_0,state_valid_1,state_q_rad_1,state_q_deg_1,state_dq_1,state_tau_est_1,state_valid_2,state_q_rad_2,state_q_deg_2,state_dq_2,state_tau_est_2,state_valid_3,state_q_rad_3,state_q_deg_3,state_dq_3,state_tau_est_3,state_valid_4,state_q_rad_4,state_q_deg_4,state_dq_4,state_tau_est_4,cmd_q_rad_0,cmd_q_deg_0,cmd_dq_0,cmd_tau_0,cmd_kp_0,cmd_kd_0,cmd_q_rad_1,cmd_q_deg_1,cmd_dq_1,cmd_tau_1,cmd_kp_1,cmd_kd_1,cmd_q_rad_2,cmd_q_deg_2,cmd_dq_2,cmd_tau_2,cmd_kp_2,cmd_kd_2,cmd_q_rad_3,cmd_q_deg_3,cmd_dq_3,cmd_tau_3,cmd_kp_3,cmd_kd_3,cmd_q_rad_4,cmd_q_deg_4,cmd_dq_4,cmd_tau_4,cmd_kp_4,cmd_kd_4
2026-07-07 01:45:25.763,1783359925.762799501,1.027240257,1,1,0.999841235,1,0.001660669,5,1,0.008339914,5,1,0,0,0,0,1,1,0,1,1,1,0.025205558,0.099149304,-0.219223015,1.582438421,1,0.031384648,12,1,12,1:-1.251:2.428|2:-0.428:2.425|3:0.392:2.424|4:1.223:2.419|5:1.228:1.589|6:0.405:1.588|7:-0.440:1.588|8:-1.261:1.589|9:-1.185:4.911|10:-0.390:4.902|11:0.375:4.903|12:1.182:4.901,0,-1.000000000,,0,0,0.000000000,0.000000000,0,-1.000000000,0,,0,-1.000000000,,0,-1.000000000,0,,1,0.039101601,2.240356689,-0.461538315,-0.485958099,1,3.266286135,187.144410202,0.002442360,-2.864957809,1,-2.825016975,-161.861549743,0.002442360,2.495725632,1,-0.341992378,-19.594719898,-0.007326126,0.412698746,1,0.359521866,20.599085556,0.012210846,-0.003663063,0.040246010,2.305926505,0.000000000,-0.000000000,8.000000000,2.500000000,3.291463137,188.586946154,0.000000000,-2.884488106,2.000000000,0.500000000,-2.829976082,-162.145685613,0.000000000,2.519175053,1.000000000,0.500000000,-0.364118576,-20.862457650,0.000000000,0.430193961,0.500000000,0.200000003,0.359138489,20.577119667,0.000000000,0.000042848,0.000000000,0.100000001
2026-07-07 01:45:26.762,1783359926.762797356,2.027237813,1,1,1.999838791,1,0.001429238,5,1,0.008229784,5,1,0,0,0,0,1,1,0,1,1,1,0.024870835,0.105443781,-0.216623812,1.583815595,1,1.031382204,12,1,12,1:-1.251:2.428|2:-0.428:2.425|3:0.392:2.424|4:1.223:2.419|5:1.228:1.589|6:0.405:1.588|7:-0.440:1.588|8:-1.261:1.589|9:-1.185:4.911|10:-0.390:4.902|11:0.375:4.903|12:1.182:4.901,0,-1.000000000,,0,0,0.000000000,0.000000000,0,-1.000000000,0,,0,-1.000000000,,0,-1.000000000,0,,1,0.037575722,2.152930268,-0.124542236,0.490842819,1,3.266286135,187.144410202,-0.002442360,-2.851282120,1,-2.825016975,-161.861549743,-0.002442360,2.495725632,1,-0.341610909,-19.572863293,0.007326126,0.417582512,1,0.359138489,20.577119667,-0.012210846,-0.003663063,0.040246010,2.305926505,0.000000000,-0.000000000,8.000000000,2.500000000,3.291463137,188.586946154,0.000000000,-2.884488106,2.000000000,0.500000000,-2.829976082,-162.145685613,0.000000000,2.519175053,1.000000000,0.500000000,-0.364118576,-20.862457650,0.000000000,0.430193961,0.500000000,0.200000003,0.359138489,20.577119667,0.000000000,0.000042848,0.000000000,0.100000001
2026-07-07 01:45:27.763,1783359927.762933969,3.027374604,1,1,2.999975582,1,0.001458059,5,1,0.008296951,5,1,0,0,0,0,1,1,1,1,1,1,0.025080867,0.109472632,-0.212302180,1.584219861,1,2.031518995,12,1,12,1:-1.251:2.428|2:-0.428:2.425|3:0.392:2.424|4:1.223:2.419|5:1.228:1.589|6:0.405:1.588|7:-0.440:1.588|8:-1.261:1.589|9:-1.185:4.911|10:-0.390:4.902|11:0.375:4.903|12:1.182:4.901,0,-1.000000000,,0,0,0.000000000,0.000000000,0,-1.000000000,0,,0,-1.000000000,,0,-1.000000000,0,,1,0.040627480,2.327783111,-0.139194489,-0.534798622,1,3.266286135,187.144410202,-0.002442360,-2.851282120,1,-2.825016975,-161.861549743,0.002442360,2.495725632,1,-0.338940620,-19.419867056,-0.007326126,0.412698746,1,0.359138489,20.577119667,-0.012210846,-0.003663063,0.040246010,2.305926505,0.000000000,-0.000000000,8.000000000,2.500000000,3.291463137,188.586946154,0.000000000,-2.884488106,2.000000000,0.500000000,-2.829976082,-162.145685613,0.000000000,2.519175053,1.000000000,0.500000000,-0.364118576,-20.862457650,0.000000000,0.430193961,0.500000000,0.200000003,0.359138489,20.577119667,0.000000000,0.000042848,0.000000000,0.100000001
2026-07-07 01:45:28.763,1783359928.763083935,4.027524695,1,1,4.000125673,1,0.001422293,5,1,0.008241471,5,1,0,0,0,0,1,1,1,1,1,1,0.024436643,0.096087980,-0.219792284,1.584097008,1,3.031669086,12,1,12,1:-1.251:2.428|2:-0.428:2.425|3:0.392:2.424|4:1.223:2.419|5:1.228:1.589|6:0.405:1.588|7:-0.440:1.588|8:-1.261:1.589|9:-1.185:4.911|10:-0.390:4.902|11:0.375:4.903|12:1.182:4.901,0,-1.000000000,,0,0,0.000000000,0.000000000,0,-1.000000000,0,,0,-1.000000000,,0,-1.000000000,0,,1,0.036812782,2.109217057,0.197801590,0.461538315,1,3.266286135,187.144410202,-0.002442360,-2.851282120,1,-2.825016975,-161.861549743,-0.002442360,2.495725632,1,-0.338940620,-19.419867056,-0.021978378,0.412698746,1,0.359138489,20.577119667,-0.012210846,-0.003663063,0.040246010,2.305926505,0.000000000,-0.000000000,8.000000000,2.500000000,3.291463137,188.586946154,0.000000000,-2.884488106,2.000000000,0.500000000,-2.829976082,-162.145685613,0.000000000,2.519175053,1.000000000,0.500000000,-0.364118576,-20.862457650,0.000000000,0.430193961,0.500000000,0.200000003,0.359138489,20.577119667,0.000000000,0.000042848,0.000000000,0.100000001
2026-07-07 01:45:29.763,1783359929.763133764,5.027574344,1,1,5.000175322,1,0.001331629,5,1,0.008354466,5,1,0,0,0,0,1,1,1,1,1,1,0.024997349,0.105303840,-0.112096783,1.537846907,1,4.031718735,12,1,12,1:-1.251:2.428|2:-0.428:2.425|3:0.392:2.424|4:1.223:2.419|5:1.228:1.589|6:0.405:1.588|7:-0.440:1.588|8:-1.261:1.589|9:-1.185:4.911|10:-0.390:4.902|11:0.375:4.903|12:1.182:4.901,0,-1.000000000,,0,0,0.000000000,0.000000000,0,-1.000000000,0,,0,-1.000000000,,0,-1.000000000,0,,1,0.037957191,2.174786873,0.608058929,-0.573870659,1,3.265523195,187.100696991,-0.002442360,-2.837606430,1,-2.825016975,-161.861549743,-0.007326126,2.482051849,1,-0.335125923,-19.201301002,-0.007326126,0.402930260,1,0.359521866,20.599085556,-0.012210846,-0.003663063,0.040246010,2.305926505,0.000000000,-0.000000000,8.000000000,2.500000000,3.291463137,188.586946154,0.000000000,-2.884488106,2.000000000,0.500000000,-2.829976082,-162.145685613,0.000000000,2.519175053,1.000000000,0.500000000,-0.364118576,-20.862457650,0.000000000,0.430193961,0.500000000,0.200000003,0.359138489,20.577119667,0.000000000,0.000042848,0.000000000,0.100000001
2026-07-07 01:45:30.763,1783359930.763262272,6.027702867,1,1,6.000303845,1,0.001655086,5,1,0.008248384,5,1,0,0,0,0,1,1,1,1,1,1,0.025072548,0.094864868,-0.114721864,1.550760335,1,5.031847258,12,1,12,1:-1.251:2.428|2:-0.428:2.425|3:0.392:2.424|4:1.223:2.419|5:1.228:1.589|6:0.405:1.588|7:-0.440:1.588|8:-1.261:1.589|9:-1.185:4.911|10:-0.390:4.902|11:0.375:4.903|12:1.182:4.901,0,-1.000000000,,0,0,0.000000000,0.000000000,0,-1.000000000,0,,0,-1.000000000,,0,-1.000000000,0,,1,0.032235146,1.846937793,-1.135530472,-0.241758347,1,3.264378786,187.035127175,-0.002442360,-2.851282120,1,-2.825016975,-161.861549743,-0.002442360,2.482051849,1,-0.334744453,-19.179444397,-0.007326126,0.407814026,1,0.359905243,20.621051444,-0.012210846,-0.003663063,0.040246010,2.305926505,0.000000000,-0.000000000,8.000000000,2.500000000,3.291463137,188.586946154,0.000000000,-2.884488106,2.000000000,0.500000000,-2.829976082,-162.145685613,0.000000000,2.519175053,1.000000000,0.500000000,-0.364118576,-20.862457650,0.000000000,0.430193961,0.500000000,0.200000003,0.359138489,20.577119667,0.000000000,0.000042848,0.000000000,0.100000001
2026-07-07 01:45:31.763,1783359931.763323069,7.027763702,1,1,7.000364680,1,0.001483909,5,1,0.008266260,5,1,0,0,0,0,1,1,1,1,1,1,0.025159072,0.093663643,-0.112535857,1.549992087,1,6.031908093,12,1,12,1:-1.251:2.428|2:-0.428:2.425|3:0.392:2.424|4:1.223:2.419|5:1.228:1.589|6:0.405:1.588|7:-0.440:1.588|8:-1.261:1.589|9:-1.185:4.911|10:-0.390:4.902|11:0.375:4.903|12:1.182:4.901,0,-1.000000000,,0,0,0.000000000,0.000000000,0,-1.000000000,0,,0,-1.000000000,,0,-1.000000000,0,,1,0.033379555,1.912507609,-1.223443985,-0.173381805,1,3.264378786,187.035127175,-0.002442360,-2.837606430,1,-2.825016975,-161.861549743,-0.002442360,2.495725632,1,-0.334744453,-19.179444397,-0.007326126,0.407814026,1,0.359521866,20.599085556,-0.061050415,-0.003663063,0.040246010,2.305926505,0.000000000,-0.000000000,8.000000000,2.500000000,3.291463137,188.586946154,0.000000000,-2.884488106,2.000000000,0.500000000,-2.829976082,-162.145685613,0.000000000,2.519175053,1.000000000,0.500000000,-0.364118576,-20.862457650,0.000000000,0.430193961,0.500000000,0.200000003,0.359138489,20.577119667,0.000000000,0.000042848,0.000000000,0.100000001
2026-07-07 01:45:32.763,1783359932.763440609,8.027881353,1,1,8.000482331,1,0.001647214,5,1,0.008297370,5,1,0,0,0,0,1,1,1,1,1,1,0.025137246,0.093921711,-0.113923673,1.551304524,1,7.032025744,12,1,12,1:-1.251:2.428|2:-0.428:2.425|3:0.392:2.424|4:1.223:2.419|5:1.228:1.589|6:0.405:1.588|7:-0.440:1.588|8:-1.261:1.589|9:-1.185:4.911|10:-0.390:4.902|11:0.375:4.903|12:1.182:4.901,0,-1.000000000,,0,0,0.000000000,0.000000000,0,-1.000000000,0,,0,-1.000000000,,0,-1.000000000,0,,1,0.038720131,2.218500084,0.769229889,0.402930260,1,3.264378786,187.035127175,-0.002442360,-2.837606430,1,-2.825016975,-161.861549743,-0.002442360,2.495725632,1,-0.334744453,-19.179444397,-0.007326126,0.407814026,1,0.359521866,20.599085556,-0.036628723,-0.003663063,0.040246010,2.305926505,0.000000000,-0.000000000,8.000000000,2.500000000,3.291463137,188.586946154,0.000000000,-2.884488106,2.000000000,0.500000000,-2.829976082,-162.145685613,0.000000000,2.519175053,1.000000000,0.500000000,-0.364118576,-20.862457650,0.000000000,0.430193961,0.500000000,0.200000003,0.359138489,20.577119667,0.000000000,0.000042848,0.000000000,0.100000001
2026-07-07 01:45:33.763,1783359933.763528109,9.027968871,1,1,9.000569849,1,0.001693928,5,1,0.008127533,5,1,0,0,0,0,1,1,1,1,1,1,0.025185594,0.095355045,-0.121018190,1.551292055,1,8.032113262,12,1,12,1:-1.251:2.428|2:-0.428:2.425|3:0.392:2.424|4:1.223:2.419|5:1.228:1.589|6:0.405:1.588|7:-0.440:1.588|8:-1.261:1.589|9:-1.185:4.911|10:-0.390:4.902|11:0.375:4.903|12:1.182:4.901,0,-1.000000000,,0,0,0.000000000,0.000000000,0,-1.000000000,0,,0,-1.000000000,,0,-1.000000000,0,,1,0.031853676,1.825081188,-1.194139481,0.061050415,1,3.264378786,187.035127175,0.002442360,-2.837606430,1,-2.825016975,-161.861549743,-0.002442360,2.509401321,1,-0.334744453,-19.179444397,-0.007326126,0.407814026,1,0.359905243,20.621051444,-0.012210846,-0.003663063,0.040246010,2.305926505,0.000000000,-0.000000000,8.000000000,2.500000000,3.291463137,188.586946154,0.000000000,-2.884488106,2.000000000,0.500000000,-2.829976082,-162.145685613,0.000000000,2.519175053,1.000000000,0.500000000,-0.364118576,-20.862457650,0.000000000,0.430193961,0.500000000,0.200000003,0.359138489,20.577119667,0.000000000,0.000042848,0.000000000,0.100000001
2026-07-07 01:45:34.763,1783359934.763639927,10.028080407,1,1,10.000681385,1,0.001859975,5,1,0.008237261,5,1,0,0,0,0,1,1,1,1,1,1,0.025260091,0.095500020,-0.120188530,1.551817947,1,9.032224798,12,1,12,1:-1.251:2.428|2:-0.428:2.425|3:0.392:2.424|4:1.223:2.419|5:1.228:1.589|6:0.405:1.588|7:-0.440:1.588|8:-1.261:1.589|9:-1.185:4.911|10:-0.390:4.902|11:0.375:4.903|12:1.182:4.901,0,-1.000000000,,0,0,0.000000000,0.000000000,0,-1.000000000,0,,0,-1.000000000,,0,-1.000000000,0,,1,0.037575722,2.152930268,0.329669952,0.500610352,1,3.264378786,187.035127175,-0.002442360,-2.851282120,1,-2.825016975,-161.861549743,-0.002442360,2.495725632,1,-0.334744453,-19.179444397,-0.021978378,0.412698746,1,0.359905243,20.621051444,-0.012210846,-0.003663063,0.040246010,2.305926505,0.000000000,-0.000000000,8.000000000,2.500000000,3.291463137,188.586946154,0.000000000,-2.884488106,2.000000000,0.500000000,-2.829976082,-162.145685613,0.000000000,2.519175053,1.000000000,0.500000000,-0.364118576,-20.862457650,0.000000000,0.430193961,0.500000000,0.200000003,0.359138489,20.577119667,0.000000000,0.000042848,0.000000000,0.100000001
2026-07-07 01:45:35.763,1783359935.763581753,11.028022340,1,1,11.000623318,1,0.001576779,5,1,0.008216015,5,1,0,0,0,0,1,1,1,1,1,1,0.025109361,0.094002882,-0.115285713,1.550226643,1,10.032166731,12,1,12,1:-1.251:2.428|2:-0.428:2.425|3:0.392:2.424|4:1.223:2.419|5:1.228:1.589|6:0.405:1.588|7:-0.440:1.588|8:-1.261:1.589|9:-1.185:4.911|10:-0.390:4.902|11:0.375:4.903|12:1.182:4.901,0,-1.000000000,,0,0,0.000000000,0.000000000,0,-1.000000000,0,,0,-1.000000000,,0,-1.000000000,0,,1,0.042916298,2.458922743,1.208791733,0.148962021,1,3.264378786,187.035127175,-0.002442360,-2.837606430,1,-2.825016975,-161.861549743,0.002442360,2.509401321,1,-0.334744453,-19.179444397,-0.007326126,0.412698746,1,0.359905243,20.621051444,0.012210846,-0.003663063,0.040246010,2.305926505,0.000000000,-0.000000000,8.000000000,2.500000000,3.291463137,188.586946154,0.000000000,-2.884488106,2.000000000,0.500000000,-2.829976082,-162.145685613,0.000000000,2.519175053,1.000000000,0.500000000,-0.364118576,-20.862457650,0.000000000,0.430193961,0.500000000,0.200000003,0.359138489,20.577119667,0.000000000,0.000042848,0.000000000,0.100000001
2026-07-07 01:45:36.729,1783359936.729507446,11.993947861,1,1,11.966548839,1,0.001483203,5,1,0.007848033,5,1,0,0,0,0,1,1,1,1,1,1,0.023895884,0.092259505,-0.116738933,1.550971738,1,10.998092252,12,1,12,1:-1.251:2.428|2:-0.428:2.425|3:0.392:2.424|4:1.223:2.419|5:1.228:1.589|6:0.405:1.588|7:-0.440:1.588|8:-1.261:1.589|9:-1.185:4.911|10:-0.390:4.902|11:0.375:4.903|12:1.182:4.901,0,-1.000000000,,0,0,0.000000000,0.000000000,0,-1.000000000,0,,0,-1.000000000,,0,-1.000000000,0,,1,0.032235146,1.846937793,-1.179487228,0.056165695,1,3.264378786,187.035127175,0.002442360,-2.851282120,1,-2.825016975,-161.861549743,0.002442360,2.482051849,1,-0.334744453,-19.179444397,-0.007326126,0.407814026,1,0.359521866,20.599085556,-0.036628723,-0.003663063,0.040246010,2.305926505,0.000000000,-0.000000000,8.000000000,2.500000000,3.291463137,188.586946154,0.000000000,-2.884488106,2.000000000,0.500000000,-2.829976082,-162.145685613,0.000000000,2.519175053,1.000000000,0.500000000,-0.364118576,-20.862457650,0.000000000,0.430193961,0.500000000,0.200000003,0.359138489,20.577119667,0.000000000,0.000042848,0.000000000,0.100000001
2026-07-07 01:45:37.688,1783359937.688898563,12.953339162,1,1,12.925940140,1,0.001767630,5,1,0.007880501,5,1,0,0,0,0,1,1,1,1,1,1,0.024169335,0.093257054,-0.116248383,1.550780533,1,11.957483553,12,1,12,1:-1.251:2.428|2:-0.428:2.425|3:0.392:2.424|4:1.223:2.419|5:1.228:1.589|6:0.405:1.588|7:-0.440:1.588|8:-1.261:1.589|9:-1.185:4.911|10:-0.390:4.902|11:0.375:4.903|12:1.182:4.901,0,-1.000000000,,0,0,0.000000000,0.000000000,0,-1.000000000,0,,0,-1.000000000,,0,-1.000000000,0,,1,0.037957191,2.174786873,0.388278961,0.481074333,1,3.264378786,187.035127175,-0.002442360,-2.851282120,1,-2.825016975,-161.861549743,-0.002442360,2.495725632,1,-0.334744453,-19.179444397,-0.007326126,0.407814026,1,0.359521866,20.599085556,-0.036628723,-0.003663063,0.040246010,2.305926505,0.000000000,-0.000000000,8.000000000,2.500000000,3.291463137,188.586946154,0.000000000,-2.884488106,2.000000000,0.500000000,-2.829976082,-162.145685613,0.000000000,2.519175053,1.000000000,0.500000000,-0.364118576,-20.862457650,0.000000000,0.430193961,0.500000000,0.200000003,0.359138489,20.577119667,0.000000000,0.000042848,0.000000000,0.100000001
2026-07-07 01:45:38.653,1783359938.653109789,13.917550394,1,1,13.890151372,1,0.001583755,5,1,0.007901350,5,1,0,0,0,0,1,1,1,1,1,1,0.024518079,0.071897032,-0.098999753,1.556269788,1,12.921694785,12,1,12,1:-1.251:2.428|2:-0.428:2.425|3:0.392:2.424|4:1.223:2.419|5:1.228:1.589|6:0.405:1.588|7:-0.440:1.588|8:-1.261:1.589|9:-1.185:4.911|10:-0.390:4.902|11:0.375:4.903|12:1.182:4.901,0,-1.000000000,,0,0,0.000000000,0.000000000,0,-1.000000000,0,,0,-1.000000000,,0,-1.000000000,0,,1,0.043297768,2.480779348,-0.886445999,-0.568986893,1,3.264378786,187.035127175,-0.002442360,-2.851282120,1,-2.825016975,-161.861549743,-0.002442360,2.495725632,1,-0.334744453,-19.179444397,0.007326126,0.412698746,1,0.359905243,20.621051444,0.036628723,-0.006104946,0.040246010,2.305926505,0.000000000,-0.000000000,8.000000000,2.500000000,3.291463137,188.586946154,0.000000000,-2.884488106,2.000000000,0.500000000,-2.829976082,-162.145685613,0.000000000,2.519175053,1.000000000,0.500000000,-0.364118576,-20.862457650,0.000000000,0.430193961,0.500000000,0.200000003,0.359138489,20.577119667,0.000000000,0.000042848,0.000000000,0.100000001
2026-07-07 01:45:39.621,1783359939.621569872,14.886010408,1,1,14.858611386,1,0.001643804,5,1,0.007965818,5,1,0,0,0,0,1,1,1,1,1,1,0.024311256,0.050689934,-0.085783524,1.552604790,1,13.890154799,12,1,12,1:-1.251:2.428|2:-0.428:2.425|3:0.392:2.424|4:1.223:2.419|5:1.228:1.589|6:0.405:1.588|7:-0.440:1.588|8:-1.261:1.589|9:-1.185:4.911|10:-0.390:4.902|11:0.375:4.903|12:1.182:4.901,0,-1.000000000,,0,0,0.000000000,0.000000000,0,-1.000000000,0,,0,-1.000000000,,0,-1.000000000,0,,1,0.025749207,1.475320861,-0.021978378,0.085470200,1,3.264378786,187.035127175,-0.002442360,-2.851282120,1,-2.825016975,-161.861549743,-0.002442360,2.495725632,1,-0.334744453,-19.179444397,-0.007326126,0.407814026,1,0.359905243,20.621051444,-0.012210846,-0.003663063,0.040246010,2.305926505,0.000000000,-0.000000000,8.000000000,2.500000000,3.291463137,188.586946154,0.000000000,-2.884488106,2.000000000,0.500000000,-2.829976082,-162.145685613,0.000000000,2.519175053,1.000000000,0.500000000,-0.364118576,-20.862457650,0.000000000,0.430193961,0.500000000,0.200000003,0.359138489,20.577119667,0.000000000,0.000042848,0.000000000,0.100000001
2026-07-07 01:45:40.593,1783359940.593799114,15.858239843,1,1,15.830840821,1,0.001864360,5,1,0.007993679,5,1,0,0,0,0,1,1,1,1,1,1,0.024648042,0.047560603,-0.080393989,1.550634871,1,14.862384234,12,1,12,1:-1.251:2.428|2:-0.428:2.425|3:0.392:2.424|4:1.223:2.419|5:1.228:1.589|6:0.405:1.588|7:-0.440:1.588|8:-1.261:1.589|9:-1.185:4.911|10:-0.390:4.902|11:0.375:4.903|12:1.182:4.901,0,-1.000000000,,0,0,0.000000000,0.000000000,0,-1.000000000,0,,0,-1.000000000,,0,-1.000000000,0,,1,0.025749207,1.475320861,0.007326126,0.090353966,1,3.264378786,187.035127175,-0.002442360,-2.851282120,1,-2.825016975,-161.861549743,-0.002442360,2.495725632,1,-0.334744453,-19.179444397,-0.007326126,0.412698746,1,0.359905243,20.621051444,-0.036628723,-0.003663063,0.040246010,2.305926505,0.000000000,-0.000000000,8.000000000,2.500000000,3.291463137,188.586946154,0.000000000,-2.884488106,2.000000000,0.500000000,-2.829976082,-162.145685613,0.000000000,2.519175053,1.000000000,0.500000000,-0.364118576,-20.862457650,0.000000000,0.430193961,0.500000000,0.200000003,0.359138489,20.577119667,0.000000000,0.000042848,0.000000000,0.100000001
2026-07-07 01:45:41.569,1783359941.569338560,16.833779325,1,1,16.806380303,1,0.001768793,5,1,0.007967811,5,1,0,0,0,0,1,1,1,1,1,1,0.024439192,0.045399451,-0.086408104,1.551792169,1,15.837923716,12,1,12,1:-1.251:2.428|2:-0.428:2.425|3:0.392:2.424|4:1.223:2.419|5:1.228:1.589|6:0.405:1.588|7:-0.440:1.588|8:-1.261:1.589|9:-1.185:4.911|10:-0.390:4.902|11:0.375:4.903|12:1.182:4.901,0,-1.000000000,,0,0,0.000000000,0.000000000,0,-1.000000000,0,,0,-1.000000000,,0,-1.000000000,0,,1,0.025749207,1.475320861,-0.007326126,0.090353966,1,3.264378786,187.035127175,-0.002442360,-2.851282120,1,-2.825016975,-161.861549743,-0.002442360,2.482051849,1,-0.334744453,-19.179444397,-0.007326126,0.407814026,1,0.359905243,20.621051444,0.012210846,-0.003663063,0.040246010,2.305926505,0.000000000,-0.000000000,8.000000000,2.500000000,3.291463137,188.586946154,0.000000000,-2.884488106,2.000000000,0.500000000,-2.829976082,-162.145685613,0.000000000,2.519175053,1.000000000,0.500000000,-0.364118576,-20.862457650,0.000000000,0.430193961,0.500000000,0.200000003,0.359138489,20.577119667,0.000000000,0.000042848,0.000000000,0.100000001
2026-07-07 01:45:42.547,1783359942.547838688,17.812279406,1,1,17.784880384,1,0.001254434,5,1,0.008107927,5,1,0,0,0,0,1,1,1,1,1,1,0.024487378,0.007655509,-0.041088219,1.698035006,1,16.816423797,12,1,12,1:-1.251:2.428|2:-0.428:2.425|3:0.392:2.424|4:1.223:2.419|5:1.228:1.589|6:0.405:1.588|7:-0.440:1.588|8:-1.261:1.589|9:-1.185:4.911|10:-0.390:4.902|11:0.375:4.903|12:1.182:4.901,0,-1.000000000,,0,0,0.000000000,0.000000000,0,-1.000000000,0,,0,-1.000000000,,0,-1.000000000,0,,1,0.026130676,1.497177466,-0.007326126,0.065934181,1,3.239963770,185.636249791,-0.041514397,-2.700855255,1,-2.826161385,-161.927119559,0.192917824,2.331623077,1,-0.298886299,-17.124923495,0.168498993,0.358974457,1,0.391734123,22.444711952,-0.036628723,-0.001221180,0.040246010,2.305926505,0.000000000,-0.000000000,8.000000000,2.500000000,3.291463137,188.586946154,0.000000000,-2.884488106,2.000000000,0.500000000,-2.829976082,-162.145685613,0.000000000,2.519175053,1.000000000,0.500000000,-0.364118576,-20.862457650,0.000000000,0.430193961,0.500000000,0.200000003,0.359138489,20.577119667,0.000000000,0.000042848,0.000000000,0.100000001
2026-07-07 01:45:43.528,1783359943.528876305,18.793316798,1,1,18.765917776,1,0.001729296,5,1,0.008037223,5,1,0,0,0,0,1,1,1,1,1,1,0.024770611,-0.200345104,0.082706696,2.076771113,1,17.797461189,12,1,12,1:-1.251:2.428|2:-0.428:2.425|3:0.392:2.424|4:1.223:2.419|5:1.228:1.589|6:0.405:1.588|7:-0.440:1.588|8:-1.261:1.589|9:-1.185:4.911|10:-0.390:4.902|11:0.375:4.903|12:1.182:4.901,0,-1.000000000,,0,0,0.000000000,0.000000000,0,-1.000000000,0,,0,-1.000000000,,0,-1.000000000,0,,1,0.026130676,1.497177466,0.007326126,0.061050415,1,3.231189966,185.133547868,0.129426003,-2.536752701,1,-2.845235825,-163.020004468,0.090353966,2.208547592,1,-0.262645721,-15.048491345,0.109889984,0.339438438,1,0.371409416,21.280192020,-0.085468292,0.008546829,0.040246010,2.305926505,0.000000000,-0.000000000,8.000000000,2.500000000,3.291463137,188.586946154,0.000000000,-2.884488106,2.000000000,0.500000000,-2.829976082,-162.145685613,0.000000000,2.519175053,1.000000000,0.500000000,-0.364118576,-20.862457650,0.000000000,0.430193961,0.500000000,0.200000003,0.359138489,20.577119667,0.000000000,0.000042848,0.000000000,0.100000001
2026-07-07 01:45:44.512,1783359944.512179375,19.776619974,1,1,19.749220952,1,0.001846201,5,1,0.008101041,5,1,0,0,0,0,1,1,1,1,1,1,0.024691363,-0.411788697,0.122206046,2.424837948,1,18.780764365,12,1,12,1:-1.251:2.428|2:-0.428:2.425|3:0.392:2.424|4:1.223:2.419|5:1.228:1.589|6:0.405:1.588|7:-0.440:1.588|8:-1.261:1.589|9:-1.185:4.911|10:-0.390:4.902|11:0.375:4.903|12:1.182:4.901,0,-1.000000000,,0,0,0.000000000,0.000000000,0,-1.000000000,0,,0,-1.000000000,,0,-1.000000000,0,,1,0.029563904,1.693886914,-0.021978378,0.080586433,1,3.225849390,184.827555394,0.354090691,-3.042734146,1,-2.844091415,-162.954434652,-0.056165695,2.208547592,1,-0.264934540,-15.179630977,0.007326126,0.368741989,1,0.337662697,19.346647428,0.085468292,-0.006104946,0.040246010,2.305926505,0.000000000,-0.000000000,8.000000000,2.500000000,3.291463137,188.586946154,0.000000000,-2.884488106,2.000000000,0.500000000,-2.829976082,-162.145685613,0.000000000,2.519175053,1.000000000,0.500000000,-0.364118576,-20.862457650,0.000000000,0.430193961,0.500000000,0.200000003,0.359138489,20.577119667,0.000000000,0.000042848,0.000000000,0.100000001
2026-07-07 01:45:45.497,1783359945.497501850,20.761942550,1,1,20.734543528,1,0.002019185,5,1,0.008137016,5,1,0,0,0,0,1,1,1,1,1,1,0.024327468,-0.531517372,0.127172801,2.513467975,1,19.766086941,12,1,12,1:-1.251:2.428|2:-0.428:2.425|3:0.392:2.424|4:1.223:2.419|5:1.228:1.589|6:0.405:1.588|7:-0.440:1.588|8:-1.261:1.589|9:-1.185:4.911|10:-0.390:4.902|11:0.375:4.903|12:1.182:4.901,0,-1.000000000,,0,0,0.000000000,0.000000000,0,-1.000000000,0,,0,-1.000000000,,0,-1.000000000,0,,1,0.029182434,1.672030309,-0.402931213,0.652014732,1,3.208301783,183.822151548,0.285714149,-3.220512390,1,-2.844854355,-162.998147863,-0.012209892,2.509401321,1,-0.265316010,-15.201487583,0.373626709,0.310133934,1,0.357220650,20.467235584,0.573871613,-0.047618866,0.040246010,2.305926505,0.000000000,-0.000000000,8.000000000,2.500000000,3.291463137,188.586946154,0.000000000,-2.884488106,2.000000000,0.500000000,-2.829976082,-162.145685613,0.000000000,2.519175053,1.000000000,0.500000000,-0.364118576,-20.862457650,0.000000000,0.430193961,0.500000000,0.200000003,0.359138489,20.577119667,0.000000000,0.000042848,0.000000000,0.100000001
2026-07-07 01:45:46.484,1783359946.484566927,21.749007533,1,1,21.721608511,1,0.001887560,5,1,0.008045843,5,1,0,0,0,0,1,1,1,1,1,1,0.025007612,-0.653816245,0.130273333,2.617247007,1,20.753151924,12,1,12,1:-1.251:2.428|2:-0.428:2.425|3:0.392:2.424|4:1.223:2.419|5:1.228:1.589|6:0.405:1.588|7:-0.440:1.588|8:-1.261:1.589|9:-1.185:4.911|10:-0.390:4.902|11:0.375:4.903|12:1.182:4.901,0,-1.000000000,,0,0,0.000000000,0.000000000,0,-1.000000000,0,,0,-1.000000000,,0,-1.000000000,0,,1,0.032998085,1.890651004,-0.197801590,0.485958099,1,3.221653223,184.587132735,-0.002442360,-2.769229889,1,-2.845617294,-163.041861073,0.007326126,2.646154404,1,-0.241664886,-13.846378052,-0.007326126,0.363858223,1,0.353769302,20.269487947,0.012210846,-0.003663063,0.040246010,2.305926505,0.000000000,-0.000000000,8.000000000,2.500000000,3.291463137,188.586946154,0.000000000,-2.884488106,2.000000000,0.500000000,-2.829976082,-162.145685613,0.000000000,2.519175053,1.000000000,0.500000000,-0.364118576,-20.862457650,0.000000000,0.430193961,0.500000000,0.200000003,0.359138489,20.577119667,0.000000000,0.000042848,0.000000000,0.100000001
2026-07-07 01:45:47.473,1783359947.473175526,22.737616139,1,1,22.710217117,1,0.001463609,5,1,0.008149072,5,1,0,0,0,0,1,1,1,1,1,1,0.023322035,-0.730085577,0.170103729,2.603311901,1,21.741760530,12,1,12,1:-1.251:2.428|2:-0.428:2.425|3:0.392:2.424|4:1.223:2.419|5:1.228:1.589|6:0.405:1.588|7:-0.440:1.588|8:-1.261:1.589|9:-1.185:4.911|10:-0.390:4.902|11:0.375:4.903|12:1.182:4.901,0,-1.000000000,,0,0,0.000000000,0.000000000,0,-1.000000000,0,,0,-1.000000000,,0,-1.000000000,0,,1,0.033379555,1.912507609,-0.358974457,0.578754425,1,3.218982935,184.434136497,0.012209892,-2.796581268,1,-2.849050522,-163.238570522,0.080586433,2.714529037,1,-0.240520477,-13.780808235,-0.051282883,0.363858223,1,0.364891052,20.906717276,-0.036628723,-0.003663063,0.040246010,2.305926505,0.000000000,-0.000000000,8.000000000,2.500000000,3.291463137,188.586946154,0.000000000,-2.884488106,2.000000000,0.500000000,-2.829976082,-162.145685613,0.000000000,2.519175053,1.000000000,0.500000000,-0.364118576,-20.862457650,0.000000000,0.430193961,0.500000000,0.200000003,0.359138489,20.577119667,0.000000000,0.000042848,0.000000000,0.100000001
2026-07-07 01:45:48.463,1783359948.463110209,23.727550758,1,1,23.700151736,1,0.001449499,5,1,0.008054396,5,1,0,0,0,0,1,1,1,1,1,1,0.024592937,-0.802598663,0.203558928,2.602307791,1,22.731695149,12,1,12,1:-1.251:2.428|2:-0.428:2.425|3:0.392:2.424|4:1.223:2.419|5:1.228:1.589|6:0.405:1.588|7:-0.440:1.588|8:-1.261:1.589|9:-1.185:4.911|10:-0.390:4.902|11:0.375:4.903|12:1.182:4.901,0,-1.000000000,,0,0,0.000000000,0.000000000,0,-1.000000000,0,,0,-1.000000000,,0,-1.000000000,0,,1,0.037575722,2.152930268,-0.212453842,0.349205971,1,3.214786768,184.193713839,0.007326126,-2.687179565,1,-2.850194931,-163.304140338,0.075701714,2.454700470,1,-0.243953705,-13.977517684,-0.036630630,0.363858223,1,0.365274429,20.928683164,0.012210846,-0.003663063,0.040246010,2.305926505,0.000000000,-0.000000000,8.000000000,2.500000000,3.291463137,188.586946154,0.000000000,-2.884488106,2.000000000,0.500000000,-2.829976082,-162.145685613,0.000000000,2.519175053,1.000000000,0.500000000,-0.364118576,-20.862457650,0.000000000,0.430193961,0.500000000,0.200000003,0.359138489,20.577119667,0.000000000,0.000042848,0.000000000,0.100000001
2026-07-07 01:45:49.454,1783359949.454241753,24.718682502,1,1,24.691283480,1,0.001497989,5,1,0.008071001,5,1,0,0,0,0,1,1,1,1,1,1,0.024995444,-0.872789718,0.235646665,2.573823585,1,23.722826893,12,1,12,1:-1.251:2.428|2:-0.428:2.425|3:0.392:2.424|4:1.223:2.419|5:1.228:1.589|6:0.405:1.588|7:-0.440:1.588|8:-1.261:1.589|9:-1.185:4.911|10:-0.390:4.902|11:0.375:4.903|12:1.182:4.901,0,-1.000000000,,0,0,0.000000000,0.000000000,0,-1.000000000,0,,0,-1.000000000,,0,-1.000000000,0,,1,0.037194252,2.131073663,0.036630630,0.021978378,1,3.218982935,184.434136497,0.144078255,-2.714529037,1,-2.849431992,-163.260427127,0.056165695,2.345298767,1,-0.244716644,-14.021230894,0.007326126,0.358974457,1,0.364891052,20.906717276,-0.012210846,-0.003663063,0.040246010,2.305926505,0.000000000,-0.000000000,8.000000000,2.500000000,3.291463137,188.586946154,0.000000000,-2.884488106,2.000000000,0.500000000,-2.829976082,-162.145685613,0.000000000,2.519175053,1.000000000,0.500000000,-0.364118576,-20.862457650,0.000000000,0.430193961,0.500000000,0.200000003,0.359138489,20.577119667,0.000000000,0.000042848,0.000000000,0.100000001
2026-07-07 01:45:50.446,1783359950.446420193,25.710860945,1,1,25.683461923,1,0.001689465,5,1,0.008050332,5,1,0,0,0,0,1,1,1,1,1,1,0.024959150,-0.945830901,0.255070279,2.546582501,1,24.715005336,12,1,12,1:-1.251:2.428|2:-0.428:2.425|3:0.392:2.424|4:1.223:2.419|5:1.228:1.589|6:0.405:1.588|7:-0.440:1.588|8:-1.261:1.589|9:-1.185:4.911|10:-0.390:4.902|11:0.375:4.903|12:1.182:4.901,0,-1.000000000,,0,0,0.000000000,0.000000000,0,-1.000000000,0,,0,-1.000000000,,0,-1.000000000,0,,1,0.038720131,2.218500084,0.021978378,0.021978378,1,3.210209131,183.931434574,0.124542236,-2.659828186,1,-2.847143173,-163.129287495,0.012209892,2.482051849,1,-0.246623993,-14.130513921,0.095237732,0.344322205,1,0.365274429,20.928683164,0.036628723,-0.003663063,0.040246010,2.305926505,0.000000000,-0.000000000,8.000000000,2.500000000,3.291463137,188.586946154,0.000000000,-2.884488106,2.000000000,0.500000000,-2.829976082,-162.145685613,0.000000000,2.519175053,1.000000000,0.500000000,-0.364118576,-20.862457650,0.000000000,0.430193961,0.500000000,0.200000003,0.359138489,20.577119667,0.000000000,0.000042848,0.000000000,0.100000001
2026-07-07 01:45:51.439,1783359951.439523697,26.703964075,1,1,26.676565053,1,0.001998009,5,1,0.008261285,5,1,0,0,0,0,1,1,1,1,1,1,0.025085372,-1.014794114,0.271565561,2.538205716,1,25.708108466,12,1,12,1:-1.251:2.428|2:-0.428:2.425|3:0.392:2.424|4:1.223:2.419|5:1.228:1.589|6:0.405:1.588|7:-0.440:1.588|8:-1.261:1.589|9:-1.185:4.911|10:-0.390:4.902|11:0.375:4.903|12:1.182:4.901,0,-1.000000000,,0,0,0.000000000,0.000000000,0,-1.000000000,0,,0,-1.000000000,,0,-1.000000000,0,,1,0.037194252,2.131073663,-0.124542236,0.026862144,1,3.220508814,184.521562919,0.188034058,-2.851282120,1,-2.851339340,-163.369710154,0.041514397,2.413675308,1,-0.242427826,-13.890091262,0.168498993,0.324786186,1,0.364891052,20.906717276,-0.036628723,-0.003663063,0.040246010,2.305926505,0.000000000,-0.000000000,8.000000000,2.500000000,3.291463137,188.586946154,0.000000000,-2.884488106,2.000000000,0.500000000,-2.829976082,-162.145685613,0.000000000,2.519175053,1.000000000,0.500000000,-0.364118576,-20.862457650,0.000000000,0.430193961,0.500000000,0.200000003,0.359138489,20.577119667,0.000000000,0.000042848,0.000000000,0.100000001
2026-07-07 01:45:52.433,1783359952.433434010,27.697874810,1,1,27.670475788,1,0.001386512,5,1,0.008120581,5,1,0,0,0,0,1,1,1,1,1,1,0.024978190,-1.086640683,0.310171304,2.530489263,1,26.702019201,12,1,12,1:-1.251:2.428|2:-0.428:2.425|3:0.392:2.424|4:1.223:2.419|5:1.228:1.589|6:0.405:1.588|7:-0.440:1.588|8:-1.261:1.589|9:-1.185:4.911|10:-0.390:4.902|11:0.375:4.903|12:1.182:4.901,0,-1.000000000,,0,0,0.000000000,0.000000000,0,-1.000000000,0,,0,-1.000000000,,0,-1.000000000,0,,1,0.039101601,2.240356689,-0.095237732,-0.095237732,1,3.215168238,184.215570444,0.202686310,-3.001708984,1,-2.852102280,-163.413423364,-0.119658470,2.235897064,1,-0.244716644,-14.021230894,-0.065933228,0.358974457,1,0.371026039,21.258226131,0.109889984,-0.003663063,0.040246010,2.305926505,0.000000000,-0.000000000,8.000000000,2.500000000,3.291463137,188.586946154,0.000000000,-2.884488106,2.000000000,0.500000000,-2.829976082,-162.145685613,0.000000000,2.519175053,1.000000000,0.500000000,-0.364118576,-20.862457650,0.000000000,0.430193961,0.500000000,0.200000003,0.359138489,20.577119667,0.000000000,0.000042848,0.000000000,0.100000001
2026-07-07 01:45:53.428,1783359953.427958250,28.692398781,1,1,28.664999759,1,0.001339853,5,1,0.008008010,5,1,0,0,0,0,1,1,1,1,1,1,0.024899442,-1.153109392,0.329741359,2.517795851,1,27.696543172,12,1,12,1:-1.251:2.428|2:-0.428:2.425|3:0.392:2.424|4:1.223:2.419|5:1.228:1.589|6:0.405:1.588|7:-0.440:1.588|8:-1.261:1.589|9:-1.185:4.911|10:-0.390:4.902|11:0.375:4.903|12:1.182:4.901,0,-1.000000000,,0,0,0.000000000,0.000000000,0,-1.000000000,0,,0,-1.000000000,,0,-1.000000000,0,,1,0.041390419,2.371496321,-0.065933228,-0.080586433,1,3.207538843,183.778438337,0.163614273,-3.001708984,1,-2.853246689,-163.478993180,-0.139194489,2.345298767,1,-0.238994598,-13.693381814,-0.007326126,0.358974457,1,0.386749268,22.159100762,-0.012210846,-0.003663063,0.040246010,2.305926505,0.000000000,-0.000000000,8.000000000,2.500000000,3.291463137,188.586946154,0.000000000,-2.884488106,2.000000000,0.500000000,-2.829976082,-162.145685613,0.000000000,2.519175053,1.000000000,0.500000000,-0.364118576,-20.862457650,0.000000000,0.430193961,0.500000000,0.200000003,0.359138489,20.577119667,0.000000000,0.000042848,0.000000000,0.100000001
2026-07-07 01:45:54.423,1783359954.423129082,29.687569706,1,1,29.660170684,1,0.001561120,5,1,0.008151510,5,1,0,0,0,0,1,1,1,1,1,1,0.024938192,-1.208734541,0.350265117,2.480851634,1,28.691714097,12,1,12,1:-1.251:2.428|2:-0.428:2.425|3:0.392:2.424|4:1.223:2.419|5:1.228:1.589|6:0.405:1.588|7:-0.440:1.588|8:-1.261:1.589|9:-1.185:4.911|10:-0.390:4.902|11:0.375:4.903|12:1.182:4.901,0,-1.000000000,,0,0,0.000000000,0.000000000,0,-1.000000000,0,,0,-1.000000000,,0,-1.000000000,0,,1,0.041390419,2.371496321,-0.065933228,-0.168498039,1,3.210590601,183.953291180,0.144078255,-2.960683823,1,-2.853628159,-163.500849786,-0.168498039,2.317949295,1,-0.242046356,-13.868234657,-0.153846741,0.373626709,1,0.409376144,23.455525308,0.085468292,-0.003663063,0.040246010,2.305926505,0.000000000,-0.000000000,8.000000000,2.500000000,3.291463137,188.586946154,0.000000000,-2.884488106,2.000000000,0.500000000,-2.829976082,-162.145685613,0.000000000,2.519175053,1.000000000,0.500000000,-0.364118576,-20.862457650,0.000000000,0.430193961,0.500000000,0.200000003,0.359138489,20.577119667,0.000000000,0.000042848,0.000000000,0.100000001
2026-07-07 01:45:55.418,1783359955.418853283,30.683294076,1,1,30.655895054,1,0.001909241,5,1,0.008239643,5,1,0,0,0,0,1,1,1,1,1,1,0.024964396,-1.268580462,0.369331803,2.469214686,1,29.687438467,12,1,12,1:-1.251:2.428|2:-0.428:2.425|3:0.392:2.424|4:1.223:2.419|5:1.228:1.589|6:0.405:1.588|7:-0.440:1.588|8:-1.261:1.589|9:-1.185:4.911|10:-0.390:4.902|11:0.375:4.903|12:1.182:4.901,0,-1.000000000,,0,0,0.000000000,0.000000000,0,-1.000000000,0,,0,-1.000000000,,0,-1.000000000,0,,1,0.040627480,2.327783111,0.021978378,-0.515262604,1,3.204487085,183.603585494,0.002442360,-3.165811539,1,-2.852483749,-163.435279970,-0.241758347,2.769229889,1,-0.238994598,-13.693381814,0.080585480,0.358974457,1,0.425098419,24.356345297,-0.085468292,-0.015872955,0.040246010,2.305926505,0.000000000,-0.000000000,8.000000000,2.500000000,3.291463137,188.586946154,0.000000000,-2.884488106,2.000000000,0.500000000,-2.829976082,-162.145685613,0.000000000,2.519175053,1.000000000,0.500000000,-0.364118576,-20.862457650,0.000000000,0.430193961,0.500000000,0.200000003,0.359138489,20.577119667,0.000000000,0.000042848,0.000000000,0.100000001
2026-07-07 01:45:56.415,1783359956.415077448,31.679517858,1,1,31.652118836,1,0.001976979,5,1,0.008255043,5,1,0,0,0,0,1,1,1,1,1,1,0.025124983,-1.330254204,0.393446780,2.448074106,1,30.683662249,12,1,12,1:-1.251:2.428|2:-0.428:2.425|3:0.392:2.424|4:1.223:2.419|5:1.228:1.589|6:0.405:1.588|7:-0.440:1.588|8:-1.261:1.589|9:-1.185:4.911|10:-0.390:4.902|11:0.375:4.903|12:1.182:4.901,0,-1.000000000,,0,0,0.000000000,0.000000000,0,-1.000000000,0,,0,-1.000000000,,0,-1.000000000,0,,1,0.040627480,2.327783111,0.285715103,-0.554334641,1,3.208683252,183.844008153,-0.026862144,-3.220512390,1,-2.848669052,-163.216713916,-0.227106094,2.823930740,1,-0.242809296,-13.911947868,-0.212453842,0.393162727,1,0.425865173,24.400277074,0.036628723,-0.003663063,0.040246010,2.305926505,0.000000000,-0.000000000,8.000000000,2.500000000,3.291463137,188.586946154,0.000000000,-2.884488106,2.000000000,0.500000000,-2.829976082,-162.145685613,0.000000000,2.519175053,1.000000000,0.500000000,-0.364118576,-20.862457650,0.000000000,0.430193961,0.500000000,0.200000003,0.359138489,20.577119667,0.000000000,0.000042848,0.000000000,0.100000001
2026-07-07 01:45:57.411,1783359957.411656857,32.676097570,1,1,32.648698548,1,0.002002926,5,1,0.008286901,5,1,0,0,0,0,1,1,1,1,1,1,0.024846972,-1.395031200,0.429328311,2.460304257,1,31.680241961,12,1,12,1:-1.251:2.428|2:-0.428:2.425|3:0.392:2.424|4:1.223:2.419|5:1.228:1.589|6:0.405:1.588|7:-0.440:1.588|8:-1.261:1.589|9:-1.185:4.911|10:-0.390:4.902|11:0.375:4.903|12:1.182:4.901,0,-1.000000000,,0,0,0.000000000,0.000000000,0,-1.000000000,0,,0,-1.000000000,,0,-1.000000000,0,,1,0.038338661,2.196643479,0.139194489,-0.603174210,1,3.213260889,184.106287417,-0.036629677,-3.234188080,1,-2.844091415,-162.954434652,-0.178266525,2.796581268,1,-0.244716644,-14.021230894,-0.388278961,0.437118530,1,0.425481796,24.378311186,-0.012210846,-0.003663063,0.040246010,2.305926505,0.000000000,-0.000000000,8.000000000,2.500000000,3.291463137,188.586946154,0.000000000,-2.884488106,2.000000000,0.500000000,-2.829976082,-162.145685613,0.000000000,2.519175053,1.000000000,0.500000000,-0.364118576,-20.862457650,0.000000000,0.430193961,0.500000000,0.200000003,0.359138489,20.577119667,0.000000000,0.000042848,0.000000000,0.100000001
2026-07-07 01:45:58.408,1783359958.408748150,33.673188602,1,1,33.645789580,1,0.001700868,5,1,0.008351212,5,1,0,0,0,0,1,1,1,1,1,1,0.025095974,-1.480434229,0.497963138,2.459736399,1,32.677332993,12,1,12,1:-1.251:2.428|2:-0.428:2.425|3:0.392:2.424|4:1.223:2.419|5:1.228:1.589|6:0.405:1.588|7:-0.440:1.588|8:-1.261:1.589|9:-1.185:4.911|10:-0.390:4.902|11:0.375:4.903|12:1.182:4.901,0,-1.000000000,,0,0,0.000000000,0.000000000,0,-1.000000000,0,,0,-1.000000000,,0,-1.000000000,0,,1,0.040246010,2.305926505,0.402931213,-0.945055008,1,3.217075586,184.324853471,-0.075701714,-3.138462067,1,-2.837605476,-162.582817720,-0.124542236,2.755556107,1,-0.239757538,-13.737095025,-0.227106094,0.422466278,1,0.425481796,24.378311186,0.012210846,-0.003663063,0.040246010,2.305926505,0.000000000,-0.000000000,8.000000000,2.500000000,3.291463137,188.586946154,0.000000000,-2.884488106,2.000000000,0.500000000,-2.829976082,-162.145685613,0.000000000,2.519175053,1.000000000,0.500000000,-0.364118576,-20.862457650,0.000000000,0.430193961,0.500000000,0.200000003,0.359138489,20.577119667,0.000000000,0.000042848,0.000000000,0.100000001
2026-07-07 01:45:59.406,1783359959.405934572,34.670375217,1,1,34.642976195,1,0.002056263,5,1,0.008182404,5,1,0,0,0,0,1,1,1,1,1,1,0.025150987,-1.582074440,0.550740014,2.487038385,1,33.674519608,12,1,12,1:-1.251:2.428|2:-0.428:2.425|3:0.392:2.424|4:1.223:2.419|5:1.228:1.589|6:0.405:1.588|7:-0.440:1.588|8:-1.261:1.589|9:-1.185:4.911|10:-0.390:4.902|11:0.375:4.903|12:1.182:4.901,0,-1.000000000,,0,0,0.000000000,0.000000000,0,-1.000000000,0,,0,-1.000000000,,0,-1.000000000,0,,1,0.041008949,2.349639716,0.388278961,-0.691086769,1,3.212116480,184.040717601,-0.217338562,-3.138462067,1,-2.843327522,-162.910666800,-0.139194489,2.810256958,1,-0.245098114,-14.043087500,-0.256410599,0.417582512,1,0.425865173,24.400277074,0.036628723,-0.006104946,0.040246010,2.305926505,0.000000000,-0.000000000,8.000000000,2.500000000,3.291463137,188.586946154,0.000000000,-2.884488106,2.000000000,0.500000000,-2.829976082,-162.145685613,0.000000000,2.519175053,1.000000000,0.500000000,-0.364118576,-20.862457650,0.000000000,0.430193961,0.500000000,0.200000003,0.359138489,20.577119667,0.000000000,0.000042848,0.000000000,0.100000001
2026-07-07 01:46:00.403,1783359960.403444052,35.667884657,1,1,35.640485635,1,0.001603418,5,1,0.008251016,5,1,0,0,0,0,1,1,1,1,1,1,0.025061520,-1.628073937,0.589685315,2.443383491,1,34.672029048,12,1,12,1:-1.251:2.428|2:-0.428:2.425|3:0.392:2.424|4:1.223:2.419|5:1.228:1.589|6:0.405:1.588|7:-0.440:1.588|8:-1.261:1.589|9:-1.185:4.911|10:-0.390:4.902|11:0.375:4.903|12:1.182:4.901,0,-1.000000000,,0,0,0.000000000,0.000000000,0,-1.000000000,0,,0,-1.000000000,,0,-1.000000000,0,,1,0.039101601,2.240356689,0.241758347,-0.637362480,1,3.212497950,184.062574207,-0.178266525,-3.206836700,1,-2.850194931,-163.304140338,-0.114773750,2.782905579,1,-0.240520477,-13.780808235,0.051282883,0.315018654,1,0.456543922,26.158039917,0.989009857,-0.030525208,0.040246010,2.305926505,0.000000000,-0.000000000,8.000000000,2.500000000,3.291463137,188.586946154,0.000000000,-2.884488106,2.000000000,0.500000000,-2.829976082,-162.145685613,0.000000000,2.519175053,1.000000000,0.500000000,-0.364118576,-20.862457650,0.000000000,0.430193961,0.500000000,0.200000003,0.359138489,20.577119667,0.000000000,0.000042848,0.000000000,0.100000001
2026-07-07 01:46:01.401,1783359961.401315689,36.665756225,1,1,36.638357203,1,0.001851858,5,1,0.008214555,5,1,0,0,0,0,1,1,1,1,1,1,0.025102172,-1.677250420,0.644632687,2.388561014,1,35.669900616,12,1,12,1:-1.251:2.428|2:-0.428:2.425|3:0.392:2.424|4:1.223:2.419|5:1.228:1.589|6:0.405:1.588|7:-0.440:1.588|8:-1.261:1.589|9:-1.185:4.911|10:-0.390:4.902|11:0.375:4.903|12:1.182:4.901,0,-1.000000000,,0,0,0.000000000,0.000000000,0,-1.000000000,0,,0,-1.000000000,,0,-1.000000000,0,,1,0.041771889,2.393352927,0.212453842,-0.774114609,1,3.207157373,183.756581732,-0.476190567,-2.974359512,1,-2.847143173,-163.129287495,-0.080586433,2.796581268,1,-0.239376068,-13.715238419,-0.168498993,0.407814026,1,0.479170799,27.454464463,-0.012210846,-0.003663063,0.040246010,2.305926505,0.000000000,-0.000000000,8.000000000,2.500000000,3.291463137,188.586946154,0.000000000,-2.884488106,2.000000000,0.500000000,-2.829976082,-162.145685613,0.000000000,2.519175053,1.000000000,0.500000000,-0.364118576,-20.862457650,0.000000000,0.430193961,0.500000000,0.200000003,0.359138489,20.577119667,0.000000000,0.000042848,0.000000000,0.100000001
2026-07-07 01:46:02.399,1783359962.399296522,37.663737077,1,1,37.636338055,1,0.001786651,5,1,0.008277894,5,1,0,0,0,0,1,1,1,1,1,1,0.025171298,-1.671738677,0.647756912,2.358992822,1,36.667881468,12,1,12,1:-1.251:2.428|2:-0.428:2.425|3:0.392:2.424|4:1.223:2.419|5:1.228:1.589|6:0.405:1.588|7:-0.440:1.588|8:-1.261:1.589|9:-1.185:4.911|10:-0.390:4.902|11:0.375:4.903|12:1.182:4.901,0,-1.000000000,,0,0,0.000000000,0.000000000,0,-1.000000000,0,,0,-1.000000000,,0,-1.000000000,0,,1,0.030708313,1.759456730,0.007326126,0.056165695,1,3.225467920,184.805698788,0.002442360,-2.769229889,1,-2.854391098,-163.544562996,0.002442360,2.523077011,1,-0.243953705,-13.977517684,-0.007326126,0.363858223,1,0.496044159,28.421236759,-0.061050415,-0.003663063,0.040246010,2.305926505,0.000000000,-0.000000000,8.000000000,2.500000000,3.291463137,188.586946154,0.000000000,-2.884488106,2.000000000,0.500000000,-2.829976082,-162.145685613,0.000000000,2.519175053,1.000000000,0.500000000,-0.364118576,-20.862457650,0.000000000,0.430193961,0.500000000,0.200000003,0.359138489,20.577119667,0.000000000,0.000042848,0.000000000,0.100000001
2026-07-07 01:46:03.397,1783359963.397490263,38.661930758,1,1,38.634531736,1,0.001329263,5,1,0.008221387,5,1,0,0,0,0,1,1,1,1,1,1,0.024899077,-1.670792206,0.650898954,2.360497103,1,37.666075149,12,1,12,1:-1.251:2.428|2:-0.428:2.425|3:0.392:2.424|4:1.223:2.419|5:1.228:1.589|6:0.405:1.588|7:-0.440:1.588|8:-1.261:1.589|9:-1.185:4.911|10:-0.390:4.902|11:0.375:4.903|12:1.182:4.901,0,-1.000000000,,0,0,0.000000000,0.000000000,0,-1.000000000,0,,0,-1.000000000,,0,-1.000000000,0,,1,0.030708313,1.759456730,-0.007326126,0.051281929,1,3.225467920,184.805698788,-0.002442360,-2.755556107,1,-2.854391098,-163.544562996,-0.007326126,2.536752701,1,-0.243572235,-13.955661078,0.007326126,0.363858223,1,0.496044159,28.421236759,0.012210846,-0.003663063,0.040246010,2.305926505,0.000000000,-0.000000000,8.000000000,2.500000000,3.291463137,188.586946154,0.000000000,-2.884488106,2.000000000,0.500000000,-2.829976082,-162.145685613,0.000000000,2.519175053,1.000000000,0.500000000,-0.364118576,-20.862457650,0.000000000,0.430193961,0.500000000,0.200000003,0.359138489,20.577119667,0.000000000,0.000042848,0.000000000,0.100000001
2026-07-07 01:46:04.396,1783359964.395886898,39.660327405,1,1,39.632928383,1,0.002032764,5,1,0.008116833,5,1,0,0,0,0,1,1,1,1,1,1,0.025079375,-1.551471531,0.633814157,2.167700255,1,38.664471796,12,1,12,1:-1.251:2.428|2:-0.428:2.425|3:0.392:2.424|4:1.223:2.419|5:1.228:1.589|6:0.405:1.588|7:-0.440:1.588|8:-1.261:1.589|9:-1.185:4.911|10:-0.390:4.902|11:0.375:4.903|12:1.182:4.901,0,-1.000000000,,0,0,0.000000000,0.000000000,0,-1.000000000,0,,0,-1.000000000,,0,-1.000000000,0,,1,0.042916298,2.458922743,0.124542236,0.012209892,1,3.222416162,184.630845945,0.529914856,-3.165811539,1,-2.854009628,-163.522706391,-0.358974457,2.974359512,1,-0.215342522,-12.338217641,0.432233810,0.251525879,1,0.474569321,27.190819161,-0.671550751,0.028082848,0.040246010,2.305926505,0.000000000,-0.000000000,8.000000000,2.500000000,3.291463137,188.586946154,0.000000000,-2.884488106,2.000000000,0.500000000,-2.829976082,-162.145685613,0.000000000,2.519175053,1.000000000,0.500000000,-0.364118576,-20.862457650,0.000000000,0.430193961,0.500000000,0.200000003,0.359138489,20.577119667,0.000000000,0.000042848,0.000000000,0.100000001
2026-07-07 01:46:05.394,1783359965.394411325,40.658851854,1,1,40.631452832,1,0.001795187,5,1,0.008351968,5,1,0,0,0,0,1,1,1,1,1,1,0.025145862,-1.416880004,0.570799755,1.939913069,1,39.662996245,12,1,12,1:-1.251:2.428|2:-0.428:2.425|3:0.392:2.424|4:1.223:2.419|5:1.228:1.589|6:0.405:1.588|7:-0.440:1.588|8:-1.261:1.589|9:-1.185:4.911|10:-0.390:4.902|11:0.375:4.903|12:1.182:4.901,0,-1.000000000,,0,0,0.000000000,0.000000000,0,-1.000000000,0,,0,-1.000000000,,0,-1.000000000,0,,1,0.044060707,2.524492559,0.065933228,-0.036629677,1,3.225086451,184.783842183,0.271061897,-3.042734146,1,-2.856298447,-163.653846023,-0.217338562,2.796581268,1,-0.209239006,-11.988511956,0.256410599,0.275946617,1,0.453092575,25.960292280,-1.013431549,0.025640965,0.040246010,2.305926505,0.000000000,-0.000000000,8.000000000,2.500000000,3.291463137,188.586946154,0.000000000,-2.884488106,2.000000000,0.500000000,-2.829976082,-162.145685613,0.000000000,2.519175053,1.000000000,0.500000000,-0.364118576,-20.862457650,0.000000000,0.430193961,0.500000000,0.200000003,0.359138489,20.577119667,0.000000000,0.000042848,0.000000000,0.100000001
2026-07-07 01:46:06.393,1783359966.393074274,41.657514881,1,1,41.630115859,1,0.001437057,5,1,0.008390046,5,1,0,0,0,0,1,1,1,1,1,1,0.025047374,-1.321394545,0.496265394,1.788454740,1,40.661659272,12,1,12,1:-1.251:2.428|2:-0.428:2.425|3:0.392:2.424|4:1.223:2.419|5:1.228:1.589|6:0.405:1.588|7:-0.440:1.588|8:-1.261:1.589|9:-1.185:4.911|10:-0.390:4.902|11:0.375:4.903|12:1.182:4.901,0,-1.000000000,,0,0,0.000000000,0.000000000,0,-1.000000000,0,,0,-1.000000000,,0,-1.000000000,0,,1,0.042916298,2.458922743,0.446886063,-0.774114609,1,3.223942041,184.718272367,-0.002442360,-2.769229889,1,-2.854391098,-163.544562996,-0.197802544,2.823930740,1,-0.194743156,-11.157960953,-0.212453842,0.402930260,1,0.457311630,26.202026336,0.012210846,-0.003663063,0.040246010,2.305926505,0.000000000,-0.000000000,8.000000000,2.500000000,3.291463137,188.586946154,0.000000000,-2.884488106,2.000000000,0.500000000,-2.829976082,-162.145685613,0.000000000,2.519175053,1.000000000,0.500000000,-0.364118576,-20.862457650,0.000000000,0.430193961,0.500000000,0.200000003,0.359138489,20.577119667,0.000000000,0.000042848,0.000000000,0.100000001
2026-07-07 01:46:07.391,1783359967.391723156,42.656163923,1,1,42.628764901,1,0.001956169,5,1,0.008253575,5,1,0,0,0,0,1,1,1,1,1,1,0.025202120,-1.306375134,0.560123865,1.696212271,1,41.660308314,12,1,12,1:-1.251:2.428|2:-0.428:2.425|3:0.392:2.424|4:1.223:2.419|5:1.228:1.589|6:0.405:1.588|7:-0.440:1.588|8:-1.261:1.589|9:-1.185:4.911|10:-0.390:4.902|11:0.375:4.903|12:1.182:4.901,0,-1.000000000,,0,0,0.000000000,0.000000000,0,-1.000000000,0,,0,-1.000000000,,0,-1.000000000,0,,1,0.037194252,2.131073663,0.065933228,-0.041514397,1,3.225849390,184.827555394,0.012209892,-2.810256958,1,-2.852102280,-163.413423364,-0.256410599,2.837606430,1,-0.221828461,-12.709834574,0.256410599,0.305250168,1,0.457311630,26.202026336,0.036628723,-0.003663063,0.040246010,2.305926505,0.000000000,-0.000000000,8.000000000,2.500000000,3.291463137,188.586946154,0.000000000,-2.884488106,2.000000000,0.500000000,-2.829976082,-162.145685613,0.000000000,2.519175053,1.000000000,0.500000000,-0.364118576,-20.862457650,0.000000000,0.430193961,0.500000000,0.200000003,0.359138489,20.577119667,0.000000000,0.000042848,0.000000000,0.100000001
2026-07-07 01:46:08.391,1783359968.390945196,43.655385976,1,1,43.627986954,1,0.001875779,5,1,0.008047841,5,1,0,0,0,0,1,1,1,1,1,1,0.025105763,-1.254668049,0.550482849,1.618033577,1,42.659530367,12,1,12,1:-1.251:2.428|2:-0.428:2.425|3:0.392:2.424|4:1.223:2.419|5:1.228:1.589|6:0.405:1.588|7:-0.440:1.588|8:-1.261:1.589|9:-1.185:4.911|10:-0.390:4.902|11:0.375:4.903|12:1.182:4.901,0,-1.000000000,,0,0,0.000000000,0.000000000,0,-1.000000000,0,,0,-1.000000000,,0,-1.000000000,0,,1,0.044442177,2.546349164,0.080585480,-0.217338562,1,3.227756739,184.936838420,0.007326126,-2.796581268,1,-2.849813461,-163.282283732,-0.119658470,2.646154404,1,-0.229457855,-13.146966680,-0.271062851,0.383394241,1,0.457311630,26.202026336,-0.012210846,-0.003663063,0.040246010,2.305926505,0.000000000,-0.000000000,8.000000000,2.500000000,3.291463137,188.586946154,0.000000000,-2.884488106,2.000000000,0.500000000,-2.829976082,-162.145685613,0.000000000,2.519175053,1.000000000,0.500000000,-0.364118576,-20.862457650,0.000000000,0.430193961,0.500000000,0.200000003,0.359138489,20.577119667,0.000000000,0.000042848,0.000000000,0.100000001
2026-07-07 01:46:09.391,1783359969.390887022,44.655327420,1,1,44.627928398,1,0.001671531,5,1,0.008228290,5,1,0,0,0,0,1,1,1,1,1,1,0.024608414,-1.223974017,0.448189376,1.530905200,1,43.659471811,12,1,12,1:-1.251:2.428|2:-0.428:2.425|3:0.392:2.424|4:1.223:2.419|5:1.228:1.589|6:0.405:1.588|7:-0.440:1.588|8:-1.261:1.589|9:-1.185:4.911|10:-0.390:4.902|11:0.375:4.903|12:1.182:4.901,0,-1.000000000,,0,0,0.000000000,0.000000000,0,-1.000000000,0,,0,-1.000000000,,0,-1.000000000,0,,1,0.041390419,2.371496321,0.124542236,-0.095237732,1,3.221271753,184.565276129,0.002442360,-2.769229889,1,-2.854772568,-163.566419602,-0.056165695,2.495725632,1,-0.224880219,-12.884687416,-0.197801590,0.393162727,1,0.462679863,26.509603414,-0.012210846,-0.003663063,0.040246010,2.305926505,0.000000000,-0.000000000,8.000000000,2.500000000,3.291463137,188.586946154,0.000000000,-2.884488106,2.000000000,0.500000000,-2.829976082,-162.145685613,0.000000000,2.519175053,1.000000000,0.500000000,-0.364118576,-20.862457650,0.000000000,0.430193961,0.500000000,0.200000003,0.359138489,20.577119667,0.000000000,0.000042848,0.000000000,0.100000001
2026-07-07 01:46:10.390,1783359970.390786409,45.655226892,1,1,45.627827870,1,0.001893586,5,1,0.008262500,5,1,0,0,0,0,1,1,1,1,1,1,0.025179426,-1.237292013,0.417527882,1.557174017,1,44.659371283,12,1,12,1:-1.251:2.428|2:-0.428:2.425|3:0.392:2.424|4:1.223:2.419|5:1.228:1.589|6:0.405:1.588|7:-0.440:1.588|8:-1.261:1.589|9:-1.185:4.911|10:-0.390:4.902|11:0.375:4.903|12:1.182:4.901,0,-1.000000000,,0,0,0.000000000,0.000000000,0,-1.000000000,0,,0,-1.000000000,,0,-1.000000000,0,,1,0.040627480,2.327783111,-0.065933228,0.021978378,1,3.218601465,184.412279892,0.002442360,-2.769229889,1,-2.849050522,-163.238570522,-0.012209892,2.468376160,1,-0.225643158,-12.928400627,-0.080585480,0.363858223,1,0.474184990,27.168798631,-0.012210846,-0.003663063,0.040246010,2.305926505,0.000000000,-0.000000000,8.000000000,2.500000000,3.291463137,188.586946154,0.000000000,-2.884488106,2.000000000,0.500000000,-2.829976082,-162.145685613,0.000000000,2.519175053,1.000000000,0.500000000,-0.364118576,-20.862457650,0.000000000,0.430193961,0.500000000,0.200000003,0.359138489,20.577119667,0.000000000,0.000042848,0.000000000,0.100000001
2026-07-07 01:46:11.390,1783359971.390735626,46.655176276,1,1,46.627777254,1,0.001956311,5,1,0.008333288,5,1,0,0,0,0,1,1,1,1,1,1,0.025055426,-1.246252437,0.418171925,1.568497371,1,45.659320667,12,1,12,1:-1.251:2.428|2:-0.428:2.425|3:0.392:2.424|4:1.223:2.419|5:1.228:1.589|6:0.405:1.588|7:-0.440:1.588|8:-1.261:1.589|9:-1.185:4.911|10:-0.390:4.902|11:0.375:4.903|12:1.182:4.901,0,-1.000000000,,0,0,0.000000000,0.000000000,0,-1.000000000,0,,0,-1.000000000,,0,-1.000000000,0,,1,0.037575722,2.152930268,0.139194489,0.026862144,1,3.221653223,184.587132735,-0.002442360,-2.769229889,1,-2.849050522,-163.238570522,-0.002442360,2.523077011,1,-0.226406097,-12.972113838,-0.021978378,0.354090691,1,0.474184990,27.168798631,-0.012210846,-0.003663063,0.040246010,2.305926505,0.000000000,-0.000000000,8.000000000,2.500000000,3.291463137,188.586946154,0.000000000,-2.884488106,2.000000000,0.500000000,-2.829976082,-162.145685613,0.000000000,2.519175053,1.000000000,0.500000000,-0.364118576,-20.862457650,0.000000000,0.430193961,0.500000000,0.200000003,0.359138489,20.577119667,0.000000000,0.000042848,0.000000000,0.100000001
2026-07-07 01:46:12.390,1783359972.390549898,47.654990564,1,1,47.627591542,1,0.001946868,5,1,0.008246083,5,1,0,0,0,0,1,1,1,1,1,1,0.025063009,-1.274022742,0.459623596,1.659607021,1,46.659134955,12,1,12,1:-1.251:2.428|2:-0.428:2.425|3:0.392:2.424|4:1.223:2.419|5:1.228:1.589|6:0.405:1.588|7:-0.440:1.588|8:-1.261:1.589|9:-1.185:4.911|10:-0.390:4.902|11:0.375:4.903|12:1.182:4.901,0,-1.000000000,,0,0,0.000000000,0.000000000,0,-1.000000000,0,,0,-1.000000000,,0,-1.000000000,0,,1,0.037575722,2.152930268,0.300365448,-0.764347076,1,3.212879419,184.084430812,0.026862144,-2.837606430,1,-2.843327522,-162.910666800,-0.031745911,2.577777863,1,-0.225643158,-12.928400627,-0.139194489,0.378510475,1,0.474184990,27.168798631,0.036628723,-0.003663063,0.040246010,2.305926505,0.000000000,-0.000000000,8.000000000,2.500000000,3.291463137,188.586946154,0.000000000,-2.884488106,2.000000000,0.500000000,-2.829976082,-162.145685613,0.000000000,2.519175053,1.000000000,0.500000000,-0.364118576,-20.862457650,0.000000000,0.430193961,0.500000000,0.200000003,0.359138489,20.577119667,0.000000000,0.000042848,0.000000000,0.100000001
2026-07-07 01:46:13.390,1783359973.390425682,48.654866312,1,1,48.627467290,1,0.001832133,5,1,0.008273587,5,1,0,0,0,0,1,1,1,1,1,1,0.025116605,-1.417963424,0.626071710,1.854730807,1,47.659010703,12,1,12,1:-1.251:2.428|2:-0.428:2.425|3:0.392:2.424|4:1.223:2.419|5:1.228:1.589|6:0.405:1.588|7:-0.440:1.588|8:-1.261:1.589|9:-1.185:4.911|10:-0.390:4.902|11:0.375:4.903|12:1.182:4.901,0,-1.000000000,,0,0,0.000000000,0.000000000,0,-1.000000000,0,,0,-1.000000000,,0,-1.000000000,0,,1,0.043297768,2.480779348,0.109889984,-0.598290443,1,3.214023829,184.150000628,0.070817947,-2.974359512,1,-2.842183113,-162.845096984,-0.241758347,2.632478714,1,-0.247768402,-14.196083737,-0.153846741,0.398046494,1,0.479170799,27.454464463,-0.036628723,-0.003663063,0.040246010,2.305926505,0.000000000,-0.000000000,8.000000000,2.500000000,3.291463137,188.586946154,0.000000000,-2.884488106,2.000000000,0.500000000,-2.829976082,-162.145685613,0.000000000,2.519175053,1.000000000,0.500000000,-0.364118576,-20.862457650,0.000000000,0.430193961,0.500000000,0.200000003,0.359138489,20.577119667,0.000000000,0.000042848,0.000000000,0.100000001
2026-07-07 01:46:14.390,1783359974.390203953,49.654644614,1,1,49.627245592,1,0.001784103,5,1,0.008292384,5,1,0,0,0,0,1,1,1,1,1,1,0.024956905,-1.498479628,0.753286742,1.912793411,1,48.658789005,12,1,12,1:-1.251:2.428|2:-0.428:2.425|3:0.392:2.424|4:1.223:2.419|5:1.228:1.589|6:0.405:1.588|7:-0.440:1.588|8:-1.261:1.589|9:-1.185:4.911|10:-0.390:4.902|11:0.375:4.903|12:1.182:4.901,0,-1.000000000,,0,0,0.000000000,0.000000000,0,-1.000000000,0,,0,-1.000000000,,0,-1.000000000,0,,1,0.047493935,2.721202007,0.109889984,-0.490842819,1,3.216312647,184.281140260,0.075701714,-2.892307281,1,-2.842564583,-162.866953589,-0.227106094,2.482051849,1,-0.249675751,-14.305366764,-0.065933228,0.363858223,1,0.495277405,28.377304982,-0.012210846,-0.003663063,0.040246010,2.305926505,0.000000000,-0.000000000,8.000000000,2.500000000,3.291463137,188.586946154,0.000000000,-2.884488106,2.000000000,0.500000000,-2.829976082,-162.145685613,0.000000000,2.519175053,1.000000000,0.500000000,-0.364118576,-20.862457650,0.000000000,0.430193961,0.500000000,0.200000003,0.359138489,20.577119667,0.000000000,0.000042848,0.000000000,0.100000001
2026-07-07 01:46:15.390,1783359975.390027046,50.654467564,1,1,50.627068542,1,0.001822362,5,1,0.008064171,5,1,0,0,0,0,1,1,1,1,1,1,0.025032893,-1.546495599,0.817886605,1.906700945,1,49.658611955,12,1,12,1:-1.251:2.428|2:-0.428:2.425|3:0.392:2.424|4:1.223:2.419|5:1.228:1.589|6:0.405:1.588|7:-0.440:1.588|8:-1.261:1.589|9:-1.185:4.911|10:-0.390:4.902|11:0.375:4.903|12:1.182:4.901,0,-1.000000000,,0,0,0.000000000,0.000000000,0,-1.000000000,0,,0,-1.000000000,,0,-1.000000000,0,,1,0.044442177,2.546349164,-0.007326126,0.002442360,1,3.217075586,184.324853471,0.158730507,-2.960683823,1,-2.849813461,-163.282283732,-0.012209892,2.372650146,1,-0.243190765,-13.933804473,-0.095237732,0.363858223,1,0.506014824,28.992513781,-0.012210846,-0.008546829,0.040246010,2.305926505,0.000000000,-0.000000000,8.000000000,2.500000000,3.291463137,188.586946154,0.000000000,-2.884488106,2.000000000,0.500000000,-2.829976082,-162.145685613,0.000000000,2.519175053,1.000000000,0.500000000,-0.364118576,-20.862457650,0.000000000,0.430193961,0.500000000,0.200000003,0.359138489,20.577119667,0.000000000,0.000042848,0.000000000,0.100000001
2026-07-07 01:46:16.389,1783359976.389797449,51.654238029,1,1,51.626839007,1,0.001959824,5,1,0.008229685,5,1,0,0,0,0,1,1,1,1,1,1,0.024960229,-1.575632305,0.900982761,1.896394254,1,50.658382420,12,1,12,1:-1.251:2.428|2:-0.428:2.425|3:0.392:2.424|4:1.223:2.419|5:1.228:1.589|6:0.405:1.588|7:-0.440:1.588|8:-1.261:1.589|9:-1.185:4.911|10:-0.390:4.902|11:0.375:4.903|12:1.182:4.901,0,-1.000000000,,0,0,0.000000000,0.000000000,0,-1.000000000,0,,0,-1.000000000,,0,-1.000000000,0,,1,0.048638344,2.786771823,0.124542236,-0.393162727,1,3.204868555,183.625442100,-0.261294365,-3.357265472,1,-2.845998764,-163.063717679,-0.173381805,2.878631592,1,-0.246623993,-14.130513921,-0.285715103,0.407814026,1,0.506398201,29.014479670,0.012210846,-0.006104946,0.040246010,2.305926505,0.000000000,-0.000000000,8.000000000,2.500000000,3.291463137,188.586946154,0.000000000,-2.884488106,2.000000000,0.500000000,-2.829976082,-162.145685613,0.000000000,2.519175053,1.000000000,0.500000000,-0.364118576,-20.862457650,0.000000000,0.430193961,0.500000000,0.200000003,0.359138489,20.577119667,0.000000000,0.000042848,0.000000000,0.100000001
2026-07-07 01:46:17.389,1783359977.389586210,52.654026849,1,1,52.626627827,1,0.001838835,5,1,0.008281850,5,1,0,0,0,0,1,1,1,1,1,1,0.025111992,-1.614386927,0.942298463,1.831892067,1,51.658171240,12,1,12,1:-1.251:2.428|2:-0.428:2.425|3:0.392:2.424|4:1.223:2.419|5:1.228:1.589|6:0.405:1.588|7:-0.440:1.588|8:-1.261:1.589|9:-1.185:4.911|10:-0.390:4.902|11:0.375:4.903|12:1.182:4.901,0,-1.000000000,,0,0,0.000000000,0.000000000,0,-1.000000000,0,,0,-1.000000000,,0,-1.000000000,0,,1,0.051690102,2.961624666,-0.109889984,-0.319902420,1,3.202198267,183.472445862,0.007326126,-2.851282120,1,-2.858205795,-163.763129050,-0.031745911,2.263248444,1,-0.234798431,-13.452959155,-0.227106094,0.363858223,1,0.554334641,31.761035339,-0.354091644,-0.013431072,0.040246010,2.305926505,0.000000000,-0.000000000,8.000000000,2.500000000,3.291463137,188.586946154,0.000000000,-2.884488106,2.000000000,0.500000000,-2.829976082,-162.145685613,0.000000000,2.519175053,1.000000000,0.500000000,-0.364118576,-20.862457650,0.000000000,0.430193961,0.500000000,0.200000003,0.359138489,20.577119667,0.000000000,0.000042848,0.000000000,0.100000001
2026-07-07 01:46:18.389,1783359978.389349222,53.653789643,1,1,53.626390621,1,0.001849378,5,1,0.008246145,5,1,0,0,0,0,1,1,1,1,1,1,0.025200845,-1.595846639,0.983043717,1.668921216,1,52.657934034,12,1,12,1:-1.251:2.428|2:-0.428:2.425|3:0.392:2.424|4:1.223:2.419|5:1.228:1.589|6:0.405:1.588|7:-0.440:1.588|8:-1.261:1.589|9:-1.185:4.911|10:-0.390:4.902|11:0.375:4.903|12:1.182:4.901,0,-1.000000000,,0,0,0.000000000,0.000000000,0,-1.000000000,0,,0,-1.000000000,,0,-1.000000000,0,,1,0.047112465,2.699345402,0.007326126,-0.168498039,1,3.215168238,184.215570444,0.217338562,-3.001708984,1,-2.862401962,-164.003551709,-0.222222328,2.208547592,1,-0.220684052,-12.644264758,-0.168498993,0.358974457,1,0.602654457,34.529556896,-0.085468292,-0.013431072,0.040246010,2.305926505,0.000000000,-0.000000000,8.000000000,2.500000000,3.291463137,188.586946154,0.000000000,-2.884488106,2.000000000,0.500000000,-2.829976082,-162.145685613,0.000000000,2.519175053,1.000000000,0.500000000,-0.364118576,-20.862457650,0.000000000,0.430193961,0.500000000,0.200000003,0.359138489,20.577119667,0.000000000,0.000042848,0.000000000,0.100000001
2026-07-07 01:46:19.389,1783359979.389117241,54.653557852,1,1,54.626158830,1,0.002119684,5,1,0.008245747,5,1,0,0,0,0,1,1,1,1,1,1,0.025109634,-1.578746613,1.018020033,1.590627533,1,53.657702243,12,1,12,1:-1.251:2.428|2:-0.428:2.425|3:0.392:2.424|4:1.223:2.419|5:1.228:1.589|6:0.405:1.588|7:-0.440:1.588|8:-1.261:1.589|9:-1.185:4.911|10:-0.390:4.902|11:0.375:4.903|12:1.182:4.901,0,-1.000000000,,0,0,0.000000000,0.000000000,0,-1.000000000,0,,0,-1.000000000,,0,-1.000000000,0,,1,0.045968056,2.633775585,0.051282883,-0.261294365,1,3.189991236,182.773034491,-0.129426003,-3.452991486,1,-2.868505478,-164.353257394,-0.241758347,2.468376160,1,-0.208857536,-11.966655350,-0.124542236,0.398046494,1,0.670915604,38.440632498,-0.036628723,-0.040293217,0.040246010,2.305926505,0.000000000,-0.000000000,8.000000000,2.500000000,3.291463137,188.586946154,0.000000000,-2.884488106,2.000000000,0.500000000,-2.829976082,-162.145685613,0.000000000,2.519175053,1.000000000,0.500000000,-0.364118576,-20.862457650,0.000000000,0.430193961,0.500000000,0.200000003,0.359138489,20.577119667,0.000000000,0.000042848,0.000000000,0.100000001
2026-07-07 01:46:20.388,1783359980.388847828,55.653288528,1,1,55.625889506,1,0.001801509,5,1,0.008279044,5,1,0,0,0,0,1,1,1,1,1,1,0.025015523,-1.579660753,1.088051150,1.595643252,1,54.657432919,12,1,12,1:-1.251:2.428|2:-0.428:2.425|3:0.392:2.424|4:1.223:2.419|5:1.228:1.589|6:0.405:1.588|7:-0.440:1.588|8:-1.261:1.589|9:-1.185:4.911|10:-0.390:4.902|11:0.375:4.903|12:1.182:4.901,0,-1.000000000,,0,0,0.000000000,0.000000000,0,-1.000000000,0,,0,-1.000000000,,0,-1.000000000,0,,1,0.048256874,2.764915218,0.168498993,-0.544566154,1,3.208683252,183.844008153,0.051281929,-3.097434998,1,-2.863164902,-164.047264919,-0.197802544,2.646154404,1,-0.213816643,-12.250791220,0.168498993,0.354090691,1,0.715784073,41.011406418,0.061050415,-0.015872955,0.040246010,2.305926505,0.000000000,-0.000000000,8.000000000,2.500000000,3.291463137,188.586946154,0.000000000,-2.884488106,2.000000000,0.500000000,-2.829976082,-162.145685613,0.000000000,2.519175053,1.000000000,0.500000000,-0.364118576,-20.862457650,0.000000000,0.430193961,0.500000000,0.200000003,0.359138489,20.577119667,0.000000000,0.000042848,0.000000000,0.100000001
2026-07-07 01:46:21.388,1783359981.388580322,56.653020992,1,1,56.625621970,1,0.001750224,5,1,0.008245516,5,1,0,0,0,0,1,1,1,1,1,1,0.025187289,-1.599170740,1.146502506,1.587492960,1,55.657165383,12,1,12,1:-1.251:2.428|2:-0.428:2.425|3:0.392:2.424|4:1.223:2.419|5:1.228:1.589|6:0.405:1.588|7:-0.440:1.588|8:-1.261:1.589|9:-1.185:4.911|10:-0.390:4.902|11:0.375:4.903|12:1.182:4.901,0,-1.000000000,,0,0,0.000000000,0.000000000,0,-1.000000000,0,,0,-1.000000000,,0,-1.000000000,0,,1,0.044823647,2.568205769,-0.036630630,-0.231989861,1,3.206775904,183.734725126,0.065934181,-3.070085526,1,-2.863546371,-164.069121525,-0.217338562,2.700855255,1,-0.212672234,-12.185221404,0.212453842,0.339438438,1,0.747996330,42.857032815,0.012210846,-0.015872955,0.040246010,2.305926505,0.000000000,-0.000000000,8.000000000,2.500000000,3.291463137,188.586946154,0.000000000,-2.884488106,2.000000000,0.500000000,-2.829976082,-162.145685613,0.000000000,2.519175053,1.000000000,0.500000000,-0.364118576,-20.862457650,0.000000000,0.430193961,0.500000000,0.200000003,0.359138489,20.577119667,0.000000000,0.000042848,0.000000000,0.100000001
2026-07-07 01:46:22.388,1783359982.388296366,57.652736982,1,1,57.625337960,1,0.001548228,5,1,0.008271664,5,1,0,0,0,0,1,1,1,1,1,1,0.025054140,-1.614390191,1.209776166,1.593778235,1,56.656881373,12,1,12,1:-1.251:2.428|2:-0.428:2.425|3:0.392:2.424|4:1.223:2.419|5:1.228:1.589|6:0.405:1.588|7:-0.440:1.588|8:-1.261:1.589|9:-1.185:4.911|10:-0.390:4.902|11:0.375:4.903|12:1.182:4.901,0,-1.000000000,,0,0,0.000000000,0.000000000,0,-1.000000000,0,,0,-1.000000000,,0,-1.000000000,0,,1,0.048256874,2.764915218,0.051282883,-0.603174210,1,3.208301783,183.822151548,0.046398163,-2.974359512,1,-2.870794296,-164.484397026,-0.310133934,2.659828186,1,-0.202754021,-11.616949665,0.153846741,0.363858223,1,0.784428596,44.944447909,-0.061050415,-0.025640965,0.040246010,2.305926505,0.000000000,-0.000000000,8.000000000,2.500000000,3.291463137,188.586946154,0.000000000,-2.884488106,2.000000000,0.500000000,-2.829976082,-162.145685613,0.000000000,2.519175053,1.000000000,0.500000000,-0.364118576,-20.862457650,0.000000000,0.430193961,0.500000000,0.200000003,0.359138489,20.577119667,0.000000000,0.000042848,0.000000000,0.100000001
2026-07-07 01:46:23.388,1783359983.387984037,58.652424833,1,1,58.625025811,1,0.001256623,5,1,0.008190324,5,1,0,0,0,0,1,1,1,1,1,1,0.025079464,-1.615510921,1.270414280,1.546427728,1,57.656569224,12,1,12,1:-1.251:2.428|2:-0.428:2.425|3:0.392:2.424|4:1.223:2.419|5:1.228:1.589|6:0.405:1.588|7:-0.440:1.588|8:-1.261:1.589|9:-1.185:4.911|10:-0.390:4.902|11:0.375:4.903|12:1.182:4.901,0,-1.000000000,,0,0,0.000000000,0.000000000,0,-1.000000000,0,,0,-1.000000000,,0,-1.000000000,0,,1,0.042534828,2.437066137,0.183149338,-0.407814026,1,3.200290918,183.363162836,-0.007326126,-3.411966324,1,-2.864309311,-164.112834735,-0.231989861,2.919658661,1,-0.208476067,-11.944798745,0.256410599,0.324786186,1,0.821626663,47.075740137,0.231990814,-0.028082848,0.040246010,2.305926505,0.000000000,-0.000000000,8.000000000,2.500000000,3.291463137,188.586946154,0.000000000,-2.884488106,2.000000000,0.500000000,-2.829976082,-162.145685613,0.000000000,2.519175053,1.000000000,0.500000000,-0.364118576,-20.862457650,0.000000000,0.430193961,0.500000000,0.200000003,0.359138489,20.577119667,0.000000000,0.000042848,0.000000000,0.100000001
2026-07-07 01:46:24.387,1783359984.387655497,59.652096134,1,1,59.624697112,1,0.001477471,5,1,0.008269555,5,1,0,0,0,0,1,1,1,1,1,1,0.024927025,-1.632066512,1.311517848,1.531377912,1,58.656240525,12,1,12,1:-1.251:2.428|2:-0.428:2.425|3:0.392:2.424|4:1.223:2.419|5:1.228:1.589|6:0.405:1.588|7:-0.440:1.588|8:-1.261:1.589|9:-1.185:4.911|10:-0.390:4.902|11:0.375:4.903|12:1.182:4.901,0,-1.000000000,,0,0,0.000000000,0.000000000,0,-1.000000000,0,,0,-1.000000000,,0,-1.000000000,0,,1,0.041390419,2.371496321,0.065933228,-0.500610352,1,3.201435328,183.428732652,-0.046398163,-3.275213242,1,-2.865072250,-164.156547946,-0.246642113,2.864957809,1,-0.210383415,-12.054081772,0.227106094,0.354090691,1,0.852306366,48.833557622,0.036628723,-0.020757198,0.040246010,2.305926505,0.000000000,-0.000000000,8.000000000,2.500000000,3.291463137,188.586946154,0.000000000,-2.884488106,2.000000000,0.500000000,-2.829976082,-162.145685613,0.000000000,2.519175053,1.000000000,0.500000000,-0.364118576,-20.862457650,0.000000000,0.430193961,0.500000000,0.200000003,0.359138489,20.577119667,0.000000000,0.000042848,0.000000000,0.100000001
2026-07-07 01:46:25.387,1783359985.387372494,60.651813176,1,1,60.624414154,1,0.001492527,5,1,0.008330274,5,1,0,0,0,0,1,1,1,1,1,1,0.025069466,-1.650797983,1.381693291,1.502717842,1,59.655957567,12,1,12,1:-1.251:2.428|2:-0.428:2.425|3:0.392:2.424|4:1.223:2.419|5:1.228:1.589|6:0.405:1.588|7:-0.440:1.588|8:-1.261:1.589|9:-1.185:4.911|10:-0.390:4.902|11:0.375:4.903|12:1.182:4.901,0,-1.000000000,,0,0,0.000000000,0.000000000,0,-1.000000000,0,,0,-1.000000000,,0,-1.000000000,0,,1,0.041008949,2.349639716,0.285715103,-0.598290443,1,3.204487085,183.603585494,-0.007326126,-3.206836700,1,-2.864309311,-164.112834735,-0.217338562,2.864957809,1,-0.211527824,-12.119651588,0.241758347,0.344322205,1,0.881450653,50.503402270,-0.109889984,-0.015872955,0.040246010,2.305926505,0.000000000,-0.000000000,8.000000000,2.500000000,3.291463137,188.586946154,0.000000000,-2.884488106,2.000000000,0.500000000,-2.829976082,-162.145685613,0.000000000,2.519175053,1.000000000,0.500000000,-0.364118576,-20.862457650,0.000000000,0.430193961,0.500000000,0.200000003,0.359138489,20.577119667,0.000000000,0.000042848,0.000000000,0.100000001
2026-07-07 01:46:26.387,1783359986.387030840,61.651471401,1,1,61.624072379,1,0.001917593,5,1,0.008254872,5,1,0,0,0,0,1,1,1,1,1,1,0.025203765,-1.684955884,1.431496423,1.500079917,1,60.655615792,12,1,12,1:-1.251:2.428|2:-0.428:2.425|3:0.392:2.424|4:1.223:2.419|5:1.228:1.589|6:0.405:1.588|7:-0.440:1.588|8:-1.261:1.589|9:-1.185:4.911|10:-0.390:4.902|11:0.375:4.903|12:1.182:4.901,0,-1.000000000,,0,0,0.000000000,0.000000000,0,-1.000000000,0,,0,-1.000000000,,0,-1.000000000,0,,1,0.040627480,2.327783111,0.036630630,-0.617826462,1,3.204105616,183.581728889,-0.041514397,-3.288888931,1,-2.868124008,-164.331400789,-0.227106094,2.646154404,1,-0.210764885,-12.075938377,0.095237732,0.378510475,1,0.908295631,52.041506230,-0.256408691,-0.013431072,0.040246010,2.305926505,0.000000000,-0.000000000,8.000000000,2.500000000,3.291463137,188.586946154,0.000000000,-2.884488106,2.000000000,0.500000000,-2.829976082,-162.145685613,0.000000000,2.519175053,1.000000000,0.500000000,-0.364118576,-20.862457650,0.000000000,0.430193961,0.500000000,0.200000003,0.359138489,20.577119667,0.000000000,0.000042848,0.000000000,0.100000001
2026-07-07 01:46:27.386,1783359987.386731625,62.651172023,1,1,62.623773001,1,0.002065813,5,1,0.008220914,5,1,0,0,0,0,1,1,1,1,1,1,0.025086989,-1.700755908,1.517035365,1.450516382,1,61.655316414,12,1,12,1:-1.251:2.428|2:-0.428:2.425|3:0.392:2.424|4:1.223:2.419|5:1.228:1.589|6:0.405:1.588|7:-0.440:1.588|8:-1.261:1.589|9:-1.185:4.911|10:-0.390:4.902|11:0.375:4.903|12:1.182:4.901,0,-1.000000000,,0,0,0.000000000,0.000000000,0,-1.000000000,0,,0,-1.000000000,,0,-1.000000000,0,,1,0.041771889,2.393352927,0.153846741,-0.778998375,1,3.202198267,183.472445862,-0.178266525,-3.425640106,1,-2.867361069,-164.287687578,-0.222222328,2.659828186,1,-0.211146355,-12.097794982,0.197801590,0.358974457,1,0.930154800,53.293944358,-0.061050415,-0.020757198,0.040246010,2.305926505,0.000000000,-0.000000000,8.000000000,2.500000000,3.291463137,188.586946154,0.000000000,-2.884488106,2.000000000,0.500000000,-2.829976082,-162.145685613,0.000000000,2.519175053,1.000000000,0.500000000,-0.364118576,-20.862457650,0.000000000,0.430193961,0.500000000,0.200000003,0.359138489,20.577119667,0.000000000,0.000042848,0.000000000,0.100000001
2026-07-07 01:46:28.386,1783359988.386397839,63.650838523,1,1,63.623439501,1,0.001987508,5,1,0.008173529,5,1,0,0,0,0,1,1,1,1,1,1,0.025078058,-1.712245830,1.592818234,1.427497997,1,62.654982914,12,1,12,1:-1.251:2.428|2:-0.428:2.425|3:0.392:2.424|4:1.223:2.419|5:1.228:1.589|6:0.405:1.588|7:-0.440:1.588|8:-1.261:1.589|9:-1.185:4.911|10:-0.390:4.902|11:0.375:4.903|12:1.182:4.901,0,-1.000000000,,0,0,0.000000000,0.000000000,0,-1.000000000,0,,0,-1.000000000,,0,-1.000000000,0,,1,0.038720131,2.218500084,0.153846741,-0.534798622,1,3.208301783,183.822151548,-0.036629677,-3.179487228,1,-2.861639023,-163.959838498,-0.202686310,2.687179565,1,-0.218394279,-12.513070484,0.051282883,0.319902420,1,0.939741135,53.843200850,-0.085468292,-0.001221180,0.040246010,2.305926505,0.000000000,-0.000000000,8.000000000,2.500000000,3.291463137,188.586946154,0.000000000,-2.884488106,2.000000000,0.500000000,-2.829976082,-162.145685613,0.000000000,2.519175053,1.000000000,0.500000000,-0.364118576,-20.862457650,0.000000000,0.430193961,0.500000000,0.200000003,0.359138489,20.577119667,0.000000000,0.000042848,0.000000000,0.100000001
2026-07-07 01:46:29.386,1783359989.386007071,64.650447580,1,1,64.623048558,1,0.001918549,5,1,0.008144143,5,1,0,0,0,0,1,1,1,1,1,1,0.025060871,-1.716405985,1.605728944,1.428094802,1,63.654591971,12,1,12,1:-1.251:2.428|2:-0.428:2.425|3:0.392:2.424|4:1.223:2.419|5:1.228:1.589|6:0.405:1.588|7:-0.440:1.588|8:-1.261:1.589|9:-1.185:4.911|10:-0.390:4.902|11:0.375:4.903|12:1.182:4.901,0,-1.000000000,,0,0,0.000000000,0.000000000,0,-1.000000000,0,,0,-1.000000000,,0,-1.000000000,0,,1,0.032616615,1.868794398,-0.021978378,0.031745911,1,3.214786768,184.193713839,-0.002442360,-2.755556107,1,-2.860876083,-163.916125287,-0.002442360,2.536752701,1,-0.218776703,-12.534981731,-0.007326126,0.349205971,1,0.941275597,53.931119045,0.012210846,-0.003663063,0.040246010,2.305926505,0.000000000,-0.000000000,8.000000000,2.500000000,3.291463137,188.586946154,0.000000000,-2.884488106,2.000000000,0.500000000,-2.829976082,-162.145685613,0.000000000,2.519175053,1.000000000,0.500000000,-0.364118576,-20.862457650,0.000000000,0.430193961,0.500000000,0.200000003,0.359138489,20.577119667,0.000000000,0.000042848,0.000000000,0.100000001
2026-07-07 01:46:30.385,1783359990.385669231,65.650109838,1,1,65.622710816,1,0.002030271,5,1,0.008212503,5,1,0,0,0,0,1,1,1,1,1,1,0.025031158,-1.728206429,1.654164761,1.480531396,1,64.654254229,12,1,12,1:-1.251:2.428|2:-0.428:2.425|3:0.392:2.424|4:1.223:2.419|5:1.228:1.589|6:0.405:1.588|7:-0.440:1.588|8:-1.261:1.589|9:-1.185:4.911|10:-0.390:4.902|11:0.375:4.903|12:1.182:4.901,0,-1.000000000,,0,0,0.000000000,0.000000000,0,-1.000000000,0,,0,-1.000000000,,0,-1.000000000,0,,1,0.028800964,1.650173703,-0.183149338,0.549450874,1,3.222797632,184.652702551,0.197802544,-3.001708984,1,-2.861257553,-163.937981893,-0.109889984,2.577777863,1,-0.218012810,-12.491213879,0.139194489,0.319902420,1,0.934756279,53.557589660,-0.354091644,0.010989189,0.040246010,2.305926505,0.000000000,-0.000000000,8.000000000,2.500000000,3.291463137,188.586946154,0.000000000,-2.884488106,2.000000000,0.500000000,-2.829976082,-162.145685613,0.000000000,2.519175053,1.000000000,0.500000000,-0.364118576,-20.862457650,0.000000000,0.430193961,0.500000000,0.200000003,0.359138489,20.577119667,0.000000000,0.000042848,0.000000000,0.100000001
2026-07-07 01:46:31.385,1783359991.385312319,66.649752863,1,1,66.622353841,1,0.002007373,5,1,0.008260926,5,1,0,0,0,0,1,1,1,1,1,1,0.025152242,-1.759200135,1.776874982,1.513830889,1,65.653897254,12,1,12,1:-1.251:2.428|2:-0.428:2.425|3:0.392:2.424|4:1.223:2.419|5:1.228:1.589|6:0.405:1.588|7:-0.440:1.588|8:-1.261:1.589|9:-1.185:4.911|10:-0.390:4.902|11:0.375:4.903|12:1.182:4.901,0,-1.000000000,,0,0,0.000000000,0.000000000,0,-1.000000000,0,,0,-1.000000000,,0,-1.000000000,0,,1,0.032998085,1.890651004,-0.051282883,0.339438438,1,3.219745874,184.477849708,0.417582512,-3.138462067,1,-2.861257553,-163.937981893,-0.026862144,2.509401321,1,-0.216105461,-12.381930852,-0.051282883,0.358974457,1,0.928236961,53.184060274,-0.134311676,0.001221180,0.040246010,2.305926505,0.000000000,-0.000000000,8.000000000,2.500000000,3.291463137,188.586946154,0.000000000,-2.884488106,2.000000000,0.500000000,-2.829976082,-162.145685613,0.000000000,2.519175053,1.000000000,0.500000000,-0.364118576,-20.862457650,0.000000000,0.430193961,0.500000000,0.200000003,0.359138489,20.577119667,0.000000000,0.000042848,0.000000000,0.100000001
2026-07-07 01:46:32.385,1783359992.384939432,67.649380005,1,1,67.621980983,1,0.001997914,5,1,0.008280269,5,1,0,0,0,0,1,1,1,1,1,1,0.025318686,-1.749730295,1.780146997,1.495233750,1,66.653524396,12,1,12,1:-1.251:2.428|2:-0.428:2.425|3:0.392:2.424|4:1.223:2.419|5:1.228:1.589|6:0.405:1.588|7:-0.440:1.588|8:-1.261:1.589|9:-1.185:4.911|10:-0.390:4.902|11:0.375:4.903|12:1.182:4.901,1,0.924183212,pickup,8,4,-1.685056000,1.809350000,1,0.924151798,1,received,0,-1.000000000,,0,-1.000000000,0,,1,-0.402265549,-23.048118184,-1.106227875,-0.236874580,1,2.782956362,159.451654099,-1.208790779,-4.560684204,1,-2.834935188,-162.429821482,0.280830383,4.437606812,1,-0.166132927,-9.518715552,0.227106094,0.622710228,1,0.603037834,34.551522785,-0.695972443,-0.032967091,-0.429855645,-24.628914241,-1.113685250,-0.237498328,13.000000000,2.200000048,2.687946558,154.007993330,-1.257957220,-3.122330189,20.000000000,8.000000000,-2.753105879,-157.741347410,0.250407308,3.058842182,20.000000000,6.500000000,-0.146231145,-8.378427423,0.164662302,0.489126265,12.000000000,3.200000048,0.631372750,36.174993863,-0.710951746,-0.054484237,0.500000000,0.100000001
2026-07-07 01:46:33.384,1783359993.384599924,68.649040358,1,1,68.621641336,1,0.001897038,5,1,0.008279042,5,1,0,0,0,0,1,1,1,1,1,1,0.025164135,-1.744657981,1.782242729,1.495406407,1,67.653184749,12,1,12,1:-1.251:2.428|2:-0.428:2.425|3:0.392:2.424|4:1.223:2.419|5:1.228:1.589|6:0.405:1.588|7:-0.440:1.588|8:-1.261:1.589|9:-1.185:4.911|10:-0.390:4.902|11:0.375:4.903|12:1.182:4.901,1,1.923843565,pickup,8,4,-1.685056000,1.809350000,1,1.923812151,1,received,0,-1.000000000,,0,-1.000000000,0,,1,-1.365491867,-78.236920942,-0.344322205,-0.354090691,1,1.647685409,94.405419878,-0.608058929,0.895727158,1,-2.570191383,-147.261118808,0.197802544,2.441024780,1,-0.028038025,-1.606460493,0.021978378,0.573870659,1,0.001725197,0.098846498,-0.061050415,-0.059829235,-1.374877930,-78.774702717,-0.337929666,-0.228637949,13.000000000,2.200000048,1.620501637,92.847904520,-0.381706685,0.870918393,20.000000000,8.000000000,-2.540621758,-145.566904044,0.075982027,1.943225384,20.000000000,6.500000000,-0.006506262,-0.372781373,0.049964096,0.325251132,12.000000000,3.200000048,0.028091667,1.609533971,-0.215726748,-0.051442854,0.500000000,0.100000001
2026-07-07 01:46:34.384,1783359994.384210587,69.648651378,1,1,69.621252356,1,0.001970536,5,1,0.008216375,5,1,0,0,0,0,1,1,1,1,1,1,0.025045476,-1.750253664,1.779049494,1.494081993,1,68.652795769,12,1,12,1:-1.251:2.428|2:-0.428:2.425|3:0.392:2.424|4:1.223:2.419|5:1.228:1.589|6:0.405:1.588|7:-0.440:1.588|8:-1.261:1.589|9:-1.185:4.911|10:-0.390:4.902|11:0.375:4.903|12:1.182:4.901,1,2.923454585,pickup,8,4,-1.685056000,1.809350000,1,2.923423171,1,received,0,-1.000000000,,0,-1.000000000,0,,1,-1.417754173,-81.231330516,0.007326126,-0.036629677,1,1.530190825,87.673476149,-0.002442360,2.413675308,1,-2.550736427,-146.146431935,-0.002442360,2.017093658,1,-0.016975403,-0.972618938,-0.007326126,0.422466278,1,-0.023967743,-1.373250514,-0.036628723,0.006104946,-1.418882728,-81.295991917,0.000000000,0.000000000,13.000000000,2.200000048,1.570796371,90.000002504,0.000000000,1.635578275,20.000000000,8.000000000,-2.530727386,-144.999998343,0.000000000,1.635365009,20.000000000,6.500000000,0.000000000,0.000000000,0.000000000,0.247735515,12.000000000,3.200000048,0.000000000,0.000000000,0.000000000,-0.000019584,0.500000000,0.100000001
2026-07-07 01:46:35.383,1783359995.383826017,70.648266505,1,1,70.620867483,1,0.001940694,5,1,0.008162911,5,1,0,0,0,0,1,1,1,1,1,1,0.025206739,-1.742146480,1.780434544,1.495018939,1,69.652410896,12,1,12,1:-1.251:2.428|2:-0.428:2.425|3:0.392:2.424|4:1.223:2.419|5:1.228:1.589|6:0.405:1.588|7:-0.440:1.588|8:-1.261:1.589|9:-1.185:4.911|10:-0.390:4.902|11:0.375:4.903|12:1.182:4.901,1,3.923069712,pickup,8,4,-1.685056000,1.809350000,1,3.923038298,1,received,0,-1.000000000,,0,-1.000000000,0,,1,-1.417754173,-81.231330516,-0.007326126,-0.036629677,1,1.530190825,87.673476149,-0.002442360,2.413675308,1,-2.550736427,-146.146431935,-0.002442360,2.017093658,1,-0.016975403,-0.972618938,-0.007326126,0.417582512,1,-0.023967743,-1.373250514,-0.012210846,0.008546829,-1.418882728,-81.295991917,0.000000000,0.000000000,13.000000000,2.200000048,1.570796371,90.000002504,0.000000000,1.635578275,20.000000000,8.000000000,-2.530727386,-144.999998343,0.000000000,1.635365009,20.000000000,6.500000000,0.000000000,0.000000000,0.000000000,0.247735515,12.000000000,3.200000048,0.000000000,0.000000000,0.000000000,-0.000019584,0.500000000,0.100000001
2026-07-07 01:46:36.383,1783359996.383456469,71.647897039,1,1,71.620498017,1,0.001582161,5,1,0.008274479,5,1,0,0,0,0,1,1,1,1,1,1,0.025192108,-1.746269942,1.782635224,1.494186450,1,70.652041430,12,1,12,1:-1.251:2.428|2:-0.428:2.425|3:0.392:2.424|4:1.223:2.419|5:1.228:1.589|6:0.405:1.588|7:-0.440:1.588|8:-1.261:1.589|9:-1.185:4.911|10:-0.390:4.902|11:0.375:4.903|12:1.182:4.901,1,4.922700246,pickup,8,4,-1.685056000,1.809350000,1,4.922668832,1,received,0,-1.000000000,,0,-1.000000000,0,,1,-1.417754173,-81.231330516,-0.007326126,-0.036629677,1,1.530190825,87.673476149,-0.002442360,2.413675308,1,-2.550736427,-146.146431935,-0.002442360,2.017093658,1,-0.016975403,-0.972618938,0.007326126,0.422466278,1,-0.023584366,-1.351284625,-0.012210846,0.008546829,-1.418882728,-81.295991917,0.000000000,0.000000000,13.000000000,2.200000048,1.570796371,90.000002504,0.000000000,1.635578275,20.000000000,8.000000000,-2.530727386,-144.999998343,0.000000000,1.635365009,20.000000000,6.500000000,0.000000000,0.000000000,0.000000000,0.247735515,12.000000000,3.200000048,0.000000000,0.000000000,0.000000000,-0.000019584,0.500000000,0.100000001
2026-07-07 01:46:37.383,1783359997.383062124,72.647502590,1,1,72.620103568,1,0.001394811,5,1,0.008163814,5,1,0,0,0,0,1,1,1,1,1,1,0.024983890,-1.746121336,1.787951943,1.494416790,1,71.651646981,12,1,12,1:-1.251:2.428|2:-0.428:2.425|3:0.392:2.424|4:1.223:2.419|5:1.228:1.589|6:0.405:1.588|7:-0.440:1.588|8:-1.261:1.589|9:-1.185:4.911|10:-0.390:4.902|11:0.375:4.903|12:1.182:4.901,1,5.922305797,pickup,8,4,-1.685056000,1.809350000,1,5.922274383,1,received,0,-1.000000000,,0,-1.000000000,0,,1,-1.397153854,-80.051019186,-0.007326126,-0.100122452,1,1.541634917,88.329174309,-0.002442360,2.194871902,1,-2.550736427,-146.146431935,-0.007326126,2.017093658,1,-0.009727478,-0.557343436,-0.007326126,0.334554672,1,0.014380455,0.823939380,-0.036628723,-0.003663063,-1.404799223,-80.489066538,0.000000000,0.000000000,13.000000000,2.200000048,1.570796371,90.000002504,0.000000000,1.635578275,20.000000000,8.000000000,-2.530727386,-144.999998343,0.000000000,1.635365009,20.000000000,6.500000000,0.000000000,0.000000000,0.000000000,0.247735515,12.000000000,3.200000048,0.000000000,0.000000000,0.000000000,-0.000019584,0.500000000,0.100000001
2026-07-07 01:46:38.382,1783359998.382699490,73.647140029,1,1,73.619741007,1,0.001139318,5,1,0.008227026,5,1,0,0,0,0,1,1,1,1,1,1,0.025032050,-1.753284025,1.781266269,1.494835283,1,72.651284420,12,1,12,1:-1.251:2.428|2:-0.428:2.425|3:0.392:2.424|4:1.223:2.419|5:1.228:1.589|6:0.405:1.588|7:-0.440:1.588|8:-1.261:1.589|9:-1.185:4.911|10:-0.390:4.902|11:0.375:4.903|12:1.182:4.901,1,6.921943236,pickup,8,4,-1.685056000,1.809350000,1,6.921911822,1,received,0,-1.000000000,,0,-1.000000000,0,,1,-1.400205612,-80.225872029,-0.007326126,-0.095237732,1,1.355474830,77.662986977,-0.578754425,2.673503876,1,-2.254329681,-129.163576375,1.057387352,2.659828186,1,-0.219921112,-12.600551547,-0.637363434,0.026862144,1,0.010162354,0.582259966,-0.231990814,-0.023199081,-1.401194572,-80.282535278,-0.003084945,-0.060897786,13.000000000,2.200000048,1.369972587,78.493647263,-0.535501182,2.054810286,20.000000000,8.000000000,-2.208210945,-126.521167431,1.068509579,2.391502142,20.000000000,6.500000000,-0.245426551,-14.061905525,-0.735264182,0.138759166,12.000000000,3.200000048,0.011284641,0.646562302,-0.009657405,-0.032501519,0.500000000,0.100000001
2026-07-07 01:46:39.382,1783359999.382253885,74.646694327,1,1,74.619295305,1,0.001601533,5,1,0.008217777,5,1,0,0,0,0,1,1,1,1,1,1,0.025136321,-1.752796010,1.784916736,1.494599178,1,73.650838718,12,1,12,1:-1.251:2.428|2:-0.428:2.425|3:0.392:2.424|4:1.223:2.419|5:1.228:1.589|6:0.405:1.588|7:-0.440:1.588|8:-1.261:1.589|9:-1.185:4.911|10:-0.390:4.902|11:0.375:4.903|12:1.182:4.901,1,7.921497534,pickup,8,4,-1.685056000,1.809350000,1,7.921466120,1,received,0,-1.000000000,,0,-1.000000000,0,,1,-1.402112961,-80.335155055,-0.021978378,-0.070817947,1,0.738629162,42.320333626,-0.285714149,6.762393951,1,-1.117151260,-64.008052297,0.661782265,3.398290634,1,-1.006141663,-57.647670859,-0.534797668,-0.324786186,1,0.003259659,0.186764693,0.012210846,-0.028082848,-1.404478312,-80.470679669,-0.001757517,-0.034174085,13.000000000,2.200000048,0.799961269,45.834404482,-0.305079103,5.572934628,20.000000000,8.000000000,-1.070841670,-61.354708220,0.608738005,2.774462461,20.000000000,6.500000000,-1.028074503,-58.904330044,-0.418885589,0.030437479,12.000000000,3.200000048,0.001004868,0.057574713,-0.005501897,-0.020731091,0.500000000,0.100000001
2026-07-07 01:46:40.381,1783360000.381836653,75.646277158,1,1,75.618878136,1,0.001938002,5,1,0.008024846,5,1,0,0,0,0,1,1,1,1,1,1,0.025200425,-1.747098889,1.781827596,1.494443871,1,74.650421549,12,1,12,1:-1.251:2.428|2:-0.428:2.425|3:0.392:2.424|4:1.223:2.419|5:1.228:1.589|6:0.405:1.588|7:-0.440:1.588|8:-1.261:1.589|9:-1.185:4.911|10:-0.390:4.902|11:0.375:4.903|12:1.182:4.901,1,8.921080365,pickup,8,4,-1.685056000,1.809350000,1,8.921048951,1,received,0,-1.000000000,,0,-1.000000000,0,,1,-1.407073021,-80.619345566,-0.007326126,0.002442360,1,0.660426438,37.839647568,-0.002442360,5.435897827,1,-1.106851578,-63.417923953,-0.002442360,1.251281738,1,-0.839818001,-48.118027005,0.021978378,0.598290443,1,0.004026413,0.230696469,-0.012210846,-0.006104946,-1.404799223,-80.489066538,0.000000000,-0.000002870,13.000000000,2.200000048,0.626519084,35.896899296,-0.005623414,6.433262348,20.000000000,8.000000000,-1.142421842,-65.455949948,-0.008730169,2.074671984,20.000000000,6.500000000,-0.804097235,-46.071377895,0.014353583,0.167971283,12.000000000,3.200000048,0.000000000,0.000000000,0.000000000,-0.000008761,0.500000000,0.100000001
2026-07-07 01:46:41.381,1783360001.381434679,76.645875191,1,1,76.618476169,1,0.002055586,5,1,0.008119006,5,1,0,0,0,0,1,1,1,1,1,1,0.025138373,-1.744900380,1.780861912,1.494287679,1,75.650019582,12,1,12,1:-1.251:2.428|2:-0.428:2.425|3:0.392:2.424|4:1.223:2.419|5:1.228:1.589|6:0.405:1.588|7:-0.440:1.588|8:-1.261:1.589|9:-1.185:4.911|10:-0.390:4.902|11:0.375:4.903|12:1.182:4.901,1,9.920678398,pickup,8,4,-1.685056000,1.809350000,1,9.920646984,1,received,0,-1.000000000,,0,-1.000000000,0,,1,-1.407073021,-80.619345566,-0.021978378,-0.002442360,1,0.660426438,37.839647568,-0.002442360,5.900856018,1,-1.106851578,-63.417923953,-0.002442360,1.442735672,1,-0.839818001,-48.118027005,-0.021978378,0.505494118,1,0.004026413,0.230696469,-0.012210846,-0.006104946,-1.404799223,-80.489066538,0.000000000,0.000000000,13.000000000,2.200000048,0.626443088,35.892545051,0.000000000,6.605019569,20.000000000,8.000000000,-1.142539859,-65.462711836,0.000000000,2.177688837,20.000000000,6.500000000,-0.803903222,-46.060261762,0.000000000,0.107058421,12.000000000,3.200000048,0.000000000,0.000000000,0.000000000,-0.000008474,0.500000000,0.100000001
2026-07-07 01:46:42.381,1783360002.381022453,77.645463070,1,1,77.618064048,1,0.002096006,5,1,0.008171456,5,1,0,0,0,0,1,1,1,1,1,1,0.023771290,-1.746857722,1.785699796,1.494566188,1,76.649607461,12,1,12,1:-1.251:2.428|2:-0.428:2.425|3:0.392:2.424|4:1.223:2.419|5:1.228:1.589|6:0.405:1.588|7:-0.440:1.588|8:-1.261:1.589|9:-1.185:4.911|10:-0.390:4.902|11:0.375:4.903|12:1.182:4.901,1,10.920266277,pickup,8,4,-1.685056000,1.809350000,1,10.920234863,1,received,0,-1.000000000,,0,-1.000000000,0,,1,-1.407073021,-80.619345566,-0.021978378,0.002442360,1,0.660426438,37.839647568,-0.002442360,5.900856018,1,-1.106851578,-63.417923953,-0.002442360,1.429059982,1,-0.839818001,-48.118027005,-0.007326126,0.383394241,1,0.004026413,0.230696469,-0.012210846,-0.006104946,-1.404799223,-80.489066538,0.000000000,0.000000000,13.000000000,2.200000048,0.626443088,35.892545051,0.000000000,6.605019569,20.000000000,8.000000000,-1.142539859,-65.462711836,0.000000000,2.177688837,20.000000000,6.500000000,-0.803903222,-46.060261762,0.000000000,0.107058421,8.500000000,3.200000048,0.000000000,0.000000000,0.000000000,-0.000008474,0.800000012,0.200000003
2026-07-07 01:46:43.380,1783360003.380625248,78.645065829,1,1,78.617666807,1,0.002083565,5,1,0.008300331,5,1,0,0,0,0,1,1,1,1,1,1,0.025146232,-1.753937878,1.778987561,1.493198007,1,77.649210220,12,1,12,1:-1.251:2.428|2:-0.428:2.425|3:0.392:2.424|4:1.223:2.419|5:1.228:1.589|6:0.405:1.588|7:-0.440:1.588|8:-1.261:1.589|9:-1.185:4.911|10:-0.390:4.902|11:0.375:4.903|12:1.182:4.901,1,11.919869036,pickup,8,4,-1.685056000,1.809350000,1,11.919837622,1,received,1,0.552255832,grabbed,1,0.551758772,1,received,1,-1.376173019,-78.848905892,0.212453842,1.247862816,1,0.706585228,40.484351456,0.285714149,9.825641632,1,-1.130884171,-64.794890090,-0.285714149,1.264957428,1,-0.808156013,-46.303928761,0.139194489,0.402930260,1,0.004026413,0.230696469,0.012210846,-0.008546829,-1.327418804,-76.055495125,0.390007734,0.483124703,13.000000000,2.200000048,0.795944810,45.604278333,0.663533032,7.430489063,20.000000000,8.000000000,-1.182516813,-67.753222604,-0.370476872,2.093686342,20.000000000,6.500000000,-0.782395720,-44.827972693,0.281154364,0.232461452,12.000000000,3.200000048,0.003798478,0.217636774,-0.001116027,-0.004570815,0.500000000,0.100000001
2026-07-07 01:46:44.380,1783360004.380223036,79.644663697,1,1,79.617264675,1,0.001906792,5,1,0.008238027,5,1,0,0,0,0,1,1,1,1,1,1,0.025304459,-1.750202938,1.785591565,1.495288978,1,78.648808088,12,1,12,1:-1.251:2.428|2:-0.428:2.425|3:0.392:2.424|4:1.223:2.419|5:1.228:1.589|6:0.405:1.588|7:-0.440:1.588|8:-1.261:1.589|9:-1.185:4.911|10:-0.390:4.902|11:0.375:4.903|12:1.182:4.901,1,12.919466904,pickup,8,4,-1.685056000,1.809350000,1,12.919435490,1,received,1,1.551853700,grabbed,1,1.551356640,1,received,1,-0.543030739,-31.113369481,0.930402756,0.026862144,1,1.982239127,113.573935972,1.882783890,2.331623077,1,-1.906805992,-109.251935699,-0.974358559,2.194871902,1,-0.242809296,-13.911947868,0.256410599,0.368741989,1,0.004026413,0.230696469,-0.012210846,-0.013431072,-0.537138224,-30.775753230,0.933468878,0.264307886,13.000000000,2.200000048,2.140475273,122.640199303,1.588141441,0.417477131,20.000000000,8.000000000,-1.933221579,-110.765437317,-0.886722445,2.023955345,20.000000000,6.500000000,-0.212686956,-12.186064932,0.672932386,0.472494841,12.000000000,3.200000048,0.001537049,0.088066425,-0.002671170,-0.010441217,0.500000000,0.100000001
2026-07-07 01:46:45.379,1783360005.379787683,80.644228356,1,1,80.616829334,1,0.001725220,5,1,0.008178935,5,1,0,0,0,0,1,1,1,1,1,1,0.025183986,-1.741871486,1.784162486,1.492870431,1,79.648372747,12,1,12,1:-1.251:2.428|2:-0.428:2.425|3:0.392:2.424|4:1.223:2.419|5:1.228:1.589|6:0.405:1.588|7:-0.440:1.588|8:-1.261:1.589|9:-1.185:4.911|10:-0.390:4.902|11:0.375:4.903|12:1.182:4.901,1,13.919031563,pickup,8,4,-1.685056000,1.809350000,1,13.919000149,1,received,1,2.551418359,grabbed,1,2.550921299,1,received,1,-0.000572205,-0.032784908,-0.051282883,0.134309769,1,3.101106882,177.680336163,0.046398163,-3.507692337,1,-2.403104782,-137.687761742,-0.012209892,1.182905197,1,0.179484367,10.283696739,-0.021978378,1.863247871,1,0.004409790,0.252662358,0.085468292,-0.008546829,-0.004473632,-0.256320218,0.066750340,0.206121385,13.000000000,2.200000048,3.046715021,174.563912090,0.113564551,-2.632640600,20.000000000,8.000000000,-2.439211369,-139.756516759,-0.063407607,1.984240532,20.000000000,6.500000000,0.171307907,9.815220040,0.048119940,0.379587740,12.000000000,3.200000048,0.000012802,0.000733474,-0.000191010,-0.000841486,0.500000000,0.100000001
2026-07-07 01:46:46.379,1783360006.379400969,81.643841431,1,1,81.616442409,1,0.002044662,5,1,0.008241323,5,1,0,0,0,0,1,1,1,1,1,1,0.023101515,-1.749118116,1.852525097,1.505081795,1,80.647985822,12,1,12,1:-1.251:2.428|2:-0.428:2.425|3:0.392:2.424|4:1.223:2.419|5:1.228:1.589|6:0.405:1.588|7:-0.440:1.588|8:-1.261:1.589|9:-1.185:4.911|10:-0.390:4.902|11:0.375:4.903|12:1.182:4.901,1,14.918644638,pickup,8,4,-1.685056000,1.809350000,1,14.918613224,1,received,1,0.745182626,completed,1,0.744766428,1,received,1,-0.000953674,-0.054641513,0.007326126,-0.061050415,1,3.105303049,177.920758822,0.148962021,-4.711111069,1,-2.421034813,-138.715076835,-0.002442360,1.743589401,1,0.194361687,11.136104347,-1.150182724,-1.726495743,1,0.002876282,0.164798804,-0.280830383,-0.006104946,0.000000000,0.000000000,0.000000000,0.000000000,13.000000000,2.200000048,3.054326296,175.000006008,0.000000000,-3.234629154,20.000000000,8.000000000,-2.443460941,-139.999999342,0.000000000,2.209447145,20.000000000,6.500000000,0.174532920,9.999999709,0.000000000,0.305777937,8.500000000,3.200000048,0.000000000,0.000000000,0.000000000,-0.000024143,0.800000012,0.200000003
2026-07-07 01:46:47.379,1783360007.378968477,82.643409046,1,1,82.616010024,1,0.001650837,5,1,0.008192331,5,1,0,0,0,0,1,1,1,1,1,1,0.025126929,-1.753691478,1.933345538,1.449424383,1,81.647553437,12,1,12,1:-1.251:2.428|2:-0.428:2.425|3:0.392:2.424|4:1.223:2.419|5:1.228:1.589|6:0.405:1.588|7:-0.440:1.588|8:-1.261:1.589|9:-1.185:4.911|10:-0.390:4.902|11:0.375:4.903|12:1.182:4.901,1,15.918212253,pickup,8,4,-1.685056000,1.809350000,1,15.918180839,1,received,1,1.744750241,completed,1,1.744334043,1,received,1,-0.007820129,-0.448060410,-0.007326126,0.007326126,1,3.106447458,177.986328638,0.105006218,-4.642734528,1,-2.443922997,-140.026473156,-0.002442360,2.208547592,1,0.186732292,10.698972240,-0.153846741,1.912087440,1,0.004409790,0.252662358,0.109889984,-0.006104946,0.000000000,0.000000000,0.000000000,0.000000000,13.000000000,2.200000048,3.054326296,175.000006008,0.000000000,-3.234629154,20.000000000,8.000000000,-2.443460941,-139.999999342,0.000000000,2.209447145,20.000000000,6.500000000,0.174532920,9.999999709,0.000000000,0.305777937,8.500000000,3.200000048,0.000000000,0.000000000,0.000000000,-0.000024143,0.800000012,0.200000003
2026-07-07 01:46:48.378,1783360008.378563404,83.643003930,1,1,83.615604908,1,0.001407011,5,1,0.008210114,5,1,0,0,0,0,1,1,1,1,1,1,0.025102199,-1.744108377,2.007930738,1.422350292,1,82.647148321,12,1,12,1:-1.251:2.428|2:-0.428:2.425|3:0.392:2.424|4:1.223:2.419|5:1.228:1.589|6:0.405:1.588|7:-0.440:1.588|8:-1.261:1.589|9:-1.185:4.911|10:-0.390:4.902|11:0.375:4.903|12:1.182:4.901,1,16.917807137,pickup,8,4,-1.685056000,1.809350000,1,16.917775723,1,received,1,2.744345125,completed,1,2.743928927,1,received,1,-0.010490417,-0.601056647,0.007326126,0.085470200,1,3.103777170,177.833332400,0.100122452,-4.519659042,1,-2.447356224,-140.223182604,-0.007326126,2.263248444,1,0.190546989,10.917538294,-1.164834976,-1.770451546,1,0.002876282,0.164798804,-0.158729553,-0.006104946,0.000000000,0.000000000,0.000000000,0.000000000,13.000000000,2.200000048,3.054326296,175.000006008,0.000000000,-3.234629154,20.000000000,8.000000000,-2.443460941,-139.999999342,0.000000000,2.209447145,20.000000000,6.500000000,0.174532920,9.999999709,0.000000000,0.305777937,8.500000000,3.200000048,0.000000000,0.000000000,0.000000000,-0.000024143,0.800000012,0.200000003
2026-07-07 01:46:49.378,1783360009.378133297,84.642573737,1,1,84.615174715,1,0.001270902,5,1,0.008156735,5,1,0,0,0,0,1,1,1,1,1,1,0.024628825,-1.728674052,2.075559022,1.405051440,1,83.646718128,12,1,12,1:-1.251:2.428|2:-0.428:2.425|3:0.392:2.424|4:1.223:2.419|5:1.228:1.589|6:0.405:1.588|7:-0.440:1.588|8:-1.261:1.589|9:-1.185:4.911|10:-0.390:4.902|11:0.375:4.903|12:1.182:4.901,1,17.917376944,pickup,8,4,-1.685056000,1.809350000,1,17.917345530,1,received,1,3.743914932,completed,1,3.743498734,1,received,1,-0.009346008,-0.535486831,0.021978378,0.031745911,1,3.099199533,177.571053136,0.046398163,-4.341880798,1,-2.449263573,-140.332465630,-0.002442360,2.304273605,1,0.191309929,10.961251505,1.340660095,1.794871330,1,0.004409790,0.252662358,0.061050415,-0.008546829,0.000000000,0.000000000,0.000000000,0.000000000,13.000000000,2.200000048,3.054326296,175.000006008,0.000000000,-3.234629154,20.000000000,8.000000000,-2.443460941,-139.999999342,0.000000000,2.209447145,20.000000000,6.500000000,0.174532920,9.999999709,0.000000000,0.305777937,8.500000000,3.200000048,0.000000000,0.000000000,0.000000000,-0.000024143,0.800000012,0.200000003
2026-07-07 01:46:50.377,1783360010.377755642,85.642196196,1,1,85.614797174,1,0.001449788,5,1,0.008332001,5,1,0,0,0,0,1,1,1,1,1,1,0.025209411,-1.747107105,2.143590182,1.396475681,1,84.646340587,12,1,12,1:-1.251:2.428|2:-0.428:2.425|3:0.392:2.424|4:1.223:2.419|5:1.228:1.589|6:0.405:1.588|7:-0.440:1.588|8:-1.261:1.589|9:-1.185:4.911|10:-0.390:4.902|11:0.375:4.903|12:1.182:4.901,1,18.916999403,pickup,8,4,-1.685056000,1.809350000,1,18.916967989,1,received,1,4.743537391,completed,1,4.743121193,1,received,1,-0.008964539,-0.513630226,-0.065933228,0.065934181,1,3.097673655,177.483626715,0.065934181,-4.410257339,1,-2.451933861,-140.485461868,-0.002442360,2.358974457,1,0.203516960,11.660662876,3.274726868,0.798534393,1,0.004409790,0.252662358,0.036628723,-0.008546829,0.000000000,0.000000000,0.000000000,0.000000000,13.000000000,2.200000048,3.054326296,175.000006008,0.000000000,-3.234629154,20.000000000,8.000000000,-2.443460941,-139.999999342,0.000000000,2.209447145,20.000000000,6.500000000,0.174532920,9.999999709,0.000000000,0.305777937,8.500000000,3.200000048,0.000000000,0.000000000,0.000000000,-0.000024143,0.800000012,0.200000003
2026-07-07 01:46:51.377,1783360011.377346992,86.641787578,1,1,86.614388556,1,0.001612933,5,1,0.008351394,5,1,0,0,0,0,1,1,1,1,1,1,0.023763118,-1.739465174,2.205467929,1.390044591,1,85.645931969,12,1,12,1:-1.251:2.428|2:-0.428:2.425|3:0.392:2.424|4:1.223:2.419|5:1.228:1.589|6:0.405:1.588|7:-0.440:1.588|8:-1.261:1.589|9:-1.185:4.911|10:-0.390:4.902|11:0.375:4.903|12:1.182:4.901,1,19.916590785,pickup,8,4,-1.685056000,1.809350000,1,19.916559371,1,received,1,5.743128773,completed,1,5.742712575,1,received,1,-0.010108948,-0.579200042,-0.036630630,0.036629677,1,3.097292185,177.461770110,0.051281929,-4.355556488,1,-2.447356224,-140.223182604,-0.012209892,2.276922226,1,0.188639641,10.808255267,1.384614944,1.785103798,1,0.004409790,0.252662358,0.109889984,-0.008546829,0.000000000,0.000000000,0.000000000,0.000000000,13.000000000,2.200000048,3.054326296,175.000006008,0.000000000,-3.234629154,20.000000000,8.000000000,-2.443460941,-139.999999342,0.000000000,2.209447145,20.000000000,6.500000000,0.174532920,9.999999709,0.000000000,0.305777937,8.500000000,3.200000048,0.000000000,0.000000000,0.000000000,-0.000024143,0.800000012,0.200000003
2026-07-07 01:46:52.377,1783360012.376843929,87.641284714,1,1,87.613885692,1,0.002001485,5,1,0.008332580,5,1,0,0,0,0,1,1,1,1,1,1,0.025048518,-1.736298542,2.284957298,1.380587171,1,86.645429105,12,1,12,1:-1.251:2.428|2:-0.428:2.425|3:0.392:2.424|4:1.223:2.419|5:1.228:1.589|6:0.405:1.588|7:-0.440:1.588|8:-1.261:1.589|9:-1.185:4.911|10:-0.390:4.902|11:0.375:4.903|12:1.182:4.901,1,20.916087921,pickup,8,4,-1.685056000,1.809350000,1,20.916056507,1,received,1,6.742625909,completed,1,6.742209711,1,received,1,-0.006675720,-0.382490594,0.109889984,0.070817947,1,3.097673655,177.483626715,0.105006218,-4.492307663,1,-2.450789452,-140.419892052,0.002442360,2.345298767,1,0.191691399,10.983108110,-1.164834976,-1.789987564,1,0.002492905,0.142832916,-0.305252075,-0.008546829,0.000000000,0.000000000,0.000000000,0.000000000,13.000000000,2.200000048,3.054326296,175.000006008,0.000000000,-3.234629154,20.000000000,8.000000000,-2.443460941,-139.999999342,0.000000000,2.209447145,20.000000000,6.500000000,0.174532920,9.999999709,0.000000000,0.305777937,8.500000000,3.200000048,0.000000000,0.000000000,0.000000000,-0.000024143,0.800000012,0.200000003
2026-07-07 01:46:53.376,1783360013.376435757,88.640876372,1,1,88.613477350,1,0.001578025,5,1,0.008103947,5,1,0,0,0,0,1,1,1,1,1,1,0.024990241,-1.756457245,2.375991212,1.411794740,1,87.645020763,12,1,12,1:-1.251:2.428|2:-0.428:2.425|3:0.392:2.424|4:1.223:2.419|5:1.228:1.589|6:0.405:1.588|7:-0.440:1.588|8:-1.261:1.589|9:-1.185:4.911|10:-0.390:4.902|11:0.375:4.903|12:1.182:4.901,1,21.915679579,pickup,8,4,-1.685056000,1.809350000,1,21.915648165,1,received,1,7.742217567,completed,1,7.741801369,1,received,1,-0.010490417,-0.601056647,-0.153846741,0.114773750,1,3.104540110,177.877045611,0.080586433,-4.533332825,1,-2.437438011,-139.654910865,-0.007326126,2.085470200,1,0.197413445,11.310957190,1.413919449,1.687423706,1,0.004409790,0.252662358,0.207569122,-0.006104946,0.000000000,0.000000000,0.000000000,0.000000000,13.000000000,2.200000048,3.054326296,175.000006008,0.000000000,-3.234629154,20.000000000,8.000000000,-2.443460941,-139.999999342,0.000000000,2.209447145,20.000000000,6.500000000,0.174532920,9.999999709,0.000000000,0.305777937,8.500000000,3.200000048,0.000000000,0.000000000,0.000000000,-0.000024143,0.800000012,0.200000003
2026-07-07 01:46:54.376,1783360014.376019001,89.640459555,1,1,89.613060533,1,0.001736885,5,1,0.008270347,5,1,0,0,0,0,1,1,1,1,1,1,0.022466164,-1.567899638,2.413764215,0.996601273,1,88.644603946,12,1,12,1:-1.251:2.428|2:-0.428:2.425|3:0.392:2.424|4:1.223:2.419|5:1.228:1.589|6:0.405:1.588|7:-0.440:1.588|8:-1.261:1.589|9:-1.185:4.911|10:-0.390:4.902|11:0.375:4.903|12:1.182:4.901,1,22.915262762,pickup,8,4,-1.685056000,1.809350000,1,22.915231348,1,received,1,8.741800750,completed,1,8.741384552,1,received,1,-0.004768372,-0.273207567,-0.080585480,0.442002296,1,3.111025095,178.248607902,0.021978378,-4.464958191,1,-2.423323631,-138.846216467,0.021978378,1.757265091,1,0.208857536,11.966655350,-1.252746582,-1.785103798,1,0.002876282,0.164798804,-0.207569122,-0.008546829,0.000000000,0.000000000,0.000000000,0.000000000,13.000000000,2.200000048,3.054326296,175.000006008,0.000000000,-3.234629154,20.000000000,8.000000000,-2.443460941,-139.999999342,0.000000000,2.209447145,20.000000000,6.500000000,0.174532920,9.999999709,0.000000000,0.305777937,8.500000000,3.200000048,0.000000000,0.000000000,0.000000000,-0.000024143,0.800000012,0.200000003
2026-07-07 01:46:55.375,1783360015.375545263,90.639985925,1,1,90.612586903,1,0.001819287,5,1,0.008293354,5,1,0,0,0,0,1,1,1,1,1,1,0.025080881,-1.480974847,2.425033731,0.744780551,1,89.644130316,12,1,12,1:-1.251:2.428|2:-0.428:2.425|3:0.392:2.424|4:1.223:2.419|5:1.228:1.589|6:0.405:1.588|7:-0.440:1.588|8:-1.261:1.589|9:-1.185:4.911|10:-0.390:4.902|11:0.375:4.903|12:1.182:4.901,1,23.914789132,pickup,8,4,-1.685056000,1.809350000,1,23.914757718,1,received,1,9.741327120,completed,1,9.740910922,1,received,1,-0.000190735,-0.010928303,-0.065933228,0.036629677,1,3.123613596,178.969875878,0.100122452,-4.957265854,1,-2.445448875,-140.113899577,0.007326126,2.208547592,1,0.178339958,10.218126923,-3.128204346,-0.813186646,1,0.002876282,0.164798804,-0.109889984,-0.006104946,0.000000000,0.000000000,0.000000000,0.000000000,13.000000000,2.200000048,3.054326296,175.000006008,0.000000000,-3.234629154,20.000000000,8.000000000,-2.443460941,-139.999999342,0.000000000,2.209447145,20.000000000,6.500000000,0.174532920,9.999999709,0.000000000,0.305777937,8.500000000,3.200000048,0.000000000,0.000000000,0.000000000,-0.000024143,0.800000012,0.200000003
2026-07-07 01:46:56.375,1783360016.375126123,91.639566678,1,1,91.612167656,1,0.001917215,5,1,0.008247805,5,1,0,0,0,0,1,1,1,1,1,1,0.025096380,-1.407834054,2.442257215,0.606642047,1,90.643711069,12,1,12,1:-1.251:2.428|2:-0.428:2.425|3:0.392:2.424|4:1.223:2.419|5:1.228:1.589|6:0.405:1.588|7:-0.440:1.588|8:-1.261:1.589|9:-1.185:4.911|10:-0.390:4.902|11:0.375:4.903|12:1.182:4.901,1,24.914369885,pickup,8,4,-1.685056000,1.809350000,1,24.914338471,1,received,1,10.740907873,completed,1,10.740491675,1,received,1,-0.004386902,-0.251350961,0.036630630,-0.012209892,1,3.119417429,178.729453220,0.085470200,-4.888889313,1,-2.446974754,-140.201325998,-0.002442360,2.249572754,1,0.189402580,10.851968478,-1.120878220,-1.814407349,1,0.002492905,0.142832916,-0.305252075,-0.006104946,0.000000000,0.000000000,0.000000000,0.000000000,13.000000000,2.200000048,3.054326296,175.000006008,0.000000000,-3.234629154,20.000000000,8.000000000,-2.443460941,-139.999999342,0.000000000,2.209447145,20.000000000,6.500000000,0.174532920,9.999999709,0.000000000,0.305777937,8.500000000,3.200000048,0.000000000,0.000000000,0.000000000,-0.000024143,0.800000012,0.200000003
2026-07-07 01:46:57.374,1783360017.374707937,92.639148638,1,1,92.611749616,1,0.001954948,5,1,0.008281625,5,1,0,0,0,0,1,1,1,1,1,1,0.025215644,-1.352061601,2.447952782,0.554595875,1,91.643293029,12,1,12,1:-1.251:2.428|2:-0.428:2.425|3:0.392:2.424|4:1.223:2.419|5:1.228:1.589|6:0.405:1.588|7:-0.440:1.588|8:-1.261:1.589|9:-1.185:4.911|10:-0.390:4.902|11:0.375:4.903|12:1.182:4.901,1,25.913951845,pickup,8,4,-1.685056000,1.809350000,1,25.913920431,1,received,1,11.740489833,completed,1,11.740073635,1,received,1,-0.003242493,-0.185781145,0.021978378,0.007326126,1,3.103777170,177.833332400,0.109889984,-4.588033676,1,-2.447356224,-140.223182604,-0.012209892,2.276922226,1,0.184443474,10.567832608,1.091575623,1.799756050,1,0.004409790,0.252662358,0.109889984,-0.008546829,0.000000000,0.000000000,0.000000000,0.000000000,13.000000000,2.200000048,3.054326296,175.000006008,0.000000000,-3.234629154,20.000000000,8.000000000,-2.443460941,-139.999999342,0.000000000,2.209447145,20.000000000,6.500000000,0.174532920,9.999999709,0.000000000,0.305777937,8.500000000,3.200000048,0.000000000,0.000000000,0.000000000,-0.000024143,0.800000012,0.200000003
2026-07-07 01:46:58.374,1783360018.374257088,93.638697665,1,1,93.611298643,1,0.001712456,5,1,0.008292061,5,1,0,0,0,0,1,1,1,1,1,1,0.024642171,-1.306446646,2.500409063,0.542976480,1,92.642842056,12,1,12,1:-1.251:2.428|2:-0.428:2.425|3:0.392:2.424|4:1.223:2.419|5:1.228:1.589|6:0.405:1.588|7:-0.440:1.588|8:-1.261:1.589|9:-1.185:4.911|10:-0.390:4.902|11:0.375:4.903|12:1.182:4.901,1,26.913500872,pickup,8,4,-1.685056000,1.809350000,1,26.913469458,1,received,1,12.740038860,completed,1,12.739622662,1,received,1,-0.003623962,-0.207637751,-0.007326126,0.017093658,1,3.103777170,177.833332400,0.080586433,-4.547008514,1,-2.448500633,-140.288752420,0.002442360,2.290597916,1,0.192072868,11.004964715,0.080585480,-1.804639816,1,0.002876282,0.164798804,-0.280830383,-0.003663063,0.000000000,0.000000000,0.000000000,0.000000000,13.000000000,2.200000048,3.054326296,175.000006008,0.000000000,-3.234629154,20.000000000,8.000000000,-2.443460941,-139.999999342,0.000000000,2.209447145,20.000000000,6.500000000,0.174532920,9.999999709,0.000000000,0.305777937,8.500000000,3.200000048,0.000000000,0.000000000,0.000000000,-0.000024143,0.800000012,0.200000003
2026-07-07 01:46:59.373,1783360019.373824596,94.638265156,1,1,94.610866134,1,0.001901035,5,1,0.008285801,5,1,0,0,0,0,1,1,1,1,1,1,0.024011077,-1.262256862,2.555168179,0.540320561,1,93.642409547,12,1,12,1:-1.251:2.428|2:-0.428:2.425|3:0.392:2.424|4:1.223:2.419|5:1.228:1.589|6:0.405:1.588|7:-0.440:1.588|8:-1.261:1.589|9:-1.185:4.911|10:-0.390:4.902|11:0.375:4.903|12:1.182:4.901,1,27.913068363,pickup,8,4,-1.685056000,1.809350000,1,27.913036949,1,received,1,13.739606351,completed,1,13.739190153,1,received,1,-0.004005432,-0.229494356,0.007326126,0.017093658,1,3.104540110,177.877045611,0.061050415,-4.533332825,1,-2.448119164,-140.266895814,-0.007326126,2.304273605,1,0.174143791,9.977704264,-1.150182724,1.692307472,1,0.004026413,0.230696469,0.109889984,-0.006104946,0.000000000,0.000000000,0.000000000,0.000000000,13.000000000,2.200000048,3.054326296,175.000006008,0.000000000,-3.234629154,20.000000000,8.000000000,-2.443460941,-139.999999342,0.000000000,2.209447145,20.000000000,6.500000000,0.174532920,9.999999709,0.000000000,0.305777937,8.500000000,3.200000048,0.000000000,0.000000000,0.000000000,-0.000024143,0.800000012,0.200000003
2026-07-07 01:47:00.373,1783360020.373375177,95.637815769,1,1,95.610416747,1,0.001673076,5,1,0.008266858,5,1,0,0,0,0,1,1,1,1,1,1,0.023726826,-1.220768063,2.592995261,0.538210082,1,94.641960160,12,1,12,1:-1.251:2.428|2:-0.428:2.425|3:0.392:2.424|4:1.223:2.419|5:1.228:1.589|6:0.405:1.588|7:-0.440:1.588|8:-1.261:1.589|9:-1.185:4.911|10:-0.390:4.902|11:0.375:4.903|12:1.182:4.901,1,28.912618976,pickup,8,4,-1.685056000,1.809350000,1,28.912587562,1,received,1,14.739156964,completed,1,14.738740766,1,received,1,-0.002861023,-0.163924540,0.007326126,0.012209892,1,3.104540110,177.877045611,0.070817947,-4.574359894,1,-2.447737694,-140.245039209,0.002442360,2.263248444,1,0.201228142,11.529523244,2.366298676,-1.145298958,1,0.003259659,0.186764693,-0.158729553,-0.006104946,0.000000000,0.000000000,0.000000000,0.000000000,13.000000000,2.200000048,3.054326296,175.000006008,0.000000000,-3.234629154,20.000000000,8.000000000,-2.443460941,-139.999999342,0.000000000,2.209447145,20.000000000,6.500000000,0.174532920,9.999999709,0.000000000,0.305777937,8.500000000,3.200000048,0.000000000,0.000000000,0.000000000,-0.000024143,0.800000012,0.200000003
2026-07-07 01:47:01.373,1783360021.372933626,96.637374346,1,1,96.609975324,1,0.001034915,5,1,0.008345347,5,1,0,0,0,0,1,1,1,1,1,1,0.023562572,-1.159260304,2.648629926,0.536341582,1,95.641518737,12,1,12,1:-1.251:2.428|2:-0.428:2.425|3:0.392:2.424|4:1.223:2.419|5:1.228:1.589|6:0.405:1.588|7:-0.440:1.588|8:-1.261:1.589|9:-1.185:4.911|10:-0.390:4.902|11:0.375:4.903|12:1.182:4.901,1,29.912177553,pickup,8,4,-1.685056000,1.809350000,1,29.912146139,1,received,1,15.738715541,completed,1,15.738299343,1,received,1,-0.003623962,-0.207637751,-0.021978378,0.021978378,1,3.104540110,177.877045611,0.134309769,-4.711111069,1,-2.448119164,-140.266895814,0.002442360,2.276922226,1,0.197031975,11.289100585,1.633699417,-1.511599541,1,0.002876282,0.164798804,-0.158729553,-0.006104946,0.000000000,0.000000000,0.000000000,0.000000000,13.000000000,2.200000048,3.054326296,175.000006008,0.000000000,-3.234629154,20.000000000,8.000000000,-2.443460941,-139.999999342,0.000000000,2.209447145,20.000000000,6.500000000,0.174532920,9.999999709,0.000000000,0.305777937,8.500000000,3.200000048,0.000000000,0.000000000,0.000000000,-0.000024143,0.800000012,0.200000003
2026-07-07 01:47:02.372,1783360022.372530699,97.636971401,1,1,97.609572379,1,0.001791302,5,1,0.008302362,5,1,0,0,0,0,1,1,1,1,1,1,0.024941944,-1.090983250,2.697688829,0.548056395,1,96.641115792,12,1,12,1:-1.251:2.428|2:-0.428:2.425|3:0.392:2.424|4:1.223:2.419|5:1.228:1.589|6:0.405:1.588|7:-0.440:1.588|8:-1.261:1.589|9:-1.185:4.911|10:-0.390:4.902|11:0.375:4.903|12:1.182:4.901,1,30.911774608,pickup,8,4,-1.685056000,1.809350000,1,30.911743194,1,received,1,16.738312596,completed,1,16.737896398,1,received,1,-0.004005432,-0.229494356,0.036630630,0.002442360,1,3.101488352,177.702192768,0.085470200,-4.437606812,1,-2.451933861,-140.485461868,-0.002442360,2.358974457,1,0.168803215,9.671711789,-2.996337891,0.735042572,1,0.003259659,0.186764693,-0.061050415,-0.006104946,0.000000000,0.000000000,0.000000000,0.000000000,13.000000000,2.200000048,3.054326296,175.000006008,0.000000000,-3.234629154,20.000000000,8.000000000,-2.443460941,-139.999999342,0.000000000,2.209447145,20.000000000,6.500000000,0.174532920,9.999999709,0.000000000,0.305777937,8.500000000,3.200000048,0.000000000,0.000000000,0.000000000,-0.000024143,0.800000012,0.200000003
2026-07-07 01:47:03.372,1783360023.372061729,98.636502170,1,1,98.609103148,1,0.001980722,5,1,0.008228359,5,1,0,0,0,0,1,1,1,1,1,1,0.024347444,-1.019782437,2.742096250,0.545396221,1,97.640646561,12,1,12,1:-1.251:2.428|2:-0.428:2.425|3:0.392:2.424|4:1.223:2.419|5:1.228:1.589|6:0.405:1.588|7:-0.440:1.588|8:-1.261:1.589|9:-1.185:4.911|10:-0.390:4.902|11:0.375:4.903|12:1.182:4.901,1,31.911305377,pickup,8,4,-1.685056000,1.809350000,1,31.911273963,1,received,1,17.737843365,completed,1,17.737427167,1,received,1,-0.004386902,-0.251350961,-0.021978378,-0.012209892,1,3.096147776,177.396200294,0.080586433,-4.328205109,1,-2.447356224,-140.223182604,-0.007326126,2.249572754,1,0.205042839,11.748089297,3.201465607,-0.481074333,1,0.003643036,0.208730581,-0.061050415,-0.006104946,0.000000000,0.000000000,0.000000000,0.000000000,13.000000000,2.200000048,3.054326296,175.000006008,0.000000000,-3.234629154,20.000000000,8.000000000,-2.443460941,-139.999999342,0.000000000,2.209447145,20.000000000,6.500000000,0.174532920,9.999999709,0.000000000,0.305777937,8.500000000,3.200000048,0.000000000,0.000000000,0.000000000,-0.000024143,0.800000012,0.200000003
2026-07-07 01:47:04.371,1783360024.371615171,99.636055889,1,1,99.608656867,1,0.001946241,5,1,0.008170247,5,1,0,0,0,0,1,1,1,1,1,1,0.024879691,-0.962633514,2.796893898,0.593562684,1,98.640200280,12,1,12,1:-1.251:2.428|2:-0.428:2.425|3:0.392:2.424|4:1.223:2.419|5:1.228:1.589|6:0.405:1.588|7:-0.440:1.588|8:-1.261:1.589|9:-1.185:4.911|10:-0.390:4.902|11:0.375:4.903|12:1.182:4.901,1,32.910859096,pickup,8,4,-1.685056000,1.809350000,1,32.910827682,1,received,1,18.737397084,completed,1,18.736980886,1,received,1,-0.007057190,-0.404347199,-0.036630630,0.046398163,1,3.096529245,177.418056899,-0.002442360,-4.109401703,1,-2.443541527,-140.004616550,-0.002442360,2.194871902,1,0.199702263,11.442096822,3.362636566,0.764347076,1,0.004793167,0.274628246,0.134311676,-0.010989189,0.000000000,0.000000000,0.000000000,0.000000000,13.000000000,2.200000048,3.054326296,175.000006008,0.000000000,-3.234629154,20.000000000,8.000000000,-2.443460941,-139.999999342,0.000000000,2.209447145,20.000000000,6.500000000,0.174532920,9.999999709,0.000000000,0.305777937,8.500000000,3.200000048,0.000000000,0.000000000,0.000000000,-0.000024143,0.800000012,0.200000003
2026-07-07 01:47:05.371,1783360025.371181965,100.635622591,1,1,100.608223569,1,0.001710629,5,1,0.008127781,5,1,0,0,0,0,1,1,1,1,1,1,0.025161913,-0.959623994,2.787613213,0.593574912,1,99.639766982,12,1,12,1:-1.251:2.428|2:-0.428:2.425|3:0.392:2.424|4:1.223:2.419|5:1.228:1.589|6:0.405:1.588|7:-0.440:1.588|8:-1.261:1.589|9:-1.185:4.911|10:-0.390:4.902|11:0.375:4.903|12:1.182:4.901,1,33.910425798,pickup,8,4,-1.685056000,1.809350000,1,33.910394384,1,received,1,19.736963786,completed,1,19.736547588,1,received,1,-0.003623962,-0.207637751,-0.007326126,0.021978378,1,3.096529245,177.418056899,-0.002442360,-4.109401703,1,-2.443541527,-140.004616550,-0.002442360,2.194871902,1,0.174143791,9.977704264,-3.304029465,-0.544566154,1,0.003643036,0.208730581,-0.036628723,-0.008546829,0.000000000,0.000000000,0.000000000,0.000000000,13.000000000,2.200000048,3.054326296,175.000006008,0.000000000,-3.234629154,20.000000000,8.000000000,-2.443460941,-139.999999342,0.000000000,2.209447145,20.000000000,6.500000000,0.174532920,9.999999709,0.000000000,0.305777937,8.500000000,3.200000048,0.000000000,0.000000000,0.000000000,-0.000024143,0.800000012,0.200000003
2026-07-07 01:47:06.370,1783360026.370746613,101.635187204,1,1,101.607788182,1,0.002117291,5,1,0.008232525,5,1,0,0,0,0,1,1,1,1,1,1,0.025134367,-0.981814733,2.824295716,0.697989432,1,100.639331595,12,1,12,1:-1.251:2.428|2:-0.428:2.425|3:0.392:2.424|4:1.223:2.419|5:1.228:1.589|6:0.405:1.588|7:-0.440:1.588|8:-1.261:1.589|9:-1.185:4.911|10:-0.390:4.902|11:0.375:4.903|12:1.182:4.901,1,34.909990411,pickup,8,4,-1.685056000,1.809350000,1,34.909958997,1,received,1,20.736528399,completed,1,20.736112201,1,received,1,-0.008583069,-0.491773620,-0.021978378,-0.173381805,1,3.099199533,177.571053136,-0.002442360,-4.150426865,1,-2.437819481,-139.676767470,0.002442360,2.071794510,1,0.200465202,11.485810033,3.304027557,0.730158806,1,0.005176544,0.296594135,0.207569122,-0.010989189,0.000000000,0.000000000,0.000000000,0.000000000,13.000000000,2.200000048,3.054326296,175.000006008,0.000000000,-3.234629154,20.000000000,8.000000000,-2.443460941,-139.999999342,0.000000000,2.209447145,20.000000000,6.500000000,0.174532920,9.999999709,0.000000000,0.305777937,8.500000000,3.200000048,0.000000000,0.000000000,0.000000000,-0.000024143,0.800000012,0.200000003
2026-07-07 01:47:07.370,1783360027.370293140,102.634733845,1,1,102.607334823,1,0.002055857,5,1,0.008255582,5,1,0,0,0,0,1,1,1,1,1,1,0.024972463,-1.087557984,2.840619931,1.138253535,1,101.638878236,12,1,12,1:-1.251:2.428|2:-0.428:2.425|3:0.392:2.424|4:1.223:2.419|5:1.228:1.589|6:0.405:1.588|7:-0.440:1.588|8:-1.261:1.589|9:-1.185:4.911|10:-0.390:4.902|11:0.375:4.903|12:1.182:4.901,1,35.909537052,pickup,8,4,-1.685056000,1.809350000,1,35.909505638,1,received,1,21.736075040,completed,1,21.735658842,1,received,1,0.004768372,0.273207567,0.300365448,-0.559218407,1,3.127429247,179.188496573,-0.007326126,-4.697435379,1,-2.434004784,-139.458201417,0.021978378,1.948717117,1,0.204661369,11.726232692,3.362636566,-0.358974457,1,0.004793167,0.274628246,0.061050415,-0.008546829,0.000000000,0.000000000,0.000000000,0.000000000,13.000000000,2.200000048,3.054326296,175.000006008,0.000000000,-3.234629154,20.000000000,8.000000000,-2.443460941,-139.999999342,0.000000000,2.209447145,20.000000000,6.500000000,0.174532920,9.999999709,0.000000000,0.305777937,8.500000000,3.200000048,0.000000000,0.000000000,0.000000000,-0.000024143,0.800000012,0.200000003
2026-07-07 01:47:08.369,1783360028.369851589,103.634292148,1,1,103.606893126,1,0.001952070,5,1,0.008303045,5,1,0,0,0,0,1,1,1,1,1,1,0.024992594,-1.175798041,2.814824985,1.422146852,1,102.638436539,12,1,12,1:-1.251:2.428|2:-0.428:2.425|3:0.392:2.424|4:1.223:2.419|5:1.228:1.589|6:0.405:1.588|7:-0.440:1.588|8:-1.261:1.589|9:-1.185:4.911|10:-0.390:4.902|11:0.375:4.903|12:1.182:4.901,1,36.909095355,pickup,8,4,-1.685056000,1.809350000,1,36.909063941,1,received,1,22.735633343,completed,1,22.735217145,1,received,1,0.000572205,0.032784908,0.153846741,-0.417582512,1,3.130099535,179.341492811,-0.002442360,-4.779487610,1,-2.427138329,-139.064782520,0.012209892,1.866666794,1,0.206950188,11.857372324,3.553112030,0.178266525,1,0.005176544,0.296594135,0.158729553,-0.008546829,0.000000000,0.000000000,0.000000000,0.000000000,13.000000000,2.200000048,3.054326296,175.000006008,0.000000000,-3.234629154,20.000000000,8.000000000,-2.443460941,-139.999999342,0.000000000,2.209447145,20.000000000,6.500000000,0.174532920,9.999999709,0.000000000,0.305777937,8.500000000,3.200000048,0.000000000,0.000000000,0.000000000,-0.000024143,0.800000012,0.200000003
2026-07-07 01:47:09.369,1783360029.369462967,104.633903680,1,1,104.606504658,1,0.002014457,5,1,0.008373980,5,1,0,0,0,0,1,1,1,1,1,1,0.024945644,-1.187178000,2.754142352,1.570075299,1,103.638048071,12,1,12,1:-1.251:2.428|2:-0.428:2.425|3:0.392:2.424|4:1.223:2.419|5:1.228:1.589|6:0.405:1.588|7:-0.440:1.588|8:-1.261:1.589|9:-1.185:4.911|10:-0.390:4.902|11:0.375:4.903|12:1.182:4.901,1,37.908706887,pickup,8,4,-1.685056000,1.809350000,1,37.908675473,1,received,1,23.735244875,completed,1,23.734828677,1,received,1,-0.000572205,-0.032784908,-0.021978378,0.007326126,1,3.130481005,179.363349416,-0.002442360,-4.779487610,1,-2.420653343,-138.693220230,-0.002442360,1.729913712,1,0.176051140,10.086987291,-3.553113937,0.070817947,1,0.003643036,0.208730581,0.036628723,-0.008546829,0.000000000,0.000000000,0.000000000,0.000000000,13.000000000,2.200000048,3.054326296,175.000006008,0.000000000,-3.234629154,20.000000000,8.000000000,-2.443460941,-139.999999342,0.000000000,2.209447145,20.000000000,6.500000000,0.174532920,9.999999709,0.000000000,0.305777937,8.500000000,3.200000048,0.000000000,0.000000000,0.000000000,-0.000024143,0.800000012,0.200000003
2026-07-07 01:47:10.369,1783360030.368978977,105.633419652,1,1,105.606020630,1,0.001918693,5,1,0.008230418,5,1,0,0,0,0,1,1,1,1,1,1,0.024831154,-1.194584335,2.746053796,1.568339492,1,104.637564043,12,1,12,1:-1.251:2.428|2:-0.428:2.425|3:0.392:2.424|4:1.223:2.419|5:1.228:1.589|6:0.405:1.588|7:-0.440:1.588|8:-1.261:1.589|9:-1.185:4.911|10:-0.390:4.902|11:0.375:4.903|12:1.182:4.901,1,38.908222859,pickup,8,4,-1.685056000,1.809350000,1,38.908191445,1,received,1,24.734760847,completed,1,24.734344649,1,received,1,-0.000190735,-0.010928303,0.007326126,-0.021978378,1,3.130481005,179.363349416,-0.002442360,-4.779487610,1,-2.420653343,-138.693220230,-0.007326126,1.743589401,1,0.206187248,11.813659113,3.509159088,0.305250168,1,0.004793167,0.274628246,0.109889984,-0.008546829,0.000000000,0.000000000,0.000000000,0.000000000,13.000000000,2.200000048,3.054326296,175.000006008,0.000000000,-3.234629154,20.000000000,8.000000000,-2.443460941,-139.999999342,0.000000000,2.209447145,20.000000000,6.500000000,0.174532920,9.999999709,0.000000000,0.305777937,8.500000000,3.200000048,0.000000000,0.000000000,0.000000000,-0.000024143,0.800000012,0.200000003
2026-07-07 01:47:11.368,1783360031.368553638,106.632994311,1,1,106.605595289,1,0.001787732,5,1,0.008203286,5,1,0,0,0,0,1,1,1,1,1,1,0.024643712,-1.192369256,2.744997917,1.569521871,1,105.637138702,12,1,12,1:-1.251:2.428|2:-0.428:2.425|3:0.392:2.424|4:1.223:2.419|5:1.228:1.589|6:0.405:1.588|7:-0.440:1.588|8:-1.261:1.589|9:-1.185:4.911|10:-0.390:4.902|11:0.375:4.903|12:1.182:4.901,1,39.907797518,pickup,8,4,-1.685056000,1.809350000,1,39.907766104,1,received,1,25.734335506,completed,1,25.733919308,1,received,1,0.008964539,0.513630226,0.124542236,-0.691086769,1,3.130481005,179.363349416,-0.007326126,-4.793163300,1,-2.422179222,-138.780646651,-0.056165695,1.907691956,1,0.175669670,10.065130685,-3.509157181,-0.168498039,1,0.003643036,0.208730581,-0.061050415,-0.008546829,0.000000000,0.000000000,0.000000000,0.000000000,13.000000000,2.200000048,3.054326296,175.000006008,0.000000000,-3.234629154,20.000000000,8.000000000,-2.443460941,-139.999999342,0.000000000,2.209447145,20.000000000,6.500000000,0.174532920,9.999999709,0.000000000,0.305777937,8.500000000,3.200000048,0.000000000,0.000000000,0.000000000,-0.000024143,0.800000012,0.200000003
2026-07-07 01:47:12.368,1783360032.368135929,107.632576638,1,1,107.605177616,1,0.001500031,5,1,0.008258466,5,1,0,0,0,0,1,1,1,1,1,1,0.025041271,-1.197690606,2.739877433,1.527863140,1,106.636721029,12,1,12,1:-1.251:2.428|2:-0.428:2.425|3:0.392:2.424|4:1.223:2.419|5:1.228:1.589|6:0.405:1.588|7:-0.440:1.588|8:-1.261:1.589|9:-1.185:4.911|10:-0.390:4.902|11:0.375:4.903|12:1.182:4.901,1,40.907379845,pickup,8,4,-1.685056000,1.809350000,1,40.907348431,1,received,1,26.733917833,completed,1,26.733501635,1,received,1,-0.044823647,-2.568205769,0.036630630,0.212453842,1,3.102251291,177.745905979,-0.002442360,-4.246154785,1,-2.446593285,-140.179469393,0.007326126,2.263248444,1,0.167658806,9.606141973,-2.454212189,1.174603462,1,0.003643036,0.208730581,0.061050415,-0.006104946,0.000000000,0.000000000,0.000000000,0.000000000,13.000000000,2.200000048,3.054326296,175.000006008,0.000000000,-3.234629154,20.000000000,8.000000000,-2.443460941,-139.999999342,0.000000000,2.209447145,20.000000000,6.500000000,0.174532920,9.999999709,0.000000000,0.305777937,8.500000000,3.200000048,0.000000000,0.000000000,0.000000000,-0.000024143,0.800000012,0.200000003
2026-07-07 01:47:13.368,1783360033.368134975,108.632575600,1,1,108.605176578,1,0.001253257,5,1,0.008096704,5,1,0,0,0,0,1,1,1,1,1,1,0.024326071,-1.144218680,2.730216461,1.336585983,1,107.636719991,12,1,12,1:-1.251:2.428|2:-0.428:2.425|3:0.392:2.424|4:1.223:2.419|5:1.228:1.589|6:0.405:1.588|7:-0.440:1.588|8:-1.261:1.589|9:-1.185:4.911|10:-0.390:4.902|11:0.375:4.903|12:1.182:4.901,1,41.907378807,pickup,8,4,-1.685056000,1.809350000,1,41.907347393,1,received,1,27.733916795,completed,1,27.733500597,1,received,1,0.005531311,0.316920777,-0.564102173,1.047618866,1,3.098055124,177.505483320,0.065934181,-4.423931122,1,-2.430190086,-139.239635363,-0.002442360,1.935043335,1,0.199702263,11.442096822,2.483516693,-0.945055008,1,0.003643036,0.208730581,0.012210846,-0.008546829,0.000000000,0.000000000,0.000000000,0.000000000,13.000000000,2.200000048,3.054326296,175.000006008,0.000000000,-3.234629154,20.000000000,8.000000000,-2.443460941,-139.999999342,0.000000000,2.209447145,20.000000000,6.500000000,0.174532920,9.999999709,0.000000000,0.305777937,8.500000000,3.200000048,0.000000000,0.000000000,0.000000000,-0.000024143,0.800000012,0.200000003
2026-07-07 01:47:14.368,1783360034.368815184,109.633255803,1,1,109.605856781,1,0.001827371,5,1,0.008126753,5,1,0,0,0,0,1,1,1,1,1,1,0.024905121,-1.174791489,2.778196814,1.432110193,1,108.637400194,12,1,12,1:-1.251:2.428|2:-0.428:2.425|3:0.392:2.424|4:1.223:2.419|5:1.228:1.589|6:0.405:1.588|7:-0.440:1.588|8:-1.261:1.589|9:-1.185:4.911|10:-0.390:4.902|11:0.375:4.903|12:1.182:4.901,1,42.908059010,pickup,8,4,-1.685056000,1.809350000,1,42.908027596,1,received,1,28.734596998,completed,1,28.734180800,1,received,1,-0.045586586,-2.611918980,0.989011765,-0.930402756,1,3.077837229,176.347083237,0.183150291,-4.396581650,1,-2.437438011,-139.654910865,-0.075701714,2.194871902,1,0.203135490,11.638806270,3.245422363,0.989010811,1,0.004409790,0.252662358,0.109889984,-0.008546829,0.000000000,0.000000000,0.000000000,0.000000000,13.000000000,2.200000048,3.054326296,175.000006008,0.000000000,-3.234629154,20.000000000,8.000000000,-2.443460941,-139.999999342,0.000000000,2.209447145,20.000000000,6.500000000,0.174532920,9.999999709,0.000000000,0.305777937,8.500000000,3.200000048,0.000000000,0.000000000,0.000000000,-0.000024143,0.800000012,0.200000003
2026-07-07 01:47:15.369,1783360035.369509459,110.633949848,1,1,110.606550826,1,0.001900491,5,1,0.008279404,5,1,0,0,0,0,1,1,1,1,1,1,0.025197768,-1.161266385,2.790910693,1.439102370,1,109.638094239,12,1,12,1:-1.251:2.428|2:-0.428:2.425|3:0.392:2.424|4:1.223:2.419|5:1.228:1.589|6:0.405:1.588|7:-0.440:1.588|8:-1.261:1.589|9:-1.185:4.911|10:-0.390:4.902|11:0.375:4.903|12:1.182:4.901,1,43.908753055,pickup,8,4,-1.685056000,1.809350000,1,43.908721641,1,received,1,29.735291043,completed,1,29.734874845,1,received,1,-0.029563904,-1.693886914,-1.750915527,3.772893906,1,3.122087717,178.882449457,0.984127045,-7.418804169,1,-2.440871239,-139.851620313,0.041514397,2.003417969,1,0.179484367,10.283696739,-2.688644409,-1.296703339,1,0.003259659,0.186764693,-0.158729553,-0.006104946,0.000000000,0.000000000,0.000000000,0.000000000,13.000000000,2.200000048,3.054326296,175.000006008,0.000000000,-3.234629154,20.000000000,8.000000000,-2.443460941,-139.999999342,0.000000000,2.209447145,20.000000000,6.500000000,0.174532920,9.999999709,0.000000000,0.305777937,8.500000000,3.200000048,0.000000000,0.000000000,0.000000000,-0.000024143,0.800000012,0.200000003
2026-07-07 01:47:16.370,1783360036.370121002,111.634561582,1,1,111.607162560,1,0.001462642,5,1,0.008259578,5,1,0,0,0,0,1,1,1,1,1,1,0.024746718,-1.198816801,2.878872532,1.563420924,1,110.638705973,12,1,12,1:-1.251:2.428|2:-0.428:2.425|3:0.392:2.424|4:1.223:2.419|5:1.228:1.589|6:0.405:1.588|7:-0.440:1.588|8:-1.261:1.589|9:-1.185:4.911|10:-0.390:4.902|11:0.375:4.903|12:1.182:4.901,1,44.909364789,pickup,8,4,-1.685056000,1.809350000,1,44.909333375,1,received,1,30.735902777,completed,1,30.735486579,1,received,1,0.021171570,1.213041597,0.505495071,-1.526251793,1,3.102632761,177.767762584,0.144078255,-4.615385056,1,-2.445830345,-140.135756182,-0.002442360,2.249572754,1,0.174525261,9.999560869,-3.450550079,-0.222222328,1,0.003643036,0.208730581,0.036628723,-0.008546829,0.000000000,0.000000000,0.000000000,0.000000000,13.000000000,2.200000048,3.054326296,175.000006008,0.000000000,-3.234629154,20.000000000,8.000000000,-2.443460941,-139.999999342,0.000000000,2.209447145,20.000000000,6.500000000,0.174532920,9.999999709,0.000000000,0.305777937,8.500000000,3.200000048,0.000000000,0.000000000,0.000000000,-0.000024143,0.800000012,0.200000003
2026-07-07 01:47:17.370,1783360037.370699406,112.635140218,1,1,112.607741196,1,0.001867595,5,1,0.008218064,5,1,0,0,0,0,1,1,1,1,1,1,0.025140750,-1.187681592,2.930056025,1.540968924,1,111.639284609,12,1,12,1:-1.251:2.428|2:-0.428:2.425|3:0.392:2.424|4:1.223:2.419|5:1.228:1.589|6:0.405:1.588|7:-0.440:1.588|8:-1.261:1.589|9:-1.185:4.911|10:-0.390:4.902|11:0.375:4.903|12:1.182:4.901,1,45.909943425,pickup,8,4,-1.685056000,1.809350000,1,45.909912011,1,received,1,31.736481413,completed,1,31.736065215,1,received,1,-0.030708313,-1.759456730,-0.065933228,0.573870659,1,3.122850657,178.926162668,0.002442360,-4.697435379,1,-2.422942162,-138.824359862,0.012209892,1.811965942,1,0.212290764,12.163364798,2.747253418,1.194139481,1,0.004793167,0.274628246,0.134311676,-0.008546829,0.000000000,0.000000000,0.000000000,0.000000000,13.000000000,2.200000048,3.054326296,175.000006008,0.000000000,-3.234629154,20.000000000,8.000000000,-2.443460941,-139.999999342,0.000000000,2.209447145,20.000000000,6.500000000,0.174532920,9.999999709,0.000000000,0.305777937,8.500000000,3.200000048,0.000000000,0.000000000,0.000000000,-0.000024143,0.800000012,0.200000003
2026-07-07 01:47:18.371,1783360038.371287107,113.635727649,1,1,113.608328627,1,0.001995191,5,1,0.008222318,5,1,0,0,0,0,1,1,1,1,1,1,0.025221318,-1.153091593,3.031427081,1.460600985,1,112.639872040,12,1,12,1:-1.251:2.428|2:-0.428:2.425|3:0.392:2.424|4:1.223:2.419|5:1.228:1.589|6:0.405:1.588|7:-0.440:1.588|8:-1.261:1.589|9:-1.185:4.911|10:-0.390:4.902|11:0.375:4.903|12:1.182:4.901,1,46.910530856,pickup,8,4,-1.685056000,1.809350000,1,46.910499442,1,received,1,32.737068844,completed,1,32.736652646,1,received,1,0.002479553,0.142067935,-0.080585480,-0.041514397,1,3.109499216,178.161181481,-0.007326126,-4.341880798,1,-2.435149193,-139.523771233,-0.002442360,2.030769348,1,0.182536125,10.458549582,-0.798534393,1.863247871,1,0.003643036,0.208730581,-0.012210846,-0.008546829,0.000000000,0.000000000,0.000000000,0.000000000,13.000000000,2.200000048,3.054326296,175.000006008,0.000000000,-3.234629154,20.000000000,8.000000000,-2.443460941,-139.999999342,0.000000000,2.209447145,20.000000000,6.500000000,0.174532920,9.999999709,0.000000000,0.305777937,8.500000000,3.200000048,0.000000000,0.000000000,0.000000000,-0.000024143,0.800000012,0.200000003
2026-07-07 01:47:19.371,1783360039.371815205,114.636255813,1,1,114.608856791,1,0.001576685,5,1,0.008161596,5,1,0,0,0,0,1,1,1,1,1,1,0.024938617,-1.135844436,3.123665369,1.445926634,1,113.640400204,12,1,12,1:-1.251:2.428|2:-0.428:2.425|3:0.392:2.424|4:1.223:2.419|5:1.228:1.589|6:0.405:1.588|7:-0.440:1.588|8:-1.261:1.589|9:-1.185:4.911|10:-0.390:4.902|11:0.375:4.903|12:1.182:4.901,1,47.911059020,pickup,8,4,-1.685056000,1.809350000,1,47.911027606,1,received,1,33.737597008,completed,1,33.737180810,1,received,1,-0.008583069,-0.491773620,0.036630630,-0.002442360,1,3.106828928,178.008185243,-0.236874580,-3.617094040,1,-2.413786888,-138.299801333,0.017093658,1.552137375,1,0.201609612,11.551379849,1.296703339,-1.531135559,1,0.002492905,0.142832916,-0.305252075,-0.006104946,0.000000000,0.000000000,0.000000000,0.000000000,13.000000000,2.200000048,3.054326296,175.000006008,0.000000000,-3.234629154,20.000000000,8.000000000,-2.443460941,-139.999999342,0.000000000,2.209447145,20.000000000,6.500000000,0.174532920,9.999999709,0.000000000,0.305777937,8.500000000,3.200000048,0.000000000,0.000000000,0.000000000,-0.000024143,0.800000012,0.200000003
2026-07-07 01:47:20.372,1783360040.372353077,115.636793667,1,1,115.609394645,1,0.001999669,5,1,0.008189004,5,1,0,0,0,0,1,1,1,1,1,1,0.024961723,-1.098164546,3.233446898,1.416149977,1,114.640938058,12,1,12,1:-1.251:2.428|2:-0.428:2.425|3:0.392:2.424|4:1.223:2.419|5:1.228:1.589|6:0.405:1.588|7:-0.440:1.588|8:-1.261:1.589|9:-1.185:4.911|10:-0.390:4.902|11:0.375:4.903|12:1.182:4.901,1,48.911596874,pickup,8,4,-1.685056000,1.809350000,1,48.911565460,1,received,1,34.738134862,completed,1,34.737718664,1,received,1,-0.010108948,-0.579200042,-0.285715103,0.417582512,1,3.101869822,177.724049374,-0.002442360,-4.205127716,1,-2.421034813,-138.715076835,0.290597916,1.319658279,1,0.183299065,10.502262792,-0.051282883,1.702075958,1,0.004409790,0.252662358,0.183151245,-0.006104946,0.000000000,0.000000000,0.000000000,0.000000000,13.000000000,2.200000048,3.054326296,175.000006008,0.000000000,-3.234629154,20.000000000,8.000000000,-2.443460941,-139.999999342,0.000000000,2.209447145,20.000000000,6.500000000,0.174532920,9.999999709,0.000000000,0.305777937,8.500000000,3.200000048,0.000000000,0.000000000,0.000000000,-0.000024143,0.800000012,0.200000003
2026-07-07 01:47:21.373,1783360041.372850895,116.637291653,1,1,116.609892631,1,0.001470061,5,1,0.008222854,5,1,0,0,0,0,1,1,1,1,1,1,0.025107297,-1.080417346,3.340786300,1.423386928,1,115.641436044,12,1,12,1:-1.251:2.428|2:-0.428:2.425|3:0.392:2.424|4:1.223:2.419|5:1.228:1.589|6:0.405:1.588|7:-0.440:1.588|8:-1.261:1.589|9:-1.185:4.911|10:-0.390:4.902|11:0.375:4.903|12:1.182:4.901,1,49.912094860,pickup,8,4,-1.685056000,1.809350000,1,49.912063446,1,received,1,35.738632848,completed,1,35.738216650,1,received,1,-0.010871887,-0.622913252,-0.007326126,0.100122452,1,3.092714548,177.199490845,-0.251525879,-3.384614944,1,-2.413405418,-138.277944728,0.026862144,1.675212860,1,0.201609612,11.551379849,0.227106094,-1.804639816,1,0.003259659,0.186764693,-0.183151245,-0.008546829,0.000000000,0.000000000,0.000000000,0.000000000,13.000000000,2.200000048,3.054326296,175.000006008,0.000000000,-3.234629154,20.000000000,8.000000000,-2.443460941,-139.999999342,0.000000000,2.209447145,20.000000000,6.500000000,0.174532920,9.999999709,0.000000000,0.305777937,8.500000000,3.200000048,0.000000000,0.000000000,0.000000000,-0.000024143,0.800000012,0.200000003
2026-07-07 01:47:22.373,1783360042.373332977,117.637773559,1,1,117.610374537,1,0.001580139,5,1,0.008300811,5,1,0,0,0,0,1,1,1,1,1,1,0.025122736,-1.053985825,3.432537525,1.439155204,1,116.641917950,12,1,12,1:-1.251:2.428|2:-0.428:2.425|3:0.392:2.424|4:1.223:2.419|5:1.228:1.589|6:0.405:1.588|7:-0.440:1.588|8:-1.261:1.589|9:-1.185:4.911|10:-0.390:4.902|11:0.375:4.903|12:1.182:4.901,1,50.912576766,pickup,8,4,-1.685056000,1.809350000,1,50.912545352,1,received,1,36.739114754,completed,1,36.738698556,1,received,1,-0.014305115,-0.819622700,-0.021978378,0.148962021,1,3.102251291,177.745905979,0.002442360,-4.232479095,1,-2.423323631,-138.846216467,-0.017093658,1.839315414,1,0.183299065,10.502262792,-0.241758347,1.907203674,1,0.004409790,0.252662358,0.061050415,-0.008546829,0.000000000,0.000000000,0.000000000,0.000000000,13.000000000,2.200000048,3.054326296,175.000006008,0.000000000,-3.234629154,20.000000000,8.000000000,-2.443460941,-139.999999342,0.000000000,2.209447145,20.000000000,6.500000000,0.174532920,9.999999709,0.000000000,0.305777937,8.500000000,3.200000048,0.000000000,0.000000000,0.000000000,-0.000024143,0.800000012,0.200000003
2026-07-07 01:47:23.373,1783360043.373754025,118.638194778,1,1,118.610795756,1,0.001666309,5,1,0.008042568,5,1,0,0,0,0,1,1,1,1,1,1,0.025189266,-1.014595102,3.533454396,1.392354533,1,117.642339169,12,1,12,1:-1.251:2.428|2:-0.428:2.425|3:0.392:2.424|4:1.223:2.419|5:1.228:1.589|6:0.405:1.588|7:-0.440:1.588|8:-1.261:1.589|9:-1.185:4.911|10:-0.390:4.902|11:0.375:4.903|12:1.182:4.901,1,51.912997985,pickup,8,4,-1.685056000,1.809350000,1,51.912966571,1,received,1,37.739535973,completed,1,37.739119775,1,received,1,-0.007057190,-0.404347199,0.007326126,0.051281929,1,3.086992502,176.871641765,0.002442360,-3.931623459,1,-2.420271873,-138.671363624,-0.236874580,2.249572754,1,0.201228142,11.529523244,0.871795654,-1.159951210,1,0.003643036,0.208730581,-0.085468292,-0.008546829,0.000000000,0.000000000,0.000000000,0.000000000,13.000000000,2.200000048,3.054326296,175.000006008,0.000000000,-3.234629154,20.000000000,8.000000000,-2.443460941,-139.999999342,0.000000000,2.209447145,20.000000000,6.500000000,0.174532920,9.999999709,0.000000000,0.305777937,8.500000000,3.200000048,0.000000000,0.000000000,0.000000000,-0.000024143,0.800000012,0.200000003
2026-07-07 01:47:24.374,1783360044.374159098,119.638599638,1,1,119.611200616,1,0.001099177,5,1,0.008193389,5,1,0,0,0,0,1,1,1,1,1,1,0.024047953,-1.026692661,3.552963328,1.362657735,1,118.642744029,12,1,12,1:-1.251:2.428|2:-0.428:2.425|3:0.392:2.424|4:1.223:2.419|5:1.228:1.589|6:0.405:1.588|7:-0.440:1.588|8:-1.261:1.589|9:-1.185:4.911|10:-0.390:4.902|11:0.375:4.903|12:1.182:4.901,1,52.913402845,pickup,8,4,-1.685056000,1.809350000,1,52.913371431,1,received,1,38.739940833,completed,1,38.739524635,1,received,1,0.007438660,0.426203804,-0.153846741,0.007326126,1,3.115602732,178.510887166,0.100122452,-4.834188461,1,-2.416457176,-138.452797571,0.007326126,1.620512009,1,0.201991081,11.573236454,-0.080585480,-1.863247871,1,0.004026413,0.230696469,-0.085468292,-0.008546829,0.000000000,0.000000000,0.000000000,0.000000000,13.000000000,2.200000048,3.054326296,175.000006008,0.000000000,-3.234629154,20.000000000,8.000000000,-2.443460941,-139.999999342,0.000000000,2.209447145,20.000000000,6.500000000,0.174532920,9.999999709,0.000000000,0.305777937,8.500000000,3.200000048,0.000000000,0.000000000,0.000000000,-0.000024143,0.800000012,0.200000003
2026-07-07 01:47:25.374,1783360045.374559402,120.639000126,1,1,120.611601104,1,0.001824323,5,1,0.008261592,5,1,0,0,0,0,1,1,1,1,1,1,0.025123909,-0.956690112,3.657747145,1.353469399,1,119.643144517,12,1,12,1:-1.251:2.428|2:-0.428:2.425|3:0.392:2.424|4:1.223:2.419|5:1.228:1.589|6:0.405:1.588|7:-0.440:1.588|8:-1.261:1.589|9:-1.185:4.911|10:-0.390:4.902|11:0.375:4.903|12:1.182:4.901,1,53.913803333,pickup,8,4,-1.685056000,1.809350000,1,53.913771919,1,received,1,39.740341321,completed,1,39.739925123,1,received,1,-0.023460388,-1.344181229,-0.036630630,0.383394241,1,3.105684519,177.942615427,-0.002442360,-4.287179947,1,-2.413023949,-138.256088123,-0.007326126,1.511110306,1,0.216105461,12.381930852,3.538459778,-0.105006218,1,0.004793167,0.274628246,0.134311676,-0.010989189,0.000000000,0.000000000,0.000000000,0.000000000,13.000000000,2.200000048,3.054326296,175.000006008,0.000000000,-3.234629154,20.000000000,8.000000000,-2.443460941,-139.999999342,0.000000000,2.209447145,20.000000000,6.500000000,0.174532920,9.999999709,0.000000000,0.305777937,8.500000000,3.200000048,0.000000000,0.000000000,0.000000000,-0.000024143,0.800000012,0.200000003
2026-07-07 01:47:26.375,1783360046.374916077,121.639356712,1,1,121.611957690,1,0.001951249,5,1,0.008271255,5,1,0,0,0,0,1,1,1,1,1,1,0.025166027,-0.952036221,3.733217358,1.377837865,1,120.643501103,12,1,12,1:-1.251:2.428|2:-0.428:2.425|3:0.392:2.424|4:1.223:2.419|5:1.228:1.589|6:0.405:1.588|7:-0.440:1.588|8:-1.261:1.589|9:-1.185:4.911|10:-0.390:4.902|11:0.375:4.903|12:1.182:4.901,1,54.914159919,pickup,8,4,-1.685056000,1.809350000,1,54.914128505,1,received,1,40.740697907,completed,1,40.740281709,1,received,1,-0.011253357,-0.644769858,-0.315017700,0.573870659,1,3.127047777,179.166639968,0.002442360,-4.724786758,1,-2.417220116,-138.496510782,0.031745911,1.593162537,1,0.214198112,12.272647825,1.692308426,1.536019325,1,0.004409790,0.252662358,0.109889984,-0.008546829,0.000000000,0.000000000,0.000000000,0.000000000,13.000000000,2.200000048,3.054326296,175.000006008,0.000000000,-3.234629154,20.000000000,8.000000000,-2.443460941,-139.999999342,0.000000000,2.209447145,20.000000000,6.500000000,0.174532920,9.999999709,0.000000000,0.305777937,8.500000000,3.200000048,0.000000000,0.000000000,0.000000000,-0.000024143,0.800000012,0.200000003
2026-07-07 01:47:27.375,1783360047.375304222,122.639744909,1,1,122.612345887,1,0.001977789,5,1,0.008172631,5,1,0,0,0,0,1,1,1,1,1,1,0.025281536,-0.931414916,3.829727155,1.427198029,1,121.643889300,12,1,12,1:-1.251:2.428|2:-0.428:2.425|3:0.392:2.424|4:1.223:2.419|5:1.228:1.589|6:0.405:1.588|7:-0.440:1.588|8:-1.261:1.589|9:-1.185:4.911|10:-0.390:4.902|11:0.375:4.903|12:1.182:4.901,1,55.914548116,pickup,8,4,-1.685056000,1.809350000,1,55.914516702,1,received,1,41.741086104,completed,1,41.740669906,1,received,1,-0.011253357,-0.644769858,0.432233810,-0.827838898,1,3.099962473,177.614766347,0.383394241,-5.326496124,1,-2.428282738,-139.130352337,-0.007326126,1.907691956,1,0.176814079,10.130700502,-3.054944992,0.676434517,1,0.003643036,0.208730581,0.012210846,-0.006104946,0.000000000,0.000000000,0.000000000,0.000000000,13.000000000,2.200000048,3.054326296,175.000006008,0.000000000,-3.234629154,20.000000000,8.000000000,-2.443460941,-139.999999342,0.000000000,2.209447145,20.000000000,6.500000000,0.174532920,9.999999709,0.000000000,0.305777937,8.500000000,3.200000048,0.000000000,0.000000000,0.000000000,-0.000024143,0.800000012,0.200000003
2026-07-07 01:47:28.375,1783360048.375620604,123.640061080,1,1,123.612662058,1,0.001739027,5,1,0.008148406,5,1,0,0,0,0,1,1,1,1,1,1,0.025265340,-0.932065104,3.904655356,1.402235785,1,122.644205471,12,1,12,1:-1.251:2.428|2:-0.428:2.425|3:0.392:2.424|4:1.223:2.419|5:1.228:1.589|6:0.405:1.588|7:-0.440:1.588|8:-1.261:1.589|9:-1.185:4.911|10:-0.390:4.902|11:0.375:4.903|12:1.182:4.901,1,56.914864287,pickup,8,4,-1.685056000,1.809350000,1,56.914832873,1,received,1,42.741402275,completed,1,42.740986077,1,received,1,-0.032998085,-1.890651004,-0.666666031,1.565323830,1,3.125520945,179.079158905,0.393162727,-5.791452408,1,-2.438963890,-139.742337286,0.002442360,2.099145889,1,0.183299065,10.502262792,-1.296703339,1.340659142,1,0.003643036,0.208730581,-0.012210846,-0.008546829,0.000000000,0.000000000,0.000000000,0.000000000,13.000000000,2.200000048,3.054326296,175.000006008,0.000000000,-3.234629154,20.000000000,8.000000000,-2.443460941,-139.999999342,0.000000000,2.209447145,20.000000000,6.500000000,0.174532920,9.999999709,0.000000000,0.305777937,8.500000000,3.200000048,0.000000000,0.000000000,0.000000000,-0.000024143,0.800000012,0.200000003
2026-07-07 01:47:29.376,1783360049.375915527,124.640356241,1,1,124.612957219,1,0.002012793,5,1,0.008034172,5,1,0,0,0,0,1,1,1,1,1,1,0.025199882,-0.895888125,3.951952484,1.437585008,1,123.644500632,12,1,12,1:-1.251:2.428|2:-0.428:2.425|3:0.392:2.424|4:1.223:2.419|5:1.228:1.589|6:0.405:1.588|7:-0.440:1.588|8:-1.261:1.589|9:-1.185:4.911|10:-0.390:4.902|11:0.375:4.903|12:1.182:4.901,1,57.915159448,pickup,8,4,-1.685056000,1.809350000,1,57.915128034,1,received,1,43.741697436,completed,1,43.741281238,1,received,1,0.015830994,0.907049122,0.285715103,-1.120879173,1,3.111025095,178.248607902,0.222222328,-4.957265854,1,-2.440108299,-139.807907102,-0.002442360,2.126495361,1,0.181010246,10.371123160,-3.172161102,-0.769230843,1,0.003259659,0.186764693,-0.134311676,-0.006104946,0.000000000,0.000000000,0.000000000,0.000000000,13.000000000,2.200000048,3.054326296,175.000006008,0.000000000,-3.234629154,20.000000000,8.000000000,-2.443460941,-139.999999342,0.000000000,2.209447145,20.000000000,6.500000000,0.174532920,9.999999709,0.000000000,0.305777937,8.500000000,3.200000048,0.000000000,0.000000000,0.000000000,-0.000024143,0.800000012,0.200000003
2026-07-07 01:47:30.376,1783360050.376203537,125.640644140,1,1,125.613245118,1,0.002061455,5,1,0.008111460,5,1,0,0,0,0,1,1,1,1,1,1,0.025161973,-0.878451226,4.011275009,1.403009398,1,124.644788531,12,1,12,1:-1.251:2.428|2:-0.428:2.425|3:0.392:2.424|4:1.223:2.419|5:1.228:1.589|6:0.405:1.588|7:-0.440:1.588|8:-1.261:1.589|9:-1.185:4.911|10:-0.390:4.902|11:0.375:4.903|12:1.182:4.901,1,58.915447347,pickup,8,4,-1.685056000,1.809350000,1,58.915415933,1,received,1,44.741985335,completed,1,44.741569137,1,received,1,-0.037957191,-2.174786873,-0.315017700,1.037851334,1,3.132006884,179.450775837,0.002442360,-4.888889313,1,-2.447737694,-140.245039209,0.188034058,2.030769348,1,0.198176384,11.354670401,2.117218018,1.418803215,1,0.005560875,0.318614664,0.231990814,-0.010989189,0.000000000,0.000000000,0.000000000,0.000000000,13.000000000,2.200000048,3.054326296,175.000006008,0.000000000,-3.234629154,20.000000000,8.000000000,-2.443460941,-139.999999342,0.000000000,2.209447145,20.000000000,6.500000000,0.174532920,9.999999709,0.000000000,0.305777937,8.500000000,3.200000048,0.000000000,0.000000000,0.000000000,-0.000024143,0.800000012,0.200000003
2026-07-07 01:47:31.376,1783360051.376467943,126.640908528,1,1,126.613509506,1,0.001924762,5,1,0.008312706,5,1,0,0,0,0,1,1,1,1,1,1,0.025246730,-0.859867359,4.063815843,1.420342404,1,125.645052919,12,1,12,1:-1.251:2.428|2:-0.428:2.425|3:0.392:2.424|4:1.223:2.419|5:1.228:1.589|6:0.405:1.588|7:-0.440:1.588|8:-1.261:1.589|9:-1.185:4.911|10:-0.390:4.902|11:0.375:4.903|12:1.182:4.901,1,59.915711735,pickup,8,4,-1.685056000,1.809350000,1,59.915680321,1,received,1,45.742249723,completed,1,45.741833525,1,received,1,0.036431313,2.087360452,-0.109889984,-0.319902420,1,3.119798899,178.751309825,-0.012209892,-4.533332825,1,-2.446211815,-140.157612788,-0.002442360,2.235897064,1,0.204279900,11.704376086,2.131866455,-1.115995407,1,0.004409790,0.252662358,0.012210846,-0.010989189,0.000000000,0.000000000,0.000000000,0.000000000,13.000000000,2.200000048,3.054326296,175.000006008,0.000000000,-3.234629154,20.000000000,8.000000000,-2.443460941,-139.999999342,0.000000000,2.209447145,20.000000000,6.500000000,0.174532920,9.999999709,0.000000000,0.305777937,8.500000000,3.200000048,0.000000000,0.000000000,0.000000000,-0.000024143,0.800000012,0.200000003
2026-07-07 01:47:32.376,1783360052.376719475,127.641160034,1,1,127.613761012,1,0.001813490,5,1,0.008217159,5,1,0,0,0,0,1,1,1,1,1,1,0.025189295,-0.823732572,4.096479234,1.366197491,1,126.645304425,12,1,12,1:-1.251:2.428|2:-0.428:2.425|3:0.392:2.424|4:1.223:2.419|5:1.228:1.589|6:0.405:1.588|7:-0.440:1.588|8:-1.261:1.589|9:-1.185:4.911|10:-0.390:4.902|11:0.375:4.903|12:1.182:4.901,1,60.915963241,pickup,8,4,-1.685056000,1.809350000,1,60.915931827,1,received,1,46.742501229,completed,1,46.742085031,1,received,1,-0.001335144,-0.076498119,0.461538315,-0.910866737,1,3.096529245,177.418056899,-0.119658470,-3.712820053,1,-2.451933861,-140.485461868,0.129426003,2.085470200,1,0.172999382,9.912134448,-1.663003922,-1.658119202,1,0.003259659,0.186764693,-0.134311676,-0.008546829,0.000000000,0.000000000,0.000000000,0.000000000,13.000000000,2.200000048,3.054326296,175.000006008,0.000000000,-3.234629154,20.000000000,8.000000000,-2.443460941,-139.999999342,0.000000000,2.209447145,20.000000000,6.500000000,0.174532920,9.999999709,0.000000000,0.305777937,8.500000000,3.200000048,0.000000000,0.000000000,0.000000000,-0.000024143,0.800000012,0.200000003
2026-07-07 01:47:33.377,1783360053.376966953,128.641407426,1,1,128.614008404,1,0.001991980,5,1,0.008235685,5,1,0,0,0,0,1,1,1,1,1,1,0.023412580,-0.801997369,4.196243663,1.376004295,1,127.645551817,12,1,12,1:-1.251:2.428|2:-0.428:2.425|3:0.392:2.424|4:1.223:2.419|5:1.228:1.589|6:0.405:1.588|7:-0.440:1.588|8:-1.261:1.589|9:-1.185:4.911|10:-0.390:4.902|11:0.375:4.903|12:1.182:4.901,1,61.916210633,pickup,8,4,-1.685056000,1.809350000,1,61.916179219,1,received,1,47.742748621,completed,1,47.742332423,1,received,1,-0.003623962,-0.207637751,-0.007326126,0.021978378,1,3.098436594,177.527339926,-0.442002296,-2.892307281,1,-2.439726830,-139.786050497,0.036629677,2.208547592,1,0.162699699,9.322006104,-3.479852676,-0.305250168,1,0.002876282,0.164798804,-0.134311676,-0.006104946,0.000000000,0.000000000,0.000000000,0.000000000,13.000000000,2.200000048,3.054326296,175.000006008,0.000000000,-3.234629154,20.000000000,8.000000000,-2.443460941,-139.999999342,0.000000000,2.209447145,20.000000000,6.500000000,0.174532920,9.999999709,0.000000000,0.305777937,8.500000000,3.200000048,0.000000000,0.000000000,0.000000000,-0.000024143,0.800000012,0.200000003
2026-07-07 01:47:34.377,1783360054.377303123,129.641743543,1,1,129.614344521,1,0.001950223,5,1,0.008402822,5,1,0,0,0,0,1,1,1,1,1,1,0.025288631,-0.806194623,4.226045701,1.370938819,1,128.645887934,12,1,12,1:-1.251:2.428|2:-0.428:2.425|3:0.392:2.424|4:1.223:2.419|5:1.228:1.589|6:0.405:1.588|7:-0.440:1.588|8:-1.261:1.589|9:-1.185:4.911|10:-0.390:4.902|11:0.375:4.903|12:1.182:4.901,1,62.916546750,pickup,8,4,-1.685056000,1.809350000,1,62.916515336,1,received,1,48.743084738,completed,1,48.742668540,1,received,1,-0.021171570,-1.213041597,-0.153846741,0.476190567,1,3.098436594,177.527339926,0.002442360,-4.136753082,1,-2.443541527,-140.004616550,-0.002442360,2.208547592,1,0.168421745,9.649855184,-0.476190567,1.970695496,1,0.003643036,0.208730581,-0.036628723,-0.008546829,0.000000000,0.000000000,0.000000000,0.000000000,13.000000000,2.200000048,3.054326296,175.000006008,0.000000000,-3.234629154,20.000000000,8.000000000,-2.443460941,-139.999999342,0.000000000,2.209447145,20.000000000,6.500000000,0.174532920,9.999999709,0.000000000,0.305777937,8.500000000,3.200000048,0.000000000,0.000000000,0.000000000,-0.000024143,0.800000012,0.200000003
2026-07-07 01:47:35.377,1783360055.377369404,130.641809981,1,1,130.614410959,1,0.001563656,5,1,0.008231486,5,1,0,0,0,0,1,1,1,1,1,1,0.024888494,-0.812530723,4.246792971,1.391621321,1,129.645954372,12,1,12,1:-1.251:2.428|2:-0.428:2.425|3:0.392:2.424|4:1.223:2.419|5:1.228:1.589|6:0.405:1.588|7:-0.440:1.588|8:-1.261:1.589|9:-1.185:4.911|10:-0.390:4.902|11:0.375:4.903|12:1.182:4.901,1,63.916613188,pickup,8,4,-1.685056000,1.809350000,1,63.916581774,1,received,1,49.743151176,completed,1,49.742734978,1,received,1,-0.029182434,-1.672030309,-0.007326126,0.442002296,1,3.115221262,178.489030561,-0.031745911,-4.396581650,1,-2.435149193,-139.523771233,-0.109889984,2.071794510,1,0.204279900,11.704376086,3.538459778,0.251525879,1,0.004793167,0.274628246,0.158729553,-0.008546829,0.000000000,0.000000000,0.000000000,0.000000000,13.000000000,2.200000048,3.054326296,175.000006008,0.000000000,-3.234629154,20.000000000,8.000000000,-2.443460941,-139.999999342,0.000000000,2.209447145,20.000000000,6.500000000,0.174532920,9.999999709,0.000000000,0.305777937,8.500000000,3.200000048,0.000000000,0.000000000,0.000000000,-0.000024143,0.800000012,0.200000003
2026-07-07 01:47:36.377,1783360056.377577782,131.642018241,1,1,131.614619219,1,0.001706274,5,1,0.008286478,5,1,0,0,0,0,1,1,1,1,1,1,0.024649944,-0.886399228,4.316397173,1.602400783,1,130.646162632,12,1,12,1:-1.251:2.428|2:-0.428:2.425|3:0.392:2.424|4:1.223:2.419|5:1.228:1.589|6:0.405:1.588|7:-0.440:1.588|8:-1.261:1.589|9:-1.185:4.911|10:-0.390:4.902|11:0.375:4.903|12:1.182:4.901,1,64.916821448,pickup,8,4,-1.685056000,1.809350000,1,64.916790034,1,received,1,50.743359436,completed,1,50.742943238,1,received,1,0.006294250,0.360633988,0.021978378,-0.266178131,1,3.125139475,179.057302300,-0.065934181,-4.505983353,1,-2.414549828,-138.343514544,-0.007326126,1.620512009,1,0.209239006,11.988511956,3.362636566,0.632478714,1,0.004793167,0.274628246,0.158729553,-0.008546829,0.000000000,0.000000000,0.000000000,0.000000000,13.000000000,2.200000048,3.054326296,175.000006008,0.000000000,-3.234629154,20.000000000,8.000000000,-2.443460941,-139.999999342,0.000000000,2.209447145,20.000000000,6.500000000,0.174532920,9.999999709,0.000000000,0.305777937,8.500000000,3.200000048,0.000000000,0.000000000,0.000000000,-0.000024143,0.800000012,0.200000003
2026-07-07 01:47:37.377,1783360057.377744436,132.642184873,1,1,132.614785851,1,0.001012235,5,1,0.008236062,5,1,0,0,0,0,1,1,1,1,1,1,0.025051660,-0.827215455,4.362269195,1.483250697,1,131.646329264,12,1,12,1:-1.251:2.428|2:-0.428:2.425|3:0.392:2.424|4:1.223:2.419|5:1.228:1.589|6:0.405:1.588|7:-0.440:1.588|8:-1.261:1.589|9:-1.185:4.911|10:-0.390:4.902|11:0.375:4.903|12:1.182:4.901,1,65.916988080,pickup,8,4,-1.685056000,1.809350000,1,65.916956666,1,received,1,51.743526068,completed,1,51.743109870,1,received,1,-0.007438660,-0.426203804,-0.051282883,0.041514397,1,3.127810717,179.210353179,-0.031745911,-4.601709366,1,-2.414549828,-138.343514544,0.002442360,1.620512009,1,0.184062004,10.545976003,-1.164834976,1.814407349,1,0.004409790,0.252662358,0.085468292,-0.008546829,0.000000000,0.000000000,0.000000000,0.000000000,13.000000000,2.200000048,3.054326296,175.000006008,0.000000000,-3.234629154,20.000000000,8.000000000,-2.443460941,-139.999999342,0.000000000,2.209447145,20.000000000,6.500000000,0.174532920,9.999999709,0.000000000,0.305777937,8.500000000,3.200000048,0.000000000,0.000000000,0.000000000,-0.000024143,0.800000012,0.200000003
2026-07-07 01:47:38.378,1783360058.377896547,133.642337046,1,1,133.614938024,1,0.001274950,5,1,0.008231452,5,1,0,0,0,0,1,1,1,1,1,1,0.024866430,-0.820686230,4.447930810,1.513407476,1,132.646481437,12,1,12,1:-1.251:2.428|2:-0.428:2.425|3:0.392:2.424|4:1.223:2.419|5:1.228:1.589|6:0.405:1.588|7:-0.440:1.588|8:-1.261:1.589|9:-1.185:4.911|10:-0.390:4.902|11:0.375:4.903|12:1.182:4.901,1,66.917140253,pickup,8,4,-1.685056000,1.809350000,1,66.917108839,1,received,1,52.743678241,completed,1,52.743262043,1,received,1,-0.007438660,-0.426203804,-0.007326126,0.061050415,1,3.123995066,178.991732484,-0.056165695,-4.437606812,1,-2.414549828,-138.343514544,0.007326126,1.579486847,1,0.208094597,11.922942140,2.410255432,-0.969474792,1,0.004026413,0.230696469,-0.061050415,-0.008546829,0.000000000,0.000000000,0.000000000,0.000000000,13.000000000,2.200000048,3.054326296,175.000006008,0.000000000,-3.234629154,20.000000000,8.000000000,-2.443460941,-139.999999342,0.000000000,2.209447145,20.000000000,6.500000000,0.174532920,9.999999709,0.000000000,0.305777937,8.500000000,3.200000048,0.000000000,0.000000000,0.000000000,-0.000024143,0.800000012,0.200000003
2026-07-07 01:47:39.378,1783360059.378173351,134.642614013,1,1,134.615214991,1,0.001510035,5,1,0.008362507,5,1,0,0,0,0,1,1,1,1,1,1,0.025167732,-0.801516503,4.502592576,1.503006499,1,133.646758404,12,1,12,1:-1.251:2.428|2:-0.428:2.425|3:0.392:2.424|4:1.223:2.419|5:1.228:1.589|6:0.405:1.588|7:-0.440:1.588|8:-1.261:1.589|9:-1.185:4.911|10:-0.390:4.902|11:0.375:4.903|12:1.182:4.901,1,67.917417220,pickup,8,4,-1.685056000,1.809350000,1,67.917385806,1,received,1,53.743955208,completed,1,53.743539010,1,received,1,-0.007820129,-0.448060410,-0.051282883,0.036629677,1,3.127047777,179.166639968,-0.036629677,-4.601709366,1,-2.414549828,-138.343514544,0.007326126,1.634187698,1,0.177577019,10.174413712,-2.454212189,1.164834976,1,0.003643036,0.208730581,-0.036628723,-0.006104946,0.000000000,0.000000000,0.000000000,0.000000000,13.000000000,2.200000048,3.054326296,175.000006008,0.000000000,-3.234629154,20.000000000,8.000000000,-2.443460941,-139.999999342,0.000000000,2.209447145,20.000000000,6.500000000,0.174532920,9.999999709,0.000000000,0.305777937,8.500000000,3.200000048,0.000000000,0.000000000,0.000000000,-0.000024143,0.800000012,0.200000003
2026-07-07 01:47:40.378,1783360060.378240108,135.642680602,1,1,135.615281580,1,0.001677515,5,1,0.008417730,5,1,0,0,0,0,1,1,1,1,1,1,0.025027868,-0.794146023,4.568008184,1.530270605,1,134.646824993,12,1,12,1:-1.251:2.428|2:-0.428:2.425|3:0.392:2.424|4:1.223:2.419|5:1.228:1.589|6:0.405:1.588|7:-0.440:1.588|8:-1.261:1.589|9:-1.185:4.911|10:-0.390:4.902|11:0.375:4.903|12:1.182:4.901,1,68.917483809,pickup,8,4,-1.685056000,1.809350000,1,68.917452395,1,received,1,54.744021797,completed,1,54.743605599,1,received,1,-0.007438660,-0.426203804,0.021978378,0.065934181,1,3.124376535,179.013589089,-0.046398163,-4.478631973,1,-2.414549828,-138.343514544,-0.002442360,1.634187698,1,0.184062004,10.545976003,-1.296703339,1.711843491,1,0.004026413,0.230696469,0.036628723,-0.008546829,0.000000000,0.000000000,0.000000000,0.000000000,13.000000000,2.200000048,3.054326296,175.000006008,0.000000000,-3.234629154,20.000000000,8.000000000,-2.443460941,-139.999999342,0.000000000,2.209447145,20.000000000,6.500000000,0.174532920,9.999999709,0.000000000,0.305777937,8.500000000,3.200000048,0.000000000,0.000000000,0.000000000,-0.000024143,0.800000012,0.200000003
2026-07-07 01:47:41.378,1783360061.378253460,136.642694229,1,1,136.615295207,1,0.001762057,5,1,0.008304179,5,1,0,0,0,0,1,1,1,1,1,1,0.025188992,-0.784172385,4.638530943,1.533148261,1,135.646838620,12,1,12,1:-1.251:2.428|2:-0.428:2.425|3:0.392:2.424|4:1.223:2.419|5:1.228:1.589|6:0.405:1.588|7:-0.440:1.588|8:-1.261:1.589|9:-1.185:4.911|10:-0.390:4.902|11:0.375:4.903|12:1.182:4.901,1,69.917497436,pickup,8,4,-1.685056000,1.809350000,1,69.917466022,1,received,1,55.744035424,completed,1,55.743619226,1,received,1,-0.008201599,-0.469917015,-0.065933228,0.085470200,1,3.126283884,179.122872116,-0.114773750,-4.423931122,1,-2.414549828,-138.343514544,0.002442360,1.606838226,1,0.206950188,11.857372324,2.395603180,-0.984127045,1,0.003643036,0.208730581,-0.158729553,-0.008546829,0.000000000,0.000000000,0.000000000,0.000000000,13.000000000,2.200000048,3.054326296,175.000006008,0.000000000,-3.234629154,20.000000000,8.000000000,-2.443460941,-139.999999342,0.000000000,2.209447145,20.000000000,6.500000000,0.174532920,9.999999709,0.000000000,0.305777937,8.500000000,3.200000048,0.000000000,0.000000000,0.000000000,-0.000024143,0.800000012,0.200000003
2026-07-07 01:47:42.378,1783360062.378353119,137.642793761,1,1,137.615394739,1,0.001552966,5,1,0.008267467,5,1,0,0,0,0,1,1,1,1,1,1,0.025000968,-0.797698390,4.694798243,1.583478297,1,136.646938152,12,1,12,1:-1.251:2.428|2:-0.428:2.425|3:0.392:2.424|4:1.223:2.419|5:1.228:1.589|6:0.405:1.588|7:-0.440:1.588|8:-1.261:1.589|9:-1.185:4.911|10:-0.390:4.902|11:0.375:4.903|12:1.182:4.901,1,70.917596968,pickup,8,4,-1.685056000,1.809350000,1,70.917565554,1,received,1,56.744134956,completed,1,56.743718758,1,received,1,-0.007820129,-0.448060410,-0.007326126,0.026862144,1,3.124376535,179.013589089,-0.046398163,-4.533332825,1,-2.412261009,-138.212374912,-0.007326126,1.579486847,1,0.211909294,12.141508193,3.216117859,-0.349205971,1,0.005176544,0.296594135,0.109889984,-0.010989189,0.000000000,0.000000000,0.000000000,0.000000000,13.000000000,2.200000048,3.054326296,175.000006008,0.000000000,-3.234629154,20.000000000,8.000000000,-2.443460941,-139.999999342,0.000000000,2.209447145,20.000000000,6.500000000,0.174532920,9.999999709,0.000000000,0.305777937,8.500000000,3.200000048,0.000000000,0.000000000,0.000000000,-0.000024143,0.800000012,0.200000003
2026-07-07 01:47:43.378,1783360063.378419399,138.642860108,1,1,138.615461086,1,0.001750406,5,1,0.008316029,5,1,0,0,0,0,1,1,1,1,1,1,0.024992972,-0.778152932,4.757016722,1.555042675,1,137.647004499,12,1,12,1:-1.251:2.428|2:-0.428:2.425|3:0.392:2.424|4:1.223:2.419|5:1.228:1.589|6:0.405:1.588|7:-0.440:1.588|8:-1.261:1.589|9:-1.185:4.911|10:-0.390:4.902|11:0.375:4.903|12:1.182:4.901,1,71.917663315,pickup,8,4,-1.685056000,1.809350000,1,71.917631901,1,received,1,57.744201303,completed,1,57.743785105,1,received,1,-0.007820129,-0.448060410,0.007326126,0.026862144,1,3.127429247,179.188496573,-0.021978378,-4.615385056,1,-2.414168358,-138.321657939,0.007326126,1.620512009,1,0.176814079,10.130700502,-3.450550079,-0.105006218,1,0.003259659,0.186764693,-0.109889984,-0.008546829,0.000000000,0.000000000,0.000000000,0.000000000,13.000000000,2.200000048,3.054326296,175.000006008,0.000000000,-3.234629154,20.000000000,8.000000000,-2.443460941,-139.999999342,0.000000000,2.209447145,20.000000000,6.500000000,0.174532920,9.999999709,0.000000000,0.305777937,8.500000000,3.200000048,0.000000000,0.000000000,0.000000000,-0.000024143,0.800000012,0.200000003
2026-07-07 01:47:44.378,1783360064.378482103,139.642922734,1,1,139.615523712,1,0.001585480,5,1,0.008257383,5,1,0,0,0,0,1,1,1,1,1,1,0.025000335,-0.776381221,4.809082876,1.551035676,1,138.647067125,12,1,12,1:-1.251:2.428|2:-0.428:2.425|3:0.392:2.424|4:1.223:2.419|5:1.228:1.589|6:0.405:1.588|7:-0.440:1.588|8:-1.261:1.589|9:-1.185:4.911|10:-0.390:4.902|11:0.375:4.903|12:1.182:4.901,1,0.424105248,place,10,8,-0.786029000,4.882139000,1,0.424047652,1,received,1,58.744263929,completed,1,58.743847731,1,received,1,-0.037957191,-2.174786873,-0.021978378,-0.271061897,1,3.123613596,178.969875878,-0.173381805,-5.846153259,1,-2.404630661,-137.775188164,0.002442360,2.851282120,1,0.198176384,11.354670401,3.406593323,0.485958099,1,0.045826912,2.625688641,0.378509521,0.015872955,-0.026482539,-1.517337730,-0.125139639,-0.289331824,13.000000000,2.200000048,3.066848278,175.717462739,-0.411338031,-4.319985390,20.000000000,8.000000000,-2.386468649,-136.734581523,0.190854132,2.412240744,20.000000000,6.500000000,0.173506007,9.941161898,-0.111709334,0.211767107,12.000000000,3.200000048,0.020742809,1.188475434,0.106949337,0.050688837,0.500000000,0.100000001
2026-07-07 01:47:45.378,1783360065.378542900,140.642983447,1,1,140.615584425,1,0.001789972,5,1,0.008268845,5,1,0,0,0,0,1,1,1,1,1,1,0.022708225,-0.778884238,4.802293755,1.551355350,1,139.647127838,12,1,12,1:-1.251:2.428|2:-0.428:2.425|3:0.392:2.424|4:1.223:2.419|5:1.228:1.589|6:0.405:1.588|7:-0.440:1.588|8:-1.261:1.589|9:-1.185:4.911|10:-0.390:4.902|11:0.375:4.903|12:1.182:4.901,1,1.424165961,place,10,8,-0.786029000,4.882139000,1,1.424108365,1,received,1,59.744324642,completed,1,59.743908444,1,received,1,-0.393110275,-22.523559656,-0.461538315,-0.080586433,1,2.024964571,116.021923582,-1.789987564,-2.618803024,1,-1.869039536,-107.088077129,0.798534393,3.384614944,1,-0.182154655,-10.436692976,-2.996337891,-1.023199081,1,0.361439705,20.708969639,0.427349091,0.030525208,-0.397699177,-22.786484373,-0.533958197,-0.355272353,13.000000000,2.200000048,1.846647143,105.805087565,-1.755137920,0.160537139,20.000000000,8.000000000,-1.820315361,-104.296387569,0.814355314,2.941250086,20.000000000,6.500000000,-0.157870710,-9.045325386,-0.476652473,0.309681207,12.000000000,3.200000048,0.337999403,19.365939297,0.456342071,0.053095434,0.500000000,0.100000001
2026-07-07 01:47:46.378,1783360066.378596783,141.643037405,1,1,141.615638383,1,0.001700265,5,1,0.008266681,5,1,0,0,0,0,1,1,1,1,1,1,0.025102409,-0.771319990,4.798085649,1.552676934,1,140.647181796,12,1,12,1:-1.251:2.428|2:-0.428:2.425|3:0.392:2.424|4:1.223:2.419|5:1.228:1.589|6:0.405:1.588|7:-0.440:1.588|8:-1.261:1.589|9:-1.185:4.911|10:-0.390:4.902|11:0.375:4.903|12:1.182:4.901,1,2.424219919,place,10,8,-0.786029000,4.882139000,1,2.424162323,1,received,1,60.744378600,completed,1,60.743962402,1,received,1,-0.804341316,-46.085362708,0.168498993,-0.075701714,1,0.422766984,24.222763873,-0.373626709,7.254699707,1,-1.213282585,-69.515971485,0.354090691,2.659828186,1,-0.547989845,-31.397505350,1.560440063,1.833943367,1,0.723453522,41.450833469,0.207569122,0.035408974,-0.810155451,-46.418488109,-0.182562754,-0.099471703,13.000000000,2.200000048,0.490890086,28.125930115,-0.600089669,6.489780903,20.000000000,8.000000000,-1.191266179,-68.254524338,0.278431803,2.394845247,20.000000000,6.500000000,-0.526061118,-30.141081807,-0.162969664,0.079065673,12.000000000,3.200000048,0.690501034,39.562795013,0.156025440,0.050947316,0.500000000,0.100000001
2026-07-07 01:47:47.378,1783360067.378624916,142.643065628,1,1,142.615666606,1,0.001688780,5,1,0.008032375,5,1,0,0,0,0,1,1,1,1,1,1,0.025198305,-0.769780914,4.798593804,1.551489288,1,141.647210019,12,1,12,1:-1.251:2.428|2:-0.428:2.425|3:0.392:2.424|4:1.223:2.419|5:1.228:1.589|6:0.405:1.588|7:-0.440:1.588|8:-1.261:1.589|9:-1.185:4.911|10:-0.390:4.902|11:0.375:4.903|12:1.182:4.901,1,3.424248142,place,10,8,-0.786029000,4.882139000,1,3.424190546,1,received,1,61.744406823,completed,1,61.743990625,1,received,1,-0.845922470,-48.467787332,-0.021978378,-0.017093658,1,0.143527329,8.223510195,-0.002442360,6.899147034,1,-1.014533997,-58.128516177,-0.012209892,1.579486847,1,-0.443465233,-25.408686203,-0.358974457,1.809523582,1,0.752215385,43.098766870,0.085468292,-0.020757198,-0.845401227,-48.437922329,0.000000000,0.000000000,13.000000000,2.200000048,0.136965215,7.847528771,0.000000000,7.054893494,20.000000000,8.000000000,-1.017600060,-58.304188642,0.000000000,1.641152978,20.000000000,6.500000000,-0.439365178,-25.173770384,0.000000000,0.107088000,12.000000000,3.200000048,0.720623493,41.288684778,0.000000000,0.000028585,0.500000000,0.100000001
2026-07-07 01:47:48.378,1783360068.378638744,143.643079390,1,1,143.615680368,1,0.001773576,5,1,0.008227455,5,1,0,0,0,0,1,1,1,1,1,1,0.024983247,-0.770180378,4.809393736,1.550847081,1,142.647223781,12,1,12,1:-1.251:2.428|2:-0.428:2.425|3:0.392:2.424|4:1.223:2.419|5:1.228:1.589|6:0.405:1.588|7:-0.440:1.588|8:-1.261:1.589|9:-1.185:4.911|10:-0.390:4.902|11:0.375:4.903|12:1.182:4.901,1,4.424261904,place,10,8,-0.786029000,4.882139000,1,4.424204308,1,received,1,62.744420585,completed,1,62.744004387,1,received,1,-0.845922470,-48.467787332,0.007326126,-0.021978378,1,0.143527329,8.223510195,-0.002442360,6.885471344,1,-1.014533997,-58.128516177,-0.002442360,1.538461685,1,-0.433165550,-24.818557859,1.355310440,1.755799294,1,0.752215385,43.098766870,0.109889984,-0.020757198,-0.845401227,-48.437922329,0.000000000,0.000000000,13.000000000,2.200000048,0.136965215,7.847528771,0.000000000,7.054893494,20.000000000,8.000000000,-1.017600060,-58.304188642,0.000000000,1.641152978,20.000000000,6.500000000,-0.439365178,-25.173770384,0.000000000,0.107088000,12.000000000,3.200000048,0.720623493,41.288684778,0.000000000,0.000028585,0.500000000,0.100000001
2026-07-07 01:47:49.378,1783360069.378700733,144.643141386,1,1,144.615742364,1,0.001666700,5,1,0.008159583,5,1,0,0,0,0,1,1,1,1,1,1,0.024970460,-0.773070819,4.798517621,1.552765500,1,143.647285777,12,1,12,1:-1.251:2.428|2:-0.428:2.425|3:0.392:2.424|4:1.223:2.419|5:1.228:1.589|6:0.405:1.588|7:-0.440:1.588|8:-1.261:1.589|9:-1.185:4.911|10:-0.390:4.902|11:0.375:4.903|12:1.182:4.901,1,5.424323900,place,10,8,-0.786029000,4.882139000,1,5.424266304,1,received,1,63.744482581,completed,1,63.744066383,1,received,1,-0.846303940,-48.489643937,-0.007326126,-0.017093658,1,0.187396824,10.737047130,0.358974457,10.974357605,1,-1.039330482,-59.549250166,-0.339438438,0.964101791,1,-0.508697510,-29.146220358,2.556777954,-0.725275040,1,0.703511238,40.308224783,-0.036628723,-0.035408974,-0.845922470,-48.467787332,0.000000000,-0.000273703,13.000000000,2.200000048,0.307823300,17.636975947,0.681104183,7.984780788,20.000000000,8.000000000,-1.079706430,-61.862621577,-0.270178437,1.519486189,20.000000000,6.500000000,-0.544611871,-31.203961695,-0.419312805,0.031181101,12.000000000,3.200000048,0.740653634,42.436327313,-0.047930341,-0.050243389,0.500000000,0.100000001
2026-07-07 01:47:50.378,1783360070.378681421,145.643121937,1,1,145.615722915,1,0.001662587,5,1,0.008228156,5,1,0,0,0,0,1,1,1,1,1,1,0.024869291,-0.775885420,4.803119385,1.551668054,1,144.647266328,12,1,12,1:-1.251:2.428|2:-0.428:2.425|3:0.392:2.424|4:1.223:2.419|5:1.228:1.589|6:0.405:1.588|7:-0.440:1.588|8:-1.261:1.589|9:-1.185:4.911|10:-0.390:4.902|11:0.375:4.903|12:1.182:4.901,1,6.424304451,place,10,8,-0.786029000,4.882139000,1,6.424246855,1,received,1,64.744463132,completed,1,64.744046934,1,received,1,-0.768100739,-44.008930558,0.358974457,0.481074333,1,0.669581711,38.364206096,0.700854301,10.550426483,1,-1.329632759,-76.182345398,-0.676434517,1.237606049,1,-0.672350883,-38.522867976,-3.245420456,0.324786186,1,0.602271080,34.507591008,-0.500610352,-0.020757198,-0.759470463,-43.514452183,0.319508582,0.330005050,13.000000000,2.200000048,0.844056785,48.360891456,0.929858506,7.008627415,20.000000000,8.000000000,-1.373960018,-78.722110260,-0.670215726,1.785824537,20.000000000,6.500000000,-0.628439248,-36.006916568,0.337809712,0.228182852,12.000000000,3.200000048,0.646976829,37.069041720,-0.272182614,-0.051858291,0.500000000,0.100000001
2026-07-07 01:47:51.378,1783360071.378694057,146.643134837,1,1,146.615735815,1,0.001895883,5,1,0.008302549,5,1,0,0,0,0,1,1,1,1,1,1,0.025103494,-0.776196580,4.799392390,1.551340360,1,145.647279228,12,1,12,1:-1.251:2.428|2:-0.428:2.425|3:0.392:2.424|4:1.223:2.419|5:1.228:1.589|6:0.405:1.588|7:-0.440:1.588|8:-1.261:1.589|9:-1.185:4.911|10:-0.390:4.902|11:0.375:4.903|12:1.182:4.901,1,7.424317351,place,10,8,-0.786029000,4.882139000,1,7.424259755,1,received,1,65.744476032,completed,1,65.744059834,1,received,1,-0.254253387,-14.567646028,0.827838898,0.241758347,1,2.240497828,128.371069526,1.653235435,0.458120346,1,-2.408446312,-137.993808859,-1.111110687,1.935043335,1,-0.126077652,-7.223717349,-0.769229889,1.931623459,1,0.176213264,10.096276348,-0.354091644,-0.037850857,-0.255088776,-14.615510286,0.518523633,0.284328490,13.000000000,2.200000048,2.311947107,132.464811707,1.509047508,-0.274974674,20.000000000,8.000000000,-2.431973934,-139.341842314,-1.087678790,2.140241146,20.000000000,6.500000000,-0.095167086,-5.452672349,0.548224151,0.481729925,12.000000000,3.200000048,0.217304751,12.450645116,-0.441719353,-0.052777767,0.500000000,0.100000001
2026-07-07 01:47:52.378,1783360072.378671646,147.643112131,1,1,147.615713109,1,0.001825890,5,1,0.008004687,5,1,0,0,0,0,1,1,1,1,1,1,0.023695879,-0.772135367,4.799116369,1.550160637,1,146.647256522,12,1,12,1:-1.251:2.428|2:-0.428:2.425|3:0.392:2.424|4:1.223:2.419|5:1.228:1.589|6:0.405:1.588|7:-0.440:1.588|8:-1.261:1.589|9:-1.185:4.911|10:-0.390:4.902|11:0.375:4.903|12:1.182:4.901,1,8.424294645,place,10,8,-0.786029000,4.882139000,1,8.424237049,1,received,1,66.744453326,completed,1,66.744037128,1,received,1,0.002479553,0.142067935,-0.021978378,0.109889984,1,3.090425730,177.068351213,0.002442360,-2.687179565,1,-2.893301010,-165.773936741,0.002442360,1.046154022,1,0.147821426,8.469543854,-2.630037308,1.252747536,1,-0.053880692,-3.087136222,-0.134311676,-0.015872955,-0.000222699,-0.012759702,0.007851219,0.128397942,13.000000000,2.200000048,3.053678036,174.962863439,0.022849223,-2.057956457,20.000000000,8.000000000,-2.966592550,-169.973232666,-0.016469074,2.576274872,20.000000000,6.500000000,0.174297467,9.986509232,0.008300928,0.462989867,12.000000000,3.200000048,0.000189712,0.010869721,-0.006688287,-0.024526082,0.500000000,0.100000001
2026-07-07 01:47:53.378,1783360073.378624916,148.643065731,1,1,148.615666709,1,0.001938426,5,1,0.008271043,5,1,0,0,0,0,1,1,1,1,1,1,0.025196109,-0.781653882,4.832312187,1.576110035,1,147.647210122,12,1,12,1:-1.251:2.428|2:-0.428:2.425|3:0.392:2.424|4:1.223:2.419|5:1.228:1.589|6:0.405:1.588|7:-0.440:1.588|8:-1.261:1.589|9:-1.185:4.911|10:-0.390:4.902|11:0.375:4.903|12:1.182:4.901,1,9.424248245,place,10,8,-0.786029000,4.882139000,1,9.424190649,1,received,1,0.407854109,completed,1,0.407719338,1,received,1,-0.012016296,-0.688483068,-0.051282883,0.134309769,1,3.095766306,177.374343688,-0.061050415,-3.343589783,1,-2.892919540,-165.752080136,-0.026862144,1.333333969,1,0.162699699,9.322006104,-1.428571701,1.545787811,1,-0.049278259,-2.823436278,0.109889984,0.015872955,0.000000000,0.000000000,0.000000000,-0.000000000,13.000000000,2.200000048,3.054326296,175.000006008,0.000000000,-2.684087276,20.000000000,8.000000000,-2.967059612,-169.999993347,0.000000000,2.759989023,20.000000000,6.500000000,0.174532920,9.999999709,0.000000000,0.417548507,12.000000000,3.200000048,0.000000000,0.000000000,0.000000000,-0.000032980,0.500000000,0.100000001
2026-07-07 01:47:54.378,1783360074.378566027,149.643006681,1,1,149.615607659,1,0.001635321,5,1,0.008157827,5,1,0,0,0,0,1,1,1,1,1,1,0.024727603,-0.785432531,4.868263562,1.573161977,1,148.647151072,12,1,12,1:-1.251:2.428|2:-0.428:2.425|3:0.392:2.424|4:1.223:2.419|5:1.228:1.589|6:0.405:1.588|7:-0.440:1.588|8:-1.261:1.589|9:-1.185:4.911|10:-0.390:4.902|11:0.375:4.903|12:1.182:4.901,1,10.424189195,place,10,8,-0.786029000,4.882139000,1,10.424131599,1,received,1,1.407795059,completed,1,1.407660288,1,received,1,-0.012779236,-0.732196279,-0.065933228,0.197802544,1,3.105684519,177.942615427,-0.046398163,-3.589742661,1,-2.892919540,-165.752080136,0.017093658,1.319658279,1,0.193217278,11.070534531,3.538459778,-0.300366402,1,-0.038924217,-2.230193368,0.061050415,0.013431072,0.000000000,0.000000000,0.000000000,-0.000000000,13.000000000,2.200000048,3.054326296,175.000006008,0.000000000,-2.684087276,20.000000000,8.000000000,-2.967059612,-169.999993347,0.000000000,2.759989023,20.000000000,6.500000000,0.174532920,9.999999709,0.000000000,0.417548507,12.000000000,3.200000048,0.000000000,0.000000000,0.000000000,-0.000032980,0.500000000,0.100000001
2026-07-07 01:47:55.378,1783360075.378540993,150.642981562,1,1,150.615582540,1,0.001717087,5,1,0.008155230,5,1,0,0,0,0,1,1,1,1,1,1,0.025142376,-0.775451118,4.966359473,1.573033149,1,149.647125953,12,1,12,1:-1.251:2.428|2:-0.428:2.425|3:0.392:2.424|4:1.223:2.419|5:1.228:1.589|6:0.405:1.588|7:-0.440:1.588|8:-1.261:1.589|9:-1.185:4.911|10:-0.390:4.902|11:0.375:4.903|12:1.182:4.901,1,11.424164076,place,10,8,-0.786029000,4.882139000,1,11.424106480,1,received,1,2.407769940,completed,1,2.407635169,1,received,1,-0.010490417,-0.601056647,0.095237732,0.124542236,1,3.108354807,178.095611665,-0.134309769,-3.384614944,1,-2.893301010,-165.773936741,-0.017093658,1.319658279,1,0.192072868,11.004964715,3.758243561,0.178266525,1,-0.038157463,-2.186261591,0.109889984,0.013431072,0.000000000,0.000000000,0.000000000,-0.000000000,13.000000000,2.200000048,3.054326296,175.000006008,0.000000000,-2.684087276,20.000000000,8.000000000,-2.967059612,-169.999993347,0.000000000,2.759989023,20.000000000,6.500000000,0.174532920,9.999999709,0.000000000,0.417548507,12.000000000,3.200000048,0.000000000,0.000000000,0.000000000,-0.000032980,0.500000000,0.100000001
2026-07-07 01:47:56.378,1783360076.378474474,151.642915107,1,1,151.615516085,1,0.001697254,5,1,0.008270110,5,1,0,0,0,0,1,1,1,1,1,1,0.025129464,-0.769704396,5.001465105,1.563937321,1,150.647059498,12,1,12,1:-1.251:2.428|2:-0.428:2.425|3:0.392:2.424|4:1.223:2.419|5:1.228:1.589|6:0.405:1.588|7:-0.440:1.588|8:-1.261:1.589|9:-1.185:4.911|10:-0.390:4.902|11:0.375:4.903|12:1.182:4.901,1,12.424097621,place,10,8,-0.786029000,4.882139000,1,12.424040025,1,received,1,3.407703485,completed,1,3.407568714,1,received,1,-0.012397766,-0.710339674,0.109889984,0.129426003,1,3.107973337,178.073755059,-0.148962021,-3.329914093,1,-2.892919540,-165.752080136,-0.012209892,1.251281738,1,0.166895866,9.562428763,-0.695970535,1.789987564,1,-0.039308548,-2.252213898,-0.012210846,0.015872955,0.000000000,0.000000000,0.000000000,-0.000000000,13.000000000,2.200000048,3.054326296,175.000006008,0.000000000,-2.684087276,20.000000000,8.000000000,-2.967059612,-169.999993347,0.000000000,2.759989023,20.000000000,6.500000000,0.174532920,9.999999709,0.000000000,0.417548507,12.000000000,3.200000048,0.000000000,0.000000000,0.000000000,-0.000032980,0.500000000,0.100000001
2026-07-07 01:47:57.378,1783360077.378412008,152.642852748,1,1,152.615453726,1,0.001704370,5,1,0.008272987,5,1,0,0,0,0,1,1,1,1,1,1,0.025047230,-0.775734924,5.066824065,1.583015336,1,151.646997139,12,1,12,1:-1.251:2.428|2:-0.428:2.425|3:0.392:2.424|4:1.223:2.419|5:1.228:1.589|6:0.405:1.588|7:-0.440:1.588|8:-1.261:1.589|9:-1.185:4.911|10:-0.390:4.902|11:0.375:4.903|12:1.182:4.901,1,13.424035262,place,10,8,-0.786029000,4.882139000,1,13.423977666,1,received,1,4.407641126,completed,1,4.407506355,1,received,1,-0.012016296,-0.688483068,-0.036630630,0.183150291,1,3.109880686,178.183038086,-0.080586433,-3.535041809,1,-2.892919540,-165.752080136,0.002442360,1.319658279,1,0.193598747,11.092391137,3.289379120,-0.554334641,1,-0.038924217,-2.230193368,-0.036628723,0.015872955,0.000000000,0.000000000,0.000000000,-0.000000000,13.000000000,2.200000048,3.054326296,175.000006008,0.000000000,-2.684087276,20.000000000,8.000000000,-2.967059612,-169.999993347,0.000000000,2.759989023,20.000000000,6.500000000,0.174532920,9.999999709,0.000000000,0.417548507,12.000000000,3.200000048,0.000000000,0.000000000,0.000000000,-0.000032980,0.500000000,0.100000001
2026-07-07 01:47:58.378,1783360078.378342152,153.642782790,1,1,153.615383768,1,0.001683486,5,1,0.008215364,5,1,0,0,0,0,1,1,1,1,1,1,0.025093029,-0.755551951,5.124281799,1.527228926,1,152.646927181,12,1,12,1:-1.251:2.428|2:-0.428:2.425|3:0.392:2.424|4:1.223:2.419|5:1.228:1.589|6:0.405:1.588|7:-0.440:1.588|8:-1.261:1.589|9:-1.185:4.911|10:-0.390:4.902|11:0.375:4.903|12:1.182:4.901,1,14.423965304,place,10,8,-0.786029000,4.882139000,1,14.423907708,1,received,1,5.407571168,completed,1,5.407436397,1,received,1,-0.011634827,-0.666626463,0.051282883,0.163614273,1,3.108354807,178.095611665,-0.061050415,-3.562393188,1,-2.892538071,-165.730223531,0.017093658,1.305982590,1,0.169566154,9.715425000,-2.249084473,-1.438339233,1,-0.039691925,-2.274179786,-0.158729553,0.018314838,0.000000000,0.000000000,0.000000000,-0.000000000,13.000000000,2.200000048,3.054326296,175.000006008,0.000000000,-2.684087276,20.000000000,8.000000000,-2.967059612,-169.999993347,0.000000000,2.759989023,20.000000000,6.500000000,0.174532920,9.999999709,0.000000000,0.417548507,12.000000000,3.200000048,0.000000000,0.000000000,0.000000000,-0.000032980,0.500000000,0.100000001
2026-07-07 01:47:59.378,1783360079.378255844,154.642696586,1,1,154.615297564,1,0.001313396,5,1,0.008259535,5,1,0,0,0,0,1,1,1,1,1,1,0.025072272,-0.743684213,5.190000581,1.552025244,1,153.646840977,12,1,12,1:-1.251:2.428|2:-0.428:2.425|3:0.392:2.424|4:1.223:2.419|5:1.228:1.589|6:0.405:1.588|7:-0.440:1.588|8:-1.261:1.589|9:-1.185:4.911|10:-0.390:4.902|11:0.375:4.903|12:1.182:4.901,1,15.423879100,place,10,8,-0.786029000,4.882139000,1,15.423821504,1,received,1,6.407484964,completed,1,6.407350193,1,received,1,-0.011634827,-0.666626463,0.036630630,0.158730507,1,3.109117746,178.139324875,-0.192917824,-3.179487228,1,-2.892919540,-165.752080136,-0.021978378,1.251281738,1,0.176051140,10.086987291,-1.164834976,-1.843711853,1,-0.039691925,-2.274179786,-0.109889984,0.015872955,0.000000000,0.000000000,0.000000000,-0.000000000,13.000000000,2.200000048,3.054326296,175.000006008,0.000000000,-2.684087276,20.000000000,8.000000000,-2.967059612,-169.999993347,0.000000000,2.759989023,20.000000000,6.500000000,0.174532920,9.999999709,0.000000000,0.417548507,12.000000000,3.200000048,0.000000000,0.000000000,0.000000000,-0.000032980,0.500000000,0.100000001
2026-07-07 01:48:00.378,1783360080.378170013,155.642610823,1,1,155.615211801,1,0.001558470,5,1,0.008182899,5,1,0,0,0,0,1,1,1,1,1,1,0.024984487,-0.755097395,5.239550310,1.553523981,1,154.646755214,12,1,12,1:-1.251:2.428|2:-0.428:2.425|3:0.392:2.424|4:1.223:2.419|5:1.228:1.589|6:0.405:1.588|7:-0.440:1.588|8:-1.261:1.589|9:-1.185:4.911|10:-0.390:4.902|11:0.375:4.903|12:1.182:4.901,1,16.423793337,place,10,8,-0.786029000,4.882139000,1,16.423735741,1,received,1,7.407399201,completed,1,7.407264430,1,received,1,-0.011253357,-0.644769858,0.007326126,0.148962021,1,3.109499216,178.161181481,-0.163614273,-3.234188080,1,-2.892919540,-165.752080136,-0.021978378,1.347007751,1,0.158503532,9.081583445,-2.937728882,0.842491150,1,-0.038157463,-2.186261591,0.109889984,0.015872955,0.000000000,0.000000000,0.000000000,-0.000000000,13.000000000,2.200000048,3.054326296,175.000006008,0.000000000,-2.684087276,20.000000000,8.000000000,-2.967059612,-169.999993347,0.000000000,2.759989023,20.000000000,6.500000000,0.174532920,9.999999709,0.000000000,0.417548507,12.000000000,3.200000048,0.000000000,0.000000000,0.000000000,-0.000032980,0.500000000,0.100000001
2026-07-07 01:48:01.378,1783360081.378080606,156.642521007,1,1,156.615121985,1,0.001565783,5,1,0.008228762,5,1,0,0,0,0,1,1,1,1,1,1,0.025129461,-0.740787124,5.286211809,1.524479115,1,155.646665398,12,1,12,1:-1.251:2.428|2:-0.428:2.425|3:0.392:2.424|4:1.223:2.419|5:1.228:1.589|6:0.405:1.588|7:-0.440:1.588|8:-1.261:1.589|9:-1.185:4.911|10:-0.390:4.902|11:0.375:4.903|12:1.182:4.901,1,17.423703521,place,10,8,-0.786029000,4.882139000,1,17.423645925,1,received,1,8.407309385,completed,1,8.407174614,1,received,1,-0.008201599,-0.469917015,-0.051282883,0.315018654,1,3.102251291,177.745905979,-0.002442360,-3.671794891,1,-2.894063950,-165.817649952,-0.002442360,1.278633118,1,0.174143791,9.977704264,0.021978378,-1.536019325,1,-0.039308548,-2.252213898,-0.061050415,0.015872955,0.000000000,0.000000000,0.000000000,-0.000000000,13.000000000,2.200000048,3.054326296,175.000006008,0.000000000,-2.684087276,20.000000000,8.000000000,-2.967059612,-169.999993347,0.000000000,2.759989023,20.000000000,6.500000000,0.174532920,9.999999709,0.000000000,0.417548507,12.000000000,3.200000048,0.000000000,0.000000000,0.000000000,-0.000032980,0.500000000,0.100000001
2026-07-07 01:48:02.378,1783360082.377970934,157.642411660,1,1,157.615012638,1,0.001403298,5,1,0.008201779,5,1,0,0,0,0,1,1,1,1,1,1,0.025000937,-0.735819694,5.280344923,1.530554433,1,156.646556051,12,1,12,1:-1.251:2.428|2:-0.428:2.425|3:0.392:2.424|4:1.223:2.419|5:1.228:1.589|6:0.405:1.588|7:-0.440:1.588|8:-1.261:1.589|9:-1.185:4.911|10:-0.390:4.902|11:0.375:4.903|12:1.182:4.901,1,18.423594174,place,10,8,-0.786029000,4.882139000,1,18.423536578,1,received,1,9.407200038,completed,1,9.407065267,1,received,1,-0.007057190,-0.404347199,0.036630630,0.061050415,1,3.102251291,177.745905979,-0.007326126,-3.671794891,1,-2.894063950,-165.817649952,0.002442360,1.278633118,1,0.183299065,10.502262792,2.688644409,-0.749694824,1,-0.038924217,-2.230193368,-0.012210846,0.015872955,0.000000000,0.000000000,0.000000000,-0.000000000,13.000000000,2.200000048,3.054326296,175.000006008,0.000000000,-2.684087276,20.000000000,8.000000000,-2.967059612,-169.999993347,0.000000000,2.759989023,20.000000000,6.500000000,0.174532920,9.999999709,0.000000000,0.417548507,12.000000000,3.200000048,0.000000000,0.000000000,0.000000000,-0.000032980,0.500000000,0.100000001
2026-07-07 01:48:03.378,1783360083.377864599,158.642305329,1,1,158.614906307,1,0.001509212,5,1,0.008165398,5,1,0,0,0,0,1,1,1,1,1,1,0.024705713,-0.740063182,5.280324754,1.533191350,1,157.646449720,12,1,12,1:-1.251:2.428|2:-0.428:2.425|3:0.392:2.424|4:1.223:2.419|5:1.228:1.589|6:0.405:1.588|7:-0.440:1.588|8:-1.261:1.589|9:-1.185:4.911|10:-0.390:4.902|11:0.375:4.903|12:1.182:4.901,1,19.423487843,place,10,8,-0.786029000,4.882139000,1,19.423430247,1,received,1,10.407093707,completed,1,10.406958936,1,received,1,-0.007057190,-0.404347199,0.021978378,0.080586433,1,3.102251291,177.745905979,-0.007326126,-3.658119202,1,-2.894063950,-165.817649952,-0.002442360,1.278633118,1,0.184824944,10.589689214,3.509159088,-0.046398163,1,-0.038157463,-2.186261591,0.109889984,0.013431072,0.000000000,0.000000000,0.000000000,-0.000000000,13.000000000,2.200000048,3.054326296,175.000006008,0.000000000,-2.684087276,20.000000000,8.000000000,-2.967059612,-169.999993347,0.000000000,2.759989023,20.000000000,6.500000000,0.174532920,9.999999709,0.000000000,0.417548507,12.000000000,3.200000048,0.000000000,0.000000000,0.000000000,-0.000032980,0.500000000,0.100000001
2026-07-07 01:48:04.377,1783360084.377742290,159.642183004,1,1,159.614783982,1,0.001176255,5,1,0.008129907,5,1,0,0,0,0,1,1,1,1,1,1,0.024791419,-0.739664710,5.280141775,1.530209980,1,158.646327395,12,1,12,1:-1.251:2.428|2:-0.428:2.425|3:0.392:2.424|4:1.223:2.419|5:1.228:1.589|6:0.405:1.588|7:-0.440:1.588|8:-1.261:1.589|9:-1.185:4.911|10:-0.390:4.902|11:0.375:4.903|12:1.182:4.901,1,20.423365518,place,10,8,-0.786029000,4.882139000,1,20.423307922,1,received,1,11.406971382,completed,1,11.406836611,1,received,1,-0.007438660,-0.426203804,-0.007326126,0.075701714,1,3.102251291,177.745905979,-0.007326126,-3.671794891,1,-2.894063950,-165.817649952,0.002442360,1.292306900,1,0.183680534,10.524119398,3.641025543,0.368741989,1,-0.038157463,-2.186261591,0.158729553,0.013431072,0.000000000,0.000000000,0.000000000,-0.000000000,13.000000000,2.200000048,3.054326296,175.000006008,0.000000000,-2.684087276,20.000000000,8.000000000,-2.967059612,-169.999993347,0.000000000,2.759989023,20.000000000,6.500000000,0.174532920,9.999999709,0.000000000,0.417548507,12.000000000,3.200000048,0.000000000,0.000000000,0.000000000,-0.000032980,0.500000000,0.100000001
2026-07-07 01:48:05.377,1783360085.377633572,160.642074227,1,1,160.614675205,1,0.001644024,5,1,0.008262327,5,1,0,0,0,0,1,1,1,1,1,1,0.025009869,-0.741889101,5.279964181,1.532726028,1,159.646218618,12,1,12,1:-1.251:2.428|2:-0.428:2.425|3:0.392:2.424|4:1.223:2.419|5:1.228:1.589|6:0.405:1.588|7:-0.440:1.588|8:-1.261:1.589|9:-1.185:4.911|10:-0.390:4.902|11:0.375:4.903|12:1.182:4.901,1,21.423256741,place,10,8,-0.786029000,4.882139000,1,21.423199145,1,received,1,12.406862605,completed,1,12.406727834,1,received,1,-0.007438660,-0.426203804,-0.051282883,0.061050415,0,3.102251291,177.745905979,-0.002442360,-3.658119202,1,-2.894063950,-165.817649952,-0.002442360,1.278633118,1,0.148965836,8.535113670,-2.923076630,1.125762939,1,-0.039691925,-2.274179786,-0.061050415,0.018314838,0.000000000,0.000000000,0.000000000,-0.000000000,13.000000000,2.200000048,3.054326296,175.000006008,0.000000000,-2.684087276,20.000000000,8.000000000,-2.967059612,-169.999993347,0.000000000,2.759989023,20.000000000,6.500000000,0.174532920,9.999999709,0.000000000,0.417548507,12.000000000,3.200000048,0.000000000,0.000000000,0.000000000,-0.000032980,0.500000000,0.100000001
2026-07-07 01:48:06.377,1783360086.377513647,161.641954313,1,1,161.614555291,1,0.001518172,5,1,0.008209935,5,1,0,0,0,0,1,1,1,1,1,1,0.025323246,-0.734253839,5.280561842,1.533222467,1,160.646098704,12,1,12,1:-1.251:2.428|2:-0.428:2.425|3:0.392:2.424|4:1.223:2.419|5:1.228:1.589|6:0.405:1.588|7:-0.440:1.588|8:-1.261:1.589|9:-1.185:4.911|10:-0.390:4.902|11:0.375:4.903|12:1.182:4.901,1,22.423136827,place,10,8,-0.786029000,4.882139000,1,22.423079231,1,received,1,13.406742691,completed,1,13.406607920,1,received,1,-0.007438660,-0.426203804,-0.021978378,0.061050415,1,3.102251291,177.745905979,-0.002442360,-3.658119202,1,-2.894063950,-165.817649952,-0.002442360,1.292306900,1,0.148584366,8.513257065,-3.186813354,0.964591026,1,-0.039691925,-2.274179786,-0.061050415,0.018314838,0.000000000,0.000000000,0.000000000,-0.000000000,13.000000000,2.200000048,3.054326296,175.000006008,0.000000000,-2.684087276,20.000000000,8.000000000,-2.967059612,-169.999993347,0.000000000,2.759989023,20.000000000,6.500000000,0.174532920,9.999999709,0.000000000,0.417548507,12.000000000,3.200000048,0.000000000,0.000000000,0.000000000,-0.000032980,0.500000000,0.100000001
2026-07-07 01:48:07.377,1783360087.377345800,162.641786442,1,1,162.614387420,1,0.001737839,5,1,0.008159098,5,1,0,0,0,0,1,1,1,1,1,1,0.025089961,-0.737974786,5.275911157,1.531315181,1,161.645930833,12,1,12,1:-1.251:2.428|2:-0.428:2.425|3:0.392:2.424|4:1.223:2.419|5:1.228:1.589|6:0.405:1.588|7:-0.440:1.588|8:-1.261:1.589|9:-1.185:4.911|10:-0.390:4.902|11:0.375:4.903|12:1.182:4.901,1,23.422968956,place,10,8,-0.786029000,4.882139000,1,23.422911360,1,received,1,14.406574820,completed,1,14.406440049,1,received,1,-0.007438660,-0.426203804,-0.036630630,0.061050415,1,3.102251291,177.745905979,-0.002442360,-3.658119202,1,-2.894063950,-165.817649952,-0.002442360,1.278633118,1,0.148584366,8.513257065,-3.113554001,1.008546829,1,-0.038157463,-2.186261591,0.158729553,0.013431072,0.000000000,0.000000000,0.000000000,-0.000000000,13.000000000,2.200000048,3.054326296,175.000006008,0.000000000,-2.684087276,20.000000000,8.000000000,-2.967059612,-169.999993347,0.000000000,2.759989023,20.000000000,6.500000000,0.174532920,9.999999709,0.000000000,0.417548507,12.000000000,3.200000048,0.000000000,0.000000000,0.000000000,-0.000032980,0.500000000,0.100000001
2026-07-07 01:48:08.377,1783360088.377218723,163.641659328,1,1,163.614260306,1,0.002009183,5,1,0.008161116,5,1,0,0,0,0,1,1,1,1,1,1,0.025183488,-0.743489719,5.284263032,1.532832824,1,162.645803719,12,1,12,1:-1.251:2.428|2:-0.428:2.425|3:0.392:2.424|4:1.223:2.419|5:1.228:1.589|6:0.405:1.588|7:-0.440:1.588|8:-1.261:1.589|9:-1.185:4.911|10:-0.390:4.902|11:0.375:4.903|12:1.182:4.901,1,24.422841842,place,10,8,-0.786029000,4.882139000,1,24.422784246,1,received,1,15.406447706,completed,1,15.406312935,1,received,1,-0.007438660,-0.426203804,0.021978378,0.075701714,1,3.102251291,177.745905979,-0.007326126,-3.671794891,1,-2.894063950,-165.817649952,0.002442360,1.278633118,1,0.183680534,10.524119398,3.641025543,0.427350044,1,-0.038157463,-2.186261591,0.134311676,0.013431072,0.000000000,0.000000000,0.000000000,-0.000000000,13.000000000,2.200000048,3.054326296,175.000006008,0.000000000,-2.684087276,20.000000000,8.000000000,-2.967059612,-169.999993347,0.000000000,2.759989023,20.000000000,6.500000000,0.174532920,9.999999709,0.000000000,0.417548507,12.000000000,3.200000048,0.000000000,0.000000000,0.000000000,-0.000032980,0.500000000,0.100000001
2026-07-07 01:48:09.377,1783360089.377121210,164.641561803,1,1,164.614162781,1,0.001806283,5,1,0.008271626,5,1,0,0,0,0,1,1,1,1,1,1,0.024920686,-0.745185929,5.278964565,1.531083313,1,163.645706194,12,1,12,1:-1.251:2.428|2:-0.428:2.425|3:0.392:2.424|4:1.223:2.419|5:1.228:1.589|6:0.405:1.588|7:-0.440:1.588|8:-1.261:1.589|9:-1.185:4.911|10:-0.390:4.902|11:0.375:4.903|12:1.182:4.901,1,25.422744317,place,10,8,-0.786029000,4.882139000,1,25.422686721,1,received,1,16.406350181,completed,1,16.406215410,1,received,1,-0.007057190,-0.404347199,0.007326126,0.075701714,1,3.102251291,177.745905979,-0.007326126,-3.658119202,1,-2.894063950,-165.817649952,0.002442360,1.292306900,1,0.184824944,10.589689214,3.450550079,-0.134309769,1,-0.038157463,-2.186261591,0.085468292,0.013431072,0.000000000,0.000000000,0.000000000,-0.000000000,13.000000000,2.200000048,3.054326296,175.000006008,0.000000000,-2.684087276,20.000000000,8.000000000,-2.967059612,-169.999993347,0.000000000,2.759989023,20.000000000,6.500000000,0.174532920,9.999999709,0.000000000,0.417548507,12.000000000,3.200000048,0.000000000,0.000000000,0.000000000,-0.000032980,0.500000000,0.100000001
2026-07-07 01:48:10.377,1783360090.376926184,165.641366896,1,1,165.613967874,1,0.001985966,5,1,0.008237214,5,1,0,0,0,0,1,1,1,1,1,1,0.025175327,-0.734258052,5.285100566,1.532852013,1,164.645511287,12,1,12,1:-1.251:2.428|2:-0.428:2.425|3:0.392:2.424|4:1.223:2.419|5:1.228:1.589|6:0.405:1.588|7:-0.440:1.588|8:-1.261:1.589|9:-1.185:4.911|10:-0.390:4.902|11:0.375:4.903|12:1.182:4.901,1,26.422549410,place,10,8,-0.786029000,4.882139000,1,26.422491814,1,received,1,17.406155274,completed,1,17.406020503,1,received,1,-0.007438660,-0.426203804,-0.007326126,0.070817947,1,3.102251291,177.745905979,-0.002442360,-3.658119202,1,-2.894063950,-165.817649952,-0.002442360,1.278633118,1,0.160029411,9.169009866,0.021978378,2.122099876,1,-0.039308548,-2.252213898,0.012210846,0.013431072,0.000000000,0.000000000,0.000000000,-0.000000000,13.000000000,2.200000048,3.054326296,175.000006008,0.000000000,-2.684087276,20.000000000,8.000000000,-2.967059612,-169.999993347,0.000000000,2.759989023,20.000000000,6.500000000,0.174532920,9.999999709,0.000000000,0.417548507,12.000000000,3.200000048,0.000000000,0.000000000,0.000000000,-0.000032980,0.500000000,0.100000001
2026-07-07 01:48:11.376,1783360091.376752615,166.641193232,1,1,166.613794210,1,0.001923555,5,1,0.008244177,5,1,0,0,0,0,1,1,1,1,1,1,0.024949468,-0.739774087,5.278531054,1.532205645,1,165.645337623,12,1,12,1:-1.251:2.428|2:-0.428:2.425|3:0.392:2.424|4:1.223:2.419|5:1.228:1.589|6:0.405:1.588|7:-0.440:1.588|8:-1.261:1.589|9:-1.185:4.911|10:-0.390:4.902|11:0.375:4.903|12:1.182:4.901,1,27.422375746,place,10,8,-0.786029000,4.882139000,1,27.422318150,1,received,1,18.405981610,completed,1,18.405846839,1,received,1,-0.007057190,-0.404347199,0.021978378,0.065934181,1,3.102251291,177.745905979,-0.007326126,-3.658119202,1,-2.894063950,-165.817649952,-0.007326126,1.278633118,1,0.175288200,10.043274080,0.373626709,-1.619047165,1,-0.039308548,-2.252213898,-0.134311676,0.015872955,0.000000000,0.000000000,0.000000000,-0.000000000,13.000000000,2.200000048,3.054326296,175.000006008,0.000000000,-2.684087276,20.000000000,8.000000000,-2.967059612,-169.999993347,0.000000000,2.759989023,20.000000000,6.500000000,0.174532920,9.999999709,0.000000000,0.417548507,12.000000000,3.200000048,0.000000000,0.000000000,0.000000000,-0.000032980,0.500000000,0.100000001
2026-07-07 01:48:12.376,1783360092.376605511,167.641046090,1,1,167.613647068,1,0.001875526,5,1,0.008271629,5,1,0,0,0,0,1,1,1,1,1,1,0.025132107,-0.740751126,5.277572238,1.532533116,1,166.645190481,12,1,12,1:-1.251:2.428|2:-0.428:2.425|3:0.392:2.424|4:1.223:2.419|5:1.228:1.589|6:0.405:1.588|7:-0.440:1.588|8:-1.261:1.589|9:-1.185:4.911|10:-0.390:4.902|11:0.375:4.903|12:1.182:4.901,1,28.422228604,place,10,8,-0.786029000,4.882139000,1,28.422171008,1,received,1,19.405834468,completed,1,19.405699697,1,received,1,-0.007057190,-0.404347199,-0.007326126,0.061050415,1,3.102251291,177.745905979,-0.002442360,-3.671794891,1,-2.894063950,-165.817649952,-0.002442360,1.292306900,1,0.161555290,9.256436288,-2.087911606,-1.282051086,1,-0.039691925,-2.274179786,-0.158729553,0.015872955,0.000000000,0.000000000,0.000000000,-0.000000000,13.000000000,2.200000048,3.054326296,175.000006008,0.000000000,-2.684087276,20.000000000,8.000000000,-2.967059612,-169.999993347,0.000000000,2.759989023,20.000000000,6.500000000,0.174532920,9.999999709,0.000000000,0.417548507,12.000000000,3.200000048,0.000000000,0.000000000,0.000000000,-0.000032980,0.500000000,0.100000001
2026-07-07 01:48:13.376,1783360093.376474380,168.640914971,1,1,168.613515949,1,0.001949136,5,1,0.008174656,5,1,0,0,0,0,1,1,1,1,1,1,0.024919749,-0.749234807,5.285936685,1.530835937,1,167.645059362,12,1,12,1:-1.251:2.428|2:-0.428:2.425|3:0.392:2.424|4:1.223:2.419|5:1.228:1.589|6:0.405:1.588|7:-0.440:1.588|8:-1.261:1.589|9:-1.185:4.911|10:-0.390:4.902|11:0.375:4.903|12:1.182:4.901,1,29.422097485,place,10,8,-0.786029000,4.882139000,1,29.422039889,1,received,1,20.405703349,completed,1,20.405568578,1,received,1,-0.007438660,-0.426203804,-0.051282883,0.061050415,1,3.102251291,177.745905979,-0.002442360,-3.671794891,1,-2.894063950,-165.817649952,-0.002442360,1.278633118,1,0.149728775,8.578826881,-3.509157181,0.065934181,1,-0.039308548,-2.252213898,-0.061050415,0.015872955,0.000000000,0.000000000,0.000000000,-0.000000000,13.000000000,2.200000048,3.054326296,175.000006008,0.000000000,-2.684087276,20.000000000,8.000000000,-2.967059612,-169.999993347,0.000000000,2.759989023,20.000000000,6.500000000,0.174532920,9.999999709,0.000000000,0.417548507,12.000000000,3.200000048,0.000000000,0.000000000,0.000000000,-0.000032980,0.500000000,0.100000001
2026-07-07 01:48:14.376,1783360094.376268387,169.640708938,1,1,169.613309916,1,0.001932093,5,1,0.008092551,5,1,0,0,0,0,1,1,1,1,1,1,0.025147613,-0.746933609,5.273522167,1.532027450,1,168.644853329,12,1,12,1:-1.251:2.428|2:-0.428:2.425|3:0.392:2.424|4:1.223:2.419|5:1.228:1.589|6:0.405:1.588|7:-0.440:1.588|8:-1.261:1.589|9:-1.185:4.911|10:-0.390:4.902|11:0.375:4.903|12:1.182:4.901,1,30.421891452,place,10,8,-0.786029000,4.882139000,1,30.421833856,1,received,1,21.405497316,completed,1,21.405362545,1,received,1,-0.007057190,-0.404347199,0.036630630,0.070817947,1,3.102251291,177.745905979,-0.002442360,-3.658119202,1,-2.894063950,-165.817649952,-0.002442360,1.292306900,1,0.176051140,10.086987291,0.593406677,-1.560439110,1,-0.039308548,-2.252213898,-0.085468292,0.018314838,0.000000000,0.000000000,0.000000000,-0.000000000,13.000000000,2.200000048,3.054326296,175.000006008,0.000000000,-2.684087276,20.000000000,8.000000000,-2.967059612,-169.999993347,0.000000000,2.759989023,20.000000000,6.500000000,0.174532920,9.999999709,0.000000000,0.417548507,12.000000000,3.200000048,0.000000000,0.000000000,0.000000000,-0.000032980,0.500000000,0.100000001
2026-07-07 01:48:15.376,1783360095.376146078,170.640586891,1,1,170.613187869,1,0.002084048,5,1,0.007797599,5,1,0,0,0,0,1,1,1,1,1,1,0.025301389,-0.740170747,5.288733003,1.531247966,1,169.644731282,12,1,12,1:-1.251:2.428|2:-0.428:2.425|3:0.392:2.424|4:1.223:2.419|5:1.228:1.589|6:0.405:1.588|7:-0.440:1.588|8:-1.261:1.589|9:-1.185:4.911|10:-0.390:4.902|11:0.375:4.903|12:1.182:4.901,1,31.421769405,place,10,8,-0.786029000,4.882139000,1,31.421711809,1,received,1,22.405375269,completed,1,22.405240498,1,received,1,-0.007438660,-0.426203804,-0.021978378,0.065934181,1,3.102251291,177.745905979,-0.002442360,-3.671794891,1,-2.894063950,-165.817649952,-0.002442360,1.278633118,1,0.183680534,10.524119398,2.835163116,-0.661782265,1,-0.038924217,-2.230193368,0.036628723,0.015872955,0.000000000,0.000000000,0.000000000,-0.000000000,13.000000000,2.200000048,3.054326296,175.000006008,0.000000000,-2.684087276,20.000000000,8.000000000,-2.967059612,-169.999993347,0.000000000,2.759989023,20.000000000,6.500000000,0.174532920,9.999999709,0.000000000,0.417548507,12.000000000,3.200000048,0.000000000,0.000000000,0.000000000,-0.000032980,0.500000000,0.100000001
2026-07-07 01:48:16.376,1783360096.375937462,171.640378013,1,1,171.612978991,1,0.001961974,5,1,0.008039930,5,1,0,0,0,0,1,1,1,1,1,1,0.025232774,-0.745785854,5.279281309,1.532734711,1,170.644522404,12,1,12,1:-1.251:2.428|2:-0.428:2.425|3:0.392:2.424|4:1.223:2.419|5:1.228:1.589|6:0.405:1.588|7:-0.440:1.588|8:-1.261:1.589|9:-1.185:4.911|10:-0.390:4.902|11:0.375:4.903|12:1.182:4.901,1,32.421560527,place,10,8,-0.786029000,4.882139000,1,32.421502931,1,received,1,23.405166391,completed,1,23.405031620,1,received,1,-0.007438660,-0.426203804,-0.021978378,0.075701714,1,3.102251291,177.745905979,-0.002442360,-3.658119202,1,-2.894063950,-165.817649952,-0.007326126,1.278633118,1,0.173762321,9.955847659,2.117218018,1.736263275,1,-0.038540840,-2.208227479,0.109889984,0.013431072,0.000000000,0.000000000,0.000000000,-0.000000000,13.000000000,2.200000048,3.054326296,175.000006008,0.000000000,-2.684087276,20.000000000,8.000000000,-2.967059612,-169.999993347,0.000000000,2.759989023,20.000000000,6.500000000,0.174532920,9.999999709,0.000000000,0.417548507,12.000000000,3.200000048,0.000000000,0.000000000,0.000000000,-0.000032980,0.500000000,0.100000001
2026-07-07 01:48:17.375,1783360097.375744343,172.640184915,1,1,172.612785893,1,0.001999167,5,1,0.008212422,5,1,0,0,0,0,1,1,1,1,1,1,0.025132226,-0.754170587,5.280175613,1.531528196,1,171.644329306,12,1,12,1:-1.251:2.428|2:-0.428:2.425|3:0.392:2.424|4:1.223:2.419|5:1.228:1.589|6:0.405:1.588|7:-0.440:1.588|8:-1.261:1.589|9:-1.185:4.911|10:-0.390:4.902|11:0.375:4.903|12:1.182:4.901,1,33.421367429,place,10,8,-0.786029000,4.882139000,1,33.421309833,1,received,1,24.404973293,completed,1,24.404838522,1,received,1,-0.007057190,-0.404347199,0.021978378,0.075701714,1,3.102251291,177.745905979,-0.002442360,-3.658119202,1,-2.894063950,-165.817649952,0.002442360,1.292306900,1,0.183680534,10.524119398,3.626373291,0.485958099,1,-0.038157463,-2.186261591,0.134311676,0.013431072,0.000000000,0.000000000,0.000000000,-0.000000000,13.000000000,2.200000048,3.054326296,175.000006008,0.000000000,-2.684087276,20.000000000,8.000000000,-2.967059612,-169.999993347,0.000000000,2.759989023,20.000000000,6.500000000,0.174532920,9.999999709,0.000000000,0.417548507,12.000000000,3.200000048,0.000000000,0.000000000,0.000000000,-0.000032980,0.500000000,0.100000001
2026-07-07 01:48:18.375,1783360098.375560522,173.640001125,1,1,173.612602103,1,0.001826740,5,1,0.008255614,5,1,0,0,0,0,1,1,1,1,1,1,0.025109301,-0.743787101,5.284753041,1.532117872,1,172.644145516,12,1,12,1:-1.251:2.428|2:-0.428:2.425|3:0.392:2.424|4:1.223:2.419|5:1.228:1.589|6:0.405:1.588|7:-0.440:1.588|8:-1.261:1.589|9:-1.185:4.911|10:-0.390:4.902|11:0.375:4.903|12:1.182:4.901,1,34.421183639,place,10,8,-0.786029000,4.882139000,1,34.421126043,1,received,1,25.404789503,completed,1,25.404654732,1,received,1,-0.007057190,-0.404347199,0.021978378,0.070817947,1,3.102251291,177.745905979,-0.002442360,-3.658119202,1,-2.894063950,-165.817649952,-0.002442360,1.292306900,1,0.184062004,10.545976003,2.923076630,-0.608058929,1,-0.038540840,-2.208227479,0.012210846,0.015872955,0.000000000,0.000000000,0.000000000,-0.000000000,13.000000000,2.200000048,3.054326296,175.000006008,0.000000000,-2.684087276,20.000000000,8.000000000,-2.967059612,-169.999993347,0.000000000,2.759989023,20.000000000,6.500000000,0.174532920,9.999999709,0.000000000,0.417548507,12.000000000,3.200000048,0.000000000,0.000000000,0.000000000,-0.000032980,0.500000000,0.100000001
2026-07-07 01:48:19.375,1783360099.375342369,174.639782854,1,1,174.612383832,1,0.001700121,5,1,0.008225337,5,1,0,0,0,0,1,1,1,1,1,1,0.025311884,-0.750818045,5.279912682,1.531058632,1,173.643927245,12,1,12,1:-1.251:2.428|2:-0.428:2.425|3:0.392:2.424|4:1.223:2.419|5:1.228:1.589|6:0.405:1.588|7:-0.440:1.588|8:-1.261:1.589|9:-1.185:4.911|10:-0.390:4.902|11:0.375:4.903|12:1.182:4.901,1,35.420965368,place,10,8,-0.786029000,4.882139000,1,35.420907772,1,received,1,26.404571232,completed,1,26.404436461,1,received,1,-0.007438660,-0.426203804,-0.021978378,0.075701714,1,3.102251291,177.745905979,-0.002442360,-3.671794891,1,-2.894063950,-165.817649952,-0.007326126,1.278633118,1,0.169947624,9.737281605,1.560440063,1.985347748,1,-0.038540840,-2.208227479,0.109889984,0.013431072,0.000000000,0.000000000,0.000000000,-0.000000000,13.000000000,2.200000048,3.054326296,175.000006008,0.000000000,-2.684087276,20.000000000,8.000000000,-2.967059612,-169.999993347,0.000000000,2.759989023,20.000000000,6.500000000,0.174532920,9.999999709,0.000000000,0.417548507,12.000000000,3.200000048,0.000000000,0.000000000,0.000000000,-0.000032980,0.500000000,0.100000001
2026-07-07 01:48:20.375,1783360100.375157595,175.639598093,1,1,175.612199071,1,0.001946280,5,1,0.008229161,5,1,0,0,0,0,1,1,1,1,1,1,0.025307788,-0.747758245,5.276295208,1.531673622,1,174.643742484,12,1,12,1:-1.251:2.428|2:-0.428:2.425|3:0.392:2.424|4:1.223:2.419|5:1.228:1.589|6:0.405:1.588|7:-0.440:1.588|8:-1.261:1.589|9:-1.185:4.911|10:-0.390:4.902|11:0.375:4.903|12:1.182:4.901,1,36.420780607,place,10,8,-0.786029000,4.882139000,1,36.420723011,1,received,1,27.404386471,completed,1,27.404251700,1,received,1,-0.007057190,-0.404347199,0.021978378,0.061050415,1,3.102251291,177.745905979,-0.002442360,-3.671794891,1,-2.894063950,-165.817649952,-0.002442360,1.292306900,1,0.161936760,9.278292893,-1.794872284,-1.350427628,1,-0.039691925,-2.274179786,-0.158729553,0.015872955,0.000000000,0.000000000,0.000000000,-0.000000000,13.000000000,2.200000048,3.054326296,175.000006008,0.000000000,-2.684087276,20.000000000,8.000000000,-2.967059612,-169.999993347,0.000000000,2.759989023,20.000000000,6.500000000,0.174532920,9.999999709,0.000000000,0.417548507,12.000000000,3.200000048,0.000000000,0.000000000,0.000000000,-0.000032980,0.500000000,0.100000001
2026-07-07 01:48:21.375,1783360101.374940157,176.639380761,1,1,176.611981739,1,0.001794756,5,1,0.008307199,5,1,0,0,0,0,1,1,1,1,1,1,0.024439339,-0.744230556,5.277107557,1.530328044,1,175.643525152,12,1,12,1:-1.251:2.428|2:-0.428:2.425|3:0.392:2.424|4:1.223:2.419|5:1.228:1.589|6:0.405:1.588|7:-0.440:1.588|8:-1.261:1.589|9:-1.185:4.911|10:-0.390:4.902|11:0.375:4.903|12:1.182:4.901,1,37.420563275,place,10,8,-0.786029000,4.882139000,1,37.420505679,1,received,1,28.404169139,completed,1,28.404034368,1,received,1,-0.007438660,-0.426203804,-0.007326126,0.061050415,1,3.102251291,177.745905979,-0.002442360,-3.671794891,1,-2.894063950,-165.817649952,-0.002442360,1.292306900,1,0.149728775,8.578826881,-3.494504929,-0.061050415,1,-0.039308548,-2.252213898,-0.061050415,0.015872955,0.000000000,0.000000000,0.000000000,-0.000000000,13.000000000,2.200000048,3.054326296,175.000006008,0.000000000,-2.684087276,20.000000000,8.000000000,-2.967059612,-169.999993347,0.000000000,2.759989023,20.000000000,6.500000000,0.174532920,9.999999709,0.000000000,0.417548507,12.000000000,3.200000048,0.000000000,0.000000000,0.000000000,-0.000032980,0.500000000,0.100000001
2026-07-07 01:48:22.374,1783360102.374723911,177.639164361,1,1,177.611765339,1,0.001630425,5,1,0.008275378,5,1,0,0,0,0,1,1,1,1,1,1,0.025258481,-0.744877586,5.281891244,1.531247797,1,176.643308752,12,1,12,1:-1.251:2.428|2:-0.428:2.425|3:0.392:2.424|4:1.223:2.419|5:1.228:1.589|6:0.405:1.588|7:-0.440:1.588|8:-1.261:1.589|9:-1.185:4.911|10:-0.390:4.902|11:0.375:4.903|12:1.182:4.901,1,38.420346875,place,10,8,-0.786029000,4.882139000,1,38.420289279,1,received,1,29.403952739,completed,1,29.403817968,1,received,1,-0.007438660,-0.426203804,-0.065933228,0.065934181,1,3.102251291,177.745905979,-0.002442360,-3.658119202,1,-2.894063950,-165.817649952,-0.002442360,1.278633118,1,0.150110245,8.600683486,-3.098901749,1.018315315,1,-0.039308548,-2.252213898,-0.061050415,0.015872955,0.000000000,0.000000000,0.000000000,-0.000000000,13.000000000,2.200000048,3.054326296,175.000006008,0.000000000,-2.684087276,20.000000000,8.000000000,-2.967059612,-169.999993347,0.000000000,2.759989023,20.000000000,6.500000000,0.174532920,9.999999709,0.000000000,0.417548507,12.000000000,3.200000048,0.000000000,0.000000000,0.000000000,-0.000032980,0.500000000,0.100000001
2026-07-07 01:48:23.375,1783360103.374582529,178.639023107,1,1,178.611624085,1,0.001815970,5,1,0.008217461,5,1,0,0,0,0,1,1,1,1,1,1,0.025332532,-0.733339726,5.277632682,1.532388069,1,177.643167498,12,1,12,1:-1.251:2.428|2:-0.428:2.425|3:0.392:2.424|4:1.223:2.419|5:1.228:1.589|6:0.405:1.588|7:-0.440:1.588|8:-1.261:1.589|9:-1.185:4.911|10:-0.390:4.902|11:0.375:4.903|12:1.182:4.901,1,39.420205621,place,10,8,-0.786029000,4.882139000,1,39.420148025,1,received,1,30.403811485,completed,1,30.403676714,1,received,1,-0.007057190,-0.404347199,0.021978378,0.061050415,1,3.102251291,177.745905979,-0.007326126,-3.658119202,1,-2.894063950,-165.817649952,-0.002442360,1.292306900,1,0.168040276,9.627998579,-0.695970535,-1.579975128,1,-0.039691925,-2.274179786,-0.109889984,0.015872955,0.000000000,0.000000000,0.000000000,-0.000000000,13.000000000,2.200000048,3.054326296,175.000006008,0.000000000,-2.684087276,20.000000000,8.000000000,-2.967059612,-169.999993347,0.000000000,2.759989023,20.000000000,6.500000000,0.174532920,9.999999709,0.000000000,0.417548507,12.000000000,3.200000048,0.000000000,0.000000000,0.000000000,-0.000032980,0.500000000,0.100000001
2026-07-07 01:48:24.374,1783360104.374329805,179.638770340,1,1,179.611371318,1,0.001729831,5,1,0.008364866,5,1,0,0,0,0,1,1,1,1,1,1,0.024741833,-0.737029543,5.278784323,1.531894442,1,178.642914731,12,1,12,1:-1.251:2.428|2:-0.428:2.425|3:0.392:2.424|4:1.223:2.419|5:1.228:1.589|6:0.405:1.588|7:-0.440:1.588|8:-1.261:1.589|9:-1.185:4.911|10:-0.390:4.902|11:0.375:4.903|12:1.182:4.901,1,40.419952854,place,10,8,-0.786029000,4.882139000,1,40.419895258,1,received,1,31.403558718,completed,1,31.403423947,1,received,1,-0.007438660,-0.426203804,-0.051282883,0.065934181,1,3.102251291,177.745905979,-0.002442360,-3.658119202,1,-2.894063950,-165.817649952,-0.007326126,1.278633118,1,0.161173820,9.234579682,-0.315017700,2.043955803,1,-0.038924217,-2.230193368,0.036628723,0.015872955,0.000000000,0.000000000,0.000000000,-0.000000000,13.000000000,2.200000048,3.054326296,175.000006008,0.000000000,-2.684087276,20.000000000,8.000000000,-2.967059612,-169.999993347,0.000000000,2.759989023,20.000000000,6.500000000,0.174532920,9.999999709,0.000000000,0.417548507,12.000000000,3.200000048,0.000000000,0.000000000,0.000000000,-0.000032980,0.500000000,0.100000001
2026-07-07 01:48:25.374,1783360105.374114037,180.638554588,1,1,180.611155566,1,0.001790883,5,1,0.008103533,5,1,0,0,0,0,1,1,1,1,1,1,0.024973803,-0.737476349,5.278832108,1.534040128,1,179.642698979,12,1,12,1:-1.251:2.428|2:-0.428:2.425|3:0.392:2.424|4:1.223:2.419|5:1.228:1.589|6:0.405:1.588|7:-0.440:1.588|8:-1.261:1.589|9:-1.185:4.911|10:-0.390:4.902|11:0.375:4.903|12:1.182:4.901,1,41.419737102,place,10,8,-0.786029000,4.882139000,1,41.419679506,1,received,1,32.403342966,completed,1,32.403208195,1,received,1,-0.007438660,-0.426203804,-0.021978378,0.070817947,1,3.102251291,177.745905979,0.002442360,-3.658119202,1,-2.894063950,-165.817649952,-0.002442360,1.278633118,1,0.172236443,9.868421237,1.457876205,1.995116234,1,-0.038540840,-2.208227479,0.134311676,0.013431072,0.000000000,0.000000000,0.000000000,-0.000000000,13.000000000,2.200000048,3.054326296,175.000006008,0.000000000,-2.684087276,20.000000000,8.000000000,-2.967059612,-169.999993347,0.000000000,2.759989023,20.000000000,6.500000000,0.174532920,9.999999709,0.000000000,0.417548507,12.000000000,3.200000048,0.000000000,0.000000000,0.000000000,-0.000032980,0.500000000,0.100000001
2026-07-07 01:48:26.374,1783360106.373932838,181.638373508,1,1,181.610974486,1,0.001908723,5,1,0.008158704,5,1,0,0,0,0,1,1,1,1,1,1,0.024666742,-0.741488569,5.278842271,1.533905150,1,180.642517899,12,1,12,1:-1.251:2.428|2:-0.428:2.425|3:0.392:2.424|4:1.223:2.419|5:1.228:1.589|6:0.405:1.588|7:-0.440:1.588|8:-1.261:1.589|9:-1.185:4.911|10:-0.390:4.902|11:0.375:4.903|12:1.182:4.901,1,42.419556022,place,10,8,-0.786029000,4.882139000,1,42.419498426,1,received,1,33.403161886,completed,1,33.403027115,1,received,1,-0.007438660,-0.426203804,-0.021978378,0.075701714,1,3.102251291,177.745905979,-0.002442360,-3.671794891,1,-2.894063950,-165.817649952,0.002442360,1.278633118,1,0.179865837,10.305553344,2.864467621,1.457875252,1,-0.038157463,-2.186261591,0.183151245,0.013431072,0.000000000,0.000000000,0.000000000,-0.000000000,13.000000000,2.200000048,3.054326296,175.000006008,0.000000000,-2.684087276,20.000000000,8.000000000,-2.967059612,-169.999993347,0.000000000,2.759989023,20.000000000,6.500000000,0.174532920,9.999999709,0.000000000,0.417548507,12.000000000,3.200000048,0.000000000,0.000000000,0.000000000,-0.000032980,0.500000000,0.100000001
2026-07-07 01:48:27.373,1783360107.373755693,182.638196341,1,1,182.610797319,1,0.001905521,5,1,0.008359873,5,1,0,0,0,0,1,1,1,1,1,1,0.025216207,-0.741025518,5.286017808,1.533462817,1,181.642340732,12,1,12,1:-1.251:2.428|2:-0.428:2.425|3:0.392:2.424|4:1.223:2.419|5:1.228:1.589|6:0.405:1.588|7:-0.440:1.588|8:-1.261:1.589|9:-1.185:4.911|10:-0.390:4.902|11:0.375:4.903|12:1.182:4.901,1,43.419378855,place,10,8,-0.786029000,4.882139000,1,43.419321259,1,received,1,34.402984719,completed,1,34.402849948,1,received,1,-0.007438660,-0.426203804,-0.007326126,0.080586433,1,3.102251291,177.745905979,-0.007326126,-3.658119202,1,-2.894063950,-165.817649952,0.002442360,1.278633118,1,0.185206413,10.611545819,3.670330048,0.202686310,1,-0.038157463,-2.186261591,0.134311676,0.015872955,0.000000000,0.000000000,0.000000000,-0.000000000,13.000000000,2.200000048,3.054326296,175.000006008,0.000000000,-2.684087276,20.000000000,8.000000000,-2.967059612,-169.999993347,0.000000000,2.759989023,20.000000000,6.500000000,0.174532920,9.999999709,0.000000000,0.417548507,12.000000000,3.200000048,0.000000000,0.000000000,0.000000000,-0.000032980,0.500000000,0.100000001
2026-07-07 01:48:28.373,1783360108.373403788,183.637844437,1,1,183.610445415,1,0.001598042,5,1,0.008297168,5,1,0,0,0,0,1,1,1,1,1,1,0.024565470,-0.743837127,5.274121522,1.533339887,1,182.641988828,12,1,12,1:-1.251:2.428|2:-0.428:2.425|3:0.392:2.424|4:1.223:2.419|5:1.228:1.589|6:0.405:1.588|7:-0.440:1.588|8:-1.261:1.589|9:-1.185:4.911|10:-0.390:4.902|11:0.375:4.903|12:1.182:4.901,1,44.419026951,place,10,8,-0.786029000,4.882139000,1,44.418969355,1,received,1,35.402632815,completed,1,35.402498044,1,received,1,-0.007438660,-0.426203804,-0.036630630,0.061050415,1,3.102251291,177.745905979,-0.002442360,-3.658119202,1,-2.894063950,-165.817649952,-0.002442360,1.278633118,1,0.154306412,8.841106145,-1.047618866,1.941391945,1,-0.039308548,-2.252213898,-0.061050415,0.015872955,0.000000000,0.000000000,0.000000000,-0.000000000,13.000000000,2.200000048,3.054326296,175.000006008,0.000000000,-2.684087276,20.000000000,8.000000000,-2.967059612,-169.999993347,0.000000000,2.759989023,20.000000000,6.500000000,0.174532920,9.999999709,0.000000000,0.417548507,12.000000000,3.200000048,0.000000000,0.000000000,0.000000000,-0.000032980,0.500000000,0.100000001
2026-07-07 01:48:29.373,1783360109.373321533,184.637762057,1,1,184.610363035,1,0.001578883,5,1,0.008271018,5,1,0,0,0,0,1,1,1,1,1,1,0.025140833,-0.741213672,5.275085400,1.531432483,1,183.641906448,12,1,12,1:-1.251:2.428|2:-0.428:2.425|3:0.392:2.424|4:1.223:2.419|5:1.228:1.589|6:0.405:1.588|7:-0.440:1.588|8:-1.261:1.589|9:-1.185:4.911|10:-0.390:4.902|11:0.375:4.903|12:1.182:4.901,1,45.418944571,place,10,8,-0.786029000,4.882139000,1,45.418886975,1,received,1,36.402550435,completed,1,36.402415664,1,received,1,-0.007057190,-0.404347199,0.007326126,0.070817947,1,3.102251291,177.745905979,-0.007326126,-3.658119202,1,-2.894063950,-165.817649952,-0.002442360,1.278633118,1,0.184824944,10.589689214,3.304027557,-0.315018654,1,-0.038924217,-2.230193368,0.012210846,0.015872955,0.000000000,0.000000000,0.000000000,-0.000000000,13.000000000,2.200000048,3.054326296,175.000006008,0.000000000,-2.684087276,20.000000000,8.000000000,-2.967059612,-169.999993347,0.000000000,2.759989023,20.000000000,6.500000000,0.174532920,9.999999709,0.000000000,0.417548507,12.000000000,3.200000048,0.000000000,0.000000000,0.000000000,-0.000032980,0.500000000,0.100000001
2026-07-07 01:48:30.373,1783360110.372974396,185.637414986,1,1,185.610015964,1,0.001466825,5,1,0.008265218,5,1,0,0,0,0,1,1,1,1,1,1,0.025106904,-0.740535017,5.278871136,1.533167578,1,184.641559377,12,1,12,1:-1.251:2.428|2:-0.428:2.425|3:0.392:2.424|4:1.223:2.419|5:1.228:1.589|6:0.405:1.588|7:-0.440:1.588|8:-1.261:1.589|9:-1.185:4.911|10:-0.390:4.902|11:0.375:4.903|12:1.182:4.901,1,46.418597500,place,10,8,-0.786029000,4.882139000,1,46.418539904,1,received,1,37.402203364,completed,1,37.402068593,1,received,1,-0.007057190,-0.404347199,0.021978378,0.070817947,1,3.102251291,177.745905979,0.002442360,-3.671794891,1,-2.894063950,-165.817649952,-0.002442360,1.278633118,1,0.179102898,10.261840134,1.223443985,-1.399267197,1,-0.039308548,-2.252213898,-0.036628723,0.015872955,0.000000000,0.000000000,0.000000000,-0.000000000,13.000000000,2.200000048,3.054326296,175.000006008,0.000000000,-2.684087276,20.000000000,8.000000000,-2.967059612,-169.999993347,0.000000000,2.759989023,20.000000000,6.500000000,0.174532920,9.999999709,0.000000000,0.417548507,12.000000000,3.200000048,0.000000000,0.000000000,0.000000000,-0.000032980,0.500000000,0.100000001
2026-07-07 01:48:31.372,1783360111.372721434,186.637162091,1,1,186.609763069,1,0.001478374,5,1,0.008250121,5,1,0,0,0,0,1,1,1,1,1,1,0.025266763,-0.734052771,5.275823139,1.531885019,1,185.641306482,12,1,12,1:-1.251:2.428|2:-0.428:2.425|3:0.392:2.424|4:1.223:2.419|5:1.228:1.589|6:0.405:1.588|7:-0.440:1.588|8:-1.261:1.589|9:-1.185:4.911|10:-0.390:4.902|11:0.375:4.903|12:1.182:4.901,1,47.418344605,place,10,8,-0.786029000,4.882139000,1,47.418287009,1,received,1,38.401950469,completed,1,38.401815698,1,received,1,-0.007057190,-0.404347199,0.021978378,0.075701714,1,3.102251291,177.745905979,-0.002442360,-3.671794891,1,-2.894063950,-165.817649952,-0.002442360,1.278633118,1,0.178339958,10.218126923,0.534797668,-1.584859848,1,-0.038924217,-2.230193368,-0.085468292,0.015872955,0.000000000,0.000000000,0.000000000,-0.000000000,13.000000000,2.200000048,3.054326296,175.000006008,0.000000000,-2.684087276,20.000000000,8.000000000,-2.967059612,-169.999993347,0.000000000,2.759989023,20.000000000,6.500000000,0.174532920,9.999999709,0.000000000,0.417548507,12.000000000,3.200000048,0.000000000,0.000000000,0.000000000,-0.000032980,0.500000000,0.100000001
2026-07-07 01:48:32.372,1783360112.372525215,187.636965854,1,1,187.609566832,1,0.001868481,5,1,0.008274998,5,1,0,0,0,0,1,1,1,1,1,1,0.023981917,-0.742850971,5.275643165,1.531234486,1,186.641110245,12,1,12,1:-1.251:2.428|2:-0.428:2.425|3:0.392:2.424|4:1.223:2.419|5:1.228:1.589|6:0.405:1.588|7:-0.440:1.588|8:-1.261:1.589|9:-1.185:4.911|10:-0.390:4.902|11:0.375:4.903|12:1.182:4.901,1,48.418148368,place,10,8,-0.786029000,4.882139000,1,48.418090772,1,received,1,39.401754232,completed,1,39.401619461,1,received,1,-0.007057190,-0.404347199,0.051282883,0.070817947,1,3.102251291,177.745905979,-0.002442360,-3.658119202,1,-2.894063950,-165.817649952,-0.007326126,1.278633118,1,0.176432610,10.108843896,1.369962692,-1.394383430,1,-0.039308548,-2.252213898,-0.109889984,0.015872955,0.000000000,0.000000000,0.000000000,-0.000000000,13.000000000,2.200000048,3.054326296,175.000006008,0.000000000,-2.684087276,20.000000000,8.000000000,-2.967059612,-169.999993347,0.000000000,2.759989023,20.000000000,6.500000000,0.174532920,9.999999709,0.000000000,0.417548507,12.000000000,3.200000048,0.000000000,0.000000000,0.000000000,-0.000032980,0.500000000,0.100000001
2026-07-07 01:48:33.372,1783360113.372282505,188.636723104,1,1,188.609324082,1,0.001954486,5,1,0.008215544,5,1,0,0,0,0,1,1,1,1,1,1,0.025040632,-0.748961911,5.282471254,1.533613654,1,187.640867495,12,1,12,1:-1.251:2.428|2:-0.428:2.425|3:0.392:2.424|4:1.223:2.419|5:1.228:1.589|6:0.405:1.588|7:-0.440:1.588|8:-1.261:1.589|9:-1.185:4.911|10:-0.390:4.902|11:0.375:4.903|12:1.182:4.901,1,49.417905618,place,10,8,-0.786029000,4.882139000,1,49.417848022,1,received,1,40.401511482,completed,1,40.401376711,1,received,1,-0.007057190,-0.404347199,0.021978378,0.075701714,1,3.102251291,177.745905979,-0.002442360,-3.658119202,1,-2.894063950,-165.817649952,-0.007326126,1.278633118,1,0.155832291,8.928532566,-2.336996078,1.360195160,1,-0.040075302,-2.296145674,-0.085468292,0.018314838,0.000000000,0.000000000,0.000000000,-0.000000000,13.000000000,2.200000048,3.054326296,175.000006008,0.000000000,-2.684087276,20.000000000,8.000000000,-2.967059612,-169.999993347,0.000000000,2.759989023,20.000000000,6.500000000,0.174532920,9.999999709,0.000000000,0.417548507,12.000000000,3.200000048,0.000000000,0.000000000,0.000000000,-0.000032980,0.500000000,0.100000001
2026-07-07 01:48:34.372,1783360114.372039080,189.636479892,1,1,189.609080870,1,0.002050443,5,1,0.008183280,5,1,0,0,0,0,1,1,1,1,1,1,0.025071680,-0.742656947,5.276219437,1.530675688,1,188.640624283,12,1,12,1:-1.251:2.428|2:-0.428:2.425|3:0.392:2.424|4:1.223:2.419|5:1.228:1.589|6:0.405:1.588|7:-0.440:1.588|8:-1.261:1.589|9:-1.185:4.911|10:-0.390:4.902|11:0.375:4.903|12:1.182:4.901,1,50.417662406,place,10,8,-0.786029000,4.882139000,1,50.417604810,1,received,1,41.401268270,completed,1,41.401133499,1,received,1,-0.007438660,-0.426203804,-0.036630630,0.065934181,1,3.102251291,177.745905979,-0.002442360,-3.671794891,1,-2.894063950,-165.817649952,0.002442360,1.278633118,1,0.149347305,8.556970275,-1.721611023,1.711843491,1,-0.040075302,-2.296145674,-0.109889984,0.015872955,0.000000000,0.000000000,0.000000000,-0.000000000,13.000000000,2.200000048,3.054326296,175.000006008,0.000000000,-2.684087276,20.000000000,8.000000000,-2.967059612,-169.999993347,0.000000000,2.759989023,20.000000000,6.500000000,0.174532920,9.999999709,0.000000000,0.417548507,12.000000000,3.200000048,0.000000000,0.000000000,0.000000000,-0.000032980,0.500000000,0.100000001
2026-07-07 01:48:35.371,1783360115.371774197,190.636214787,1,1,190.608815765,1,0.001906872,5,1,0.008269734,5,1,0,0,0,0,1,1,1,1,1,1,0.025199729,-0.740033545,5.285233403,1.531006062,1,189.640359178,12,1,12,1:-1.251:2.428|2:-0.428:2.425|3:0.392:2.424|4:1.223:2.419|5:1.228:1.589|6:0.405:1.588|7:-0.440:1.588|8:-1.261:1.589|9:-1.185:4.911|10:-0.390:4.902|11:0.375:4.903|12:1.182:4.901,1,51.417397301,place,10,8,-0.786029000,4.882139000,1,51.417339705,1,received,1,42.401003165,completed,1,42.400868394,1,received,0,-0.007438660,-0.426203804,-0.021978378,0.041514397,0,3.102251291,177.745905979,0.007326126,-2.700855255,0,-2.894063950,-165.817649952,-0.002442360,1.223932266,0,0.209239006,11.988511956,3.406593323,0.148962021,0,-0.033171654,-1.900595759,-0.134311676,0.006104946,0.000000000,0.000000000,0.000000000,-0.000000000,13.000000000,2.200000048,3.054326296,175.000006008,0.000000000,-2.684087276,20.000000000,8.000000000,-2.967059612,-169.999993347,0.000000000,2.759989023,20.000000000,6.500000000,0.174532920,9.999999709,0.000000000,0.417548507,12.000000000,3.200000048,0.000000000,0.000000000,0.000000000,-0.000032980,0.500000000,0.100000001
2026-07-07 01:48:36.371,1783360116.371516705,191.635957172,1,1,191.608558150,1,0.002178252,5,1,0.008215769,5,1,0,0,0,0,1,1,1,1,1,1,0.025043246,-0.746013031,5.281513962,1.533457639,1,190.640101563,12,1,12,1:-1.251:2.428|2:-0.428:2.425|3:0.392:2.424|4:1.223:2.419|5:1.228:1.589|6:0.405:1.588|7:-0.440:1.588|8:-1.261:1.589|9:-1.185:4.911|10:-0.390:4.902|11:0.375:4.903|12:1.182:4.901,1,52.417139686,place,10,8,-0.786029000,4.882139000,1,52.417082090,1,received,1,43.400745550,completed,1,43.400610779,1,received,0,-0.007438660,-0.426203804,-0.021978378,0.041514397,0,3.102251291,177.745905979,0.007326126,-2.700855255,0,-2.894063950,-165.817649952,-0.002442360,1.223932266,0,0.209239006,11.988511956,3.406593323,0.148962021,0,-0.033171654,-1.900595759,-0.134311676,0.006104946,0.000000000,0.000000000,0.000000000,-0.000000000,13.000000000,2.200000048,3.054326296,175.000006008,0.000000000,-2.684087276,20.000000000,8.000000000,-2.967059612,-169.999993347,0.000000000,2.759989023,20.000000000,6.500000000,0.174532920,9.999999709,0.000000000,0.417548507,12.000000000,3.200000048,0.000000000,0.000000000,0.000000000,-0.000032980,0.500000000,0.100000001
2026-07-07 01:48:37.371,1783360117.371314764,192.635755369,1,1,192.608356347,1,0.001753935,5,1,0.008262051,5,1,0,0,0,0,1,1,1,1,1,1,0.024910568,-0.741152211,5.280289456,1.530295048,1,191.639899760,12,1,12,1:-1.251:2.428|2:-0.428:2.425|3:0.392:2.424|4:1.223:2.419|5:1.228:1.589|6:0.405:1.588|7:-0.440:1.588|8:-1.261:1.589|9:-1.185:4.911|10:-0.390:4.902|11:0.375:4.903|12:1.182:4.901,1,53.416937883,place,10,8,-0.786029000,4.882139000,1,53.416880287,1,received,1,44.400543747,completed,1,44.400408976,1,received,0,-0.007438660,-0.426203804,-0.021978378,0.041514397,0,3.102251291,177.745905979,0.007326126,-2.700855255,0,-2.894063950,-165.817649952,-0.002442360,1.223932266,0,0.209239006,11.988511956,3.406593323,0.148962021,0,-0.033171654,-1.900595759,-0.134311676,0.006104946,0.000000000,0.000000000,0.000000000,-0.000000000,13.000000000,2.200000048,3.054326296,175.000006008,0.000000000,-2.684087276,20.000000000,8.000000000,-2.967059612,-169.999993347,0.000000000,2.759989023,20.000000000,6.500000000,0.174532920,9.999999709,0.000000000,0.417548507,12.000000000,3.200000048,0.000000000,0.000000000,0.000000000,-0.000032980,0.500000000,0.100000001
2026-07-07 01:48:38.371,1783360118.371046305,193.635487003,1,1,193.608087981,1,0.002018592,5,1,0.008233930,5,1,0,0,0,0,1,1,1,1,1,1,0.024973209,-0.739952454,5.278519019,1.532737025,1,192.639631394,12,1,12,1:-1.251:2.428|2:-0.428:2.425|3:0.392:2.424|4:1.223:2.419|5:1.228:1.589|6:0.405:1.588|7:-0.440:1.588|8:-1.261:1.589|9:-1.185:4.911|10:-0.390:4.902|11:0.375:4.903|12:1.182:4.901,1,54.416669517,place,10,8,-0.786029000,4.882139000,1,54.416611921,1,received,1,45.400275381,completed,1,45.400140610,1,received,1,-0.015449524,-0.885192516,-0.021978378,-0.012209892,1,3.284978151,188.215383863,-0.002442360,0.020513535,1,-2.920386314,-167.325810362,-0.002442360,-0.034187317,0,0.169947624,9.737281605,-0.021978378,-0.012209892,0,-0.033171654,-1.900595759,-0.134311676,0.006104946,0.000000000,0.000000000,0.000000000,-0.000000000,13.000000000,2.200000048,3.054326296,175.000006008,0.000000000,-2.684087276,20.000000000,8.000000000,-2.967059612,-169.999993347,0.000000000,2.759989023,20.000000000,6.500000000,0.174532920,9.999999709,0.000000000,0.417548507,12.000000000,3.200000048,0.000000000,0.000000000,0.000000000,-0.000032980,0.500000000,0.100000001
2026-07-07 01:48:39.370,1783360119.370766163,194.635206560,1,1,194.607807538,1,0.002120181,5,1,0.008124565,5,1,0,0,0,0,1,1,1,1,1,1,0.025228979,-0.749134021,5.282346766,1.531930409,1,193.639350951,12,1,12,1:-1.251:2.428|2:-0.428:2.425|3:0.392:2.424|4:1.223:2.419|5:1.228:1.589|6:0.405:1.588|7:-0.440:1.588|8:-1.261:1.589|9:-1.185:4.911|10:-0.390:4.902|11:0.375:4.903|12:1.182:4.901,1,55.416389074,place,10,8,-0.786029000,4.882139000,1,55.416331478,1,received,1,46.399994938,completed,1,46.399860167,1,received,1,-0.015449524,-0.885192516,-0.007326126,-0.012209892,1,3.284978151,188.215383863,-0.002442360,0.034187317,1,-2.920386314,-167.325810362,-0.002442360,-0.034187317,0,0.169947624,9.737281605,-0.021978378,-0.012209892,0,-0.033171654,-1.900595759,-0.134311676,0.006104946,0.000000000,0.000000000,0.000000000,-0.000000000,13.000000000,2.200000048,3.054326296,175.000006008,0.000000000,-2.684087276,20.000000000,8.000000000,-2.967059612,-169.999993347,0.000000000,2.759989023,20.000000000,6.500000000,0.174532920,9.999999709,0.000000000,0.417548507,12.000000000,3.200000048,0.000000000,0.000000000,0.000000000,-0.000032980,0.500000000,0.100000001
2026-07-07 01:48:40.370,1783360120.370510578,195.634951129,1,1,195.607552107,1,0.001956659,5,1,0.008207767,5,1,0,0,0,0,1,1,1,1,1,1,0.024530202,-0.738072151,5.284560551,1.531813663,1,194.639095520,12,1,12,1:-1.251:2.428|2:-0.428:2.425|3:0.392:2.424|4:1.223:2.419|5:1.228:1.589|6:0.405:1.588|7:-0.440:1.588|8:-1.261:1.589|9:-1.185:4.911|10:-0.390:4.902|11:0.375:4.903|12:1.182:4.901,1,56.416133643,place,10,8,-0.786029000,4.882139000,1,56.416076047,1,received,1,47.399739507,completed,1,47.399604736,1,received,1,-0.015449524,-0.885192516,-0.007326126,-0.012209892,1,3.284978151,188.215383863,-0.002442360,0.034187317,1,-2.920386314,-167.325810362,-0.002442360,-0.034187317,0,0.169947624,9.737281605,-0.021978378,-0.012209892,0,-0.033171654,-1.900595759,-0.134311676,0.006104946,0.000000000,0.000000000,0.000000000,-0.000000000,13.000000000,2.200000048,3.054326296,175.000006008,0.000000000,-2.684087276,20.000000000,8.000000000,-2.967059612,-169.999993347,0.000000000,2.759989023,20.000000000,6.500000000,0.174532920,9.999999709,0.000000000,0.417548507,12.000000000,3.200000048,0.000000000,0.000000000,0.000000000,-0.000032980,0.500000000,0.100000001
2026-07-07 01:48:41.370,1783360121.370266438,196.634707028,1,1,196.607308006,1,0.001738784,5,1,0.008296334,5,1,0,0,0,0,1,1,1,1,1,1,0.025165517,-0.739475816,5.283000166,1.531573695,1,195.638851419,12,1,12,1:-1.251:2.428|2:-0.428:2.425|3:0.392:2.424|4:1.223:2.419|5:1.228:1.589|6:0.405:1.588|7:-0.440:1.588|8:-1.261:1.589|9:-1.185:4.911|10:-0.390:4.902|11:0.375:4.903|12:1.182:4.901,1,57.415889542,place,10,8,-0.786029000,4.882139000,1,57.415831946,1,received,1,48.399495406,completed,1,48.399360635,1,received,1,-0.015449524,-0.885192516,0.021978378,-0.012209892,1,3.284978151,188.215383863,-0.007326126,0.034187317,1,-2.920386314,-167.325810362,-0.002442360,-0.034187317,0,0.169947624,9.737281605,-0.021978378,-0.012209892,0,-0.033171654,-1.900595759,-0.134311676,0.006104946,0.000000000,0.000000000,0.000000000,-0.000000000,13.000000000,2.200000048,3.054326296,175.000006008,0.000000000,-2.684087276,20.000000000,8.000000000,-2.967059612,-169.999993347,0.000000000,2.759989023,20.000000000,6.500000000,0.174532920,9.999999709,0.000000000,0.417548507,12.000000000,3.200000048,0.000000000,0.000000000,0.000000000,-0.000032980,0.500000000,0.100000001
2026-07-07 01:48:42.370,1783360122.370000839,197.634441380,1,1,197.607042358,1,0.001781965,5,1,0.008274105,5,1,0,0,0,0,1,1,1,1,1,1,0.024106992,-0.745562042,5.276867361,1.531228258,1,196.638585771,12,1,12,1:-1.251:2.428|2:-0.428:2.425|3:0.392:2.424|4:1.223:2.419|5:1.228:1.589|6:0.405:1.588|7:-0.440:1.588|8:-1.261:1.589|9:-1.185:4.911|10:-0.390:4.902|11:0.375:4.903|12:1.182:4.901,1,58.415623894,place,10,8,-0.786029000,4.882139000,1,58.415566298,1,received,1,49.399229758,completed,1,49.399094987,1,received,1,-0.015449524,-0.885192516,-0.021978378,-0.007326126,1,3.284978151,188.215383863,-0.002442360,0.047863007,1,-2.920386314,-167.325810362,-0.002442360,-0.034187317,0,0.169947624,9.737281605,-0.021978378,-0.012209892,0,-0.033171654,-1.900595759,-0.134311676,0.006104946,0.000000000,0.000000000,0.000000000,-0.000000000,13.000000000,2.200000048,3.054326296,175.000006008,0.000000000,-2.684087276,20.000000000,8.000000000,-2.967059612,-169.999993347,0.000000000,2.759989023,20.000000000,6.500000000,0.174532920,9.999999709,0.000000000,0.417548507,12.000000000,3.200000048,0.000000000,0.000000000,0.000000000,-0.000032980,0.500000000,0.100000001
2026-07-07 01:48:43.369,1783360123.369742632,198.634183157,1,1,198.606784135,1,0.001875024,5,1,0.008260360,5,1,0,0,0,0,1,1,1,1,1,1,0.025258617,-0.743939111,5.285961022,1.531188804,1,197.638327548,12,1,12,1:-1.251:2.428|2:-0.428:2.425|3:0.392:2.424|4:1.223:2.419|5:1.228:1.589|6:0.405:1.588|7:-0.440:1.588|8:-1.261:1.589|9:-1.185:4.911|10:-0.390:4.902|11:0.375:4.903|12:1.182:4.901,1,59.415365671,place,10,8,-0.786029000,4.882139000,1,59.415308075,1,received,1,50.398971535,completed,1,50.398836764,1,received,1,-0.015449524,-0.885192516,-0.007326126,-0.012209892,1,3.284978151,188.215383863,-0.002442360,0.034187317,1,-2.920386314,-167.325810362,-0.007326126,-0.034187317,0,0.169947624,9.737281605,-0.021978378,-0.012209892,0,-0.033171654,-1.900595759,-0.134311676,0.006104946,0.000000000,0.000000000,0.000000000,-0.000000000,13.000000000,2.200000048,3.054326296,175.000006008,0.000000000,-2.684087276,20.000000000,8.000000000,-2.967059612,-169.999993347,0.000000000,2.759989023,20.000000000,6.500000000,0.174532920,9.999999709,0.000000000,0.417548507,12.000000000,3.200000048,0.000000000,0.000000000,0.000000000,-0.000032980,0.500000000,0.100000001
2026-07-07 01:48:44.369,1783360124.369456530,199.633897117,1,1,199.606498095,1,0.002005486,5,1,0.008109587,5,1,0,0,0,0,1,1,1,1,1,1,0.024990906,-0.750559470,5.271586438,1.532789221,1,198.638041508,12,1,12,1:-1.251:2.428|2:-0.428:2.425|3:0.392:2.424|4:1.223:2.419|5:1.228:1.589|6:0.405:1.588|7:-0.440:1.588|8:-1.261:1.589|9:-1.185:4.911|10:-0.390:4.902|11:0.375:4.903|12:1.182:4.901,1,60.415079631,place,10,8,-0.786029000,4.882139000,1,60.415022035,1,received,1,51.398685495,completed,1,51.398550724,1,received,1,-0.015449524,-0.885192516,-0.007326126,-0.012209892,1,3.284978151,188.215383863,0.002442360,0.034187317,1,-2.920386314,-167.325810362,-0.007326126,-0.034187317,0,0.169947624,9.737281605,-0.007326126,-0.007326126,0,-0.033171654,-1.900595759,-0.134311676,0.006104946,0.000000000,0.000000000,0.000000000,-0.000000000,13.000000000,2.200000048,3.054326296,175.000006008,0.000000000,-2.684087276,20.000000000,8.000000000,-2.967059612,-169.999993347,0.000000000,2.759989023,20.000000000,6.500000000,0.174532920,9.999999709,0.000000000,0.417548507,12.000000000,3.200000048,0.000000000,0.000000000,0.000000000,-0.000032980,0.500000000,0.100000001
2026-07-07 01:48:45.369,1783360125.369246483,200.633687084,1,1,200.606288062,1,0.002005812,5,1,0.008304988,5,1,0,0,0,0,1,1,1,1,1,1,0.024915285,-0.743816660,5.284292783,1.529827082,1,199.637831475,12,1,12,1:-1.251:2.428|2:-0.428:2.425|3:0.392:2.424|4:1.223:2.419|5:1.228:1.589|6:0.405:1.588|7:-0.440:1.588|8:-1.261:1.589|9:-1.185:4.911|10:-0.390:4.902|11:0.375:4.903|12:1.182:4.901,1,61.414869598,place,10,8,-0.786029000,4.882139000,1,61.414812002,1,received,1,52.398475462,completed,1,52.398340691,1,received,1,-0.015449524,-0.885192516,-0.007326126,-0.012209892,1,3.284978151,188.215383863,0.002442360,0.034187317,1,-2.920386314,-167.325810362,-0.002442360,-0.047863007,0,0.169947624,9.737281605,-0.007326126,-0.007326126,0,-0.033171654,-1.900595759,-0.134311676,0.006104946,0.000000000,0.000000000,0.000000000,-0.000000000,13.000000000,2.200000048,3.054326296,175.000006008,0.000000000,-2.684087276,20.000000000,8.000000000,-2.967059612,-169.999993347,0.000000000,2.759989023,20.000000000,6.500000000,0.174532920,9.999999709,0.000000000,0.417548507,12.000000000,3.200000048,0.000000000,0.000000000,0.000000000,-0.000032980,0.500000000,0.100000001
2026-07-07 01:48:46.369,1783360126.368945360,201.633385894,1,1,201.605986872,1,0.001764029,5,1,0.008277386,5,1,0,0,0,0,1,1,1,1,1,1,0.025055491,-0.737595306,5.287570191,1.529855719,1,200.637530285,12,1,12,1:-1.251:2.428|2:-0.428:2.425|3:0.392:2.424|4:1.223:2.419|5:1.228:1.589|6:0.405:1.588|7:-0.440:1.588|8:-1.261:1.589|9:-1.185:4.911|10:-0.390:4.902|11:0.375:4.903|12:1.182:4.901,1,62.414568408,place,10,8,-0.786029000,4.882139000,1,62.414510812,1,received,1,53.398174272,completed,1,53.398039501,1,received,1,-0.015449524,-0.885192516,0.007326126,-0.012209892,1,3.284978151,188.215383863,-0.007326126,0.034187317,1,-2.920386314,-167.325810362,-0.002442360,-0.034187317,0,0.169947624,9.737281605,-0.007326126,-0.007326126,0,-0.033171654,-1.900595759,-0.134311676,0.006104946,0.000000000,0.000000000,0.000000000,-0.000000000,13.000000000,2.200000048,3.054326296,175.000006008,0.000000000,-2.684087276,20.000000000,8.000000000,-2.967059612,-169.999993347,0.000000000,2.759989023,20.000000000,6.500000000,0.174532920,9.999999709,0.000000000,0.417548507,12.000000000,3.200000048,0.000000000,0.000000000,0.000000000,-0.000032980,0.500000000,0.100000001
2026-07-07 01:48:47.368,1783360127.368652344,202.633092955,1,1,202.605693933,1,0.001961783,5,1,0.008115206,5,1,0,0,0,0,1,1,1,1,1,1,0.025061632,-0.744074469,5.277882396,1.532470721,1,201.637237346,12,1,12,1:-1.251:2.428|2:-0.428:2.425|3:0.392:2.424|4:1.223:2.419|5:1.228:1.589|6:0.405:1.588|7:-0.440:1.588|8:-1.261:1.589|9:-1.185:4.911|10:-0.390:4.902|11:0.375:4.903|12:1.182:4.901,1,63.414275469,place,10,8,-0.786029000,4.882139000,1,63.414217873,1,received,1,54.397881333,completed,1,54.397746562,1,received,1,-0.015449524,-0.885192516,-0.007326126,-0.012209892,1,3.284978151,188.215383863,-0.007326126,0.034187317,1,-2.920386314,-167.325810362,-0.007326126,-0.034187317,0,0.169947624,9.737281605,-0.007326126,-0.007326126,0,-0.033171654,-1.900595759,-0.134311676,0.006104946,0.000000000,0.000000000,0.000000000,-0.000000000,13.000000000,2.200000048,3.054326296,175.000006008,0.000000000,-2.684087276,20.000000000,8.000000000,-2.967059612,-169.999993347,0.000000000,2.759989023,20.000000000,6.500000000,0.174532920,9.999999709,0.000000000,0.417548507,12.000000000,3.200000048,0.000000000,0.000000000,0.000000000,-0.000032980,0.500000000,0.100000001
2026-07-07 01:48:48.368,1783360128.368424654,203.632865199,1,1,203.605466177,1,0.001715134,5,1,0.008291899,5,1,0,0,0,0,1,1,1,1,1,1,0.025182512,-0.749075444,5.288343247,1.530728161,1,202.637009590,12,1,12,1:-1.251:2.428|2:-0.428:2.425|3:0.392:2.424|4:1.223:2.419|5:1.228:1.589|6:0.405:1.588|7:-0.440:1.588|8:-1.261:1.589|9:-1.185:4.911|10:-0.390:4.902|11:0.375:4.903|12:1.182:4.901,1,64.414047713,place,10,8,-0.786029000,4.882139000,1,64.413990117,1,received,1,55.397653577,completed,1,55.397518806,1,received,1,-0.015449524,-0.885192516,-0.007326126,-0.012209892,1,3.284978151,188.215383863,-0.002442360,0.034187317,1,-2.920386314,-167.325810362,-0.002442360,-0.034187317,0,0.169947624,9.737281605,-0.007326126,-0.007326126,0,-0.033171654,-1.900595759,-0.134311676,0.006104946,0.000000000,0.000000000,0.000000000,-0.000000000,13.000000000,2.200000048,3.054326296,175.000006008,0.000000000,-2.684087276,20.000000000,8.000000000,-2.967059612,-169.999993347,0.000000000,2.759989023,20.000000000,6.500000000,0.174532920,9.999999709,0.000000000,0.417548507,12.000000000,3.200000048,0.000000000,0.000000000,0.000000000,-0.000032980,0.500000000,0.100000001
2026-07-07 01:48:49.368,1783360129.368129253,204.632569858,1,1,204.605170836,1,0.001556444,5,1,0.008059277,5,1,0,0,0,0,1,1,1,1,1,1,0.024974988,-0.743166338,5.275822999,1.529967265,1,203.636714249,12,1,12,1:-1.251:2.428|2:-0.428:2.425|3:0.392:2.424|4:1.223:2.419|5:1.228:1.589|6:0.405:1.588|7:-0.440:1.588|8:-1.261:1.589|9:-1.185:4.911|10:-0.390:4.902|11:0.375:4.903|12:1.182:4.901,1,65.413752372,place,10,8,-0.786029000,4.882139000,1,65.413694776,1,received,1,56.397358236,completed,1,56.397223465,1,received,1,-0.015449524,-0.885192516,-0.007326126,-0.012209892,1,3.284978151,188.215383863,0.002442360,0.034187317,1,-2.920386314,-167.325810362,-0.007326126,-0.034187317,0,0.169947624,9.737281605,-0.007326126,-0.007326126,0,-0.033171654,-1.900595759,-0.134311676,0.006104946,0.000000000,0.000000000,0.000000000,-0.000000000,13.000000000,2.200000048,3.054326296,175.000006008,0.000000000,-2.684087276,20.000000000,8.000000000,-2.967059612,-169.999993347,0.000000000,2.759989023,20.000000000,6.500000000,0.174532920,9.999999709,0.000000000,0.417548507,12.000000000,3.200000048,0.000000000,0.000000000,0.000000000,-0.000032980,0.500000000,0.100000001
2026-07-07 01:48:50.368,1783360130.367876291,205.632316906,1,1,205.604917884,1,0.001459943,5,1,0.008254942,5,1,0,0,0,0,1,1,1,1,1,1,0.025136868,-0.745840352,5.274184925,1.532286316,1,204.636461297,12,1,12,1:-1.251:2.428|2:-0.428:2.425|3:0.392:2.424|4:1.223:2.419|5:1.228:1.589|6:0.405:1.588|7:-0.440:1.588|8:-1.261:1.589|9:-1.185:4.911|10:-0.390:4.902|11:0.375:4.903|12:1.182:4.901,1,66.413499420,place,10,8,-0.786029000,4.882139000,1,66.413441824,1,received,1,57.397105284,completed,1,57.396970513,1,received,1,-0.015449524,-0.885192516,-0.007326126,-0.007326126,1,3.284978151,188.215383863,-0.002442360,0.034187317,1,-2.920386314,-167.325810362,-0.002442360,-0.034187317,0,0.169947624,9.737281605,-0.007326126,-0.007326126,0,-0.033171654,-1.900595759,-0.134311676,0.006104946,0.000000000,0.000000000,0.000000000,-0.000000000,13.000000000,2.200000048,3.054326296,175.000006008,0.000000000,-2.684087276,20.000000000,8.000000000,-2.967059612,-169.999993347,0.000000000,2.759989023,20.000000000,6.500000000,0.174532920,9.999999709,0.000000000,0.417548507,12.000000000,3.200000048,0.000000000,0.000000000,0.000000000,-0.000032980,0.500000000,0.100000001
2026-07-07 01:48:51.367,1783360131.367577076,206.632017584,1,1,206.604618562,1,0.001627362,5,1,0.008272689,5,1,0,0,0,0,1,1,1,1,1,1,0.024965218,-0.745699268,5.281506686,1.530215911,1,205.636161975,12,1,12,1:-1.251:2.428|2:-0.428:2.425|3:0.392:2.424|4:1.223:2.419|5:1.228:1.589|6:0.405:1.588|7:-0.440:1.588|8:-1.261:1.589|9:-1.185:4.911|10:-0.390:4.902|11:0.375:4.903|12:1.182:4.901,1,67.413200098,place,10,8,-0.786029000,4.882139000,1,67.413142502,1,received,1,58.396805962,completed,1,58.396671191,1,received,1,-0.015449524,-0.885192516,-0.007326126,-0.012209892,1,3.284978151,188.215383863,-0.007326126,0.034187317,1,-2.920386314,-167.325810362,-0.002442360,-0.034187317,0,0.169947624,9.737281605,-0.007326126,-0.007326126,0,-0.033171654,-1.900595759,-0.134311676,0.006104946,0.000000000,0.000000000,0.000000000,-0.000000000,13.000000000,2.200000048,3.054326296,175.000006008,0.000000000,-2.684087276,20.000000000,8.000000000,-2.967059612,-169.999993347,0.000000000,2.759989023,20.000000000,6.500000000,0.174532920,9.999999709,0.000000000,0.417548507,12.000000000,3.200000048,0.000000000,0.000000000,0.000000000,-0.000032980,0.500000000,0.100000001
2026-07-07 01:48:52.367,1783360132.367340088,207.631780583,1,1,207.604381561,1,0.001952755,5,1,0.008289380,5,1,0,0,0,0,1,1,1,1,1,1,0.025176814,-0.748460027,5.280330175,1.530074700,1,206.635924974,12,1,12,1:-1.251:2.428|2:-0.428:2.425|3:0.392:2.424|4:1.223:2.419|5:1.228:1.589|6:0.405:1.588|7:-0.440:1.588|8:-1.261:1.589|9:-1.185:4.911|10:-0.390:4.902|11:0.375:4.903|12:1.182:4.901,1,68.412963097,place,10,8,-0.786029000,4.882139000,1,68.412905501,1,received,1,59.396568961,completed,1,59.396434190,1,received,1,-0.015449524,-0.885192516,-0.007326126,-0.012209892,1,3.284978151,188.215383863,-0.002442360,0.034187317,1,-2.920386314,-167.325810362,-0.002442360,-0.034187317,0,0.169947624,9.737281605,-0.007326126,-0.012209892,0,-0.033171654,-1.900595759,-0.134311676,0.006104946,0.000000000,0.000000000,0.000000000,-0.000000000,13.000000000,2.200000048,3.054326296,175.000006008,0.000000000,-2.684087276,20.000000000,8.000000000,-2.967059612,-169.999993347,0.000000000,2.759989023,20.000000000,6.500000000,0.174532920,9.999999709,0.000000000,0.417548507,12.000000000,3.200000048,0.000000000,0.000000000,0.000000000,-0.000032980,0.500000000,0.100000001
2026-07-07 01:48:53.367,1783360133.367021084,208.631461607,1,1,208.604062585,1,0.001782031,5,1,0.008291822,5,1,0,0,0,0,1,1,1,1,1,1,0.024006315,-0.742207837,5.277407807,1.530416198,1,207.635605998,12,1,12,1:-1.251:2.428|2:-0.428:2.425|3:0.392:2.424|4:1.223:2.419|5:1.228:1.589|6:0.405:1.588|7:-0.440:1.588|8:-1.261:1.589|9:-1.185:4.911|10:-0.390:4.902|11:0.375:4.903|12:1.182:4.901,1,69.412644121,place,10,8,-0.786029000,4.882139000,1,69.412586525,1,received,1,60.396249985,completed,1,60.396115214,1,received,1,-0.015449524,-0.885192516,-0.007326126,-0.012209892,1,3.284978151,188.215383863,-0.002442360,0.034187317,1,-2.920386314,-167.325810362,0.002442360,-0.034187317,0,0.169947624,9.737281605,-0.007326126,-0.012209892,0,-0.033171654,-1.900595759,-0.134311676,0.006104946,0.000000000,0.000000000,0.000000000,-0.000000000,13.000000000,2.200000048,3.054326296,175.000006008,0.000000000,-2.684087276,20.000000000,8.000000000,-2.967059612,-169.999993347,0.000000000,2.759989023,20.000000000,6.500000000,0.174532920,9.999999709,0.000000000,0.417548507,12.000000000,3.200000048,0.000000000,0.000000000,0.000000000,-0.000032980,0.500000000,0.100000001
2026-07-07 01:48:54.366,1783360134.366704702,209.631145360,1,1,209.603746338,1,0.001741241,5,1,0.008135977,5,1,0,0,0,0,1,1,1,1,1,1,0.024794328,-0.748552579,5.280979958,1.531578767,1,208.635289751,12,1,12,1:-1.251:2.428|2:-0.428:2.425|3:0.392:2.424|4:1.223:2.419|5:1.228:1.589|6:0.405:1.588|7:-0.440:1.588|8:-1.261:1.589|9:-1.185:4.911|10:-0.390:4.902|11:0.375:4.903|12:1.182:4.901,1,70.412327874,place,10,8,-0.786029000,4.882139000,1,70.412270278,1,received,1,61.395933738,completed,1,61.395798967,1,received,1,-0.015449524,-0.885192516,-0.007326126,-0.012209892,1,3.284978151,188.215383863,0.002442360,0.034187317,1,-2.920386314,-167.325810362,-0.002442360,-0.047863007,0,0.169947624,9.737281605,-0.007326126,-0.012209892,0,-0.033171654,-1.900595759,-0.134311676,0.006104946,0.000000000,0.000000000,0.000000000,-0.000000000,13.000000000,2.200000048,3.054326296,175.000006008,0.000000000,-2.684087276,20.000000000,8.000000000,-2.967059612,-169.999993347,0.000000000,2.759989023,20.000000000,6.500000000,0.174532920,9.999999709,0.000000000,0.417548507,12.000000000,3.200000048,0.000000000,0.000000000,0.000000000,-0.000032980,0.500000000,0.100000001
2026-07-07 01:48:55.366,1783360135.366482735,210.630923389,1,1,210.603524367,1,0.002021252,5,1,0.008216838,5,1,0,0,0,0,1,1,1,1,1,1,0.023620195,-0.746952852,5.280370879,1.531826680,1,209.635067780,12,1,12,1:-1.251:2.428|2:-0.428:2.425|3:0.392:2.424|4:1.223:2.419|5:1.228:1.589|6:0.405:1.588|7:-0.440:1.588|8:-1.261:1.589|9:-1.185:4.911|10:-0.390:4.902|11:0.375:4.903|12:1.182:4.901,1,71.412105903,place,10,8,-0.786029000,4.882139000,1,71.412048307,1,received,1,62.395711767,completed,1,62.395576996,1,received,1,-0.015449524,-0.885192516,0.007326126,-0.012209892,1,3.284978151,188.215383863,0.002442360,0.034187317,1,-2.920386314,-167.325810362,0.002442360,-0.034187317,0,0.169566154,9.715425000,-0.007326126,-0.007326126,0,-0.033171654,-1.900595759,-0.134311676,0.006104946,0.000000000,0.000000000,0.000000000,-0.000000000,13.000000000,2.200000048,3.054326296,175.000006008,0.000000000,-2.684087276,20.000000000,8.000000000,-2.967059612,-169.999993347,0.000000000,2.759989023,20.000000000,6.500000000,0.174532920,9.999999709,0.000000000,0.417548507,12.000000000,3.200000048,0.000000000,0.000000000,0.000000000,-0.000032980,0.500000000,0.100000001
2026-07-07 01:48:56.366,1783360136.366174459,211.630615094,1,1,211.603216072,1,0.001956576,5,1,0.008171194,5,1,0,0,0,0,1,1,1,1,1,1,0.025055563,-0.750717173,5.272115502,1.529769344,1,210.634759485,12,1,12,1:-1.251:2.428|2:-0.428:2.425|3:0.392:2.424|4:1.223:2.419|5:1.228:1.589|6:0.405:1.588|7:-0.440:1.588|8:-1.261:1.589|9:-1.185:4.911|10:-0.390:4.902|11:0.375:4.903|12:1.182:4.901,1,72.411797608,place,10,8,-0.786029000,4.882139000,1,72.411740012,1,received,1,63.395403472,completed,1,63.395268701,1,received,1,-0.015449524,-0.885192516,-0.007326126,-0.012209892,1,3.284978151,188.215383863,-0.002442360,0.034187317,1,-2.920386314,-167.325810362,0.002442360,-0.047863007,0,0.169566154,9.715425000,-0.007326126,-0.007326126,0,-0.033171654,-1.900595759,-0.134311676,0.006104946,0.000000000,0.000000000,0.000000000,-0.000000000,13.000000000,2.200000048,3.054326296,175.000006008,0.000000000,-2.684087276,20.000000000,8.000000000,-2.967059612,-169.999993347,0.000000000,2.759989023,20.000000000,6.500000000,0.174532920,9.999999709,0.000000000,0.417548507,12.000000000,3.200000048,0.000000000,0.000000000,0.000000000,-0.000032980,0.500000000,0.100000001
2026-07-07 01:48:57.365,1783360137.365879297,212.630319843,1,1,212.602920821,1,0.001928931,5,1,0.008137516,5,1,0,0,0,0,1,1,1,1,1,1,0.025003822,-0.748378531,5.282123428,1.531052432,1,211.634464234,12,1,12,1:-1.251:2.428|2:-0.428:2.425|3:0.392:2.424|4:1.223:2.419|5:1.228:1.589|6:0.405:1.588|7:-0.440:1.588|8:-1.261:1.589|9:-1.185:4.911|10:-0.390:4.902|11:0.375:4.903|12:1.182:4.901,1,73.411502357,place,10,8,-0.786029000,4.882139000,1,73.411444761,1,received,1,64.395108221,completed,1,64.394973450,1,received,1,-0.015449524,-0.885192516,0.007326126,-0.012209892,1,3.284978151,188.215383863,-0.007326126,0.047863007,1,-2.920386314,-167.325810362,-0.002442360,-0.034187317,0,0.169566154,9.715425000,-0.007326126,-0.007326126,0,-0.033171654,-1.900595759,-0.134311676,0.006104946,0.000000000,0.000000000,0.000000000,-0.000000000,13.000000000,2.200000048,3.054326296,175.000006008,0.000000000,-2.684087276,20.000000000,8.000000000,-2.967059612,-169.999993347,0.000000000,2.759989023,20.000000000,6.500000000,0.174532920,9.999999709,0.000000000,0.417548507,12.000000000,3.200000048,0.000000000,0.000000000,0.000000000,-0.000032980,0.500000000,0.100000001
2026-07-07 01:48:58.365,1783360138.365626812,213.630067466,1,1,213.602668444,1,0.001792721,5,1,0.008180577,5,1,0,0,0,0,1,1,1,1,1,1,0.025108435,-0.742105352,5.278988334,1.531783019,1,212.634211857,12,1,12,1:-1.251:2.428|2:-0.428:2.425|3:0.392:2.424|4:1.223:2.419|5:1.228:1.589|6:0.405:1.588|7:-0.440:1.588|8:-1.261:1.589|9:-1.185:4.911|10:-0.390:4.902|11:0.375:4.903|12:1.182:4.901,1,74.411249980,place,10,8,-0.786029000,4.882139000,1,74.411192384,1,received,1,65.394855844,completed,1,65.394721073,1,received,1,-0.015449524,-0.885192516,-0.021978378,-0.012209892,1,3.284978151,188.215383863,-0.002442360,0.034187317,1,-2.920386314,-167.325810362,-0.002442360,-0.047863007,0,0.169566154,9.715425000,-0.007326126,-0.007326126,0,-0.033171654,-1.900595759,-0.134311676,0.006104946,0.000000000,0.000000000,0.000000000,-0.000000000,13.000000000,2.200000048,3.054326296,175.000006008,0.000000000,-2.684087276,20.000000000,8.000000000,-2.967059612,-169.999993347,0.000000000,2.759989023,20.000000000,6.500000000,0.174532920,9.999999709,0.000000000,0.417548507,12.000000000,3.200000048,0.000000000,0.000000000,0.000000000,-0.000032980,0.500000000,0.100000001
2026-07-07 01:48:59.365,1783360139.365338802,214.629779360,1,1,214.602380338,1,0.001891515,5,1,0.008273862,5,1,0,0,0,0,1,1,1,1,1,1,0.025317523,-0.739391961,5.279891555,1.531209858,1,213.633923751,12,1,12,1:-1.251:2.428|2:-0.428:2.425|3:0.392:2.424|4:1.223:2.419|5:1.228:1.589|6:0.405:1.588|7:-0.440:1.588|8:-1.261:1.589|9:-1.185:4.911|10:-0.390:4.902|11:0.375:4.903|12:1.182:4.901,1,75.410961874,place,10,8,-0.786029000,4.882139000,1,75.410904278,1,received,1,66.394567738,completed,1,66.394432967,1,received,1,-0.015449524,-0.885192516,-0.007326126,-0.012209892,1,3.284978151,188.215383863,-0.007326126,0.034187317,1,-2.920386314,-167.325810362,-0.002442360,-0.047863007,0,0.169566154,9.715425000,-0.007326126,-0.007326126,0,-0.033171654,-1.900595759,-0.134311676,0.006104946,0.000000000,0.000000000,0.000000000,-0.000000000,13.000000000,2.200000048,3.054326296,175.000006008,0.000000000,-2.684087276,20.000000000,8.000000000,-2.967059612,-169.999993347,0.000000000,2.759989023,20.000000000,6.500000000,0.174532920,9.999999709,0.000000000,0.417548507,12.000000000,3.200000048,0.000000000,0.000000000,0.000000000,-0.000032980,0.500000000,0.100000001
2026-07-07 01:49:00.365,1783360140.365048409,215.629488950,1,1,215.602089928,1,0.002041142,5,1,0.008135524,5,1,0,0,0,0,1,1,1,1,1,1,0.024911892,-0.738900940,5.269194999,1.532466145,1,214.633633341,12,1,12,1:-1.251:2.428|2:-0.428:2.425|3:0.392:2.424|4:1.223:2.419|5:1.228:1.589|6:0.405:1.588|7:-0.440:1.588|8:-1.261:1.589|9:-1.185:4.911|10:-0.390:4.902|11:0.375:4.903|12:1.182:4.901,1,76.410671464,place,10,8,-0.786029000,4.882139000,1,76.410613868,1,received,1,67.394277328,completed,1,67.394142557,1,received,1,-0.015449524,-0.885192516,-0.007326126,-0.012209892,1,3.284978151,188.215383863,-0.002442360,0.034187317,1,-2.920386314,-167.325810362,-0.002442360,-0.034187317,0,0.169566154,9.715425000,-0.007326126,-0.007326126,0,-0.033171654,-1.900595759,-0.134311676,0.006104946,0.000000000,0.000000000,0.000000000,-0.000000000,13.000000000,2.200000048,3.054326296,175.000006008,0.000000000,-2.684087276,20.000000000,8.000000000,-2.967059612,-169.999993347,0.000000000,2.759989023,20.000000000,6.500000000,0.174532920,9.999999709,0.000000000,0.417548507,12.000000000,3.200000048,0.000000000,0.000000000,0.000000000,-0.000032980,0.500000000,0.100000001
2026-07-07 01:49:01.364,1783360141.364731789,216.629172539,1,1,216.601773517,1,0.001946776,5,1,0.008132814,5,1,0,0,0,0,1,1,1,1,1,1,0.025019482,-0.747107721,5.279091620,1.529805508,1,215.633316930,12,1,12,1:-1.251:2.428|2:-0.428:2.425|3:0.392:2.424|4:1.223:2.419|5:1.228:1.589|6:0.405:1.588|7:-0.440:1.588|8:-1.261:1.589|9:-1.185:4.911|10:-0.390:4.902|11:0.375:4.903|12:1.182:4.901,1,77.410355053,place,10,8,-0.786029000,4.882139000,1,77.410297457,1,received,1,68.393960917,completed,1,68.393826146,1,received,1,-0.015449524,-0.885192516,-0.007326126,-0.012209892,1,3.284978151,188.215383863,-0.002442360,0.034187317,1,-2.920386314,-167.325810362,-0.002442360,-0.047863007,0,0.169566154,9.715425000,-0.007326126,-0.007326126,0,-0.033171654,-1.900595759,-0.134311676,0.006104946,0.000000000,0.000000000,0.000000000,-0.000000000,13.000000000,2.200000048,3.054326296,175.000006008,0.000000000,-2.684087276,20.000000000,8.000000000,-2.967059612,-169.999993347,0.000000000,2.759989023,20.000000000,6.500000000,0.174532920,9.999999709,0.000000000,0.417548507,12.000000000,3.200000048,0.000000000,0.000000000,0.000000000,-0.000032980,0.500000000,0.100000001
2026-07-07 01:49:02.364,1783360142.364471436,217.628912216,1,1,217.601513194,1,0.002083340,5,1,0.008081037,5,1,0,0,0,0,1,1,1,1,1,1,0.025281515,-0.739055684,5.271936793,1.531443909,1,216.633056607,12,1,12,1:-1.251:2.428|2:-0.428:2.425|3:0.392:2.424|4:1.223:2.419|5:1.228:1.589|6:0.405:1.588|7:-0.440:1.588|8:-1.261:1.589|9:-1.185:4.911|10:-0.390:4.902|11:0.375:4.903|12:1.182:4.901,1,78.410094730,place,10,8,-0.786029000,4.882139000,1,78.410037134,1,received,1,69.393700594,completed,1,69.393565823,1,received,1,-0.015449524,-0.885192516,-0.007326126,-0.012209892,1,3.284978151,188.215383863,-0.002442360,0.020513535,1,-2.920386314,-167.325810362,-0.002442360,-0.034187317,0,0.169566154,9.715425000,-0.007326126,-0.007326126,0,-0.033171654,-1.900595759,-0.134311676,0.006104946,0.000000000,0.000000000,0.000000000,-0.000000000,13.000000000,2.200000048,3.054326296,175.000006008,0.000000000,-2.684087276,20.000000000,8.000000000,-2.967059612,-169.999993347,0.000000000,2.759989023,20.000000000,6.500000000,0.174532920,9.999999709,0.000000000,0.417548507,12.000000000,3.200000048,0.000000000,0.000000000,0.000000000,-0.000032980,0.500000000,0.100000001
2026-07-07 01:49:03.364,1783360143.364173412,218.628614026,1,1,218.601215004,1,0.001932236,5,1,0.007996262,5,1,0,0,0,0,1,1,1,1,1,1,0.025268602,-0.741390723,5.282582975,1.529869564,1,217.632758417,12,1,12,1:-1.251:2.428|2:-0.428:2.425|3:0.392:2.424|4:1.223:2.419|5:1.228:1.589|6:0.405:1.588|7:-0.440:1.588|8:-1.261:1.589|9:-1.185:4.911|10:-0.390:4.902|11:0.375:4.903|12:1.182:4.901,1,79.409796540,place,10,8,-0.786029000,4.882139000,1,79.409738944,1,received,1,70.393402404,completed,1,70.393267633,1,received,1,-0.015449524,-0.885192516,-0.007326126,-0.012209892,1,3.284978151,188.215383863,-0.007326126,0.034187317,1,-2.920386314,-167.325810362,-0.002442360,-0.034187317,0,0.169566154,9.715425000,-0.007326126,-0.007326126,0,-0.033171654,-1.900595759,-0.134311676,0.006104946,0.000000000,0.000000000,0.000000000,-0.000000000,13.000000000,2.200000048,3.054326296,175.000006008,0.000000000,-2.684087276,20.000000000,8.000000000,-2.967059612,-169.999993347,0.000000000,2.759989023,20.000000000,6.500000000,0.174532920,9.999999709,0.000000000,0.417548507,12.000000000,3.200000048,0.000000000,0.000000000,0.000000000,-0.000032980,0.500000000,0.100000001
2026-07-07 01:49:04.364,1783360144.363879681,219.628320175,1,1,219.600921153,1,0.002030914,5,1,0.008295205,5,1,0,0,0,0,1,1,1,1,1,1,0.025173148,-0.748518336,5.284981174,1.529966648,1,218.632464566,12,1,12,1:-1.251:2.428|2:-0.428:2.425|3:0.392:2.424|4:1.223:2.419|5:1.228:1.589|6:0.405:1.588|7:-0.440:1.588|8:-1.261:1.589|9:-1.185:4.911|10:-0.390:4.902|11:0.375:4.903|12:1.182:4.901,1,80.409502689,place,10,8,-0.786029000,4.882139000,1,80.409445093,1,received,1,71.393108553,completed,1,71.392973782,1,received,1,-0.015449524,-0.885192516,-0.007326126,-0.007326126,1,3.284978151,188.215383863,-0.007326126,0.034187317,1,-2.920386314,-167.325810362,-0.002442360,-0.034187317,0,0.169566154,9.715425000,-0.007326126,-0.007326126,0,-0.033171654,-1.900595759,-0.134311676,0.006104946,0.000000000,0.000000000,0.000000000,-0.000000000,13.000000000,2.200000048,3.054326296,175.000006008,0.000000000,-2.684087276,20.000000000,8.000000000,-2.967059612,-169.999993347,0.000000000,2.759989023,20.000000000,6.500000000,0.174532920,9.999999709,0.000000000,0.417548507,12.000000000,3.200000048,0.000000000,0.000000000,0.000000000,-0.000032980,0.500000000,0.100000001
2026-07-07 01:49:05.363,1783360145.363625765,220.628066204,1,1,220.600667182,1,0.001859869,5,1,0.008248108,5,1,0,0,0,0,1,1,1,1,1,1,0.025219001,-0.748300096,5.273596894,1.532530333,1,219.632210595,12,1,12,1:-1.251:2.428|2:-0.428:2.425|3:0.392:2.424|4:1.223:2.419|5:1.228:1.589|6:0.405:1.588|7:-0.440:1.588|8:-1.261:1.589|9:-1.185:4.911|10:-0.390:4.902|11:0.375:4.903|12:1.182:4.901,1,81.409248718,place,10,8,-0.786029000,4.882139000,1,81.409191122,1,received,1,72.392854582,completed,1,72.392719811,1,received,1,-0.015449524,-0.885192516,-0.021978378,-0.012209892,1,3.284978151,188.215383863,-0.007326126,0.034187317,1,-2.920386314,-167.325810362,-0.002442360,-0.034187317,0,0.169566154,9.715425000,-0.007326126,-0.007326126,0,-0.033171654,-1.900595759,-0.134311676,0.006104946,0.000000000,0.000000000,0.000000000,-0.000000000,13.000000000,2.200000048,3.054326296,175.000006008,0.000000000,-2.684087276,20.000000000,8.000000000,-2.967059612,-169.999993347,0.000000000,2.759989023,20.000000000,6.500000000,0.174532920,9.999999709,0.000000000,0.417548507,12.000000000,3.200000048,0.000000000,0.000000000,0.000000000,-0.000032980,0.500000000,0.100000001
2026-07-07 01:49:06.363,1783360146.363292456,221.627732908,1,1,221.600333886,1,0.001601778,5,1,0.008234174,5,1,0,0,0,0,1,1,1,1,1,1,0.025140422,-0.745229358,5.284828667,1.530115673,1,220.631877299,12,1,12,1:-1.251:2.428|2:-0.428:2.425|3:0.392:2.424|4:1.223:2.419|5:1.228:1.589|6:0.405:1.588|7:-0.440:1.588|8:-1.261:1.589|9:-1.185:4.911|10:-0.390:4.902|11:0.375:4.903|12:1.182:4.901,1,82.408915422,place,10,8,-0.786029000,4.882139000,1,82.408857826,1,received,1,73.392521286,completed,1,73.392386515,1,received,1,-0.015449524,-0.885192516,-0.007326126,-0.012209892,1,3.284978151,188.215383863,-0.002442360,0.034187317,1,-2.920386314,-167.325810362,0.002442360,-0.047863007,0,0.169566154,9.715425000,-0.007326126,-0.007326126,0,-0.033171654,-1.900595759,-0.134311676,0.006104946,0.000000000,0.000000000,0.000000000,-0.000000000,13.000000000,2.200000048,3.054326296,175.000006008,0.000000000,-2.684087276,20.000000000,8.000000000,-2.967059612,-169.999993347,0.000000000,2.759989023,20.000000000,6.500000000,0.174532920,9.999999709,0.000000000,0.417548507,12.000000000,3.200000048,0.000000000,0.000000000,0.000000000,-0.000032980,0.500000000,0.100000001
2026-07-07 01:49:07.363,1783360147.362996578,222.627437074,1,1,222.600038052,1,0.001519658,5,1,0.008233094,5,1,0,0,0,0,1,1,1,1,1,1,0.025081310,-0.750526611,5.281321390,1.529978286,1,221.631581465,12,1,12,1:-1.251:2.428|2:-0.428:2.425|3:0.392:2.424|4:1.223:2.419|5:1.228:1.589|6:0.405:1.588|7:-0.440:1.588|8:-1.261:1.589|9:-1.185:4.911|10:-0.390:4.902|11:0.375:4.903|12:1.182:4.901,1,83.408619588,place,10,8,-0.786029000,4.882139000,1,83.408561992,1,received,1,74.392225452,completed,1,74.392090681,1,received,1,-0.015449524,-0.885192516,-0.007326126,-0.007326126,1,3.284978151,188.215383863,-0.002442360,0.034187317,1,-2.920386314,-167.325810362,0.002442360,-0.034187317,0,0.169566154,9.715425000,-0.007326126,-0.007326126,0,-0.033171654,-1.900595759,-0.134311676,0.006104946,0.000000000,0.000000000,0.000000000,-0.000000000,13.000000000,2.200000048,3.054326296,175.000006008,0.000000000,-2.684087276,20.000000000,8.000000000,-2.967059612,-169.999993347,0.000000000,2.759989023,20.000000000,6.500000000,0.174532920,9.999999709,0.000000000,0.417548507,12.000000000,3.200000048,0.000000000,0.000000000,0.000000000,-0.000032980,0.500000000,0.100000001
2026-07-07 01:49:08.362,1783360148.362754583,223.627195269,1,1,223.599796247,1,0.001551493,5,1,0.008227309,5,1,0,0,0,0,1,1,1,1,1,1,0.025198701,-0.741385409,5.279917478,1.530698971,1,222.631339660,12,1,12,1:-1.251:2.428|2:-0.428:2.425|3:0.392:2.424|4:1.223:2.419|5:1.228:1.589|6:0.405:1.588|7:-0.440:1.588|8:-1.261:1.589|9:-1.185:4.911|10:-0.390:4.902|11:0.375:4.903|12:1.182:4.901,1,84.408377783,place,10,8,-0.786029000,4.882139000,1,84.408320187,1,received,1,75.391983647,completed,1,75.391848876,1,received,1,-0.015449524,-0.885192516,-0.007326126,-0.012209892,1,3.284978151,188.215383863,-0.002442360,0.034187317,1,-2.920386314,-167.325810362,0.002442360,-0.047863007,0,0.169566154,9.715425000,-0.007326126,-0.007326126,0,-0.033171654,-1.900595759,-0.134311676,0.006104946,0.000000000,0.000000000,0.000000000,-0.000000000,13.000000000,2.200000048,3.054326296,175.000006008,0.000000000,-2.684087276,20.000000000,8.000000000,-2.967059612,-169.999993347,0.000000000,2.759989023,20.000000000,6.500000000,0.174532920,9.999999709,0.000000000,0.417548507,12.000000000,3.200000048,0.000000000,0.000000000,0.000000000,-0.000032980,0.500000000,0.100000001
2026-07-07 01:49:09.362,1783360149.362420082,224.626860557,1,1,224.599461535,1,0.001794420,5,1,0.008337663,5,1,0,0,0,0,1,1,1,1,1,1,0.024876142,-0.744594778,5.283813689,1.529133757,1,223.631004948,12,1,12,1:-1.251:2.428|2:-0.428:2.425|3:0.392:2.424|4:1.223:2.419|5:1.228:1.589|6:0.405:1.588|7:-0.440:1.588|8:-1.261:1.589|9:-1.185:4.911|10:-0.390:4.902|11:0.375:4.903|12:1.182:4.901,1,85.408043071,place,10,8,-0.786029000,4.882139000,1,85.407985475,1,received,1,76.391648935,completed,1,76.391514164,1,received,1,-0.015449524,-0.885192516,0.007326126,-0.012209892,1,3.284978151,188.215383863,-0.002442360,0.034187317,1,-2.920386314,-167.325810362,0.002442360,-0.047863007,0,0.169947624,9.737281605,-0.021978378,-0.007326126,0,-0.033171654,-1.900595759,-0.134311676,0.006104946,0.000000000,0.000000000,0.000000000,-0.000000000,13.000000000,2.200000048,3.054326296,175.000006008,0.000000000,-2.684087276,20.000000000,8.000000000,-2.967059612,-169.999993347,0.000000000,2.759989023,20.000000000,6.500000000,0.174532920,9.999999709,0.000000000,0.417548507,12.000000000,3.200000048,0.000000000,0.000000000,0.000000000,-0.000032980,0.500000000,0.100000001
2026-07-07 01:49:10.362,1783360150.362118721,225.626559155,1,1,225.599160133,1,0.001958496,5,1,0.008286107,5,1,0,0,0,0,1,1,1,1,1,1,0.025099049,-0.750364336,5.282078865,1.532103434,1,224.630703546,12,1,12,1:-1.251:2.428|2:-0.428:2.425|3:0.392:2.424|4:1.223:2.419|5:1.228:1.589|6:0.405:1.588|7:-0.440:1.588|8:-1.261:1.589|9:-1.185:4.911|10:-0.390:4.902|11:0.375:4.903|12:1.182:4.901,1,86.407741669,place,10,8,-0.786029000,4.882139000,1,86.407684073,1,received,1,77.391347533,completed,1,77.391212762,1,received,1,-0.015449524,-0.885192516,-0.007326126,-0.012209892,1,3.284978151,188.215383863,-0.002442360,0.020513535,1,-2.920386314,-167.325810362,-0.007326126,-0.034187317,0,0.169566154,9.715425000,0.007326126,-0.007326126,0,-0.033171654,-1.900595759,-0.134311676,0.006104946,0.000000000,0.000000000,0.000000000,-0.000000000,13.000000000,2.200000048,3.054326296,175.000006008,0.000000000,-2.684087276,20.000000000,8.000000000,-2.967059612,-169.999993347,0.000000000,2.759989023,20.000000000,6.500000000,0.174532920,9.999999709,0.000000000,0.417548507,12.000000000,3.200000048,0.000000000,0.000000000,0.000000000,-0.000032980,0.500000000,0.100000001
2026-07-07 01:49:11.361,1783360151.361815453,226.626256083,1,1,226.598857061,1,0.001561654,5,1,0.008199413,5,1,0,0,0,0,1,1,1,1,1,1,0.025106247,-0.746151184,5.271174403,1.530979393,1,225.630400474,12,1,12,1:-1.251:2.428|2:-0.428:2.425|3:0.392:2.424|4:1.223:2.419|5:1.228:1.589|6:0.405:1.588|7:-0.440:1.588|8:-1.261:1.589|9:-1.185:4.911|10:-0.390:4.902|11:0.375:4.903|12:1.182:4.901,1,87.407438597,place,10,8,-0.786029000,4.882139000,1,87.407381001,1,received,1,78.391044461,completed,1,78.390909690,1,received,1,-0.015449524,-0.885192516,0.007326126,-0.012209892,1,3.284978151,188.215383863,-0.002442360,0.034187317,1,-2.920386314,-167.325810362,-0.002442360,-0.034187317,0,0.169566154,9.715425000,0.007326126,-0.007326126,0,-0.033171654,-1.900595759,-0.134311676,0.006104946,0.000000000,0.000000000,0.000000000,-0.000000000,13.000000000,2.200000048,3.054326296,175.000006008,0.000000000,-2.684087276,20.000000000,8.000000000,-2.967059612,-169.999993347,0.000000000,2.759989023,20.000000000,6.500000000,0.174532920,9.999999709,0.000000000,0.417548507,12.000000000,3.200000048,0.000000000,0.000000000,0.000000000,-0.000032980,0.500000000,0.100000001
2026-07-07 01:49:12.361,1783360152.361554623,227.625995176,1,1,227.598596154,1,0.002001558,5,1,0.008239555,5,1,0,0,0,0,1,1,1,1,1,1,0.025217648,-0.745208254,5.281885422,1.530523874,1,226.630139567,12,1,12,1:-1.251:2.428|2:-0.428:2.425|3:0.392:2.424|4:1.223:2.419|5:1.228:1.589|6:0.405:1.588|7:-0.440:1.588|8:-1.261:1.589|9:-1.185:4.911|10:-0.390:4.902|11:0.375:4.903|12:1.182:4.901,1,88.407177690,place,10,8,-0.786029000,4.882139000,1,88.407120094,1,received,1,79.390783554,completed,1,79.390648783,1,received,1,-0.015449524,-0.885192516,-0.007326126,-0.012209892,1,3.284978151,188.215383863,0.002442360,0.020513535,1,-2.920386314,-167.325810362,0.002442360,-0.034187317,0,0.169947624,9.737281605,-0.007326126,-0.007326126,0,-0.033171654,-1.900595759,-0.134311676,0.006104946,0.000000000,0.000000000,0.000000000,-0.000000000,13.000000000,2.200000048,3.054326296,175.000006008,0.000000000,-2.684087276,20.000000000,8.000000000,-2.967059612,-169.999993347,0.000000000,2.759989023,20.000000000,6.500000000,0.174532920,9.999999709,0.000000000,0.417548507,12.000000000,3.200000048,0.000000000,0.000000000,0.000000000,-0.000032980,0.500000000,0.100000001
2026-07-07 01:49:13.361,1783360153.361236811,228.625677312,1,1,228.598278290,1,0.002129246,5,1,0.008115720,5,1,0,0,0,0,1,1,1,1,1,1,0.024419750,-0.745609110,5.275206793,1.531519506,1,227.629821703,12,1,12,1:-1.251:2.428|2:-0.428:2.425|3:0.392:2.424|4:1.223:2.419|5:1.228:1.589|6:0.405:1.588|7:-0.440:1.588|8:-1.261:1.589|9:-1.185:4.911|10:-0.390:4.902|11:0.375:4.903|12:1.182:4.901,1,89.406859826,place,10,8,-0.786029000,4.882139000,1,89.406802230,1,received,1,80.390465690,completed,1,80.390330919,1,received,1,-0.015449524,-0.885192516,-0.021978378,-0.012209892,1,3.284978151,188.215383863,-0.007326126,0.034187317,1,-2.920386314,-167.325810362,-0.002442360,-0.047863007,0,0.169947624,9.737281605,-0.007326126,-0.007326126,0,-0.033171654,-1.900595759,-0.134311676,0.006104946,0.000000000,0.000000000,0.000000000,-0.000000000,13.000000000,2.200000048,3.054326296,175.000006008,0.000000000,-2.684087276,20.000000000,8.000000000,-2.967059612,-169.999993347,0.000000000,2.759989023,20.000000000,6.500000000,0.174532920,9.999999709,0.000000000,0.417548507,12.000000000,3.200000048,0.000000000,0.000000000,0.000000000,-0.000032980,0.500000000,0.100000001
2026-07-07 01:49:14.361,1783360154.360937357,229.625378149,1,1,229.597979127,1,0.002057407,5,1,0.008272244,5,1,0,0,0,0,1,1,1,1,1,1,0.025220217,-0.737322032,5.280688761,1.533219488,1,228.629522540,12,1,12,1:-1.251:2.428|2:-0.428:2.425|3:0.392:2.424|4:1.223:2.419|5:1.228:1.589|6:0.405:1.588|7:-0.440:1.588|8:-1.261:1.589|9:-1.185:4.911|10:-0.390:4.902|11:0.375:4.903|12:1.182:4.901,1,90.406560663,place,10,8,-0.786029000,4.882139000,1,90.406503067,1,received,1,81.390166527,completed,1,81.390031756,1,received,1,-0.015449524,-0.885192516,-0.007326126,-0.012209892,1,3.284978151,188.215383863,0.002442360,0.034187317,1,-2.920386314,-167.325810362,0.002442360,-0.047863007,0,0.169947624,9.737281605,-0.007326126,-0.007326126,0,-0.033171654,-1.900595759,-0.134311676,0.006104946,0.000000000,0.000000000,0.000000000,-0.000000000,13.000000000,2.200000048,3.054326296,175.000006008,0.000000000,-2.684087276,20.000000000,8.000000000,-2.967059612,-169.999993347,0.000000000,2.759989023,20.000000000,6.500000000,0.174532920,9.999999709,0.000000000,0.417548507,12.000000000,3.200000048,0.000000000,0.000000000,0.000000000,-0.000032980,0.500000000,0.100000001
2026-07-07 01:49:15.360,1783360155.360666513,230.625107133,1,1,230.597708111,1,0.001839863,5,1,0.008180286,5,1,0,0,0,0,1,1,1,1,1,1,0.025314706,-0.744279801,5.276482222,1.532882066,1,229.629251524,12,1,12,1:-1.251:2.428|2:-0.428:2.425|3:0.392:2.424|4:1.223:2.419|5:1.228:1.589|6:0.405:1.588|7:-0.440:1.588|8:-1.261:1.589|9:-1.185:4.911|10:-0.390:4.902|11:0.375:4.903|12:1.182:4.901,1,91.406289647,place,10,8,-0.786029000,4.882139000,1,91.406232051,1,received,1,82.389895511,completed,1,82.389760740,1,received,1,-0.015449524,-0.885192516,0.007326126,-0.012209892,1,3.284978151,188.215383863,-0.007326126,0.034187317,1,-2.920386314,-167.325810362,-0.002442360,-0.047863007,0,0.169947624,9.737281605,-0.007326126,-0.007326126,0,-0.033171654,-1.900595759,-0.134311676,0.006104946,0.000000000,0.000000000,0.000000000,-0.000000000,13.000000000,2.200000048,3.054326296,175.000006008,0.000000000,-2.684087276,20.000000000,8.000000000,-2.967059612,-169.999993347,0.000000000,2.759989023,20.000000000,6.500000000,0.174532920,9.999999709,0.000000000,0.417548507,12.000000000,3.200000048,0.000000000,0.000000000,0.000000000,-0.000032980,0.500000000,0.100000001
2026-07-07 01:49:16.360,1783360156.360333204,231.624773789,1,1,231.597374767,1,0.001822728,5,1,0.007980715,5,1,0,0,0,0,1,1,1,1,1,1,0.025277438,-0.751030581,5.277628332,1.530796146,1,230.628918180,12,1,12,1:-1.251:2.428|2:-0.428:2.425|3:0.392:2.424|4:1.223:2.419|5:1.228:1.589|6:0.405:1.588|7:-0.440:1.588|8:-1.261:1.589|9:-1.185:4.911|10:-0.390:4.902|11:0.375:4.903|12:1.182:4.901,1,92.405956303,place,10,8,-0.786029000,4.882139000,1,92.405898707,1,received,1,83.389562167,completed,1,83.389427396,1,received,1,-0.015449524,-0.885192516,-0.007326126,-0.012209892,1,3.284978151,188.215383863,0.002442360,0.034187317,1,-2.920386314,-167.325810362,-0.002442360,-0.047863007,0,0.169947624,9.737281605,-0.007326126,-0.007326126,0,-0.033171654,-1.900595759,-0.134311676,0.006104946,0.000000000,0.000000000,0.000000000,-0.000000000,13.000000000,2.200000048,3.054326296,175.000006008,0.000000000,-2.684087276,20.000000000,8.000000000,-2.967059612,-169.999993347,0.000000000,2.759989023,20.000000000,6.500000000,0.174532920,9.999999709,0.000000000,0.417548507,12.000000000,3.200000048,0.000000000,0.000000000,0.000000000,-0.000032980,0.500000000,0.100000001
2026-07-07 01:49:17.360,1783360157.360040426,232.624481155,1,1,232.597082133,1,0.001861963,5,1,0.008245669,5,1,0,0,0,0,1,1,1,1,1,1,0.025331354,-0.746056290,5.278824339,1.532299834,1,231.628625546,12,1,12,1:-1.251:2.428|2:-0.428:2.425|3:0.392:2.424|4:1.223:2.419|5:1.228:1.589|6:0.405:1.588|7:-0.440:1.588|8:-1.261:1.589|9:-1.185:4.911|10:-0.390:4.902|11:0.375:4.903|12:1.182:4.901,1,93.405663669,place,10,8,-0.786029000,4.882139000,1,93.405606073,1,received,1,84.389269533,completed,1,84.389134762,1,received,1,-0.015449524,-0.885192516,-0.021978378,-0.012209892,1,3.284978151,188.215383863,-0.002442360,0.047863007,1,-2.920386314,-167.325810362,-0.002442360,-0.047863007,0,0.169947624,9.737281605,-0.007326126,-0.007326126,0,-0.033171654,-1.900595759,-0.134311676,0.006104946,0.000000000,0.000000000,0.000000000,-0.000000000,13.000000000,2.200000048,3.054326296,175.000006008,0.000000000,-2.684087276,20.000000000,8.000000000,-2.967059612,-169.999993347,0.000000000,2.759989023,20.000000000,6.500000000,0.174532920,9.999999709,0.000000000,0.417548507,12.000000000,3.200000048,0.000000000,0.000000000,0.000000000,-0.000032980,0.500000000,0.100000001
2026-07-07 01:49:18.359,1783360158.359735012,233.624175667,1,1,233.596776645,1,0.001930631,5,1,0.008308808,5,1,0,0,0,0,1,1,1,1,1,1,0.025179469,-0.737934850,5.285573281,1.532879790,1,232.628320058,12,1,12,1:-1.251:2.428|2:-0.428:2.425|3:0.392:2.424|4:1.223:2.419|5:1.228:1.589|6:0.405:1.588|7:-0.440:1.588|8:-1.261:1.589|9:-1.185:4.911|10:-0.390:4.902|11:0.375:4.903|12:1.182:4.901,1,94.405358181,place,10,8,-0.786029000,4.882139000,1,94.405300585,1,received,1,85.388964045,completed,1,85.388829274,1,received,1,-0.015449524,-0.885192516,-0.007326126,-0.012209892,1,3.284978151,188.215383863,-0.002442360,0.034187317,1,-2.920386314,-167.325810362,-0.002442360,-0.034187317,0,0.169947624,9.737281605,-0.007326126,-0.007326126,0,-0.033171654,-1.900595759,-0.134311676,0.006104946,0.000000000,0.000000000,0.000000000,-0.000000000,13.000000000,2.200000048,3.054326296,175.000006008,0.000000000,-2.684087276,20.000000000,8.000000000,-2.967059612,-169.999993347,0.000000000,2.759989023,20.000000000,6.500000000,0.174532920,9.999999709,0.000000000,0.417548507,12.000000000,3.200000048,0.000000000,0.000000000,0.000000000,-0.000032980,0.500000000,0.100000001
2026-07-07 01:49:19.359,1783360159.359385014,234.623825733,1,1,234.596426711,1,0.001907019,5,1,0.008227722,5,1,0,0,0,0,1,1,1,1,1,1,0.025206615,-0.732938950,5.292762695,1.587120820,1,233.627970124,12,1,12,1:-1.251:2.428|2:-0.428:2.425|3:0.392:2.424|4:1.223:2.419|5:1.228:1.589|6:0.405:1.588|7:-0.440:1.588|8:-1.261:1.589|9:-1.185:4.911|10:-0.390:4.902|11:0.375:4.903|12:1.182:4.901,1,95.405008247,place,10,8,-0.786029000,4.882139000,1,95.404950651,1,received,1,86.388614111,completed,1,86.388479340,1,received,1,-0.015830994,-0.907049122,-0.007326126,-0.012209892,1,3.284978151,188.215383863,-0.002442360,0.034187317,1,-2.920386314,-167.325810362,-0.002442360,-0.034187317,0,0.169947624,9.737281605,-0.007326126,-0.007326126,0,-0.033171654,-1.900595759,-0.134311676,0.006104946,0.000000000,0.000000000,0.000000000,-0.000000000,13.000000000,2.200000048,3.054326296,175.000006008,0.000000000,-2.684087276,20.000000000,8.000000000,-2.967059612,-169.999993347,0.000000000,2.759989023,20.000000000,6.500000000,0.174532920,9.999999709,0.000000000,0.417548507,12.000000000,3.200000048,0.000000000,0.000000000,0.000000000,-0.000032980,0.500000000,0.100000001
2026-07-07 01:49:20.359,1783360160.359121323,235.623561995,1,1,235.596162973,1,0.002003784,5,1,0.008104679,5,1,0,0,0,0,1,1,1,1,1,1,0.023468438,-0.693471637,5.175048699,1.497412112,1,234.627706386,12,1,12,1:-1.251:2.428|2:-0.428:2.425|3:0.392:2.424|4:1.223:2.419|5:1.228:1.589|6:0.405:1.588|7:-0.440:1.588|8:-1.261:1.589|9:-1.185:4.911|10:-0.390:4.902|11:0.375:4.903|12:1.182:4.901,1,96.404744509,place,10,8,-0.786029000,4.882139000,1,96.404686913,1,received,1,87.388350373,completed,1,87.388215602,1,received,1,-0.090218544,-5.169141805,-0.007326126,0.002442360,1,3.284978151,188.215383863,-0.007326126,0.034187317,1,-2.920386314,-167.325810362,0.002442360,-0.047863007,0,0.169947624,9.737281605,-0.007326126,-0.007326126,0,-0.033171654,-1.900595759,-0.134311676,0.006104946,0.000000000,0.000000000,0.000000000,-0.000000000,13.000000000,2.200000048,3.054326296,175.000006008,0.000000000,-2.684087276,20.000000000,8.000000000,-2.967059612,-169.999993347,0.000000000,2.759989023,20.000000000,6.500000000,0.174532920,9.999999709,0.000000000,0.417548507,12.000000000,3.200000048,0.000000000,0.000000000,0.000000000,-0.000032980,0.500000000,0.100000001
2026-07-07 01:49:21.359,1783360161.358918905,236.623359522,1,1,236.595960500,1,0.001783358,5,1,0.008115865,5,1,0,0,0,0,1,1,1,1,1,1,0.025283643,-0.698489476,4.640782121,1.347461856,1,235.627503913,12,1,12,1:-1.251:2.428|2:-0.428:2.425|3:0.392:2.424|4:1.223:2.419|5:1.228:1.589|6:0.405:1.588|7:-0.440:1.588|8:-1.261:1.589|9:-1.185:4.911|10:-0.390:4.902|11:0.375:4.903|12:1.182:4.901,1,97.404542036,place,10,8,-0.786029000,4.882139000,1,97.404484440,1,received,1,88.388147900,completed,1,88.388013129,1,received,1,-0.095941544,-5.497045527,-0.153846741,0.031745911,1,3.284978151,188.215383863,-0.002442360,0.020513535,1,-2.920386314,-167.325810362,-0.002442360,-0.047863007,0,0.169947624,9.737281605,-0.007326126,-0.007326126,0,-0.033171654,-1.900595759,-0.134311676,0.006104946,0.000000000,0.000000000,0.000000000,-0.000000000,13.000000000,2.200000048,3.054326296,175.000006008,0.000000000,-2.684087276,20.000000000,8.000000000,-2.967059612,-169.999993347,0.000000000,2.759989023,20.000000000,6.500000000,0.174532920,9.999999709,0.000000000,0.417548507,12.000000000,3.200000048,0.000000000,0.000000000,0.000000000,-0.000032980,0.500000000,0.100000001
2026-07-07 01:49:22.359,1783360162.359021425,237.623461795,1,1,237.596062773,1,0.001789712,5,1,0.008223294,5,1,0,0,0,0,1,1,1,1,1,1,0.025043424,-0.537423832,3.679028666,1.326434312,1,236.627606186,12,1,12,1:-1.251:2.428|2:-0.428:2.425|3:0.392:2.424|4:1.223:2.419|5:1.228:1.589|6:0.405:1.588|7:-0.440:1.588|8:-1.261:1.589|9:-1.185:4.911|10:-0.390:4.902|11:0.375:4.903|12:1.182:4.901,1,98.404644309,place,10,8,-0.786029000,4.882139000,1,98.404586713,1,received,1,89.388250173,completed,1,89.388115402,1,received,1,-0.153543472,-8.797392934,-0.007326126,-0.007326126,1,3.284978151,188.215383863,-0.002442360,0.034187317,1,-2.920386314,-167.325810362,-0.002442360,-0.061538696,0,0.169947624,9.737281605,-0.007326126,-0.007326126,0,-0.033171654,-1.900595759,-0.134311676,0.006104946,0.000000000,0.000000000,0.000000000,-0.000000000,13.000000000,2.200000048,3.054326296,175.000006008,0.000000000,-2.684087276,20.000000000,8.000000000,-2.967059612,-169.999993347,0.000000000,2.759989023,20.000000000,6.500000000,0.174532920,9.999999709,0.000000000,0.417548507,12.000000000,3.200000048,0.000000000,0.000000000,0.000000000,-0.000032980,0.500000000,0.100000001
2026-07-07 01:49:23.359,1783360163.359100580,238.623541168,1,1,238.596142146,1,0.001818211,5,1,0.008208142,5,1,0,0,0,0,1,1,1,1,1,1,0.025058333,-0.391052381,2.608783661,1.639579188,1,237.627685559,12,1,12,1:-1.251:2.428|2:-0.428:2.425|3:0.392:2.424|4:1.223:2.419|5:1.228:1.589|6:0.405:1.588|7:-0.440:1.588|8:-1.261:1.589|9:-1.185:4.911|10:-0.390:4.902|11:0.375:4.903|12:1.182:4.901,1,99.404723682,place,10,8,-0.786029000,4.882139000,1,99.404666086,1,received,1,90.388329546,completed,1,90.388194775,1,received,1,-0.150491714,-8.622540091,-0.007326126,-0.007326126,1,3.284978151,188.215383863,-0.002442360,0.047863007,1,-2.920386314,-167.325810362,-0.002442360,-0.047863007,0,0.169947624,9.737281605,-0.007326126,-0.007326126,0,-0.033171654,-1.900595759,-0.134311676,0.006104946,0.000000000,0.000000000,0.000000000,-0.000000000,13.000000000,2.200000048,3.054326296,175.000006008,0.000000000,-2.684087276,20.000000000,8.000000000,-2.967059612,-169.999993347,0.000000000,2.759989023,20.000000000,6.500000000,0.174532920,9.999999709,0.000000000,0.417548507,12.000000000,3.200000048,0.000000000,0.000000000,0.000000000,-0.000032980,0.500000000,0.100000001
2026-07-07 01:49:24.359,1783360164.359162331,239.623602972,1,1,239.596203950,1,0.001964792,5,1,0.008252417,5,1,0,0,0,0,1,1,1,1,1,1,0.025010039,-0.178926817,1.526745226,1.628467637,1,238.627747363,12,1,12,1:-1.251:2.428|2:-0.428:2.425|3:0.392:2.424|4:1.223:2.419|5:1.228:1.589|6:0.405:1.588|7:-0.440:1.588|8:-1.261:1.589|9:-1.185:4.911|10:-0.390:4.902|11:0.375:4.903|12:1.182:4.901,1,100.404785486,place,10,8,-0.786029000,4.882139000,1,100.404727890,1,received,1,91.388391350,completed,1,91.388256579,1,received,1,-0.173380852,-9.933991053,-0.007326126,0.007326126,0,3.284978151,188.215383863,0.002442360,0.034187317,0,-2.920386314,-167.325810362,0.002442360,-0.047863007,0,0.169947624,9.737281605,-0.007326126,-0.007326126,1,0.165475845,9.481067549,-0.012210846,-0.003663063,0.000000000,0.000000000,0.000000000,-0.000000000,13.000000000,2.200000048,3.054326296,175.000006008,0.000000000,-2.684087276,20.000000000,8.000000000,-2.967059612,-169.999993347,0.000000000,2.759989023,20.000000000,6.500000000,0.174532920,9.999999709,0.000000000,0.417548507,12.000000000,3.200000048,0.000000000,0.000000000,0.000000000,-0.000032980,0.500000000,0.100000001
2026-07-07 01:49:25.359,1783360165.359223604,240.623664099,1,1,240.596265077,1,0.001919519,5,1,0.008309706,5,1,0,0,0,0,1,1,1,1,1,1,0.025178640,-0.003514616,0.474505143,1.648653575,1,239.627808490,12,1,12,1:-1.251:2.428|2:-0.428:2.425|3:0.392:2.424|4:1.223:2.419|5:1.228:1.589|6:0.405:1.588|7:-0.440:1.588|8:-1.261:1.589|9:-1.185:4.911|10:-0.390:4.902|11:0.375:4.903|12:1.182:4.901,1,101.404846613,place,10,8,-0.786029000,4.882139000,1,101.404789017,1,received,1,92.388452477,completed,1,92.388317706,1,received,0,-0.173762321,-9.955847659,-0.021978378,0.007326126,0,3.284978151,188.215383863,-0.002442360,0.020513535,0,-2.920386314,-167.325810362,-0.002442360,-0.047863007,0,0.169947624,9.737281605,-0.007326126,-0.007326126,0,0.165475845,9.481067549,-0.036628723,-0.003663063,0.000000000,0.000000000,0.000000000,-0.000000000,13.000000000,2.200000048,3.054326296,175.000006008,0.000000000,-2.684087276,20.000000000,8.000000000,-2.967059612,-169.999993347,0.000000000,2.759989023,20.000000000,6.500000000,0.174532920,9.999999709,0.000000000,0.417548507,12.000000000,3.200000048,0.000000000,0.000000000,0.000000000,-0.000032980,0.500000000,0.100000001
2026-07-07 01:49:26.359,1783360166.359318018,241.623758493,1,1,241.596359471,1,0.001812063,5,1,0.008129580,5,1,0,0,0,0,1,1,1,1,1,1,0.025080239,0.154125678,-0.104785739,1.509241724,1,240.627902884,12,1,12,1:-1.251:2.428|2:-0.428:2.425|3:0.392:2.424|4:1.223:2.419|5:1.228:1.589|6:0.405:1.588|7:-0.440:1.588|8:-1.261:1.589|9:-1.185:4.911|10:-0.390:4.902|11:0.375:4.903|12:1.182:4.901,1,102.404941007,place,10,8,-0.786029000,4.882139000,1,102.404883411,1,received,1,93.388546871,completed,1,93.388412100,1,received,1,-0.173762321,-9.955847659,0.007326126,0.007326126,1,3.284978151,188.215383863,-0.002442360,0.034187317,1,-2.920386314,-167.325810362,-0.002442360,-0.047863007,0,0.169947624,9.737281605,-0.007326126,-0.007326126,1,0.165859222,9.503033438,0.012210846,-0.003663063,0.000000000,0.000000000,0.000000000,-0.000000000,13.000000000,2.200000048,3.054326296,175.000006008,0.000000000,-2.684087276,20.000000000,8.000000000,-2.967059612,-169.999993347,0.000000000,2.759989023,20.000000000,6.500000000,0.174532920,9.999999709,0.000000000,0.417548507,12.000000000,3.200000048,0.000000000,0.000000000,0.000000000,-0.000032980,0.500000000,0.100000001
2026-07-07 01:49:27.359,1783360167.359333515,242.623774346,1,1,242.596375324,1,0.002077438,5,1,0.008252554,5,1,0,0,0,0,1,1,1,1,1,1,0.025058420,0.166346712,-0.174597807,1.487547852,1,241.627918737,12,1,12,1:-1.251:2.428|2:-0.428:2.425|3:0.392:2.424|4:1.223:2.419|5:1.228:1.589|6:0.405:1.588|7:-0.440:1.588|8:-1.261:1.589|9:-1.185:4.911|10:-0.390:4.902|11:0.375:4.903|12:1.182:4.901,1,103.404956860,place,10,8,-0.786029000,4.882139000,1,103.404899264,1,received,1,94.388562724,completed,1,94.388427953,1,received,1,-0.144006729,-8.250977800,0.007326126,-0.007326126,1,3.284978151,188.215383863,-0.002442360,0.034187317,1,-2.920386314,-167.325810362,-0.007326126,-0.047863007,0,0.169947624,9.737281605,-0.007326126,-0.007326126,1,0.165475845,9.481067549,-0.036628723,-0.003663063,0.000000000,0.000000000,0.000000000,-0.000000000,13.000000000,2.200000048,3.054326296,175.000006008,0.000000000,-2.684087276,20.000000000,8.000000000,-2.967059612,-169.999993347,0.000000000,2.759989023,20.000000000,6.500000000,0.174532920,9.999999709,0.000000000,0.417548507,12.000000000,3.200000048,0.000000000,0.000000000,0.000000000,-0.000032980,0.500000000,0.100000001
2026-07-07 01:49:28.359,1783360168.359402895,243.623843521,1,1,243.596444499,1,0.001984824,5,1,0.008216257,5,1,0,0,0,0,1,1,1,1,1,1,0.024774708,0.161672279,-0.173176703,1.488159484,1,242.627987912,12,1,12,1:-1.251:2.428|2:-0.428:2.425|3:0.392:2.424|4:1.223:2.419|5:1.228:1.589|6:0.405:1.588|7:-0.440:1.588|8:-1.261:1.589|9:-1.185:4.911|10:-0.390:4.902|11:0.375:4.903|12:1.182:4.901,1,104.405026035,place,10,8,-0.786029000,4.882139000,1,104.404968439,1,received,1,95.388631899,completed,1,95.388497128,1,received,1,-0.144006729,-8.250977800,-0.007326126,-0.007326126,1,3.284978151,188.215383863,-0.002442360,0.020513535,1,-2.920386314,-167.325810362,0.002442360,-0.047863007,0,0.169947624,9.737281605,-0.007326126,-0.007326126,1,0.165475845,9.481067549,-0.012210846,-0.003663063,0.000000000,0.000000000,0.000000000,-0.000000000,13.000000000,2.200000048,3.054326296,175.000006008,0.000000000,-2.684087276,20.000000000,8.000000000,-2.967059612,-169.999993347,0.000000000,2.759989023,20.000000000,6.500000000,0.174532920,9.999999709,0.000000000,0.417548507,12.000000000,3.200000048,0.000000000,0.000000000,0.000000000,-0.000032980,0.500000000,0.100000001
2026-07-07 01:49:29.359,1783360169.359442234,244.623882735,1,1,244.596483713,1,0.001872540,5,1,0.008310163,5,1,0,0,0,0,1,1,1,1,1,1,0.025277049,0.160396683,-0.168218790,1.489088390,1,243.628027126,12,1,12,1:-1.251:2.428|2:-0.428:2.425|3:0.392:2.424|4:1.223:2.419|5:1.228:1.589|6:0.405:1.588|7:-0.440:1.588|8:-1.261:1.589|9:-1.185:4.911|10:-0.390:4.902|11:0.375:4.903|12:1.182:4.901,1,105.405065249,place,10,8,-0.786029000,4.882139000,1,105.405007653,1,received,1,96.388671113,completed,1,96.388536342,1,received,1,-0.144006729,-8.250977800,-0.007326126,-0.007326126,1,3.284978151,188.215383863,-0.002442360,0.020513535,1,-2.920386314,-167.325810362,-0.002442360,-0.047863007,0,0.169947624,9.737281605,-0.007326126,-0.007326126,1,0.165859222,9.503033438,-0.012210846,-0.003663063,0.000000000,0.000000000,0.000000000,-0.000000000,13.000000000,2.200000048,3.054326296,175.000006008,0.000000000,-2.684087276,20.000000000,8.000000000,-2.967059612,-169.999993347,0.000000000,2.759989023,20.000000000,6.500000000,0.174532920,9.999999709,0.000000000,0.417548507,12.000000000,3.200000048,0.000000000,0.000000000,0.000000000,-0.000032980,0.500000000,0.100000001
2026-07-07 01:49:30.359,1783360170.359462976,245.623903630,1,1,245.596504608,1,0.001850284,5,1,0.008226479,5,1,0,0,0,0,1,1,1,1,1,1,0.025292890,0.158232903,-0.169678498,1.489643864,1,244.628048021,12,1,12,1:-1.251:2.428|2:-0.428:2.425|3:0.392:2.424|4:1.223:2.419|5:1.228:1.589|6:0.405:1.588|7:-0.440:1.588|8:-1.261:1.589|9:-1.185:4.911|10:-0.390:4.902|11:0.375:4.903|12:1.182:4.901,1,106.405086144,place,10,8,-0.786029000,4.882139000,1,106.405028548,1,received,1,97.388692008,completed,1,97.388557237,1,received,1,-0.144006729,-8.250977800,0.007326126,-0.007326126,1,3.284978151,188.215383863,-0.002442360,0.020513535,1,-2.920386314,-167.325810362,-0.002442360,-0.047863007,0,0.169947624,9.737281605,-0.007326126,-0.007326126,1,0.165475845,9.481067549,-0.036628723,-0.003663063,0.000000000,0.000000000,0.000000000,-0.000000000,13.000000000,2.200000048,3.054326296,175.000006008,0.000000000,-2.684087276,20.000000000,8.000000000,-2.967059612,-169.999993347,0.000000000,2.759989023,20.000000000,6.500000000,0.174532920,9.999999709,0.000000000,0.417548507,12.000000000,3.200000048,0.000000000,0.000000000,0.000000000,-0.000032980,0.500000000,0.100000001
2026-07-07 01:49:31.359,1783360171.359485865,246.623926516,1,1,246.596527494,1,0.001883061,5,1,0.008170904,5,1,0,0,0,0,1,1,1,1,1,1,0.025281338,0.164719517,-0.168006153,1.489747897,1,245.628070907,12,1,12,1:-1.251:2.428|2:-0.428:2.425|3:0.392:2.424|4:1.223:2.419|5:1.228:1.589|6:0.405:1.588|7:-0.440:1.588|8:-1.261:1.589|9:-1.185:4.911|10:-0.390:4.902|11:0.375:4.903|12:1.182:4.901,1,107.405109030,place,10,8,-0.786029000,4.882139000,1,107.405051434,1,received,1,98.388714894,completed,1,98.388580123,1,received,1,-0.144006729,-8.250977800,0.007326126,-0.007326126,1,3.284978151,188.215383863,-0.002442360,0.034187317,1,-2.920386314,-167.325810362,-0.002442360,-0.047863007,0,0.169947624,9.737281605,-0.007326126,-0.007326126,1,0.165475845,9.481067549,-0.012210846,-0.003663063,0.000000000,0.000000000,0.000000000,-0.000000000,13.000000000,2.200000048,3.054326296,175.000006008,0.000000000,-2.684087276,20.000000000,8.000000000,-2.967059612,-169.999993347,0.000000000,2.759989023,20.000000000,6.500000000,0.174532920,9.999999709,0.000000000,0.417548507,12.000000000,3.200000048,0.000000000,0.000000000,0.000000000,-0.000032980,0.500000000,0.100000001
2026-07-07 01:49:32.359,1783360172.359533548,247.623974065,1,1,247.596575043,1,0.001967696,5,1,0.008317927,5,1,0,0,0,0,1,1,1,1,1,1,0.025282080,0.163572362,-0.168772019,1.488665302,1,246.628118456,12,1,12,1:-1.251:2.428|2:-0.428:2.425|3:0.392:2.424|4:1.223:2.419|5:1.228:1.589|6:0.405:1.588|7:-0.440:1.588|8:-1.261:1.589|9:-1.185:4.911|10:-0.390:4.902|11:0.375:4.903|12:1.182:4.901,1,108.405156579,place,10,8,-0.786029000,4.882139000,1,108.405098983,1,received,1,99.388762443,completed,1,99.388627672,1,received,1,-0.144006729,-8.250977800,-0.007326126,-0.007326126,1,3.284978151,188.215383863,0.002442360,0.034187317,1,-2.920386314,-167.325810362,-0.007326126,-0.047863007,0,0.169947624,9.737281605,-0.007326126,-0.007326126,1,0.165859222,9.503033438,0.012210846,-0.003663063,0.000000000,0.000000000,0.000000000,-0.000000000,13.000000000,2.200000048,3.054326296,175.000006008,0.000000000,-2.684087276,20.000000000,8.000000000,-2.967059612,-169.999993347,0.000000000,2.759989023,20.000000000,6.500000000,0.174532920,9.999999709,0.000000000,0.417548507,12.000000000,3.200000048,0.000000000,0.000000000,0.000000000,-0.000032980,0.500000000,0.100000001
2026-07-07 01:49:33.359,1783360173.359555006,248.623995666,1,1,248.596596644,1,0.002022130,5,1,0.008254273,5,1,0,0,0,0,1,1,1,1,1,1,0.025311083,0.158180490,-0.168943181,1.489223634,1,247.628140057,12,1,12,1:-1.251:2.428|2:-0.428:2.425|3:0.392:2.424|4:1.223:2.419|5:1.228:1.589|6:0.405:1.588|7:-0.440:1.588|8:-1.261:1.589|9:-1.185:4.911|10:-0.390:4.902|11:0.375:4.903|12:1.182:4.901,1,109.405178180,place,10,8,-0.786029000,4.882139000,1,109.405120584,1,received,1,100.388784044,completed,1,100.388649273,1,received,1,-0.144006729,-8.250977800,-0.007326126,-0.007326126,1,3.284978151,188.215383863,0.002442360,0.020513535,1,-2.920386314,-167.325810362,-0.002442360,-0.034187317,0,0.169947624,9.737281605,-0.007326126,-0.007326126,1,0.165475845,9.481067549,0.012210846,-0.003663063,0.000000000,0.000000000,0.000000000,-0.000000000,13.000000000,2.200000048,3.054326296,175.000006008,0.000000000,-2.684087276,20.000000000,8.000000000,-2.967059612,-169.999993347,0.000000000,2.759989023,20.000000000,6.500000000,0.174532920,9.999999709,0.000000000,0.417548507,12.000000000,3.200000048,0.000000000,0.000000000,0.000000000,-0.000032980,0.500000000,0.100000001
2026-07-07 01:49:34.359,1783360174.359561443,249.624002194,1,1,249.596603172,1,0.001958030,5,1,0.008210764,5,1,0,0,0,0,1,1,1,1,1,1,0.025328523,0.157445990,-0.170698032,1.488789510,1,248.628146585,12,1,12,1:-1.251:2.428|2:-0.428:2.425|3:0.392:2.424|4:1.223:2.419|5:1.228:1.589|6:0.405:1.588|7:-0.440:1.588|8:-1.261:1.589|9:-1.185:4.911|10:-0.390:4.902|11:0.375:4.903|12:1.182:4.901,1,110.405184708,place,10,8,-0.786029000,4.882139000,1,110.405127112,1,received,1,101.388790572,completed,1,101.388655801,1,received,1,-0.144006729,-8.250977800,-0.007326126,-0.007326126,1,3.284978151,188.215383863,0.002442360,0.034187317,1,-2.920386314,-167.325810362,-0.002442360,-0.047863007,0,0.169947624,9.737281605,-0.007326126,-0.007326126,1,0.165475845,9.481067549,0.012210846,-0.003663063,0.000000000,0.000000000,0.000000000,-0.000000000,13.000000000,2.200000048,3.054326296,175.000006008,0.000000000,-2.684087276,20.000000000,8.000000000,-2.967059612,-169.999993347,0.000000000,2.759989023,20.000000000,6.500000000,0.174532920,9.999999709,0.000000000,0.417548507,12.000000000,3.200000048,0.000000000,0.000000000,0.000000000,-0.000032980,0.500000000,0.100000001
2026-07-07 01:49:35.359,1783360175.359586477,250.624027233,1,1,250.596628211,1,0.001955977,5,1,0.008230036,5,1,0,0,0,0,1,1,1,1,1,1,0.025266877,0.153914429,-0.171803285,1.488283345,1,249.628171624,12,1,12,1:-1.251:2.428|2:-0.428:2.425|3:0.392:2.424|4:1.223:2.419|5:1.228:1.589|6:0.405:1.588|7:-0.440:1.588|8:-1.261:1.589|9:-1.185:4.911|10:-0.390:4.902|11:0.375:4.903|12:1.182:4.901,1,111.405209747,place,10,8,-0.786029000,4.882139000,1,111.405152151,1,received,1,102.388815611,completed,1,102.388680840,1,received,1,-0.144006729,-8.250977800,-0.007326126,-0.007326126,1,3.284978151,188.215383863,-0.002442360,0.034187317,1,-2.920386314,-167.325810362,-0.002442360,-0.047863007,0,0.169947624,9.737281605,-0.007326126,-0.007326126,1,0.165475845,9.481067549,-0.012210846,-0.003663063,0.000000000,0.000000000,0.000000000,-0.000000000,13.000000000,2.200000048,3.054326296,175.000006008,0.000000000,-2.684087276,20.000000000,8.000000000,-2.967059612,-169.999993347,0.000000000,2.759989023,20.000000000,6.500000000,0.174532920,9.999999709,0.000000000,0.417548507,12.000000000,3.200000048,0.000000000,0.000000000,0.000000000,-0.000032980,0.500000000,0.100000001
2026-07-07 01:49:36.359,1783360176.359641790,251.624082326,1,1,251.596683304,1,0.001829141,5,1,0.008256440,5,1,0,0,0,0,1,1,1,1,1,1,0.025202796,0.158194843,-0.169978516,1.489144047,1,250.628226717,12,1,12,1:-1.251:2.428|2:-0.428:2.425|3:0.392:2.424|4:1.223:2.419|5:1.228:1.589|6:0.405:1.588|7:-0.440:1.588|8:-1.261:1.589|9:-1.185:4.911|10:-0.390:4.902|11:0.375:4.903|12:1.182:4.901,1,112.405264840,place,10,8,-0.786029000,4.882139000,1,112.405207244,1,received,1,103.388870704,completed,1,103.388735933,1,received,1,-0.144006729,-8.250977800,-0.007326126,-0.007326126,1,3.284978151,188.215383863,-0.002442360,0.020513535,1,-2.920386314,-167.325810362,0.002442360,-0.047863007,0,0.169947624,9.737281605,-0.007326126,-0.007326126,1,0.165859222,9.503033438,0.012210846,-0.003663063,0.000000000,0.000000000,0.000000000,-0.000000000,13.000000000,2.200000048,3.054326296,175.000006008,0.000000000,-2.684087276,20.000000000,8.000000000,-2.967059612,-169.999993347,0.000000000,2.759989023,20.000000000,6.500000000,0.174532920,9.999999709,0.000000000,0.417548507,12.000000000,3.200000048,0.000000000,0.000000000,0.000000000,-0.000032980,0.500000000,0.100000001
2026-07-07 01:49:37.359,1783360177.359591484,252.624032146,1,1,252.596633124,1,0.001798943,5,1,0.008170474,5,1,0,0,0,0,1,1,1,1,1,1,0.025228735,0.153694753,-0.168722063,1.489184424,1,251.628176537,12,1,12,1:-1.251:2.428|2:-0.428:2.425|3:0.392:2.424|4:1.223:2.419|5:1.228:1.589|6:0.405:1.588|7:-0.440:1.588|8:-1.261:1.589|9:-1.185:4.911|10:-0.390:4.902|11:0.375:4.903|12:1.182:4.901,1,113.405214660,place,10,8,-0.786029000,4.882139000,1,113.405157064,1,received,1,104.388820524,completed,1,104.388685753,1,received,1,-0.144006729,-8.250977800,-0.007326126,-0.007326126,1,3.284978151,188.215383863,-0.002442360,0.020513535,1,-2.920386314,-167.325810362,-0.002442360,-0.034187317,0,0.164607048,9.431289130,0.007326126,-0.007326126,1,0.165859222,9.503033438,-0.012210846,-0.003663063,0.000000000,0.000000000,0.000000000,-0.000000000,13.000000000,2.200000048,3.054326296,175.000006008,0.000000000,-2.684087276,20.000000000,8.000000000,-2.967059612,-169.999993347,0.000000000,2.759989023,20.000000000,6.500000000,0.174532920,9.999999709,0.000000000,0.417548507,12.000000000,3.200000048,0.000000000,0.000000000,0.000000000,-0.000032980,0.500000000,0.100000001
2026-07-07 01:49:38.359,1783360178.359629869,253.624070418,1,1,253.596671396,1,0.001976626,5,1,0.008308950,5,1,0,0,0,0,1,1,1,1,1,1,0.025403993,0.155987984,-0.170556113,1.488809989,1,252.628214809,12,1,12,1:-1.251:2.428|2:-0.428:2.425|3:0.392:2.424|4:1.223:2.419|5:1.228:1.589|6:0.405:1.588|7:-0.440:1.588|8:-1.261:1.589|9:-1.185:4.911|10:-0.390:4.902|11:0.375:4.903|12:1.182:4.901,1,114.405252932,place,10,8,-0.786029000,4.882139000,1,114.405195336,1,received,1,105.388858796,completed,1,105.388724025,1,received,1,-0.144006729,-8.250977800,-0.021978378,-0.007326126,1,3.284978151,188.215383863,-0.002442360,0.020513535,1,-2.920386314,-167.325810362,-0.007326126,-0.034187317,0,0.164607048,9.431289130,0.007326126,-0.007326126,1,0.165859222,9.503033438,0.012210846,-0.003663063,0.000000000,0.000000000,0.000000000,-0.000000000,13.000000000,2.200000048,3.054326296,175.000006008,0.000000000,-2.684087276,20.000000000,8.000000000,-2.967059612,-169.999993347,0.000000000,2.759989023,20.000000000,6.500000000,0.174532920,9.999999709,0.000000000,0.417548507,12.000000000,3.200000048,0.000000000,0.000000000,0.000000000,-0.000032980,0.500000000,0.100000001
2026-07-07 01:49:39.359,1783360179.359592438,254.624033089,1,1,254.596634067,1,0.002023517,5,1,0.008265754,5,1,0,0,0,0,1,1,1,1,1,1,0.025284956,0.154643884,-0.168978431,1.488712026,1,253.628177480,12,1,12,1:-1.251:2.428|2:-0.428:2.425|3:0.392:2.424|4:1.223:2.419|5:1.228:1.589|6:0.405:1.588|7:-0.440:1.588|8:-1.261:1.589|9:-1.185:4.911|10:-0.390:4.902|11:0.375:4.903|12:1.182:4.901,1,115.405215603,place,10,8,-0.786029000,4.882139000,1,115.405158007,1,received,1,106.388821467,completed,1,106.388686696,1,received,1,-0.144006729,-8.250977800,-0.007326126,-0.007326126,1,3.284978151,188.215383863,-0.002442360,0.020513535,1,-2.920386314,-167.325810362,-0.002442360,-0.047863007,0,0.164607048,9.431289130,0.007326126,-0.007326126,1,0.165859222,9.503033438,-0.012210846,-0.003663063,0.000000000,0.000000000,0.000000000,-0.000000000,13.000000000,2.200000048,3.054326296,175.000006008,0.000000000,-2.684087276,20.000000000,8.000000000,-2.967059612,-169.999993347,0.000000000,2.759989023,20.000000000,6.500000000,0.174532920,9.999999709,0.000000000,0.417548507,12.000000000,3.200000048,0.000000000,0.000000000,0.000000000,-0.000032980,0.500000000,0.100000001
2026-07-07 01:49:40.359,1783360180.359609604,255.624050157,1,1,255.596651135,1,0.001769269,5,1,0.008239736,5,1,0,0,0,0,1,1,1,1,1,1,0.025337261,0.151376906,-0.170479209,1.488449256,1,254.628194548,12,1,12,1:-1.251:2.428|2:-0.428:2.425|3:0.392:2.424|4:1.223:2.419|5:1.228:1.589|6:0.405:1.588|7:-0.440:1.588|8:-1.261:1.589|9:-1.185:4.911|10:-0.390:4.902|11:0.375:4.903|12:1.182:4.901,1,116.405232671,place,10,8,-0.786029000,4.882139000,1,116.405175075,1,received,1,107.388838535,completed,1,107.388703764,1,received,1,-0.144006729,-8.250977800,-0.007326126,-0.007326126,1,3.284978151,188.215383863,0.002442360,0.020513535,1,-2.920386314,-167.325810362,-0.002442360,-0.034187317,0,0.164607048,9.431289130,0.007326126,-0.007326126,1,0.165475845,9.481067549,-0.012210846,-0.003663063,0.000000000,0.000000000,0.000000000,-0.000000000,13.000000000,2.200000048,3.054326296,175.000006008,0.000000000,-2.684087276,20.000000000,8.000000000,-2.967059612,-169.999993347,0.000000000,2.759989023,20.000000000,6.500000000,0.174532920,9.999999709,0.000000000,0.417548507,12.000000000,3.200000048,0.000000000,0.000000000,0.000000000,-0.000032980,0.500000000,0.100000001
2026-07-07 01:49:41.359,1783360181.359587908,256.624028314,1,1,256.596629292,1,0.001825782,5,1,0.008218783,5,1,0,0,0,0,1,1,1,1,1,1,0.025234749,0.162152371,-0.167288785,1.488687015,1,255.628172705,12,1,12,1:-1.251:2.428|2:-0.428:2.425|3:0.392:2.424|4:1.223:2.419|5:1.228:1.589|6:0.405:1.588|7:-0.440:1.588|8:-1.261:1.589|9:-1.185:4.911|10:-0.390:4.902|11:0.375:4.903|12:1.182:4.901,1,117.405210828,place,10,8,-0.786029000,4.882139000,1,117.405153232,1,received,1,108.388816692,completed,1,108.388681921,1,received,1,-0.144006729,-8.250977800,-0.007326126,-0.007326126,1,3.284978151,188.215383863,-0.002442360,0.020513535,1,-2.920386314,-167.325810362,-0.002442360,-0.047863007,0,0.164607048,9.431289130,0.007326126,-0.007326126,1,0.165475845,9.481067549,0.012210846,-0.003663063,0.000000000,0.000000000,0.000000000,-0.000000000,13.000000000,2.200000048,3.054326296,175.000006008,0.000000000,-2.684087276,20.000000000,8.000000000,-2.967059612,-169.999993347,0.000000000,2.759989023,20.000000000,6.500000000,0.174532920,9.999999709,0.000000000,0.417548507,12.000000000,3.200000048,0.000000000,0.000000000,0.000000000,-0.000032980,0.500000000,0.100000001
2026-07-07 01:49:42.359,1783360182.359559774,257.624000273,1,1,257.596601251,1,0.002053989,5,1,0.008229093,5,1,0,0,0,0,1,1,1,1,1,1,0.025188128,0.154059432,-0.166834049,1.488759857,1,256.628144664,12,1,12,1:-1.251:2.428|2:-0.428:2.425|3:0.392:2.424|4:1.223:2.419|5:1.228:1.589|6:0.405:1.588|7:-0.440:1.588|8:-1.261:1.589|9:-1.185:4.911|10:-0.390:4.902|11:0.375:4.903|12:1.182:4.901,1,118.405182787,place,10,8,-0.786029000,4.882139000,1,118.405125191,1,received,1,109.388788651,completed,1,109.388653880,1,received,1,-0.144006729,-8.250977800,-0.021978378,-0.007326126,1,3.284978151,188.215383863,-0.002442360,0.034187317,1,-2.920386314,-167.325810362,-0.002442360,-0.034187317,0,0.164607048,9.431289130,0.007326126,-0.007326126,1,0.165859222,9.503033438,0.012210846,-0.003663063,0.000000000,0.000000000,0.000000000,-0.000000000,13.000000000,2.200000048,3.054326296,175.000006008,0.000000000,-2.684087276,20.000000000,8.000000000,-2.967059612,-169.999993347,0.000000000,2.759989023,20.000000000,6.500000000,0.174532920,9.999999709,0.000000000,0.417548507,12.000000000,3.200000048,0.000000000,0.000000000,0.000000000,-0.000032980,0.500000000,0.100000001
2026-07-07 01:49:43.359,1783360183.359535933,258.623976476,1,1,258.596577454,1,0.002046901,5,1,0.008174173,5,1,0,0,0,0,1,1,1,1,1,1,0.025268234,0.159165671,-0.168012917,1.489049649,1,257.628120867,12,1,12,1:-1.251:2.428|2:-0.428:2.425|3:0.392:2.424|4:1.223:2.419|5:1.228:1.589|6:0.405:1.588|7:-0.440:1.588|8:-1.261:1.589|9:-1.185:4.911|10:-0.390:4.902|11:0.375:4.903|12:1.182:4.901,1,119.405158990,place,10,8,-0.786029000,4.882139000,1,119.405101394,1,received,1,110.388764854,completed,1,110.388630083,1,received,1,-0.144006729,-8.250977800,-0.007326126,-0.007326126,1,3.284978151,188.215383863,-0.002442360,0.034187317,1,-2.920386314,-167.325810362,-0.002442360,-0.034187317,0,0.164607048,9.431289130,0.007326126,-0.007326126,1,0.165475845,9.481067549,0.012210846,-0.003663063,0.000000000,0.000000000,0.000000000,-0.000000000,13.000000000,2.200000048,3.054326296,175.000006008,0.000000000,-2.684087276,20.000000000,8.000000000,-2.967059612,-169.999993347,0.000000000,2.759989023,20.000000000,6.500000000,0.174532920,9.999999709,0.000000000,0.417548507,12.000000000,3.200000048,0.000000000,0.000000000,0.000000000,-0.000032980,0.500000000,0.100000001
2026-07-07 01:49:44.359,1783360184.359511614,259.623952110,1,1,259.596553088,1,0.001787364,5,1,0.008230287,5,1,0,0,0,0,1,1,1,1,1,1,0.025291077,0.163817856,-0.163253904,1.489399697,1,258.628096501,12,1,12,1:-1.251:2.428|2:-0.428:2.425|3:0.392:2.424|4:1.223:2.419|5:1.228:1.589|6:0.405:1.588|7:-0.440:1.588|8:-1.261:1.589|9:-1.185:4.911|10:-0.390:4.902|11:0.375:4.903|12:1.182:4.901,1,120.405134624,place,10,8,-0.786029000,4.882139000,1,120.405077028,1,received,1,111.388740488,completed,1,111.388605717,1,received,1,-0.144006729,-8.250977800,0.007326126,-0.007326126,1,3.284978151,188.215383863,-0.002442360,0.020513535,1,-2.920386314,-167.325810362,-0.002442360,-0.047863007,0,0.164607048,9.431289130,0.007326126,-0.007326126,1,0.165475845,9.481067549,-0.012210846,-0.003663063,0.000000000,0.000000000,0.000000000,-0.000000000,13.000000000,2.200000048,3.054326296,175.000006008,0.000000000,-2.684087276,20.000000000,8.000000000,-2.967059612,-169.999993347,0.000000000,2.759989023,20.000000000,6.500000000,0.174532920,9.999999709,0.000000000,0.417548507,12.000000000,3.200000048,0.000000000,0.000000000,0.000000000,-0.000032980,0.500000000,0.100000001
2026-07-07 01:49:45.359,1783360185.359516144,260.623956786,1,1,260.596557764,1,0.001618214,5,1,0.008251730,5,1,0,0,0,0,1,1,1,1,1,1,0.025193381,0.158223322,-0.170118497,1.489103792,1,259.628101177,12,1,12,1:-1.251:2.428|2:-0.428:2.425|3:0.392:2.424|4:1.223:2.419|5:1.228:1.589|6:0.405:1.588|7:-0.440:1.588|8:-1.261:1.589|9:-1.185:4.911|10:-0.390:4.902|11:0.375:4.903|12:1.182:4.901,1,121.405139300,place,10,8,-0.786029000,4.882139000,1,121.405081704,1,received,1,112.388745164,completed,1,112.388610393,1,received,1,-0.144006729,-8.250977800,-0.007326126,-0.007326126,1,3.284978151,188.215383863,-0.002442360,0.034187317,1,-2.920386314,-167.325810362,-0.002442360,-0.047863007,0,0.164607048,9.431289130,0.007326126,-0.007326126,1,0.165859222,9.503033438,-0.036628723,-0.003663063,0.000000000,0.000000000,0.000000000,-0.000000000,13.000000000,2.200000048,3.054326296,175.000006008,0.000000000,-2.684087276,20.000000000,8.000000000,-2.967059612,-169.999993347,0.000000000,2.759989023,20.000000000,6.500000000,0.174532920,9.999999709,0.000000000,0.417548507,12.000000000,3.200000048,0.000000000,0.000000000,0.000000000,-0.000032980,0.500000000,0.100000001
2026-07-07 01:49:46.359,1783360186.359490395,261.623930851,1,1,261.596531829,1,0.001673385,5,1,0.008177507,5,1,0,0,0,0,1,1,1,1,1,1,0.025046227,0.163602195,-0.167120124,1.488136408,1,260.628075242,12,1,12,1:-1.251:2.428|2:-0.428:2.425|3:0.392:2.424|4:1.223:2.419|5:1.228:1.589|6:0.405:1.588|7:-0.440:1.588|8:-1.261:1.589|9:-1.185:4.911|10:-0.390:4.902|11:0.375:4.903|12:1.182:4.901,1,122.405113365,place,10,8,-0.786029000,4.882139000,1,122.405055769,1,received,1,113.388719229,completed,1,113.388584458,1,received,1,-0.144006729,-8.250977800,0.007326126,-0.007326126,1,3.284978151,188.215383863,-0.007326126,0.034187317,1,-2.920386314,-167.325810362,-0.002442360,-0.047863007,0,0.164607048,9.431289130,0.007326126,-0.007326126,1,0.165859222,9.503033438,-0.012210846,-0.003663063,0.000000000,0.000000000,0.000000000,-0.000000000,13.000000000,2.200000048,3.054326296,175.000006008,0.000000000,-2.684087276,20.000000000,8.000000000,-2.967059612,-169.999993347,0.000000000,2.759989023,20.000000000,6.500000000,0.174532920,9.999999709,0.000000000,0.417548507,12.000000000,3.200000048,0.000000000,0.000000000,0.000000000,-0.000032980,0.500000000,0.100000001
2026-07-07 01:49:47.359,1783360187.359643936,262.624084466,1,1,262.596685444,1,0.002018512,5,1,0.008453025,5,1,0,0,0,0,1,1,1,1,1,1,0.025346341,0.159762117,-0.174248378,1.488648445,1,261.628228857,12,1,12,1:-1.251:2.428|2:-0.428:2.425|3:0.392:2.424|4:1.223:2.419|5:1.228:1.589|6:0.405:1.588|7:-0.440:1.588|8:-1.261:1.589|9:-1.185:4.911|10:-0.390:4.902|11:0.375:4.903|12:1.182:4.901,1,123.405266980,place,10,8,-0.786029000,4.882139000,1,123.405209384,1,received,1,114.388872844,completed,1,114.388738073,1,received,1,-0.144006729,-8.250977800,-0.007326126,-0.007326126,1,3.284978151,188.215383863,0.002442360,0.020513535,1,-2.920386314,-167.325810362,-0.002442360,-0.034187317,0,0.164607048,9.431289130,-0.007326126,-0.007326126,1,0.165859222,9.503033438,0.012210846,-0.003663063,0.000000000,0.000000000,0.000000000,-0.000000000,13.000000000,2.200000048,3.054326296,175.000006008,0.000000000,-2.684087276,20.000000000,8.000000000,-2.967059612,-169.999993347,0.000000000,2.759989023,20.000000000,6.500000000,0.174532920,9.999999709,0.000000000,0.417548507,12.000000000,3.200000048,0.000000000,0.000000000,0.000000000,-0.000032980,0.500000000,0.100000001
2026-07-07 01:49:48.359,1783360188.359520197,263.623960845,1,1,263.596561823,1,0.002079000,5,1,0.008344096,5,1,0,0,0,0,1,1,1,1,1,1,0.025050092,0.161755872,-0.175777729,1.488658417,1,262.628105236,12,1,12,1:-1.251:2.428|2:-0.428:2.425|3:0.392:2.424|4:1.223:2.419|5:1.228:1.589|6:0.405:1.588|7:-0.440:1.588|8:-1.261:1.589|9:-1.185:4.911|10:-0.390:4.902|11:0.375:4.903|12:1.182:4.901,1,124.405143359,place,10,8,-0.786029000,4.882139000,1,124.405085763,1,received,1,115.388749223,completed,1,115.388614452,1,received,1,-0.144006729,-8.250977800,0.007326126,-0.007326126,1,3.284596682,188.193527258,-0.002442360,0.034187317,1,-2.920386314,-167.325810362,-0.002442360,-0.034187317,0,0.164988518,9.453145736,-0.007326126,-0.007326126,1,0.165475845,9.481067549,0.012210846,-0.003663063,0.000000000,0.000000000,0.000000000,-0.000000000,13.000000000,2.200000048,3.054326296,175.000006008,0.000000000,-2.684087276,20.000000000,8.000000000,-2.967059612,-169.999993347,0.000000000,2.759989023,20.000000000,6.500000000,0.174532920,9.999999709,0.000000000,0.417548507,12.000000000,3.200000048,0.000000000,0.000000000,0.000000000,-0.000032980,0.500000000,0.100000001
2026-07-07 01:49:49.359,1783360189.359349012,264.623789616,1,1,264.596390594,1,0.001756299,5,1,0.008036820,5,1,0,0,0,0,1,1,1,1,1,1,0.025033212,0.160168991,-0.169975868,1.489174234,1,263.627934007,12,1,12,1:-1.251:2.428|2:-0.428:2.425|3:0.392:2.424|4:1.223:2.419|5:1.228:1.589|6:0.405:1.588|7:-0.440:1.588|8:-1.261:1.589|9:-1.185:4.911|10:-0.390:4.902|11:0.375:4.903|12:1.182:4.901,1,125.404972130,place,10,8,-0.786029000,4.882139000,1,125.404914534,1,received,1,116.388577994,completed,1,116.388443223,1,received,1,-0.144006729,-8.250977800,-0.021978378,-0.007326126,1,3.284978151,188.215383863,-0.002442360,0.020513535,1,-2.920386314,-167.325810362,-0.007326126,-0.034187317,0,0.164988518,9.453145736,-0.007326126,-0.007326126,1,0.165475845,9.481067549,-0.012210846,-0.003663063,0.000000000,0.000000000,0.000000000,-0.000000000,13.000000000,2.200000048,3.054326296,175.000006008,0.000000000,-2.684087276,20.000000000,8.000000000,-2.967059612,-169.999993347,0.000000000,2.759989023,20.000000000,6.500000000,0.174532920,9.999999709,0.000000000,0.417548507,12.000000000,3.200000048,0.000000000,0.000000000,0.000000000,-0.000032980,0.500000000,0.100000001
2026-07-07 01:49:50.359,1783360190.359275103,265.623715661,1,1,265.596316639,1,0.001902748,5,1,0.008038987,5,1,0,0,0,0,1,1,1,1,1,1,0.024927716,0.146767982,-0.168853645,1.492048423,1,264.627860052,12,1,12,1:-1.251:2.428|2:-0.428:2.425|3:0.392:2.424|4:1.223:2.419|5:1.228:1.589|6:0.405:1.588|7:-0.440:1.588|8:-1.261:1.589|9:-1.185:4.911|10:-0.390:4.902|11:0.375:4.903|12:1.182:4.901,1,126.404898175,place,10,8,-0.786029000,4.882139000,1,126.404840579,1,received,1,117.388504039,completed,1,117.388369268,1,received,1,-0.138666153,-7.944985326,-0.007326126,-0.002442360,1,3.284978151,188.215383863,-0.002442360,0.034187317,1,-2.920386314,-167.325810362,-0.002442360,-0.034187317,0,0.164988518,9.453145736,-0.007326126,-0.007326126,1,0.165475845,9.481067549,-0.012210846,-0.003663063,0.000000000,0.000000000,0.000000000,-0.000000000,13.000000000,2.200000048,3.054326296,175.000006008,0.000000000,-2.684087276,20.000000000,8.000000000,-2.967059612,-169.999993347,0.000000000,2.759989023,20.000000000,6.500000000,0.174532920,9.999999709,0.000000000,0.417548507,12.000000000,3.200000048,0.000000000,0.000000000,0.000000000,-0.000032980,0.500000000,0.100000001
2026-07-07 01:49:51.359,1783360191.359327316,266.623767770,1,1,266.596368748,1,0.001843020,5,1,0.008209344,5,1,0,0,0,0,1,1,1,1,1,1,0.025227539,0.162971373,-0.170254295,1.492185421,1,265.627912161,12,1,12,1:-1.251:2.428|2:-0.428:2.425|3:0.392:2.424|4:1.223:2.419|5:1.228:1.589|6:0.405:1.588|7:-0.440:1.588|8:-1.261:1.589|9:-1.185:4.911|10:-0.390:4.902|11:0.375:4.903|12:1.182:4.901,1,127.404950284,place,10,8,-0.786029000,4.882139000,1,127.404892688,1,received,1,118.388556148,completed,1,118.388421377,1,received,1,-0.138666153,-7.944985326,0.007326126,-0.002442360,1,3.284978151,188.215383863,-0.002442360,0.020513535,1,-2.920386314,-167.325810362,-0.002442360,-0.034187317,0,0.164988518,9.453145736,-0.007326126,-0.007326126,1,0.165859222,9.503033438,0.012210846,-0.003663063,0.000000000,0.000000000,0.000000000,-0.000000000,13.000000000,2.200000048,3.054326296,175.000006008,0.000000000,-2.684087276,20.000000000,8.000000000,-2.967059612,-169.999993347,0.000000000,2.759989023,20.000000000,6.500000000,0.174532920,9.999999709,0.000000000,0.417548507,12.000000000,3.200000048,0.000000000,0.000000000,0.000000000,-0.000032980,0.500000000,0.100000001
2026-07-07 01:49:52.359,1783360192.359155893,267.623596601,1,1,267.596197579,1,0.001802329,5,1,0.008191252,5,1,0,0,0,0,1,1,1,1,1,1,0.025166041,0.160130020,-0.172249064,1.491409084,1,266.627740992,12,1,12,1:-1.251:2.428|2:-0.428:2.425|3:0.392:2.424|4:1.223:2.419|5:1.228:1.589|6:0.405:1.588|7:-0.440:1.588|8:-1.261:1.589|9:-1.185:4.911|10:-0.390:4.902|11:0.375:4.903|12:1.182:4.901,1,128.404779115,place,10,8,-0.786029000,4.882139000,1,128.404721519,1,received,1,119.388384979,completed,1,119.388250208,1,received,1,-0.138666153,-7.944985326,-0.007326126,-0.002442360,1,3.284978151,188.215383863,0.002442360,0.034187317,1,-2.920386314,-167.325810362,-0.002442360,-0.047863007,0,0.164988518,9.453145736,-0.007326126,-0.007326126,1,0.165859222,9.503033438,0.012210846,-0.003663063,0.000000000,0.000000000,0.000000000,-0.000000000,13.000000000,2.200000048,3.054326296,175.000006008,0.000000000,-2.684087276,20.000000000,8.000000000,-2.967059612,-169.999993347,0.000000000,2.759989023,20.000000000,6.500000000,0.174532920,9.999999709,0.000000000,0.417548507,12.000000000,3.200000048,0.000000000,0.000000000,0.000000000,-0.000032980,0.500000000,0.100000001
2026-07-07 01:49:53.359,1783360193.359151602,268.623592128,1,1,268.596193106,1,0.001384880,5,1,0.008224609,5,1,0,0,0,0,1,1,1,1,1,1,0.024912547,0.158297306,-0.168442447,1.491362426,1,267.627736519,12,1,12,1:-1.251:2.428|2:-0.428:2.425|3:0.392:2.424|4:1.223:2.419|5:1.228:1.589|6:0.405:1.588|7:-0.440:1.588|8:-1.261:1.589|9:-1.185:4.911|10:-0.390:4.902|11:0.375:4.903|12:1.182:4.901,1,129.404774642,place,10,8,-0.786029000,4.882139000,1,129.404717046,1,received,1,120.388380506,completed,1,120.388245735,1,received,1,-0.138666153,-7.944985326,-0.021978378,-0.002442360,1,3.284978151,188.215383863,-0.002442360,0.020513535,1,-2.920386314,-167.325810362,-0.002442360,-0.047863007,0,0.164988518,9.453145736,-0.007326126,-0.007326126,1,0.165475845,9.481067549,0.012210846,-0.001221180,0.000000000,0.000000000,0.000000000,-0.000000000,13.000000000,2.200000048,3.054326296,175.000006008,0.000000000,-2.684087276,20.000000000,8.000000000,-2.967059612,-169.999993347,0.000000000,2.759989023,20.000000000,6.500000000,0.174532920,9.999999709,0.000000000,0.417548507,12.000000000,3.200000048,0.000000000,0.000000000,0.000000000,-0.000032980,0.500000000,0.100000001
2026-07-07 01:49:54.359,1783360194.359056950,269.623497603,1,1,269.596098581,1,0.001702356,5,1,0.008261697,5,1,0,0,0,0,1,1,1,1,1,1,0.024887669,0.162826077,-0.169303851,1.491908283,1,268.627641994,12,1,12,1:-1.251:2.428|2:-0.428:2.425|3:0.392:2.424|4:1.223:2.419|5:1.228:1.589|6:0.405:1.588|7:-0.440:1.588|8:-1.261:1.589|9:-1.185:4.911|10:-0.390:4.902|11:0.375:4.903|12:1.182:4.901,1,130.404680117,place,10,8,-0.786029000,4.882139000,1,130.404622521,1,received,1,121.388285981,completed,1,121.388151210,1,received,1,-0.138666153,-7.944985326,-0.007326126,-0.002442360,1,3.284978151,188.215383863,-0.007326126,0.020513535,1,-2.920386314,-167.325810362,-0.002442360,-0.034187317,0,0.164988518,9.453145736,-0.007326126,-0.007326126,1,0.165859222,9.503033438,-0.012210846,-0.003663063,0.000000000,0.000000000,0.000000000,-0.000000000,13.000000000,2.200000048,3.054326296,175.000006008,0.000000000,-2.684087276,20.000000000,8.000000000,-2.967059612,-169.999993347,0.000000000,2.759989023,20.000000000,6.500000000,0.174532920,9.999999709,0.000000000,0.417548507,12.000000000,3.200000048,0.000000000,0.000000000,0.000000000,-0.000032980,0.500000000,0.100000001
2026-07-07 01:49:55.359,1783360195.358977795,270.623418280,1,1,270.596019258,1,0.001757010,5,1,0.008102172,5,1,0,0,0,0,1,1,1,1,1,1,0.025258226,0.154165271,-0.172746691,1.492166245,1,269.627562671,12,1,12,1:-1.251:2.428|2:-0.428:2.425|3:0.392:2.424|4:1.223:2.419|5:1.228:1.589|6:0.405:1.588|7:-0.440:1.588|8:-1.261:1.589|9:-1.185:4.911|10:-0.390:4.902|11:0.375:4.903|12:1.182:4.901,1,131.404600794,place,10,8,-0.786029000,4.882139000,1,131.404543198,1,received,1,122.388206658,completed,1,122.388071887,1,received,1,-0.138666153,-7.944985326,-0.007326126,-0.002442360,1,3.284978151,188.215383863,-0.002442360,0.034187317,1,-2.920386314,-167.325810362,-0.002442360,-0.047863007,0,0.164988518,9.453145736,-0.007326126,-0.007326126,1,0.165859222,9.503033438,-0.012210846,-0.003663063,0.000000000,0.000000000,0.000000000,-0.000000000,13.000000000,2.200000048,3.054326296,175.000006008,0.000000000,-2.684087276,20.000000000,8.000000000,-2.967059612,-169.999993347,0.000000000,2.759989023,20.000000000,6.500000000,0.174532920,9.999999709,0.000000000,0.417548507,12.000000000,3.200000048,0.000000000,0.000000000,0.000000000,-0.000032980,0.500000000,0.100000001
2026-07-07 01:49:56.359,1783360196.359012604,271.623453299,1,1,271.596054277,1,0.001740719,5,1,0.008246511,5,1,0,0,0,0,1,1,1,1,1,1,0.025261420,0.157918782,-0.173767018,1.491105231,1,270.627597690,12,1,12,1:-1.251:2.428|2:-0.428:2.425|3:0.392:2.424|4:1.223:2.419|5:1.228:1.589|6:0.405:1.588|7:-0.440:1.588|8:-1.261:1.589|9:-1.185:4.911|10:-0.390:4.902|11:0.375:4.903|12:1.182:4.901,1,132.404635813,place,10,8,-0.786029000,4.882139000,1,132.404578217,1,received,1,123.388241677,completed,1,123.388106906,1,received,1,-0.138666153,-7.944985326,-0.007326126,-0.002442360,1,3.284978151,188.215383863,-0.002442360,0.034187317,1,-2.920386314,-167.325810362,-0.002442360,-0.047863007,0,0.164988518,9.453145736,-0.007326126,-0.007326126,1,0.165475845,9.481067549,-0.012210846,-0.003663063,0.000000000,0.000000000,0.000000000,-0.000000000,13.000000000,2.200000048,3.054326296,175.000006008,0.000000000,-2.684087276,20.000000000,8.000000000,-2.967059612,-169.999993347,0.000000000,2.759989023,20.000000000,6.500000000,0.174532920,9.999999709,0.000000000,0.417548507,12.000000000,3.200000048,0.000000000,0.000000000,0.000000000,-0.000032980,0.500000000,0.100000001
2026-07-07 01:49:57.359,1783360197.358856916,272.623297650,1,1,272.595898628,1,0.001757590,5,1,0.008222086,5,1,0,0,0,0,1,1,1,1,1,1,0.025109104,0.159102039,-0.173168687,1.492086530,1,271.627442041,12,1,12,1:-1.251:2.428|2:-0.428:2.425|3:0.392:2.424|4:1.223:2.419|5:1.228:1.589|6:0.405:1.588|7:-0.440:1.588|8:-1.261:1.589|9:-1.185:4.911|10:-0.390:4.902|11:0.375:4.903|12:1.182:4.901,1,133.404480164,place,10,8,-0.786029000,4.882139000,1,133.404422568,1,received,1,124.388086028,completed,1,124.387951257,1,received,1,-0.138666153,-7.944985326,-0.007326126,-0.002442360,1,3.284978151,188.215383863,-0.002442360,0.020513535,1,-2.920386314,-167.325810362,-0.002442360,-0.034187317,0,0.164988518,9.453145736,-0.007326126,-0.007326126,1,0.165475845,9.481067549,-0.036628723,-0.003663063,0.000000000,0.000000000,0.000000000,-0.000000000,13.000000000,2.200000048,3.054326296,175.000006008,0.000000000,-2.684087276,20.000000000,8.000000000,-2.967059612,-169.999993347,0.000000000,2.759989023,20.000000000,6.500000000,0.174532920,9.999999709,0.000000000,0.417548507,12.000000000,3.200000048,0.000000000,0.000000000,0.000000000,-0.000032980,0.500000000,0.100000001
2026-07-07 01:49:58.358,1783360198.358732462,273.623173209,1,1,273.595774187,1,0.001753574,5,1,0.007969380,5,1,0,0,0,0,1,1,1,1,1,1,0.025020171,0.159681081,-0.173729397,1.492677149,1,272.627317600,12,1,12,1:-1.251:2.428|2:-0.428:2.425|3:0.392:2.424|4:1.223:2.419|5:1.228:1.589|6:0.405:1.588|7:-0.440:1.588|8:-1.261:1.589|9:-1.185:4.911|10:-0.390:4.902|11:0.375:4.903|12:1.182:4.901,1,134.404355723,place,10,8,-0.786029000,4.882139000,1,134.404298127,1,received,1,125.387961587,completed,1,125.387826816,1,received,1,-0.138666153,-7.944985326,-0.021978378,-0.002442360,1,3.284978151,188.215383863,-0.002442360,0.034187317,1,-2.920386314,-167.325810362,-0.002442360,-0.047863007,0,0.164988518,9.453145736,-0.007326126,-0.007326126,1,0.165859222,9.503033438,0.036628723,-0.003663063,0.000000000,0.000000000,0.000000000,-0.000000000,13.000000000,2.200000048,3.054326296,175.000006008,0.000000000,-2.684087276,20.000000000,8.000000000,-2.967059612,-169.999993347,0.000000000,2.759989023,20.000000000,6.500000000,0.174532920,9.999999709,0.000000000,0.417548507,12.000000000,3.200000048,0.000000000,0.000000000,0.000000000,-0.000032980,0.500000000,0.100000001
2026-07-07 01:49:59.359,1783360199.358770847,274.623211509,1,1,274.595812487,1,0.001352652,5,1,0.007992814,5,1,0,0,0,0,1,1,1,1,1,1,0.025284314,0.159800665,-0.173921853,1.491735979,1,273.627355900,12,1,12,1:-1.251:2.428|2:-0.428:2.425|3:0.392:2.424|4:1.223:2.419|5:1.228:1.589|6:0.405:1.588|7:-0.440:1.588|8:-1.261:1.589|9:-1.185:4.911|10:-0.390:4.902|11:0.375:4.903|12:1.182:4.901,1,135.404394023,place,10,8,-0.786029000,4.882139000,1,135.404336427,1,received,1,126.387999887,completed,1,126.387865116,1,received,1,-0.138666153,-7.944985326,-0.007326126,-0.002442360,1,3.284978151,188.215383863,0.002442360,0.034187317,1,-2.920386314,-167.325810362,-0.002442360,-0.034187317,0,0.164607048,9.431289130,-0.007326126,-0.007326126,1,0.165475845,9.481067549,-0.036628723,-0.003663063,0.000000000,0.000000000,0.000000000,-0.000000000,13.000000000,2.200000048,3.054326296,175.000006008,0.000000000,-2.684087276,20.000000000,8.000000000,-2.967059612,-169.999993347,0.000000000,2.759989023,20.000000000,6.500000000,0.174532920,9.999999709,0.000000000,0.417548507,12.000000000,3.200000048,0.000000000,0.000000000,0.000000000,-0.000032980,0.500000000,0.100000001
2026-07-07 01:50:00.358,1783360200.358605146,275.623045702,1,1,275.595646680,1,0.001750935,5,1,0.008325476,5,1,0,0,0,0,1,1,1,1,1,1,0.025109527,0.157954641,-0.176712479,1.491839966,1,274.627190093,12,1,12,1:-1.251:2.428|2:-0.428:2.425|3:0.392:2.424|4:1.223:2.419|5:1.228:1.589|6:0.405:1.588|7:-0.440:1.588|8:-1.261:1.589|9:-1.185:4.911|10:-0.390:4.902|11:0.375:4.903|12:1.182:4.901,1,136.404228216,place,10,8,-0.786029000,4.882139000,1,136.404170620,1,received,1,127.387834080,completed,1,127.387699309,1,received,0,-0.138666153,-7.944985326,-0.007326126,-0.002442360,0,3.284978151,188.215383863,-0.002442360,0.034187317,0,-2.920386314,-167.325810362,0.002442360,-0.047863007,0,0.164607048,9.431289130,-0.007326126,-0.007326126,0,0.165475845,9.481067549,-0.036628723,-0.003663063,0.000000000,0.000000000,0.000000000,-0.000000000,13.000000000,2.200000048,3.054326296,175.000006008,0.000000000,-2.684087276,20.000000000,8.000000000,-2.967059612,-169.999993347,0.000000000,2.759989023,20.000000000,6.500000000,0.174532920,9.999999709,0.000000000,0.417548507,12.000000000,3.200000048,0.000000000,0.000000000,0.000000000,-0.000032980,0.500000000,0.100000001
2026-07-07 01:50:01.358,1783360201.358570099,276.623010705,1,1,276.595611683,1,0.001459121,5,1,0.008204696,5,1,0,0,0,0,1,1,1,1,1,1,0.023784813,0.160542449,-0.175312941,1.492570109,1,275.627155096,12,1,12,1:-1.251:2.428|2:-0.428:2.425|3:0.392:2.424|4:1.223:2.419|5:1.228:1.589|6:0.405:1.588|7:-0.440:1.588|8:-1.261:1.589|9:-1.185:4.911|10:-0.390:4.902|11:0.375:4.903|12:1.182:4.901,1,137.404193219,place,10,8,-0.786029000,4.882139000,1,137.404135623,1,received,1,128.387799083,completed,1,128.387664312,1,received,1,-0.138666153,-7.944985326,0.007326126,-0.002442360,1,3.284978151,188.215383863,-0.002442360,0.020513535,1,-2.920386314,-167.325810362,0.002442360,-0.047863007,0,0.164607048,9.431289130,-0.007326126,-0.007326126,1,0.165475845,9.481067549,-0.012210846,-0.003663063,0.000000000,0.000000000,0.000000000,-0.000000000,13.000000000,2.200000048,3.054326296,175.000006008,0.000000000,-2.684087276,20.000000000,8.000000000,-2.967059612,-169.999993347,0.000000000,2.759989023,20.000000000,6.500000000,0.174532920,9.999999709,0.000000000,0.417548507,12.000000000,3.200000048,0.000000000,0.000000000,0.000000000,-0.000032980,0.500000000,0.100000001
2026-07-07 01:50:02.358,1783360202.358476400,277.622916972,1,1,277.595517950,1,0.001730584,5,1,0.008254697,5,1,0,0,0,0,1,1,1,1,1,1,0.025025572,0.155270365,-0.179155555,1.491556506,1,276.627061363,12,1,12,1:-1.251:2.428|2:-0.428:2.425|3:0.392:2.424|4:1.223:2.419|5:1.228:1.589|6:0.405:1.588|7:-0.440:1.588|8:-1.261:1.589|9:-1.185:4.911|10:-0.390:4.902|11:0.375:4.903|12:1.182:4.901,1,138.404099486,place,10,8,-0.786029000,4.882139000,1,138.404041890,1,received,1,129.387705350,completed,1,129.387570579,1,received,1,-0.138666153,-7.944985326,-0.007326126,-0.002442360,1,3.284978151,188.215383863,-0.002442360,0.034187317,1,-2.920386314,-167.325810362,-0.002442360,-0.047863007,0,0.164607048,9.431289130,-0.007326126,-0.007326126,1,0.165859222,9.503033438,-0.012210846,-0.003663063,0.000000000,0.000000000,0.000000000,-0.000000000,13.000000000,2.200000048,3.054326296,175.000006008,0.000000000,-2.684087276,20.000000000,8.000000000,-2.967059612,-169.999993347,0.000000000,2.759989023,20.000000000,6.500000000,0.174532920,9.999999709,0.000000000,0.417548507,12.000000000,3.200000048,0.000000000,0.000000000,0.000000000,-0.000032980,0.500000000,0.100000001
2026-07-07 01:50:03.358,1783360203.358355284,278.622795793,1,1,278.595396771,1,0.001195481,5,1,0.008212021,5,1,0,0,0,0,1,1,1,1,1,1,0.025058784,0.157885677,-0.176077088,1.492311651,1,277.626940184,12,1,12,1:-1.251:2.428|2:-0.428:2.425|3:0.392:2.424|4:1.223:2.419|5:1.228:1.589|6:0.405:1.588|7:-0.440:1.588|8:-1.261:1.589|9:-1.185:4.911|10:-0.390:4.902|11:0.375:4.903|12:1.182:4.901,1,139.403978307,place,10,8,-0.786029000,4.882139000,1,139.403920711,1,received,1,130.387584171,completed,1,130.387449400,1,received,1,-0.138666153,-7.944985326,0.007326126,-0.002442360,1,3.284978151,188.215383863,-0.007326126,0.034187317,1,-2.920386314,-167.325810362,-0.002442360,-0.047863007,0,0.164607048,9.431289130,-0.007326126,-0.007326126,1,0.165475845,9.481067549,-0.012210846,-0.003663063,0.000000000,0.000000000,0.000000000,-0.000000000,13.000000000,2.200000048,3.054326296,175.000006008,0.000000000,-2.684087276,20.000000000,8.000000000,-2.967059612,-169.999993347,0.000000000,2.759989023,20.000000000,6.500000000,0.174532920,9.999999709,0.000000000,0.417548507,12.000000000,3.200000048,0.000000000,0.000000000,0.000000000,-0.000032980,0.500000000,0.100000001
2026-07-07 01:50:04.358,1783360204.358260393,279.622701137,1,1,279.595302115,1,0.001507649,5,1,0.008104837,5,1,0,0,0,0,1,1,1,1,1,1,0.025107223,0.157737191,-0.179512130,1.491699759,1,278.626845528,12,1,12,1:-1.251:2.428|2:-0.428:2.425|3:0.392:2.424|4:1.223:2.419|5:1.228:1.589|6:0.405:1.588|7:-0.440:1.588|8:-1.261:1.589|9:-1.185:4.911|10:-0.390:4.902|11:0.375:4.903|12:1.182:4.901,1,140.403883651,place,10,8,-0.786029000,4.882139000,1,140.403826055,1,received,1,131.387489515,completed,1,131.387354744,1,received,1,-0.138666153,-7.944985326,-0.007326126,-0.002442360,1,3.284978151,188.215383863,-0.002442360,0.034187317,1,-2.920386314,-167.325810362,0.002442360,-0.047863007,0,0.164607048,9.431289130,-0.007326126,-0.007326126,1,0.165859222,9.503033438,-0.012210846,-0.003663063,0.000000000,0.000000000,0.000000000,-0.000000000,13.000000000,2.200000048,3.054326296,175.000006008,0.000000000,-2.684087276,20.000000000,8.000000000,-2.967059612,-169.999993347,0.000000000,2.759989023,20.000000000,6.500000000,0.174532920,9.999999709,0.000000000,0.417548507,12.000000000,3.200000048,0.000000000,0.000000000,0.000000000,-0.000032980,0.500000000,0.100000001
2026-07-07 01:50:05.358,1783360205.358185530,280.622626082,1,1,280.595227060,1,0.001640438,5,1,0.008285598,5,1,0,0,0,0,1,1,1,1,1,1,0.025123267,0.162520746,-0.180252392,1.492164589,1,279.626770473,12,1,12,1:-1.251:2.428|2:-0.428:2.425|3:0.392:2.424|4:1.223:2.419|5:1.228:1.589|6:0.405:1.588|7:-0.440:1.588|8:-1.261:1.589|9:-1.185:4.911|10:-0.390:4.902|11:0.375:4.903|12:1.182:4.901,1,141.403808596,place,10,8,-0.786029000,4.882139000,1,141.403751000,1,received,1,132.387414460,completed,1,132.387279689,1,received,1,-0.138666153,-7.944985326,-0.007326126,-0.002442360,1,3.284978151,188.215383863,-0.002442360,0.034187317,1,-2.920386314,-167.325810362,-0.007326126,-0.047863007,0,0.164607048,9.431289130,-0.007326126,-0.007326126,1,0.165475845,9.481067549,-0.061050415,-0.003663063,0.000000000,0.000000000,0.000000000,-0.000000000,13.000000000,2.200000048,3.054326296,175.000006008,0.000000000,-2.684087276,20.000000000,8.000000000,-2.967059612,-169.999993347,0.000000000,2.759989023,20.000000000,6.500000000,0.174532920,9.999999709,0.000000000,0.417548507,12.000000000,3.200000048,0.000000000,0.000000000,0.000000000,-0.000032980,0.500000000,0.100000001
2026-07-07 01:50:06.358,1783360206.358040571,281.622481167,1,1,281.595082145,1,0.001201775,5,1,0.008221881,5,1,0,0,0,0,1,1,1,1,1,1,0.025032476,0.156769715,-0.175403628,1.492062293,1,280.626625558,12,1,12,1:-1.251:2.428|2:-0.428:2.425|3:0.392:2.424|4:1.223:2.419|5:1.228:1.589|6:0.405:1.588|7:-0.440:1.588|8:-1.261:1.589|9:-1.185:4.911|10:-0.390:4.902|11:0.375:4.903|12:1.182:4.901,1,142.403663681,place,10,8,-0.786029000,4.882139000,1,142.403606085,1,received,1,133.387269545,completed,1,133.387134774,1,received,1,-0.138666153,-7.944985326,-0.007326126,-0.002442360,1,3.284978151,188.215383863,-0.007326126,0.034187317,1,-2.920386314,-167.325810362,-0.002442360,-0.047863007,0,0.164607048,9.431289130,-0.007326126,-0.007326126,1,0.165475845,9.481067549,-0.012210846,-0.003663063,0.000000000,0.000000000,0.000000000,-0.000000000,13.000000000,2.200000048,3.054326296,175.000006008,0.000000000,-2.684087276,20.000000000,8.000000000,-2.967059612,-169.999993347,0.000000000,2.759989023,20.000000000,6.500000000,0.174532920,9.999999709,0.000000000,0.417548507,12.000000000,3.200000048,0.000000000,0.000000000,0.000000000,-0.000032980,0.500000000,0.100000001
2026-07-07 01:50:07.358,1783360207.357968092,282.622408847,1,1,282.595009825,1,0.001196692,5,1,0.008012807,5,1,0,0,0,0,1,1,1,1,1,1,0.024429251,0.166339587,-0.176026371,1.491966120,1,281.626553238,12,1,12,1:-1.251:2.428|2:-0.428:2.425|3:0.392:2.424|4:1.223:2.419|5:1.228:1.589|6:0.405:1.588|7:-0.440:1.588|8:-1.261:1.589|9:-1.185:4.911|10:-0.390:4.902|11:0.375:4.903|12:1.182:4.901,1,143.403591361,place,10,8,-0.786029000,4.882139000,1,143.403533765,1,received,1,134.387197225,completed,1,134.387062454,1,received,1,-0.138666153,-7.944985326,0.007326126,-0.002442360,1,3.284978151,188.215383863,-0.002442360,0.047863007,1,-2.920386314,-167.325810362,-0.002442360,-0.047863007,0,0.164607048,9.431289130,-0.021978378,-0.007326126,1,0.165475845,9.481067549,-0.012210846,-0.003663063,0.000000000,0.000000000,0.000000000,-0.000000000,13.000000000,2.200000048,3.054326296,175.000006008,0.000000000,-2.684087276,20.000000000,8.000000000,-2.967059612,-169.999993347,0.000000000,2.759989023,20.000000000,6.500000000,0.174532920,9.999999709,0.000000000,0.417548507,12.000000000,3.200000048,0.000000000,0.000000000,0.000000000,-0.000032980,0.500000000,0.100000001
2026-07-07 01:50:08.357,1783360208.357864141,283.622304852,1,1,283.594905830,1,0.001382555,5,1,0.008275606,5,1,0,0,0,0,1,1,1,1,1,1,0.025223794,0.167531934,-0.177479837,1.492589999,1,282.626449243,12,1,12,1:-1.251:2.428|2:-0.428:2.425|3:0.392:2.424|4:1.223:2.419|5:1.228:1.589|6:0.405:1.588|7:-0.440:1.588|8:-1.261:1.589|9:-1.185:4.911|10:-0.390:4.902|11:0.375:4.903|12:1.182:4.901,1,144.403487366,place,10,8,-0.786029000,4.882139000,1,144.403429770,1,received,1,135.387093230,completed,1,135.386958459,1,received,1,-0.138666153,-7.944985326,-0.021978378,-0.002442360,1,3.284978151,188.215383863,-0.002442360,0.034187317,1,-2.920386314,-167.325810362,-0.002442360,-0.047863007,0,0.164607048,9.431289130,-0.021978378,-0.007326126,1,0.165859222,9.503033438,0.036628723,-0.003663063,0.000000000,0.000000000,0.000000000,-0.000000000,13.000000000,2.200000048,3.054326296,175.000006008,0.000000000,-2.684087276,20.000000000,8.000000000,-2.967059612,-169.999993347,0.000000000,2.759989023,20.000000000,6.500000000,0.174532920,9.999999709,0.000000000,0.417548507,12.000000000,3.200000048,0.000000000,0.000000000,0.000000000,-0.000032980,0.500000000,0.100000001
2026-07-07 01:50:09.357,1783360209.357736349,284.622177111,1,1,284.594778089,1,0.001476992,5,1,0.008099103,5,1,0,0,0,0,1,1,1,1,1,1,0.024975994,0.162816302,-0.174277728,1.493253826,1,283.626321502,12,1,12,1:-1.251:2.428|2:-0.428:2.425|3:0.392:2.424|4:1.223:2.419|5:1.228:1.589|6:0.405:1.588|7:-0.440:1.588|8:-1.261:1.589|9:-1.185:4.911|10:-0.390:4.902|11:0.375:4.903|12:1.182:4.901,1,145.403359625,place,10,8,-0.786029000,4.882139000,1,145.403302029,1,received,1,136.386965489,completed,1,136.386830718,1,received,1,-0.138666153,-7.944985326,-0.007326126,-0.002442360,1,3.284978151,188.215383863,-0.002442360,0.020513535,1,-2.920386314,-167.325810362,0.002442360,-0.047863007,0,0.164607048,9.431289130,-0.021978378,-0.007326126,1,0.165475845,9.481067549,-0.012210846,-0.003663063,0.000000000,0.000000000,0.000000000,-0.000000000,13.000000000,2.200000048,3.054326296,175.000006008,0.000000000,-2.684087276,20.000000000,8.000000000,-2.967059612,-169.999993347,0.000000000,2.759989023,20.000000000,6.500000000,0.174532920,9.999999709,0.000000000,0.417548507,12.000000000,3.200000048,0.000000000,0.000000000,0.000000000,-0.000032980,0.500000000,0.100000001
2026-07-07 01:50:10.357,1783360210.357642651,285.622083275,1,1,285.594684253,1,0.001531115,5,1,0.008196845,5,1,0,0,0,0,1,1,1,1,1,1,0.025109890,0.165361660,-0.173047926,1.492192653,1,284.626227666,12,1,12,1:-1.251:2.428|2:-0.428:2.425|3:0.392:2.424|4:1.223:2.419|5:1.228:1.589|6:0.405:1.588|7:-0.440:1.588|8:-1.261:1.589|9:-1.185:4.911|10:-0.390:4.902|11:0.375:4.903|12:1.182:4.901,1,146.403265789,place,10,8,-0.786029000,4.882139000,1,146.403208193,1,received,1,137.386871653,completed,1,137.386736882,1,received,1,-0.138666153,-7.944985326,-0.007326126,-0.002442360,1,3.284978151,188.215383863,-0.002442360,0.020513535,1,-2.920386314,-167.325810362,-0.002442360,-0.047863007,0,0.164988518,9.453145736,-0.007326126,-0.007326126,1,0.165475845,9.481067549,-0.012210846,-0.003663063,0.000000000,0.000000000,0.000000000,-0.000000000,13.000000000,2.200000048,3.054326296,175.000006008,0.000000000,-2.684087276,20.000000000,8.000000000,-2.967059612,-169.999993347,0.000000000,2.759989023,20.000000000,6.500000000,0.174532920,9.999999709,0.000000000,0.417548507,12.000000000,3.200000048,0.000000000,0.000000000,0.000000000,-0.000032980,0.500000000,0.100000001
2026-07-07 01:50:11.357,1783360211.357527971,286.621968630,1,1,286.594569608,1,0.001910959,5,1,0.008127949,5,1,0,0,0,0,1,1,1,1,1,1,0.024953413,0.165722230,-0.171653893,1.492796741,1,285.626113021,12,1,12,1:-1.251:2.428|2:-0.428:2.425|3:0.392:2.424|4:1.223:2.419|5:1.228:1.589|6:0.405:1.588|7:-0.440:1.588|8:-1.261:1.589|9:-1.185:4.911|10:-0.390:4.902|11:0.375:4.903|12:1.182:4.901,1,147.403151144,place,10,8,-0.786029000,4.882139000,1,147.403093548,1,received,1,138.386757008,completed,1,138.386622237,1,received,1,-0.138666153,-7.944985326,-0.007326126,-0.002442360,1,3.284978151,188.215383863,-0.007326126,0.034187317,1,-2.920386314,-167.325810362,0.002442360,-0.047863007,0,0.164988518,9.453145736,0.007326126,-0.007326126,1,0.165475845,9.481067549,-0.012210846,-0.003663063,0.000000000,0.000000000,0.000000000,-0.000000000,13.000000000,2.200000048,3.054326296,175.000006008,0.000000000,-2.684087276,20.000000000,8.000000000,-2.967059612,-169.999993347,0.000000000,2.759989023,20.000000000,6.500000000,0.174532920,9.999999709,0.000000000,0.417548507,12.000000000,3.200000048,0.000000000,0.000000000,0.000000000,-0.000032980,0.500000000,0.100000001
2026-07-07 01:50:12.357,1783360212.357394934,287.621835578,1,1,287.594436556,1,0.001845816,5,1,0.008210220,5,1,0,0,0,0,1,1,1,1,1,1,0.024831923,0.161839573,-0.176239695,1.491527141,1,286.625979969,12,1,12,1:-1.251:2.428|2:-0.428:2.425|3:0.392:2.424|4:1.223:2.419|5:1.228:1.589|6:0.405:1.588|7:-0.440:1.588|8:-1.261:1.589|9:-1.185:4.911|10:-0.390:4.902|11:0.375:4.903|12:1.182:4.901,1,148.403018092,place,10,8,-0.786029000,4.882139000,1,148.402960496,1,received,1,139.386623956,completed,1,139.386489185,1,received,1,-0.138666153,-7.944985326,0.007326126,-0.002442360,1,3.284978151,188.215383863,-0.002442360,0.034187317,1,-2.920386314,-167.325810362,-0.007326126,-0.034187317,0,0.164607048,9.431289130,-0.007326126,-0.007326126,1,0.165475845,9.481067549,-0.012210846,-0.003663063,0.000000000,0.000000000,0.000000000,-0.000000000,13.000000000,2.200000048,3.054326296,175.000006008,0.000000000,-2.684087276,20.000000000,8.000000000,-2.967059612,-169.999993347,0.000000000,2.759989023,20.000000000,6.500000000,0.174532920,9.999999709,0.000000000,0.417548507,12.000000000,3.200000048,0.000000000,0.000000000,0.000000000,-0.000032980,0.500000000,0.100000001
2026-07-07 01:50:13.357,1783360213.357297897,288.621738538,1,1,288.594339516,1,0.001808357,5,1,0.008004928,5,1,0,0,0,0,1,1,1,1,1,1,0.025054913,0.165155237,-0.168082066,1.492469048,1,287.625882929,12,1,12,1:-1.251:2.428|2:-0.428:2.425|3:0.392:2.424|4:1.223:2.419|5:1.228:1.589|6:0.405:1.588|7:-0.440:1.588|8:-1.261:1.589|9:-1.185:4.911|10:-0.390:4.902|11:0.375:4.903|12:1.182:4.901,1,149.402921052,place,10,8,-0.786029000,4.882139000,1,149.402863456,1,received,1,140.386526916,completed,1,140.386392145,1,received,1,-0.138666153,-7.944985326,-0.007326126,-0.002442360,1,3.284978151,188.215383863,-0.002442360,0.020513535,1,-2.920386314,-167.325810362,-0.002442360,-0.034187317,0,0.164988518,9.453145736,-0.007326126,-0.007326126,1,0.165859222,9.503033438,0.012210846,-0.003663063,0.000000000,0.000000000,0.000000000,-0.000000000,13.000000000,2.200000048,3.054326296,175.000006008,0.000000000,-2.684087276,20.000000000,8.000000000,-2.967059612,-169.999993347,0.000000000,2.759989023,20.000000000,6.500000000,0.174532920,9.999999709,0.000000000,0.417548507,12.000000000,3.200000048,0.000000000,0.000000000,0.000000000,-0.000032980,0.500000000,0.100000001
2026-07-07 01:50:14.357,1783360214.357188940,289.621629470,1,1,289.594230448,1,0.002058057,5,1,0.008312277,5,1,0,0,0,0,1,1,1,1,1,1,0.025060491,0.158981006,-0.181712955,1.492874482,1,288.625773861,12,1,12,1:-1.251:2.428|2:-0.428:2.425|3:0.392:2.424|4:1.223:2.419|5:1.228:1.589|6:0.405:1.588|7:-0.440:1.588|8:-1.261:1.589|9:-1.185:4.911|10:-0.390:4.902|11:0.375:4.903|12:1.182:4.901,1,150.402811984,place,10,8,-0.786029000,4.882139000,1,150.402754388,1,received,1,141.386417848,completed,1,141.386283077,1,received,1,-0.138666153,-7.944985326,-0.007326126,-0.002442360,1,3.284978151,188.215383863,-0.002442360,0.020513535,1,-2.920386314,-167.325810362,-0.007326126,-0.047863007,0,0.164988518,9.453145736,-0.007326126,-0.007326126,1,0.165859222,9.503033438,0.012210846,-0.003663063,0.000000000,0.000000000,0.000000000,-0.000000000,13.000000000,2.200000048,3.054326296,175.000006008,0.000000000,-2.684087276,20.000000000,8.000000000,-2.967059612,-169.999993347,0.000000000,2.759989023,20.000000000,6.500000000,0.174532920,9.999999709,0.000000000,0.417548507,12.000000000,3.200000048,0.000000000,0.000000000,0.000000000,-0.000032980,0.500000000,0.100000001
2026-07-07 01:50:15.357,1783360215.357036114,290.621476699,1,1,290.594077677,1,0.001845492,5,1,0.008290524,5,1,0,0,0,0,1,1,1,1,1,1,0.025063410,0.155235783,-0.176576280,1.491632605,1,289.625621090,12,1,12,1:-1.251:2.428|2:-0.428:2.425|3:0.392:2.424|4:1.223:2.419|5:1.228:1.589|6:0.405:1.588|7:-0.440:1.588|8:-1.261:1.589|9:-1.185:4.911|10:-0.390:4.902|11:0.375:4.903|12:1.182:4.901,1,151.402659213,place,10,8,-0.786029000,4.882139000,1,151.402601617,1,received,1,142.386265077,completed,1,142.386130306,1,received,1,-0.138666153,-7.944985326,-0.007326126,-0.002442360,1,3.284978151,188.215383863,-0.002442360,0.020513535,1,-2.920386314,-167.325810362,-0.002442360,-0.034187317,0,0.164988518,9.453145736,-0.007326126,-0.007326126,1,0.165475845,9.481067549,-0.036628723,-0.003663063,0.000000000,0.000000000,0.000000000,-0.000000000,13.000000000,2.200000048,3.054326296,175.000006008,0.000000000,-2.684087276,20.000000000,8.000000000,-2.967059612,-169.999993347,0.000000000,2.759989023,20.000000000,6.500000000,0.174532920,9.999999709,0.000000000,0.417548507,12.000000000,3.200000048,0.000000000,0.000000000,0.000000000,-0.000032980,0.500000000,0.100000001
2026-07-07 01:50:16.357,1783360216.356909037,291.621349706,1,1,291.593950684,1,0.001820541,5,1,0.008227311,5,1,0,0,0,0,1,1,1,1,1,1,0.025213006,0.159921415,-0.174284469,1.492614606,1,290.625494097,12,1,12,1:-1.251:2.428|2:-0.428:2.425|3:0.392:2.424|4:1.223:2.419|5:1.228:1.589|6:0.405:1.588|7:-0.440:1.588|8:-1.261:1.589|9:-1.185:4.911|10:-0.390:4.902|11:0.375:4.903|12:1.182:4.901,1,152.402532220,place,10,8,-0.786029000,4.882139000,1,152.402474624,1,received,1,143.386138084,completed,1,143.386003313,1,received,1,-0.138666153,-7.944985326,0.007326126,-0.002442360,1,3.284978151,188.215383863,-0.007326126,0.034187317,1,-2.920386314,-167.325810362,0.002442360,-0.047863007,0,0.164988518,9.453145736,-0.007326126,-0.007326126,1,0.165475845,9.481067549,-0.061050415,-0.003663063,0.000000000,0.000000000,0.000000000,-0.000000000,13.000000000,2.200000048,3.054326296,175.000006008,0.000000000,-2.684087276,20.000000000,8.000000000,-2.967059612,-169.999993347,0.000000000,2.759989023,20.000000000,6.500000000,0.174532920,9.999999709,0.000000000,0.417548507,12.000000000,3.200000048,0.000000000,0.000000000,0.000000000,-0.000032980,0.500000000,0.100000001
2026-07-07 01:50:17.356,1783360217.356826782,292.621267380,1,1,292.593868358,1,0.001880731,5,1,0.008097232,5,1,0,0,0,0,1,1,1,1,1,1,0.025155680,0.159130208,-0.174898883,1.491418537,1,291.625411771,12,1,12,1:-1.251:2.428|2:-0.428:2.425|3:0.392:2.424|4:1.223:2.419|5:1.228:1.589|6:0.405:1.588|7:-0.440:1.588|8:-1.261:1.589|9:-1.185:4.911|10:-0.390:4.902|11:0.375:4.903|12:1.182:4.901,1,153.402449894,place,10,8,-0.786029000,4.882139000,1,153.402392298,1,received,1,144.386055758,completed,1,144.385920987,1,received,1,-0.138666153,-7.944985326,-0.021978378,-0.002442360,1,3.284978151,188.215383863,-0.002442360,0.034187317,1,-2.920386314,-167.325810362,-0.002442360,-0.047863007,0,0.164988518,9.453145736,-0.007326126,-0.007326126,1,0.165475845,9.481067549,-0.012210846,-0.003663063,0.000000000,0.000000000,0.000000000,-0.000000000,13.000000000,2.200000048,3.054326296,175.000006008,0.000000000,-2.684087276,20.000000000,8.000000000,-2.967059612,-169.999993347,0.000000000,2.759989023,20.000000000,6.500000000,0.174532920,9.999999709,0.000000000,0.417548507,12.000000000,3.200000048,0.000000000,0.000000000,0.000000000,-0.000032980,0.500000000,0.100000001
2026-07-07 01:50:18.356,1783360218.356662512,293.621103147,1,1,293.593704125,1,0.001779009,5,1,0.008302085,5,1,0,0,0,0,1,1,1,1,1,1,0.025111840,0.163978095,-0.171510153,1.492274277,1,292.625247538,12,1,12,1:-1.251:2.428|2:-0.428:2.425|3:0.392:2.424|4:1.223:2.419|5:1.228:1.589|6:0.405:1.588|7:-0.440:1.588|8:-1.261:1.589|9:-1.185:4.911|10:-0.390:4.902|11:0.375:4.903|12:1.182:4.901,1,154.402285661,place,10,8,-0.786029000,4.882139000,1,154.402228065,1,received,1,145.385891525,completed,1,145.385756754,1,received,1,-0.138666153,-7.944985326,-0.007326126,-0.002442360,0,3.284978151,188.215383863,-0.007326126,0.034187317,1,-2.920386314,-167.325810362,0.002442360,-0.034187317,0,0.164988518,9.453145736,-0.007326126,-0.007326126,1,0.165475845,9.481067549,-0.012210846,-0.003663063,0.000000000,0.000000000,0.000000000,-0.000000000,13.000000000,2.200000048,3.054326296,175.000006008,0.000000000,-2.684087276,20.000000000,8.000000000,-2.967059612,-169.999993347,0.000000000,2.759989023,20.000000000,6.500000000,0.174532920,9.999999709,0.000000000,0.417548507,12.000000000,3.200000048,0.000000000,0.000000000,0.000000000,-0.000032980,0.500000000,0.100000001
2026-07-07 01:50:19.356,1783360219.356519461,294.620959936,1,1,294.593560914,1,0.001902388,5,1,0.008242330,5,1,0,0,0,0,1,1,1,1,1,1,0.025106448,0.159612677,-0.180626760,1.492816672,1,293.625104327,12,1,12,1:-1.251:2.428|2:-0.428:2.425|3:0.392:2.424|4:1.223:2.419|5:1.228:1.589|6:0.405:1.588|7:-0.440:1.588|8:-1.261:1.589|9:-1.185:4.911|10:-0.390:4.902|11:0.375:4.903|12:1.182:4.901,1,155.402142450,place,10,8,-0.786029000,4.882139000,1,155.402084854,1,received,1,146.385748314,completed,1,146.385613543,1,received,1,-0.138666153,-7.944985326,-0.007326126,-0.002442360,1,3.284978151,188.215383863,-0.002442360,0.020513535,1,-2.920386314,-167.325810362,-0.007326126,-0.034187317,0,0.164607048,9.431289130,0.007326126,-0.007326126,1,0.165859222,9.503033438,-0.012210846,-0.003663063,0.000000000,0.000000000,0.000000000,-0.000000000,13.000000000,2.200000048,3.054326296,175.000006008,0.000000000,-2.684087276,20.000000000,8.000000000,-2.967059612,-169.999993347,0.000000000,2.759989023,20.000000000,6.500000000,0.174532920,9.999999709,0.000000000,0.417548507,12.000000000,3.200000048,0.000000000,0.000000000,0.000000000,-0.000032980,0.500000000,0.100000001
2026-07-07 01:50:20.356,1783360220.356392384,295.620833134,1,1,295.593434112,1,0.001980853,5,1,0.008104357,5,1,0,0,0,0,1,1,1,1,1,1,0.024971972,0.162547410,-0.176723902,1.492152859,1,294.624977525,12,1,12,1:-1.251:2.428|2:-0.428:2.425|3:0.392:2.424|4:1.223:2.419|5:1.228:1.589|6:0.405:1.588|7:-0.440:1.588|8:-1.261:1.589|9:-1.185:4.911|10:-0.390:4.902|11:0.375:4.903|12:1.182:4.901,1,156.402015648,place,10,8,-0.786029000,4.882139000,1,156.401958052,1,received,1,147.385621512,completed,1,147.385486741,1,received,1,-0.138666153,-7.944985326,-0.007326126,-0.002442360,1,3.284978151,188.215383863,-0.002442360,0.020513535,1,-2.920386314,-167.325810362,-0.002442360,-0.034187317,0,0.164607048,9.431289130,-0.007326126,-0.007326126,1,0.165859222,9.503033438,-0.012210846,-0.003663063,0.000000000,0.000000000,0.000000000,-0.000000000,13.000000000,2.200000048,3.054326296,175.000006008,0.000000000,-2.684087276,20.000000000,8.000000000,-2.967059612,-169.999993347,0.000000000,2.759989023,20.000000000,6.500000000,0.174532920,9.999999709,0.000000000,0.417548507,12.000000000,3.200000048,0.000000000,0.000000000,0.000000000,-0.000032980,0.500000000,0.100000001
2026-07-07 01:50:21.356,1783360221.356258631,296.620699171,1,1,296.593300149,1,0.002007659,5,1,0.008026761,5,1,0,0,0,0,1,1,1,1,1,1,0.025234829,0.168775618,-0.176473288,1.491982751,1,295.624843562,12,1,12,1:-1.251:2.428|2:-0.428:2.425|3:0.392:2.424|4:1.223:2.419|5:1.228:1.589|6:0.405:1.588|7:-0.440:1.588|8:-1.261:1.589|9:-1.185:4.911|10:-0.390:4.902|11:0.375:4.903|12:1.182:4.901,1,157.401881685,place,10,8,-0.786029000,4.882139000,1,157.401824089,1,received,1,148.385487549,completed,1,148.385352778,1,received,1,-0.138666153,-7.944985326,-0.007326126,-0.002442360,1,3.284978151,188.215383863,-0.002442360,0.020513535,1,-2.920386314,-167.325810362,-0.007326126,-0.034187317,0,0.164607048,9.431289130,-0.007326126,-0.007326126,1,0.165475845,9.481067549,-0.036628723,-0.003663063,0.000000000,0.000000000,0.000000000,-0.000000000,13.000000000,2.200000048,3.054326296,175.000006008,0.000000000,-2.684087276,20.000000000,8.000000000,-2.967059612,-169.999993347,0.000000000,2.759989023,20.000000000,6.500000000,0.174532920,9.999999709,0.000000000,0.417548507,12.000000000,3.200000048,0.000000000,0.000000000,0.000000000,-0.000032980,0.500000000,0.100000001
2026-07-07 01:50:22.356,1783360222.356156349,297.620597125,1,1,297.593198103,1,0.001691789,5,1,0.008146874,5,1,0,0,0,0,1,1,1,1,1,1,0.025204044,0.161084424,-0.173446128,1.492560799,1,296.624741516,12,1,12,1:-1.251:2.428|2:-0.428:2.425|3:0.392:2.424|4:1.223:2.419|5:1.228:1.589|6:0.405:1.588|7:-0.440:1.588|8:-1.261:1.589|9:-1.185:4.911|10:-0.390:4.902|11:0.375:4.903|12:1.182:4.901,1,158.401779639,place,10,8,-0.786029000,4.882139000,1,158.401722043,1,received,1,149.385385503,completed,1,149.385250732,1,received,1,-0.138666153,-7.944985326,-0.007326126,-0.002442360,1,3.284978151,188.215383863,-0.007326126,0.020513535,1,-2.920386314,-167.325810362,-0.007326126,-0.034187317,0,0.164607048,9.431289130,-0.007326126,-0.007326126,1,0.165475845,9.481067549,-0.012210846,-0.003663063,0.000000000,0.000000000,0.000000000,-0.000000000,13.000000000,2.200000048,3.054326296,175.000006008,0.000000000,-2.684087276,20.000000000,8.000000000,-2.967059612,-169.999993347,0.000000000,2.759989023,20.000000000,6.500000000,0.174532920,9.999999709,0.000000000,0.417548507,12.000000000,3.200000048,0.000000000,0.000000000,0.000000000,-0.000032980,0.500000000,0.100000001
2026-07-07 01:50:23.356,1783360223.355976820,298.620417420,1,1,298.593018398,1,0.001942376,5,1,0.008171653,5,1,0,0,0,0,1,1,1,1,1,1,0.024619795,0.165204406,-0.175098833,1.491806378,1,297.624561811,12,1,12,1:-1.251:2.428|2:-0.428:2.425|3:0.392:2.424|4:1.223:2.419|5:1.228:1.589|6:0.405:1.588|7:-0.440:1.588|8:-1.261:1.589|9:-1.185:4.911|10:-0.390:4.902|11:0.375:4.903|12:1.182:4.901,1,159.401599934,place,10,8,-0.786029000,4.882139000,1,159.401542338,1,received,1,150.385205798,completed,1,150.385071027,1,received,1,-0.138666153,-7.944985326,-0.007326126,-0.002442360,1,3.284978151,188.215383863,-0.002442360,0.020513535,1,-2.920386314,-167.325810362,0.002442360,-0.034187317,0,0.164607048,9.431289130,-0.021978378,-0.007326126,1,0.165475845,9.481067549,-0.012210846,-0.003663063,0.000000000,0.000000000,0.000000000,-0.000000000,13.000000000,2.200000048,3.054326296,175.000006008,0.000000000,-2.684087276,20.000000000,8.000000000,-2.967059612,-169.999993347,0.000000000,2.759989023,20.000000000,6.500000000,0.174532920,9.999999709,0.000000000,0.417548507,12.000000000,3.200000048,0.000000000,0.000000000,0.000000000,-0.000032980,0.500000000,0.100000001
2026-07-07 01:50:24.355,1783360224.355817556,299.620258053,1,1,299.592859031,1,0.001955531,5,1,0.008168665,5,1,0,0,0,0,1,1,1,1,1,1,0.025116581,0.164656243,-0.178935014,1.493019874,1,298.624402444,12,1,12,1:-1.251:2.428|2:-0.428:2.425|3:0.392:2.424|4:1.223:2.419|5:1.228:1.589|6:0.405:1.588|7:-0.440:1.588|8:-1.261:1.589|9:-1.185:4.911|10:-0.390:4.902|11:0.375:4.903|12:1.182:4.901,1,160.401440567,place,10,8,-0.786029000,4.882139000,1,160.401382971,1,received,1,151.385046431,completed,1,151.384911660,1,received,1,-0.138666153,-7.944985326,-0.007326126,-0.002442360,1,3.284978151,188.215383863,-0.002442360,0.034187317,1,-2.920386314,-167.325810362,-0.002442360,-0.047863007,0,0.164607048,9.431289130,-0.021978378,-0.007326126,1,0.165475845,9.481067549,-0.012210846,-0.003663063,0.000000000,0.000000000,0.000000000,-0.000000000,13.000000000,2.200000048,3.054326296,175.000006008,0.000000000,-2.684087276,20.000000000,8.000000000,-2.967059612,-169.999993347,0.000000000,2.759989023,20.000000000,6.500000000,0.174532920,9.999999709,0.000000000,0.417548507,12.000000000,3.200000048,0.000000000,0.000000000,0.000000000,-0.000032980,0.500000000,0.100000001
2026-07-07 01:50:25.355,1783360225.355679750,300.620120241,1,1,300.592721219,1,0.001819463,5,1,0.008036369,5,1,0,0,0,0,1,1,1,1,1,1,0.025140590,0.159290591,-0.172639915,1.492111683,1,299.624264632,12,1,12,1:-1.251:2.428|2:-0.428:2.425|3:0.392:2.424|4:1.223:2.419|5:1.228:1.589|6:0.405:1.588|7:-0.440:1.588|8:-1.261:1.589|9:-1.185:4.911|10:-0.390:4.902|11:0.375:4.903|12:1.182:4.901,1,161.401302755,place,10,8,-0.786029000,4.882139000,1,161.401245159,1,received,1,152.384908619,completed,1,152.384773848,1,received,1,-0.138666153,-7.944985326,-0.021978378,-0.002442360,1,3.284978151,188.215383863,0.002442360,0.020513535,1,-2.920386314,-167.325810362,-0.002442360,-0.047863007,0,0.164607048,9.431289130,-0.021978378,-0.007326126,1,0.165475845,9.481067549,-0.012210846,-0.003663063,0.000000000,0.000000000,0.000000000,-0.000000000,13.000000000,2.200000048,3.054326296,175.000006008,0.000000000,-2.684087276,20.000000000,8.000000000,-2.967059612,-169.999993347,0.000000000,2.759989023,20.000000000,6.500000000,0.174532920,9.999999709,0.000000000,0.417548507,12.000000000,3.200000048,0.000000000,0.000000000,0.000000000,-0.000032980,0.500000000,0.100000001
2026-07-07 01:50:26.355,1783360226.355536461,301.619976967,1,1,301.592577945,1,0.001726350,5,1,0.008204839,5,1,0,0,0,0,1,1,1,1,1,1,0.025043118,0.164713445,-0.175831216,1.492279627,1,300.624121358,12,1,12,1:-1.251:2.428|2:-0.428:2.425|3:0.392:2.424|4:1.223:2.419|5:1.228:1.589|6:0.405:1.588|7:-0.440:1.588|8:-1.261:1.589|9:-1.185:4.911|10:-0.390:4.902|11:0.375:4.903|12:1.182:4.901,1,162.401159481,place,10,8,-0.786029000,4.882139000,1,162.401101885,1,received,1,153.384765345,completed,1,153.384630574,1,received,1,-0.138666153,-7.944985326,-0.021978378,-0.002442360,1,3.284978151,188.215383863,0.002442360,0.034187317,1,-2.920386314,-167.325810362,-0.002442360,-0.047863007,0,0.164607048,9.431289130,-0.021978378,-0.007326126,1,0.165475845,9.481067549,-0.012210846,-0.003663063,0.000000000,0.000000000,0.000000000,-0.000000000,13.000000000,2.200000048,3.054326296,175.000006008,0.000000000,-2.684087276,20.000000000,8.000000000,-2.967059612,-169.999993347,0.000000000,2.759989023,20.000000000,6.500000000,0.174532920,9.999999709,0.000000000,0.417548507,12.000000000,3.200000048,0.000000000,0.000000000,0.000000000,-0.000032980,0.500000000,0.100000001
2026-07-07 01:50:27.355,1783360227.355395317,302.619836020,1,1,302.592436998,1,0.001760553,5,1,0.008078992,5,1,0,0,0,0,1,1,1,1,1,1,0.025141886,0.161427470,-0.176344204,1.492473138,1,301.623980411,12,1,12,1:-1.251:2.428|2:-0.428:2.425|3:0.392:2.424|4:1.223:2.419|5:1.228:1.589|6:0.405:1.588|7:-0.440:1.588|8:-1.261:1.589|9:-1.185:4.911|10:-0.390:4.902|11:0.375:4.903|12:1.182:4.901,1,163.401018534,place,10,8,-0.786029000,4.882139000,1,163.400960938,1,received,1,154.384624398,completed,1,154.384489627,1,received,1,-0.138666153,-7.944985326,-0.007326126,-0.002442360,1,3.284978151,188.215383863,-0.007326126,0.020513535,1,-2.920386314,-167.325810362,-0.002442360,-0.047863007,0,0.164607048,9.431289130,-0.021978378,-0.007326126,1,0.165475845,9.481067549,-0.012210846,-0.003663063,0.000000000,0.000000000,0.000000000,-0.000000000,13.000000000,2.200000048,3.054326296,175.000006008,0.000000000,-2.684087276,20.000000000,8.000000000,-2.967059612,-169.999993347,0.000000000,2.759989023,20.000000000,6.500000000,0.174532920,9.999999709,0.000000000,0.417548507,12.000000000,3.200000048,0.000000000,0.000000000,0.000000000,-0.000032980,0.500000000,0.100000001
2026-07-07 01:50:28.355,1783360228.355288982,303.619729649,1,1,303.592330627,1,0.001811292,5,1,0.008153309,5,1,0,0,0,0,1,1,1,1,1,1,0.025294873,0.159965464,-0.173250719,1.492214902,1,302.623874040,12,1,12,1:-1.251:2.428|2:-0.428:2.425|3:0.392:2.424|4:1.223:2.419|5:1.228:1.589|6:0.405:1.588|7:-0.440:1.588|8:-1.261:1.589|9:-1.185:4.911|10:-0.390:4.902|11:0.375:4.903|12:1.182:4.901,1,164.400912163,place,10,8,-0.786029000,4.882139000,1,164.400854567,1,received,1,155.384518027,completed,1,155.384383256,1,received,1,-0.138666153,-7.944985326,-0.007326126,-0.002442360,1,3.284978151,188.215383863,-0.002442360,0.020513535,1,-2.920386314,-167.325810362,0.002442360,-0.034187317,0,0.164607048,9.431289130,-0.021978378,-0.007326126,1,0.165475845,9.481067549,-0.012210846,-0.003663063,0.000000000,0.000000000,0.000000000,-0.000000000,13.000000000,2.200000048,3.054326296,175.000006008,0.000000000,-2.684087276,20.000000000,8.000000000,-2.967059612,-169.999993347,0.000000000,2.759989023,20.000000000,6.500000000,0.174532920,9.999999709,0.000000000,0.417548507,12.000000000,3.200000048,0.000000000,0.000000000,0.000000000,-0.000032980,0.500000000,0.100000001
2026-07-07 01:50:29.355,1783360229.355191469,304.619632067,1,1,304.592233045,1,0.001911312,5,1,0.007855973,5,1,0,0,0,0,1,1,1,1,1,1,0.025244144,0.158911648,-0.178283877,1.492242358,1,303.623776458,12,1,12,1:-1.251:2.428|2:-0.428:2.425|3:0.392:2.424|4:1.223:2.419|5:1.228:1.589|6:0.405:1.588|7:-0.440:1.588|8:-1.261:1.589|9:-1.185:4.911|10:-0.390:4.902|11:0.375:4.903|12:1.182:4.901,1,165.400814581,place,10,8,-0.786029000,4.882139000,1,165.400756985,1,received,1,156.384420445,completed,1,156.384285674,1,received,1,-0.138666153,-7.944985326,-0.007326126,-0.002442360,1,3.284978151,188.215383863,-0.002442360,0.034187317,1,-2.920386314,-167.325810362,0.002442360,-0.047863007,0,0.164607048,9.431289130,-0.021978378,-0.007326126,1,0.165859222,9.503033438,-0.012210846,-0.003663063,0.000000000,0.000000000,0.000000000,-0.000000000,13.000000000,2.200000048,3.054326296,175.000006008,0.000000000,-2.684087276,20.000000000,8.000000000,-2.967059612,-169.999993347,0.000000000,2.759989023,20.000000000,6.500000000,0.174532920,9.999999709,0.000000000,0.417548507,12.000000000,3.200000048,0.000000000,0.000000000,0.000000000,-0.000032980,0.500000000,0.100000001
2026-07-07 01:50:30.355,1783360230.354954004,305.619394542,1,1,305.591995520,1,0.001876949,5,1,0.008168375,5,1,0,0,0,0,1,1,1,1,1,1,0.025113474,0.161347893,-0.176655559,1.491922648,1,304.623538933,12,1,12,1:-1.251:2.428|2:-0.428:2.425|3:0.392:2.424|4:1.223:2.419|5:1.228:1.589|6:0.405:1.588|7:-0.440:1.588|8:-1.261:1.589|9:-1.185:4.911|10:-0.390:4.902|11:0.375:4.903|12:1.182:4.901,1,166.400577056,place,10,8,-0.786029000,4.882139000,1,166.400519460,1,received,1,157.384182920,completed,1,157.384048149,1,received,1,-0.138666153,-7.944985326,0.007326126,-0.002442360,1,3.284978151,188.215383863,-0.002442360,0.020513535,1,-2.920386314,-167.325810362,-0.002442360,-0.047863007,0,0.164607048,9.431289130,-0.021978378,-0.007326126,1,0.165475845,9.481067549,0.012210846,-0.003663063,0.000000000,0.000000000,0.000000000,-0.000000000,13.000000000,2.200000048,3.054326296,175.000006008,0.000000000,-2.684087276,20.000000000,8.000000000,-2.967059612,-169.999993347,0.000000000,2.759989023,20.000000000,6.500000000,0.174532920,9.999999709,0.000000000,0.417548507,12.000000000,3.200000048,0.000000000,0.000000000,0.000000000,-0.000032980,0.500000000,0.100000001
2026-07-07 01:50:31.354,1783360231.354797125,306.619237779,1,1,306.591838757,1,0.001742674,5,1,0.008104359,5,1,0,0,0,0,1,1,1,1,1,1,0.025202599,0.161523545,-0.176999321,1.492716924,1,305.623382170,12,1,12,1:-1.251:2.428|2:-0.428:2.425|3:0.392:2.424|4:1.223:2.419|5:1.228:1.589|6:0.405:1.588|7:-0.440:1.588|8:-1.261:1.589|9:-1.185:4.911|10:-0.390:4.902|11:0.375:4.903|12:1.182:4.901,1,167.400420293,place,10,8,-0.786029000,4.882139000,1,167.400362697,1,received,1,158.384026157,completed,1,158.383891386,1,received,1,-0.138666153,-7.944985326,-0.007326126,-0.002442360,1,3.284978151,188.215383863,-0.002442360,0.034187317,1,-2.920386314,-167.325810362,-0.002442360,-0.047863007,0,0.164607048,9.431289130,-0.021978378,-0.007326126,1,0.165475845,9.481067549,0.012210846,-0.003663063,0.000000000,0.000000000,0.000000000,-0.000000000,13.000000000,2.200000048,3.054326296,175.000006008,0.000000000,-2.684087276,20.000000000,8.000000000,-2.967059612,-169.999993347,0.000000000,2.759989023,20.000000000,6.500000000,0.174532920,9.999999709,0.000000000,0.417548507,12.000000000,3.200000048,0.000000000,0.000000000,0.000000000,-0.000032980,0.500000000,0.100000001
2026-07-07 01:50:32.354,1783360232.354625702,307.619066329,1,1,307.591667307,1,0.001973012,5,1,0.008177133,5,1,0,0,0,0,1,1,1,1,1,1,0.025264092,0.163189657,-0.175210554,1.491444639,1,306.623210720,12,1,12,1:-1.251:2.428|2:-0.428:2.425|3:0.392:2.424|4:1.223:2.419|5:1.228:1.589|6:0.405:1.588|7:-0.440:1.588|8:-1.261:1.589|9:-1.185:4.911|10:-0.390:4.902|11:0.375:4.903|12:1.182:4.901,1,168.400248843,place,10,8,-0.786029000,4.882139000,1,168.400191247,1,received,1,159.383854707,completed,1,159.383719936,1,received,1,-0.138666153,-7.944985326,-0.007326126,-0.002442360,1,3.284978151,188.215383863,-0.007326126,0.034187317,1,-2.920386314,-167.325810362,-0.002442360,-0.047863007,0,0.164988518,9.453145736,-0.021978378,-0.007326126,1,0.165475845,9.481067549,-0.012210846,-0.003663063,0.000000000,0.000000000,0.000000000,-0.000000000,13.000000000,2.200000048,3.054326296,175.000006008,0.000000000,-2.684087276,20.000000000,8.000000000,-2.967059612,-169.999993347,0.000000000,2.759989023,20.000000000,6.500000000,0.174532920,9.999999709,0.000000000,0.417548507,12.000000000,3.200000048,0.000000000,0.000000000,0.000000000,-0.000032980,0.500000000,0.100000001
2026-07-07 01:50:33.354,1783360233.354456425,308.618896901,1,1,308.591497879,1,0.001697726,5,1,0.008095245,5,1,0,0,0,0,1,1,1,1,1,1,0.024991468,0.157463660,-0.169283815,1.492142527,1,307.623041292,12,1,12,1:-1.251:2.428|2:-0.428:2.425|3:0.392:2.424|4:1.223:2.419|5:1.228:1.589|6:0.405:1.588|7:-0.440:1.588|8:-1.261:1.589|9:-1.185:4.911|10:-0.390:4.902|11:0.375:4.903|12:1.182:4.901,1,169.400079415,place,10,8,-0.786029000,4.882139000,1,169.400021819,1,received,1,160.383685279,completed,1,160.383550508,1,received,1,-0.138666153,-7.944985326,-0.007326126,-0.002442360,1,3.284978151,188.215383863,-0.007326126,0.034187317,1,-2.920386314,-167.325810362,-0.002442360,-0.047863007,0,0.164988518,9.453145736,-0.021978378,-0.007326126,1,0.165475845,9.481067549,-0.012210846,-0.003663063,0.000000000,0.000000000,0.000000000,-0.000000000,13.000000000,2.200000048,3.054326296,175.000006008,0.000000000,-2.684087276,20.000000000,8.000000000,-2.967059612,-169.999993347,0.000000000,2.759989023,20.000000000,6.500000000,0.174532920,9.999999709,0.000000000,0.417548507,12.000000000,3.200000048,0.000000000,0.000000000,0.000000000,-0.000032980,0.500000000,0.100000001
2026-07-07 01:50:34.354,1783360234.354319572,309.618760142,1,1,309.591361120,1,0.001873671,5,1,0.008170493,5,1,0,0,0,0,1,1,1,1,1,1,0.025285627,0.160943910,-0.179575571,1.492798248,1,308.622904533,12,1,12,1:-1.251:2.428|2:-0.428:2.425|3:0.392:2.424|4:1.223:2.419|5:1.228:1.589|6:0.405:1.588|7:-0.440:1.588|8:-1.261:1.589|9:-1.185:4.911|10:-0.390:4.902|11:0.375:4.903|12:1.182:4.901,1,170.399942656,place,10,8,-0.786029000,4.882139000,1,170.399885060,1,received,1,161.383548520,completed,1,161.383413749,1,received,1,-0.138666153,-7.944985326,-0.021978378,-0.002442360,1,3.284978151,188.215383863,-0.007326126,0.034187317,1,-2.920386314,-167.325810362,-0.002442360,-0.034187317,0,0.164988518,9.453145736,-0.021978378,-0.007326126,1,0.165475845,9.481067549,-0.036628723,-0.003663063,0.000000000,0.000000000,0.000000000,-0.000000000,13.000000000,2.200000048,3.054326296,175.000006008,0.000000000,-2.684087276,20.000000000,8.000000000,-2.967059612,-169.999993347,0.000000000,2.759989023,20.000000000,6.500000000,0.174532920,9.999999709,0.000000000,0.417548507,12.000000000,3.200000048,0.000000000,0.000000000,0.000000000,-0.000032980,0.500000000,0.100000001
2026-07-07 01:50:35.354,1783360235.354142189,310.618582843,1,1,310.591183821,1,0.001623198,5,1,0.008105963,5,1,0,0,0,0,1,1,1,1,1,1,0.025234548,0.163600701,-0.171533394,1.492825683,1,309.622727234,12,1,12,1:-1.251:2.428|2:-0.428:2.425|3:0.392:2.424|4:1.223:2.419|5:1.228:1.589|6:0.405:1.588|7:-0.440:1.588|8:-1.261:1.589|9:-1.185:4.911|10:-0.390:4.902|11:0.375:4.903|12:1.182:4.901,1,171.399765357,place,10,8,-0.786029000,4.882139000,1,171.399707761,1,received,1,162.383371221,completed,1,162.383236450,1,received,1,-0.138666153,-7.944985326,-0.021978378,-0.002442360,1,3.284978151,188.215383863,-0.002442360,0.034187317,1,-2.920386314,-167.325810362,-0.002442360,-0.034187317,0,0.164988518,9.453145736,-0.021978378,-0.007326126,1,0.165475845,9.481067549,0.012210846,-0.003663063,0.000000000,0.000000000,0.000000000,-0.000000000,13.000000000,2.200000048,3.054326296,175.000006008,0.000000000,-2.684087276,20.000000000,8.000000000,-2.967059612,-169.999993347,0.000000000,2.759989023,20.000000000,6.500000000,0.174532920,9.999999709,0.000000000,0.417548507,12.000000000,3.200000048,0.000000000,0.000000000,0.000000000,-0.000032980,0.500000000,0.100000001
2026-07-07 01:50:36.354,1783360236.353974819,311.618415422,1,1,311.591016400,1,0.001814265,5,1,0.008008921,5,1,0,0,0,0,1,1,1,1,1,1,0.025142087,0.159912615,-0.172968169,1.491592361,1,310.622559813,12,1,12,1:-1.251:2.428|2:-0.428:2.425|3:0.392:2.424|4:1.223:2.419|5:1.228:1.589|6:0.405:1.588|7:-0.440:1.588|8:-1.261:1.589|9:-1.185:4.911|10:-0.390:4.902|11:0.375:4.903|12:1.182:4.901,1,172.399597936,place,10,8,-0.786029000,4.882139000,1,172.399540340,1,received,1,163.383203800,completed,1,163.383069029,1,received,1,-0.138666153,-7.944985326,-0.021978378,-0.002442360,1,3.284978151,188.215383863,-0.007326126,0.020513535,1,-2.920386314,-167.325810362,-0.002442360,-0.047863007,0,0.164988518,9.453145736,-0.021978378,-0.007326126,1,0.165475845,9.481067549,0.012210846,-0.003663063,0.000000000,0.000000000,0.000000000,-0.000000000,13.000000000,2.200000048,3.054326296,175.000006008,0.000000000,-2.684087276,20.000000000,8.000000000,-2.967059612,-169.999993347,0.000000000,2.759989023,20.000000000,6.500000000,0.174532920,9.999999709,0.000000000,0.417548507,12.000000000,3.200000048,0.000000000,0.000000000,0.000000000,-0.000032980,0.500000000,0.100000001
2026-07-07 01:50:37.353,1783360237.353798151,312.618238699,1,1,312.590839677,1,0.001468811,5,1,0.007954715,5,1,0,0,0,0,1,1,1,1,1,1,0.023961021,0.155408807,-0.176348031,1.492031702,1,311.622383090,12,1,12,1:-1.251:2.428|2:-0.428:2.425|3:0.392:2.424|4:1.223:2.419|5:1.228:1.589|6:0.405:1.588|7:-0.440:1.588|8:-1.261:1.589|9:-1.185:4.911|10:-0.390:4.902|11:0.375:4.903|12:1.182:4.901,1,173.399421213,place,10,8,-0.786029000,4.882139000,1,173.399363617,1,received,1,164.383027077,completed,1,164.382892306,1,received,1,-0.139047623,-7.966841931,-0.021978378,-0.002442360,1,3.284978151,188.215383863,-0.002442360,0.020513535,1,-2.920386314,-167.325810362,-0.007326126,-0.047863007,0,0.164988518,9.453145736,-0.021978378,-0.007326126,1,0.165475845,9.481067549,-0.012210846,-0.003663063,0.000000000,0.000000000,0.000000000,-0.000000000,13.000000000,2.200000048,3.054326296,175.000006008,0.000000000,-2.684087276,20.000000000,8.000000000,-2.967059612,-169.999993347,0.000000000,2.759989023,20.000000000,6.500000000,0.174532920,9.999999709,0.000000000,0.417548507,12.000000000,3.200000048,0.000000000,0.000000000,0.000000000,-0.000032980,0.500000000,0.100000001
2026-07-07 01:50:38.353,1783360238.353663445,313.618104181,1,1,313.590705159,1,0.001813504,5,1,0.008138744,5,1,0,0,0,0,1,1,1,1,1,1,0.025092427,0.161840741,-0.175182784,1.492791087,1,312.622248572,12,1,12,1:-1.251:2.428|2:-0.428:2.425|3:0.392:2.424|4:1.223:2.419|5:1.228:1.589|6:0.405:1.588|7:-0.440:1.588|8:-1.261:1.589|9:-1.185:4.911|10:-0.390:4.902|11:0.375:4.903|12:1.182:4.901,1,174.399286695,place,10,8,-0.786029000,4.882139000,1,174.399229099,1,received,1,165.382892559,completed,1,165.382757788,1,received,1,-0.138666153,-7.944985326,-0.007326126,-0.002442360,1,3.284978151,188.215383863,-0.007326126,0.034187317,1,-2.920386314,-167.325810362,-0.007326126,-0.047863007,0,0.164988518,9.453145736,-0.021978378,-0.007326126,1,0.165475845,9.481067549,-0.036628723,-0.003663063,0.000000000,0.000000000,0.000000000,-0.000000000,13.000000000,2.200000048,3.054326296,175.000006008,0.000000000,-2.684087276,20.000000000,8.000000000,-2.967059612,-169.999993347,0.000000000,2.759989023,20.000000000,6.500000000,0.174532920,9.999999709,0.000000000,0.417548507,12.000000000,3.200000048,0.000000000,0.000000000,0.000000000,-0.000032980,0.500000000,0.100000001
2026-07-07 01:50:39.353,1783360239.353468418,314.617908952,1,1,314.590509930,1,0.001629895,5,1,0.008189386,5,1,0,0,0,0,1,1,1,1,1,1,0.025188129,0.162098122,-0.176312608,1.492269161,1,313.622053343,12,1,12,1:-1.251:2.428|2:-0.428:2.425|3:0.392:2.424|4:1.223:2.419|5:1.228:1.589|6:0.405:1.588|7:-0.440:1.588|8:-1.261:1.589|9:-1.185:4.911|10:-0.390:4.902|11:0.375:4.903|12:1.182:4.901,1,175.399091466,place,10,8,-0.786029000,4.882139000,1,175.399033870,1,received,1,166.382697330,completed,1,166.382562559,1,received,1,-0.138666153,-7.944985326,-0.007326126,-0.002442360,1,3.284978151,188.215383863,-0.002442360,0.034187317,1,-2.920386314,-167.325810362,-0.002442360,-0.047863007,0,0.164988518,9.453145736,-0.021978378,-0.007326126,1,0.165475845,9.481067549,-0.012210846,-0.003663063,0.000000000,0.000000000,0.000000000,-0.000000000,13.000000000,2.200000048,3.054326296,175.000006008,0.000000000,-2.684087276,20.000000000,8.000000000,-2.967059612,-169.999993347,0.000000000,2.759989023,20.000000000,6.500000000,0.174532920,9.999999709,0.000000000,0.417548507,12.000000000,3.200000048,0.000000000,0.000000000,0.000000000,-0.000032980,0.500000000,0.100000001
2026-07-07 01:50:40.353,1783360240.353290081,315.617730658,1,1,315.590331636,1,0.001544016,5,1,0.008229048,5,1,0,0,0,0,1,1,1,1,1,1,0.025074519,0.160184331,-0.171183661,1.492117713,1,314.621875049,12,1,12,1:-1.251:2.428|2:-0.428:2.425|3:0.392:2.424|4:1.223:2.419|5:1.228:1.589|6:0.405:1.588|7:-0.440:1.588|8:-1.261:1.589|9:-1.185:4.911|10:-0.390:4.902|11:0.375:4.903|12:1.182:4.901,1,176.398913172,place,10,8,-0.786029000,4.882139000,1,176.398855576,1,received,1,167.382519036,completed,1,167.382384265,1,received,1,-0.138666153,-7.944985326,-0.007326126,-0.002442360,1,3.284978151,188.215383863,-0.002442360,0.034187317,1,-2.920386314,-167.325810362,-0.002442360,-0.047863007,0,0.164988518,9.453145736,-0.021978378,-0.007326126,1,0.165475845,9.481067549,-0.036628723,-0.003663063,0.000000000,0.000000000,0.000000000,-0.000000000,13.000000000,2.200000048,3.054326296,175.000006008,0.000000000,-2.684087276,20.000000000,8.000000000,-2.967059612,-169.999993347,0.000000000,2.759989023,20.000000000,6.500000000,0.174532920,9.999999709,0.000000000,0.417548507,12.000000000,3.200000048,0.000000000,0.000000000,0.000000000,-0.000032980,0.500000000,0.100000001
2026-07-07 01:50:41.353,1783360241.353152990,316.617593509,1,1,316.590194487,1,0.001409546,5,1,0.008120313,5,1,0,0,0,0,1,1,1,1,1,1,0.024996837,0.160555509,-0.172087035,1.491686757,1,315.621737900,12,1,12,1:-1.251:2.428|2:-0.428:2.425|3:0.392:2.424|4:1.223:2.419|5:1.228:1.589|6:0.405:1.588|7:-0.440:1.588|8:-1.261:1.589|9:-1.185:4.911|10:-0.390:4.902|11:0.375:4.903|12:1.182:4.901,1,177.398776023,place,10,8,-0.786029000,4.882139000,1,177.398718427,1,received,1,168.382381887,completed,1,168.382247116,1,received,1,-0.138666153,-7.944985326,0.007326126,-0.002442360,1,3.284978151,188.215383863,0.002442360,0.034187317,1,-2.920386314,-167.325810362,-0.002442360,-0.047863007,0,0.164988518,9.453145736,-0.021978378,-0.007326126,1,0.165475845,9.481067549,0.012210846,-0.003663063,0.000000000,0.000000000,0.000000000,-0.000000000,13.000000000,2.200000048,3.054326296,175.000006008,0.000000000,-2.684087276,20.000000000,8.000000000,-2.967059612,-169.999993347,0.000000000,2.759989023,20.000000000,6.500000000,0.174532920,9.999999709,0.000000000,0.417548507,12.000000000,3.200000048,0.000000000,0.000000000,0.000000000,-0.000032980,0.500000000,0.100000001
2026-07-07 01:50:42.353,1783360242.353029013,317.617469836,1,1,317.590070814,1,0.001512171,5,1,0.008062656,5,1,0,0,0,0,1,1,1,1,1,1,0.025032400,0.161572115,-0.170800902,1.493054004,1,316.621614227,12,1,12,1:-1.251:2.428|2:-0.428:2.425|3:0.392:2.424|4:1.223:2.419|5:1.228:1.589|6:0.405:1.588|7:-0.440:1.588|8:-1.261:1.589|9:-1.185:4.911|10:-0.390:4.902|11:0.375:4.903|12:1.182:4.901,1,178.398652350,place,10,8,-0.786029000,4.882139000,1,178.398594754,1,received,1,169.382258214,completed,1,169.382123443,1,received,1,-0.139047623,-7.966841931,-0.021978378,-0.002442360,1,3.284978151,188.215383863,-0.002442360,0.034187317,1,-2.920386314,-167.325810362,-0.002442360,-0.034187317,0,0.164988518,9.453145736,-0.021978378,-0.007326126,1,0.165475845,9.481067549,0.012210846,-0.003663063,0.000000000,0.000000000,0.000000000,-0.000000000,13.000000000,2.200000048,3.054326296,175.000006008,0.000000000,-2.684087276,20.000000000,8.000000000,-2.967059612,-169.999993347,0.000000000,2.759989023,20.000000000,6.500000000,0.174532920,9.999999709,0.000000000,0.417548507,12.000000000,3.200000048,0.000000000,0.000000000,0.000000000,-0.000032980,0.500000000,0.100000001
2026-07-07 01:50:43.352,1783360243.352767944,318.617208595,1,1,318.589809573,1,0.001383025,5,1,0.008231788,5,1,0,0,0,0,1,1,1,1,1,1,0.025113181,0.159572183,-0.171312401,1.491538516,1,317.621352986,12,1,12,1:-1.251:2.428|2:-0.428:2.425|3:0.392:2.424|4:1.223:2.419|5:1.228:1.589|6:0.405:1.588|7:-0.440:1.588|8:-1.261:1.589|9:-1.185:4.911|10:-0.390:4.902|11:0.375:4.903|12:1.182:4.901,1,179.398391109,place,10,8,-0.786029000,4.882139000,1,179.398333513,1,received,1,170.381996973,completed,1,170.381862202,1,received,1,-0.138666153,-7.944985326,-0.007326126,-0.002442360,1,3.284978151,188.215383863,-0.002442360,0.034187317,1,-2.920386314,-167.325810362,-0.007326126,-0.047863007,0,0.164988518,9.453145736,-0.021978378,-0.007326126,1,0.165859222,9.503033438,-0.012210846,-0.003663063,0.000000000,0.000000000,0.000000000,-0.000000000,13.000000000,2.200000048,3.054326296,175.000006008,0.000000000,-2.684087276,20.000000000,8.000000000,-2.967059612,-169.999993347,0.000000000,2.759989023,20.000000000,6.500000000,0.174532920,9.999999709,0.000000000,0.417548507,12.000000000,3.200000048,0.000000000,0.000000000,0.000000000,-0.000032980,0.500000000,0.100000001
2026-07-07 01:50:44.352,1783360244.352598190,319.617038820,1,1,319.589639798,1,0.001932535,5,1,0.008207594,5,1,0,0,0,0,1,1,1,1,1,1,0.025273886,0.154468152,-0.175995422,1.491704356,1,318.621183211,12,1,12,1:-1.251:2.428|2:-0.428:2.425|3:0.392:2.424|4:1.223:2.419|5:1.228:1.589|6:0.405:1.588|7:-0.440:1.588|8:-1.261:1.589|9:-1.185:4.911|10:-0.390:4.902|11:0.375:4.903|12:1.182:4.901,1,180.398221334,place,10,8,-0.786029000,4.882139000,1,180.398163738,1,received,1,171.381827198,completed,1,171.381692427,1,received,1,-0.138666153,-7.944985326,0.007326126,-0.002442360,1,3.284978151,188.215383863,-0.002442360,0.034187317,1,-2.920386314,-167.325810362,-0.002442360,-0.034187317,0,0.164607048,9.431289130,0.007326126,-0.007326126,1,0.165475845,9.481067549,-0.036628723,-0.003663063,0.000000000,0.000000000,0.000000000,-0.000000000,13.000000000,2.200000048,3.054326296,175.000006008,0.000000000,-2.684087276,20.000000000,8.000000000,-2.967059612,-169.999993347,0.000000000,2.759989023,20.000000000,6.500000000,0.174532920,9.999999709,0.000000000,0.417548507,12.000000000,3.200000048,0.000000000,0.000000000,0.000000000,-0.000032980,0.500000000,0.100000001
2026-07-07 01:50:45.352,1783360245.352433920,320.616874402,1,1,320.589475380,1,0.001611179,5,1,0.008190834,5,1,0,0,0,0,1,1,1,1,1,1,0.024921099,0.157323614,-0.173441682,1.491959770,1,319.621018793,12,1,12,1:-1.251:2.428|2:-0.428:2.425|3:0.392:2.424|4:1.223:2.419|5:1.228:1.589|6:0.405:1.588|7:-0.440:1.588|8:-1.261:1.589|9:-1.185:4.911|10:-0.390:4.902|11:0.375:4.903|12:1.182:4.901,1,181.398056916,place,10,8,-0.786029000,4.882139000,1,181.397999320,1,received,1,172.381662780,completed,1,172.381528009,1,received,1,-0.138666153,-7.944985326,-0.007326126,-0.002442360,1,3.284978151,188.215383863,0.002442360,0.034187317,1,-2.920386314,-167.325810362,-0.002442360,-0.047863007,0,0.164607048,9.431289130,-0.007326126,-0.007326126,1,0.165859222,9.503033438,0.012210846,-0.003663063,0.000000000,0.000000000,0.000000000,-0.000000000,13.000000000,2.200000048,3.054326296,175.000006008,0.000000000,-2.684087276,20.000000000,8.000000000,-2.967059612,-169.999993347,0.000000000,2.759989023,20.000000000,6.500000000,0.174532920,9.999999709,0.000000000,0.417548507,12.000000000,3.200000048,0.000000000,0.000000000,0.000000000,-0.000032980,0.500000000,0.100000001
2026-07-07 01:50:46.352,1783360246.352217913,321.616658464,1,1,321.589259442,1,0.001711367,5,1,0.008177382,5,1,0,0,0,0,1,1,1,1,1,1,0.025135149,0.160795222,-0.172942912,1.492035266,1,320.620802855,12,1,12,1:-1.251:2.428|2:-0.428:2.425|3:0.392:2.424|4:1.223:2.419|5:1.228:1.589|6:0.405:1.588|7:-0.440:1.588|8:-1.261:1.589|9:-1.185:4.911|10:-0.390:4.902|11:0.375:4.903|12:1.182:4.901,1,182.397840978,place,10,8,-0.786029000,4.882139000,1,182.397783382,1,received,1,173.381446842,completed,1,173.381312071,1,received,1,-0.138666153,-7.944985326,-0.007326126,-0.002442360,1,3.284978151,188.215383863,0.002442360,0.034187317,1,-2.920386314,-167.325810362,-0.002442360,-0.034187317,0,0.164607048,9.431289130,-0.007326126,-0.007326126,1,0.165475845,9.481067549,-0.012210846,-0.003663063,0.000000000,0.000000000,0.000000000,-0.000000000,13.000000000,2.200000048,3.054326296,175.000006008,0.000000000,-2.684087276,20.000000000,8.000000000,-2.967059612,-169.999993347,0.000000000,2.759989023,20.000000000,6.500000000,0.174532920,9.999999709,0.000000000,0.417548507,12.000000000,3.200000048,0.000000000,0.000000000,0.000000000,-0.000032980,0.500000000,0.100000001
2026-07-07 01:50:47.352,1783360247.352123022,322.616563682,1,1,322.589164660,1,0.001901627,5,1,0.008187304,5,1,0,0,0,0,1,1,1,1,1,1,0.025118788,0.157154215,-0.168233677,1.492014842,1,321.620708073,12,1,12,1:-1.251:2.428|2:-0.428:2.425|3:0.392:2.424|4:1.223:2.419|5:1.228:1.589|6:0.405:1.588|7:-0.440:1.588|8:-1.261:1.589|9:-1.185:4.911|10:-0.390:4.902|11:0.375:4.903|12:1.182:4.901,1,183.397746196,place,10,8,-0.786029000,4.882139000,1,183.397688600,1,received,1,174.381352060,completed,1,174.381217289,1,received,1,-0.138666153,-7.944985326,-0.007326126,-0.002442360,1,3.284978151,188.215383863,0.002442360,0.034187317,1,-2.920386314,-167.325810362,-0.002442360,-0.047863007,0,0.164607048,9.431289130,-0.007326126,-0.007326126,1,0.165475845,9.481067549,-0.012210846,-0.003663063,0.000000000,0.000000000,0.000000000,-0.000000000,13.000000000,2.200000048,3.054326296,175.000006008,0.000000000,-2.684087276,20.000000000,8.000000000,-2.967059612,-169.999993347,0.000000000,2.759989023,20.000000000,6.500000000,0.174532920,9.999999709,0.000000000,0.417548507,12.000000000,3.200000048,0.000000000,0.000000000,0.000000000,-0.000032980,0.500000000,0.100000001
2026-07-07 01:50:48.352,1783360248.351901293,323.616341897,1,1,323.588942875,1,0.001810578,5,1,0.008109905,5,1,0,0,0,0,1,1,1,1,1,1,0.025208844,0.166638501,-0.172267589,1.491599177,1,322.620486288,12,1,12,1:-1.251:2.428|2:-0.428:2.425|3:0.392:2.424|4:1.223:2.419|5:1.228:1.589|6:0.405:1.588|7:-0.440:1.588|8:-1.261:1.589|9:-1.185:4.911|10:-0.390:4.902|11:0.375:4.903|12:1.182:4.901,1,184.397524411,place,10,8,-0.786029000,4.882139000,1,184.397466815,1,received,1,175.381130275,completed,1,175.380995504,1,received,1,-0.138666153,-7.944985326,-0.007326126,-0.002442360,1,3.284978151,188.215383863,0.002442360,0.047863007,1,-2.920386314,-167.325810362,-0.007326126,-0.047863007,0,0.164607048,9.431289130,-0.007326126,-0.007326126,1,0.165475845,9.481067549,-0.036628723,-0.003663063,0.000000000,0.000000000,0.000000000,-0.000000000,13.000000000,2.200000048,3.054326296,175.000006008,0.000000000,-2.684087276,20.000000000,8.000000000,-2.967059612,-169.999993347,0.000000000,2.759989023,20.000000000,6.500000000,0.174532920,9.999999709,0.000000000,0.417548507,12.000000000,3.200000048,0.000000000,0.000000000,0.000000000,-0.000032980,0.500000000,0.100000001
2026-07-07 01:50:49.352,1783360249.351801872,324.616242525,1,1,324.588843503,1,0.002055259,5,1,0.008102212,5,1,0,0,0,0,1,1,1,1,1,1,0.025337883,0.159651207,-0.176513872,1.493266036,1,323.620386916,12,1,12,1:-1.251:2.428|2:-0.428:2.425|3:0.392:2.424|4:1.223:2.419|5:1.228:1.589|6:0.405:1.588|7:-0.440:1.588|8:-1.261:1.589|9:-1.185:4.911|10:-0.390:4.902|11:0.375:4.903|12:1.182:4.901,1,185.397425039,place,10,8,-0.786029000,4.882139000,1,185.397367443,1,received,1,176.381030903,completed,1,176.380896132,1,received,1,-0.138666153,-7.944985326,-0.021978378,-0.002442360,1,3.284978151,188.215383863,-0.007326126,0.034187317,1,-2.920386314,-167.325810362,0.002442360,-0.034187317,0,0.164607048,9.431289130,-0.007326126,-0.007326126,1,0.165475845,9.481067549,-0.036628723,-0.003663063,0.000000000,0.000000000,0.000000000,-0.000000000,13.000000000,2.200000048,3.054326296,175.000006008,0.000000000,-2.684087276,20.000000000,8.000000000,-2.967059612,-169.999993347,0.000000000,2.759989023,20.000000000,6.500000000,0.174532920,9.999999709,0.000000000,0.417548507,12.000000000,3.200000048,0.000000000,0.000000000,0.000000000,-0.000032980,0.500000000,0.100000001
2026-07-07 01:50:50.351,1783360250.351498127,325.615938918,1,1,325.588539896,1,0.001994521,5,1,0.008173324,5,1,0,0,0,0,1,1,1,1,1,1,0.025295927,0.160883445,-0.174367931,1.492513008,1,324.620083309,12,1,12,1:-1.251:2.428|2:-0.428:2.425|3:0.392:2.424|4:1.223:2.419|5:1.228:1.589|6:0.405:1.588|7:-0.440:1.588|8:-1.261:1.589|9:-1.185:4.911|10:-0.390:4.902|11:0.375:4.903|12:1.182:4.901,1,186.397121432,place,10,8,-0.786029000,4.882139000,1,186.397063836,1,received,1,177.380727296,completed,1,177.380592525,1,received,1,-0.138666153,-7.944985326,-0.021978378,-0.002442360,1,3.284978151,188.215383863,-0.002442360,0.034187317,1,-2.920386314,-167.325810362,-0.002442360,-0.034187317,0,0.164607048,9.431289130,-0.007326126,-0.007326126,1,0.165475845,9.481067549,-0.012210846,-0.003663063,0.000000000,0.000000000,0.000000000,-0.000000000,13.000000000,2.200000048,3.054326296,175.000006008,0.000000000,-2.684087276,20.000000000,8.000000000,-2.967059612,-169.999993347,0.000000000,2.759989023,20.000000000,6.500000000,0.174532920,9.999999709,0.000000000,0.417548507,12.000000000,3.200000048,0.000000000,0.000000000,0.000000000,-0.000032980,0.500000000,0.100000001
2026-07-07 01:50:51.351,1783360251.351268053,326.615708757,1,1,326.588309735,1,0.001937373,5,1,0.008075551,5,1,0,0,0,0,1,1,1,1,1,1,0.025072146,0.160510600,-0.171598743,1.492316836,1,325.619853148,12,1,12,1:-1.251:2.428|2:-0.428:2.425|3:0.392:2.424|4:1.223:2.419|5:1.228:1.589|6:0.405:1.588|7:-0.440:1.588|8:-1.261:1.589|9:-1.185:4.911|10:-0.390:4.902|11:0.375:4.903|12:1.182:4.901,1,187.396891271,place,10,8,-0.786029000,4.882139000,1,187.396833675,1,received,1,178.380497135,completed,1,178.380362364,1,received,1,-0.139047623,-7.966841931,-0.021978378,-0.002442360,1,3.284978151,188.215383863,-0.002442360,0.034187317,1,-2.920386314,-167.325810362,-0.002442360,-0.047863007,0,0.164607048,9.431289130,-0.007326126,-0.007326126,1,0.165475845,9.481067549,-0.012210846,-0.003663063,0.000000000,0.000000000,0.000000000,-0.000000000,13.000000000,2.200000048,3.054326296,175.000006008,0.000000000,-2.684087276,20.000000000,8.000000000,-2.967059612,-169.999993347,0.000000000,2.759989023,20.000000000,6.500000000,0.174532920,9.999999709,0.000000000,0.417548507,12.000000000,3.200000048,0.000000000,0.000000000,0.000000000,-0.000032980,0.500000000,0.100000001
2026-07-07 01:50:52.351,1783360252.351093531,327.615534059,1,1,327.588135037,1,0.001798521,5,1,0.008055106,5,1,0,0,0,0,1,1,1,1,1,1,0.024237313,0.157569902,-0.174885592,1.490828218,1,326.619678450,12,1,12,1:-1.251:2.428|2:-0.428:2.425|3:0.392:2.424|4:1.223:2.419|5:1.228:1.589|6:0.405:1.588|7:-0.440:1.588|8:-1.261:1.589|9:-1.185:4.911|10:-0.390:4.902|11:0.375:4.903|12:1.182:4.901,1,188.396716573,place,10,8,-0.786029000,4.882139000,1,188.396658977,1,received,1,179.380322437,completed,1,179.380187666,1,received,1,-0.138666153,-7.944985326,-0.007326126,-0.002442360,1,3.284978151,188.215383863,-0.002442360,0.034187317,1,-2.920386314,-167.325810362,0.002442360,-0.047863007,0,0.164607048,9.431289130,-0.007326126,-0.007326126,1,0.165475845,9.481067549,-0.012210846,-0.003663063,0.000000000,0.000000000,0.000000000,-0.000000000,13.000000000,2.200000048,3.054326296,175.000006008,0.000000000,-2.684087276,20.000000000,8.000000000,-2.967059612,-169.999993347,0.000000000,2.759989023,20.000000000,6.500000000,0.174532920,9.999999709,0.000000000,0.417548507,12.000000000,3.200000048,0.000000000,0.000000000,0.000000000,-0.000032980,0.500000000,0.100000001
2026-07-07 01:50:53.351,1783360253.350902319,328.615342847,1,1,328.587943825,1,0.002066168,5,1,0.007985527,5,1,0,0,0,0,1,1,1,1,1,1,0.025199408,0.164187501,-0.172077945,1.491847732,1,327.619487238,12,1,12,1:-1.251:2.428|2:-0.428:2.425|3:0.392:2.424|4:1.223:2.419|5:1.228:1.589|6:0.405:1.588|7:-0.440:1.588|8:-1.261:1.589|9:-1.185:4.911|10:-0.390:4.902|11:0.375:4.903|12:1.182:4.901,1,189.396525361,place,10,8,-0.786029000,4.882139000,1,189.396467765,1,received,1,180.380131225,completed,1,180.379996454,1,received,1,-0.139047623,-7.966841931,-0.007326126,-0.002442360,1,3.284978151,188.215383863,-0.007326126,0.034187317,1,-2.920386314,-167.325810362,-0.002442360,-0.047863007,0,0.164607048,9.431289130,-0.007326126,-0.007326126,1,0.165859222,9.503033438,-0.012210846,-0.003663063,0.000000000,0.000000000,0.000000000,-0.000000000,13.000000000,2.200000048,3.054326296,175.000006008,0.000000000,-2.684087276,20.000000000,8.000000000,-2.967059612,-169.999993347,0.000000000,2.759989023,20.000000000,6.500000000,0.174532920,9.999999709,0.000000000,0.417548507,12.000000000,3.200000048,0.000000000,0.000000000,0.000000000,-0.000032980,0.500000000,0.100000001
2026-07-07 01:50:54.350,1783360254.350753546,329.615194247,1,1,329.587795225,1,0.001975668,5,1,0.008219077,5,1,0,0,0,0,1,1,1,1,1,1,0.025206809,0.163926352,-0.170952666,1.492896093,1,328.619338638,12,1,12,1:-1.251:2.428|2:-0.428:2.425|3:0.392:2.424|4:1.223:2.419|5:1.228:1.589|6:0.405:1.588|7:-0.440:1.588|8:-1.261:1.589|9:-1.185:4.911|10:-0.390:4.902|11:0.375:4.903|12:1.182:4.901,1,190.396376761,place,10,8,-0.786029000,4.882139000,1,190.396319165,1,received,1,181.379982625,completed,1,181.379847854,1,received,1,-0.138666153,-7.944985326,-0.007326126,-0.002442360,1,3.284978151,188.215383863,-0.002442360,0.034187317,1,-2.920386314,-167.325810362,-0.002442360,-0.047863007,0,0.164607048,9.431289130,-0.007326126,-0.007326126,1,0.165475845,9.481067549,-0.036628723,-0.003663063,0.000000000,0.000000000,0.000000000,-0.000000000,13.000000000,2.200000048,3.054326296,175.000006008,0.000000000,-2.684087276,20.000000000,8.000000000,-2.967059612,-169.999993347,0.000000000,2.759989023,20.000000000,6.500000000,0.174532920,9.999999709,0.000000000,0.417548507,12.000000000,3.200000048,0.000000000,0.000000000,0.000000000,-0.000032980,0.500000000,0.100000001
2026-07-07 01:50:55.350,1783360255.350510120,330.614950768,1,1,330.587551746,1,0.001947736,5,1,0.008192686,5,1,0,0,0,0,1,1,1,1,1,1,0.025110599,0.157938307,-0.176171271,1.491883473,1,329.619095159,12,1,12,1:-1.251:2.428|2:-0.428:2.425|3:0.392:2.424|4:1.223:2.419|5:1.228:1.589|6:0.405:1.588|7:-0.440:1.588|8:-1.261:1.589|9:-1.185:4.911|10:-0.390:4.902|11:0.375:4.903|12:1.182:4.901,1,191.396133282,place,10,8,-0.786029000,4.882139000,1,191.396075686,1,received,1,182.379739146,completed,1,182.379604375,1,received,1,-0.138666153,-7.944985326,-0.021978378,-0.002442360,1,3.284978151,188.215383863,-0.002442360,0.034187317,1,-2.920386314,-167.325810362,-0.002442360,-0.034187317,0,0.164607048,9.431289130,-0.007326126,-0.007326126,1,0.165859222,9.503033438,-0.036628723,-0.003663063,0.000000000,0.000000000,0.000000000,-0.000000000,13.000000000,2.200000048,3.054326296,175.000006008,0.000000000,-2.684087276,20.000000000,8.000000000,-2.967059612,-169.999993347,0.000000000,2.759989023,20.000000000,6.500000000,0.174532920,9.999999709,0.000000000,0.417548507,12.000000000,3.200000048,0.000000000,0.000000000,0.000000000,-0.000032980,0.500000000,0.100000001
2026-07-07 01:50:56.350,1783360256.350317478,331.614758205,1,1,331.587359183,1,0.001965368,5,1,0.008143267,5,1,0,0,0,0,1,1,1,1,1,1,0.025237326,0.164630751,-0.172835190,1.491686206,1,330.618902596,12,1,12,1:-1.251:2.428|2:-0.428:2.425|3:0.392:2.424|4:1.223:2.419|5:1.228:1.589|6:0.405:1.588|7:-0.440:1.588|8:-1.261:1.589|9:-1.185:4.911|10:-0.390:4.902|11:0.375:4.903|12:1.182:4.901,1,192.395940719,place,10,8,-0.786029000,4.882139000,1,192.395883123,1,received,1,183.379546583,completed,1,183.379411812,1,received,1,-0.138666153,-7.944985326,-0.007326126,-0.002442360,1,3.284978151,188.215383863,-0.002442360,0.034187317,1,-2.920386314,-167.325810362,0.002442360,-0.047863007,0,0.164607048,9.431289130,-0.007326126,-0.007326126,1,0.165859222,9.503033438,-0.012210846,-0.003663063,0.000000000,0.000000000,0.000000000,-0.000000000,13.000000000,2.200000048,3.054326296,175.000006008,0.000000000,-2.684087276,20.000000000,8.000000000,-2.967059612,-169.999993347,0.000000000,2.759989023,20.000000000,6.500000000,0.174532920,9.999999709,0.000000000,0.417548507,12.000000000,3.200000048,0.000000000,0.000000000,0.000000000,-0.000032980,0.500000000,0.100000001
2026-07-07 01:50:57.350,1783360257.350122690,332.614563348,1,1,332.587164326,1,0.001827488,5,1,0.008193189,5,1,0,0,0,0,1,1,1,1,1,1,0.025190155,0.160650205,-0.172543011,1.492671125,1,331.618707739,12,1,12,1:-1.251:2.428|2:-0.428:2.425|3:0.392:2.424|4:1.223:2.419|5:1.228:1.589|6:0.405:1.588|7:-0.440:1.588|8:-1.261:1.589|9:-1.185:4.911|10:-0.390:4.902|11:0.375:4.903|12:1.182:4.901,1,193.395745862,place,10,8,-0.786029000,4.882139000,1,193.395688266,1,received,1,184.379351726,completed,1,184.379216955,1,received,1,-0.139047623,-7.966841931,-0.007326126,-0.002442360,1,3.284978151,188.215383863,-0.002442360,0.034187317,1,-2.920386314,-167.325810362,-0.002442360,-0.047863007,0,0.164607048,9.431289130,-0.007326126,-0.007326126,1,0.165475845,9.481067549,-0.012210846,-0.003663063,0.000000000,0.000000000,0.000000000,-0.000000000,13.000000000,2.200000048,3.054326296,175.000006008,0.000000000,-2.684087276,20.000000000,8.000000000,-2.967059612,-169.999993347,0.000000000,2.759989023,20.000000000,6.500000000,0.174532920,9.999999709,0.000000000,0.417548507,12.000000000,3.200000048,0.000000000,0.000000000,0.000000000,-0.000032980,0.500000000,0.100000001
2026-07-07 01:50:58.350,1783360258.349918365,333.614358951,1,1,333.586959929,1,0.001749792,5,1,0.008178827,5,1,0,0,0,0,1,1,1,1,1,1,0.024983221,0.160525197,-0.175919945,1.490917058,1,332.618503342,12,1,12,1:-1.251:2.428|2:-0.428:2.425|3:0.392:2.424|4:1.223:2.419|5:1.228:1.589|6:0.405:1.588|7:-0.440:1.588|8:-1.261:1.589|9:-1.185:4.911|10:-0.390:4.902|11:0.375:4.903|12:1.182:4.901,1,194.395541465,place,10,8,-0.786029000,4.882139000,1,194.395483869,1,received,1,185.379147329,completed,1,185.379012558,1,received,1,-0.138666153,-7.944985326,0.007326126,-0.002442360,1,3.284978151,188.215383863,-0.002442360,0.034187317,1,-2.920386314,-167.325810362,-0.002442360,-0.034187317,0,0.164607048,9.431289130,-0.007326126,-0.007326126,1,0.165475845,9.481067549,-0.012210846,-0.003663063,0.000000000,0.000000000,0.000000000,-0.000000000,13.000000000,2.200000048,3.054326296,175.000006008,0.000000000,-2.684087276,20.000000000,8.000000000,-2.967059612,-169.999993347,0.000000000,2.759989023,20.000000000,6.500000000,0.174532920,9.999999709,0.000000000,0.417548507,12.000000000,3.200000048,0.000000000,0.000000000,0.000000000,-0.000032980,0.500000000,0.100000001
2026-07-07 01:50:59.349,1783360259.349729776,334.614170430,1,1,334.586771408,1,0.001880625,5,1,0.008320625,5,1,0,0,0,0,1,1,1,1,1,1,0.025092254,0.159722612,-0.172777680,1.492715513,1,333.618314821,12,1,12,1:-1.251:2.428|2:-0.428:2.425|3:0.392:2.424|4:1.223:2.419|5:1.228:1.589|6:0.405:1.588|7:-0.440:1.588|8:-1.261:1.589|9:-1.185:4.911|10:-0.390:4.902|11:0.375:4.903|12:1.182:4.901,1,195.395352944,place,10,8,-0.786029000,4.882139000,1,195.395295348,1,received,1,186.378958808,completed,1,186.378824037,1,received,1,-0.138666153,-7.944985326,-0.007326126,-0.002442360,1,3.284978151,188.215383863,-0.007326126,0.020513535,1,-2.920386314,-167.325810362,-0.002442360,-0.047863007,0,0.164607048,9.431289130,-0.007326126,-0.007326126,1,0.165859222,9.503033438,-0.012210846,-0.003663063,0.000000000,0.000000000,0.000000000,-0.000000000,13.000000000,2.200000048,3.054326296,175.000006008,0.000000000,-2.684087276,20.000000000,8.000000000,-2.967059612,-169.999993347,0.000000000,2.759989023,20.000000000,6.500000000,0.174532920,9.999999709,0.000000000,0.417548507,12.000000000,3.200000048,0.000000000,0.000000000,0.000000000,-0.000032980,0.500000000,0.100000001
2026-07-07 01:51:00.349,1783360260.349513531,335.613954052,1,1,335.586555030,1,0.001667161,5,1,0.008216424,5,1,0,0,0,0,1,1,1,1,1,1,0.025206914,0.162077921,-0.166372569,1.491112403,1,334.618098443,12,1,12,1:-1.251:2.428|2:-0.428:2.425|3:0.392:2.424|4:1.223:2.419|5:1.228:1.589|6:0.405:1.588|7:-0.440:1.588|8:-1.261:1.589|9:-1.185:4.911|10:-0.390:4.902|11:0.375:4.903|12:1.182:4.901,1,196.395136566,place,10,8,-0.786029000,4.882139000,1,196.395078970,1,received,1,187.378742430,completed,1,187.378607659,1,received,1,-0.138666153,-7.944985326,-0.007326126,-0.002442360,1,3.284978151,188.215383863,-0.007326126,0.034187317,1,-2.920386314,-167.325810362,0.002442360,-0.047863007,0,0.164607048,9.431289130,-0.007326126,-0.007326126,1,0.165475845,9.481067549,-0.036628723,-0.003663063,0.000000000,0.000000000,0.000000000,-0.000000000,13.000000000,2.200000048,3.054326296,175.000006008,0.000000000,-2.684087276,20.000000000,8.000000000,-2.967059612,-169.999993347,0.000000000,2.759989023,20.000000000,6.500000000,0.174532920,9.999999709,0.000000000,0.417548507,12.000000000,3.200000048,0.000000000,0.000000000,0.000000000,-0.000032980,0.500000000,0.100000001
2026-07-07 01:51:01.349,1783360261.349320889,336.613761461,1,1,336.586362439,1,0.001895837,5,1,0.008239946,5,1,0,0,0,0,1,1,1,1,1,1,0.025290457,0.168118705,-0.170915072,1.492279464,1,335.617905852,12,1,12,1:-1.251:2.428|2:-0.428:2.425|3:0.392:2.424|4:1.223:2.419|5:1.228:1.589|6:0.405:1.588|7:-0.440:1.588|8:-1.261:1.589|9:-1.185:4.911|10:-0.390:4.902|11:0.375:4.903|12:1.182:4.901,1,197.394943975,place,10,8,-0.786029000,4.882139000,1,197.394886379,1,received,1,188.378549839,completed,1,188.378415068,1,received,1,-0.138666153,-7.944985326,-0.007326126,-0.002442360,1,3.284978151,188.215383863,-0.002442360,0.020513535,1,-2.920386314,-167.325810362,-0.002442360,-0.047863007,0,0.164607048,9.431289130,-0.007326126,-0.007326126,1,0.165859222,9.503033438,-0.036628723,-0.003663063,0.000000000,0.000000000,0.000000000,-0.000000000,13.000000000,2.200000048,3.054326296,175.000006008,0.000000000,-2.684087276,20.000000000,8.000000000,-2.967059612,-169.999993347,0.000000000,2.759989023,20.000000000,6.500000000,0.174532920,9.999999709,0.000000000,0.417548507,12.000000000,3.200000048,0.000000000,0.000000000,0.000000000,-0.000032980,0.500000000,0.100000001
2026-07-07 01:51:02.349,1783360262.349138737,337.613579244,1,1,337.586180222,1,0.002071358,5,1,0.008158870,5,1,0,0,0,0,1,1,1,1,1,1,0.025165686,0.151749148,-0.173900651,1.491889013,1,336.617723635,12,1,12,1:-1.251:2.428|2:-0.428:2.425|3:0.392:2.424|4:1.223:2.419|5:1.228:1.589|6:0.405:1.588|7:-0.440:1.588|8:-1.261:1.589|9:-1.185:4.911|10:-0.390:4.902|11:0.375:4.903|12:1.182:4.901,1,198.394761758,place,10,8,-0.786029000,4.882139000,1,198.394704162,1,received,1,189.378367622,completed,1,189.378232851,1,received,1,-0.138666153,-7.944985326,-0.021978378,-0.002442360,1,3.284978151,188.215383863,-0.002442360,0.034187317,1,-2.920386314,-167.325810362,-0.002442360,-0.047863007,0,0.164607048,9.431289130,-0.007326126,-0.007326126,1,0.165859222,9.503033438,-0.012210846,-0.003663063,0.000000000,0.000000000,0.000000000,-0.000000000,13.000000000,2.200000048,3.054326296,175.000006008,0.000000000,-2.684087276,20.000000000,8.000000000,-2.967059612,-169.999993347,0.000000000,2.759989023,20.000000000,6.500000000,0.174532920,9.999999709,0.000000000,0.417548507,12.000000000,3.200000048,0.000000000,0.000000000,0.000000000,-0.000032980,0.500000000,0.100000001
2026-07-07 01:51:03.349,1783360263.348928213,338.613368821,1,1,338.585969799,1,0.001848103,5,1,0.008297878,5,1,0,0,0,0,1,1,1,1,1,1,0.025098635,0.159063789,-0.170093129,1.492203396,1,337.617513212,12,1,12,1:-1.251:2.428|2:-0.428:2.425|3:0.392:2.424|4:1.223:2.419|5:1.228:1.589|6:0.405:1.588|7:-0.440:1.588|8:-1.261:1.589|9:-1.185:4.911|10:-0.390:4.902|11:0.375:4.903|12:1.182:4.901,1,199.394551335,place,10,8,-0.786029000,4.882139000,1,199.394493739,1,received,1,190.378157199,completed,1,190.378022428,1,received,1,-0.138666153,-7.944985326,-0.007326126,-0.002442360,1,3.284978151,188.215383863,-0.007326126,0.034187317,1,-2.920386314,-167.325810362,-0.002442360,-0.047863007,0,0.164607048,9.431289130,-0.007326126,-0.007326126,1,0.165859222,9.503033438,0.012210846,-0.003663063,0.000000000,0.000000000,0.000000000,-0.000000000,13.000000000,2.200000048,3.054326296,175.000006008,0.000000000,-2.684087276,20.000000000,8.000000000,-2.967059612,-169.999993347,0.000000000,2.759989023,20.000000000,6.500000000,0.174532920,9.999999709,0.000000000,0.417548507,12.000000000,3.200000048,0.000000000,0.000000000,0.000000000,-0.000032980,0.500000000,0.100000001
2026-07-07 01:51:04.348,1783360264.348721743,339.613162268,1,1,339.585763246,1,0.001773316,5,1,0.008194509,5,1,0,0,0,0,1,1,1,1,1,1,0.025171341,0.155040404,-0.180794030,1.490451227,1,338.617306659,12,1,12,1:-1.251:2.428|2:-0.428:2.425|3:0.392:2.424|4:1.223:2.419|5:1.228:1.589|6:0.405:1.588|7:-0.440:1.588|8:-1.261:1.589|9:-1.185:4.911|10:-0.390:4.902|11:0.375:4.903|12:1.182:4.901,1,200.394344782,place,10,8,-0.786029000,4.882139000,1,200.394287186,1,received,1,191.377950646,completed,1,191.377815875,1,received,1,-0.138666153,-7.944985326,-0.007326126,-0.002442360,1,3.284978151,188.215383863,-0.002442360,0.034187317,1,-2.920386314,-167.325810362,-0.007326126,-0.034187317,0,0.164607048,9.431289130,-0.007326126,-0.007326126,1,0.165859222,9.503033438,0.012210846,-0.003663063,0.000000000,0.000000000,0.000000000,-0.000000000,13.000000000,2.200000048,3.054326296,175.000006008,0.000000000,-2.684087276,20.000000000,8.000000000,-2.967059612,-169.999993347,0.000000000,2.759989023,20.000000000,6.500000000,0.174532920,9.999999709,0.000000000,0.417548507,12.000000000,3.200000048,0.000000000,0.000000000,0.000000000,-0.000032980,0.500000000,0.100000001
2026-07-07 01:51:05.348,1783360265.348477125,340.612917796,1,1,340.585518774,1,0.001905460,5,1,0.008082707,5,1,0,0,0,0,1,1,1,1,1,1,0.025054987,0.164312488,-0.175483413,1.491910222,1,339.617062187,12,1,12,1:-1.251:2.428|2:-0.428:2.425|3:0.392:2.424|4:1.223:2.419|5:1.228:1.589|6:0.405:1.588|7:-0.440:1.588|8:-1.261:1.589|9:-1.185:4.911|10:-0.390:4.902|11:0.375:4.903|12:1.182:4.901,1,201.394100310,place,10,8,-0.786029000,4.882139000,1,201.394042714,1,received,1,192.377706174,completed,1,192.377571403,1,received,1,-0.138666153,-7.944985326,0.007326126,-0.002442360,1,3.284978151,188.215383863,-0.002442360,0.034187317,1,-2.920386314,-167.325810362,-0.002442360,-0.047863007,0,0.164607048,9.431289130,-0.007326126,-0.007326126,1,0.165859222,9.503033438,-0.012210846,-0.003663063,0.000000000,0.000000000,0.000000000,-0.000000000,13.000000000,2.200000048,3.054326296,175.000006008,0.000000000,-2.684087276,20.000000000,8.000000000,-2.967059612,-169.999993347,0.000000000,2.759989023,20.000000000,6.500000000,0.174532920,9.999999709,0.000000000,0.417548507,12.000000000,3.200000048,0.000000000,0.000000000,0.000000000,-0.000032980,0.500000000,0.100000001
2026-07-07 01:51:06.348,1783360266.348285437,341.612726053,1,1,341.585327031,1,0.001530040,5,1,0.008178622,5,1,0,0,0,0,1,1,1,1,1,1,0.025194016,0.164424129,-0.175504673,1.492945675,1,340.616870444,12,1,12,1:-1.251:2.428|2:-0.428:2.425|3:0.392:2.424|4:1.223:2.419|5:1.228:1.589|6:0.405:1.588|7:-0.440:1.588|8:-1.261:1.589|9:-1.185:4.911|10:-0.390:4.902|11:0.375:4.903|12:1.182:4.901,1,202.393908567,place,10,8,-0.786029000,4.882139000,1,202.393850971,1,received,1,193.377514431,completed,1,193.377379660,1,received,1,-0.138666153,-7.944985326,-0.007326126,-0.002442360,1,3.284978151,188.215383863,-0.002442360,0.034187317,1,-2.920386314,-167.325810362,-0.002442360,-0.034187317,0,0.164607048,9.431289130,-0.007326126,-0.007326126,1,0.165859222,9.503033438,0.012210846,-0.003663063,0.000000000,0.000000000,0.000000000,-0.000000000,13.000000000,2.200000048,3.054326296,175.000006008,0.000000000,-2.684087276,20.000000000,8.000000000,-2.967059612,-169.999993347,0.000000000,2.759989023,20.000000000,6.500000000,0.174532920,9.999999709,0.000000000,0.417548507,12.000000000,3.200000048,0.000000000,0.000000000,0.000000000,-0.000032980,0.500000000,0.100000001
2026-07-07 01:51:07.348,1783360267.348083735,342.612524354,1,1,342.585125332,1,0.001433457,5,1,0.008170018,5,1,0,0,0,0,1,1,1,1,1,1,0.024340119,0.161054302,-0.172848819,1.489585746,1,341.616668745,12,1,12,1:-1.251:2.428|2:-0.428:2.425|3:0.392:2.424|4:1.223:2.419|5:1.228:1.589|6:0.405:1.588|7:-0.440:1.588|8:-1.261:1.589|9:-1.185:4.911|10:-0.390:4.902|11:0.375:4.903|12:1.182:4.901,1,203.393706868,place,10,8,-0.786029000,4.882139000,1,203.393649272,1,received,1,194.377312732,completed,1,194.377177961,1,received,1,-0.138666153,-7.944985326,-0.007326126,-0.002442360,1,3.284978151,188.215383863,-0.002442360,0.034187317,1,-2.920386314,-167.325810362,-0.002442360,-0.047863007,0,0.164607048,9.431289130,-0.007326126,-0.007326126,1,0.165475845,9.481067549,-0.012210846,-0.003663063,0.000000000,0.000000000,0.000000000,-0.000000000,13.000000000,2.200000048,3.054326296,175.000006008,0.000000000,-2.684087276,20.000000000,8.000000000,-2.967059612,-169.999993347,0.000000000,2.759989023,20.000000000,6.500000000,0.174532920,9.999999709,0.000000000,0.417548507,12.000000000,3.200000048,0.000000000,0.000000000,0.000000000,-0.000032980,0.500000000,0.100000001
2026-07-07 01:51:08.348,1783360268.347885847,343.612326415,1,1,343.584927393,1,0.001387475,5,1,0.008218337,5,1,0,0,0,0,1,1,1,1,1,1,0.025103803,0.158851720,-0.167382935,1.492273384,1,342.616470806,12,1,12,1:-1.251:2.428|2:-0.428:2.425|3:0.392:2.424|4:1.223:2.419|5:1.228:1.589|6:0.405:1.588|7:-0.440:1.588|8:-1.261:1.589|9:-1.185:4.911|10:-0.390:4.902|11:0.375:4.903|12:1.182:4.901,1,204.393508929,place,10,8,-0.786029000,4.882139000,1,204.393451333,1,received,1,195.377114793,completed,1,195.376980022,1,received,1,-0.138666153,-7.944985326,-0.007326126,-0.002442360,1,3.284978151,188.215383863,-0.002442360,0.020513535,1,-2.920386314,-167.325810362,-0.002442360,-0.034187317,0,0.164607048,9.431289130,-0.007326126,-0.007326126,1,0.165475845,9.481067549,-0.012210846,-0.003663063,0.000000000,0.000000000,0.000000000,-0.000000000,13.000000000,2.200000048,3.054326296,175.000006008,0.000000000,-2.684087276,20.000000000,8.000000000,-2.967059612,-169.999993347,0.000000000,2.759989023,20.000000000,6.500000000,0.174532920,9.999999709,0.000000000,0.417548507,12.000000000,3.200000048,0.000000000,0.000000000,0.000000000,-0.000032980,0.500000000,0.100000001
2026-07-07 01:51:09.347,1783360269.347643375,344.612083989,1,1,344.584684967,1,0.001800363,5,1,0.008164288,5,1,0,0,0,0,1,1,1,1,1,1,0.025212021,0.156424087,-0.167659515,1.492355950,1,343.616228380,12,1,12,1:-1.251:2.428|2:-0.428:2.425|3:0.392:2.424|4:1.223:2.419|5:1.228:1.589|6:0.405:1.588|7:-0.440:1.588|8:-1.261:1.589|9:-1.185:4.911|10:-0.390:4.902|11:0.375:4.903|12:1.182:4.901,1,205.393266503,place,10,8,-0.786029000,4.882139000,1,205.393208907,1,received,1,196.376872367,completed,1,196.376737596,1,received,1,-0.138666153,-7.944985326,-0.007326126,-0.002442360,1,3.284978151,188.215383863,-0.002442360,0.034187317,1,-2.920386314,-167.325810362,-0.002442360,-0.047863007,0,0.164607048,9.431289130,-0.007326126,-0.007326126,1,0.165859222,9.503033438,-0.036628723,-0.003663063,0.000000000,0.000000000,0.000000000,-0.000000000,13.000000000,2.200000048,3.054326296,175.000006008,0.000000000,-2.684087276,20.000000000,8.000000000,-2.967059612,-169.999993347,0.000000000,2.759989023,20.000000000,6.500000000,0.174532920,9.999999709,0.000000000,0.417548507,12.000000000,3.200000048,0.000000000,0.000000000,0.000000000,-0.000032980,0.500000000,0.100000001
2026-07-07 01:51:10.347,1783360270.347473145,345.611913874,1,1,345.584514852,1,0.001945868,5,1,0.008228815,5,1,0,0,0,0,1,1,1,1,1,1,0.025214676,0.164197791,-0.165939897,1.491986886,1,344.616058265,12,1,12,1:-1.251:2.428|2:-0.428:2.425|3:0.392:2.424|4:1.223:2.419|5:1.228:1.589|6:0.405:1.588|7:-0.440:1.588|8:-1.261:1.589|9:-1.185:4.911|10:-0.390:4.902|11:0.375:4.903|12:1.182:4.901,1,206.393096388,place,10,8,-0.786029000,4.882139000,1,206.393038792,1,received,1,197.376702252,completed,1,197.376567481,1,received,1,-0.138666153,-7.944985326,-0.007326126,-0.002442360,1,3.284978151,188.215383863,-0.002442360,0.034187317,1,-2.920386314,-167.325810362,-0.002442360,-0.034187317,0,0.164607048,9.431289130,-0.007326126,-0.007326126,1,0.165859222,9.503033438,-0.012210846,-0.003663063,0.000000000,0.000000000,0.000000000,-0.000000000,13.000000000,2.200000048,3.054326296,175.000006008,0.000000000,-2.684087276,20.000000000,8.000000000,-2.967059612,-169.999993347,0.000000000,2.759989023,20.000000000,6.500000000,0.174532920,9.999999709,0.000000000,0.417548507,12.000000000,3.200000048,0.000000000,0.000000000,0.000000000,-0.000032980,0.500000000,0.100000001
2026-07-07 01:51:11.347,1783360271.347234726,346.611675294,1,1,346.584276272,1,0.001853607,5,1,0.008175726,5,1,0,0,0,0,1,1,1,1,1,1,0.025238777,0.160946915,-0.172287558,1.491322337,1,345.615819685,12,1,12,1:-1.251:2.428|2:-0.428:2.425|3:0.392:2.424|4:1.223:2.419|5:1.228:1.589|6:0.405:1.588|7:-0.440:1.588|8:-1.261:1.589|9:-1.185:4.911|10:-0.390:4.902|11:0.375:4.903|12:1.182:4.901,1,207.392857808,place,10,8,-0.786029000,4.882139000,1,207.392800212,1,received,1,198.376463672,completed,1,198.376328901,1,received,1,-0.138666153,-7.944985326,-0.007326126,-0.002442360,1,3.284978151,188.215383863,-0.002442360,0.034187317,1,-2.920386314,-167.325810362,0.002442360,-0.034187317,0,0.164607048,9.431289130,-0.021978378,-0.007326126,1,0.165859222,9.503033438,-0.036628723,-0.003663063,0.000000000,0.000000000,0.000000000,-0.000000000,13.000000000,2.200000048,3.054326296,175.000006008,0.000000000,-2.684087276,20.000000000,8.000000000,-2.967059612,-169.999993347,0.000000000,2.759989023,20.000000000,6.500000000,0.174532920,9.999999709,0.000000000,0.417548507,12.000000000,3.200000048,0.000000000,0.000000000,0.000000000,-0.000032980,0.500000000,0.100000001
2026-07-07 01:51:12.347,1783360272.347011805,347.611452430,1,1,347.584053408,1,0.001683413,5,1,0.008044952,5,1,0,0,0,0,1,1,1,1,1,1,0.025159567,0.163090451,-0.178141718,1.492205117,1,346.615596821,12,1,12,1:-1.251:2.428|2:-0.428:2.425|3:0.392:2.424|4:1.223:2.419|5:1.228:1.589|6:0.405:1.588|7:-0.440:1.588|8:-1.261:1.589|9:-1.185:4.911|10:-0.390:4.902|11:0.375:4.903|12:1.182:4.901,1,208.392634944,place,10,8,-0.786029000,4.882139000,1,208.392577348,1,received,1,199.376240808,completed,1,199.376106037,1,received,1,-0.138666153,-7.944985326,-0.007326126,-0.002442360,1,3.284978151,188.215383863,0.002442360,0.020513535,1,-2.920386314,-167.325810362,-0.002442360,-0.034187317,0,0.164607048,9.431289130,-0.021978378,-0.007326126,1,0.165859222,9.503033438,-0.036628723,-0.003663063,0.000000000,0.000000000,0.000000000,-0.000000000,13.000000000,2.200000048,3.054326296,175.000006008,0.000000000,-2.684087276,20.000000000,8.000000000,-2.967059612,-169.999993347,0.000000000,2.759989023,20.000000000,6.500000000,0.174532920,9.999999709,0.000000000,0.417548507,12.000000000,3.200000048,0.000000000,0.000000000,0.000000000,-0.000032980,0.500000000,0.100000001
2026-07-07 01:51:13.346,1783360273.346807003,348.611247609,1,1,348.583848587,1,0.001924098,5,1,0.008264657,5,1,0,0,0,0,1,1,1,1,1,1,0.025193977,0.159546568,-0.166712737,1.491747361,1,347.615392000,12,1,12,1:-1.251:2.428|2:-0.428:2.425|3:0.392:2.424|4:1.223:2.419|5:1.228:1.589|6:0.405:1.588|7:-0.440:1.588|8:-1.261:1.589|9:-1.185:4.911|10:-0.390:4.902|11:0.375:4.903|12:1.182:4.901,1,209.392430123,place,10,8,-0.786029000,4.882139000,1,209.392372527,1,received,1,200.376035987,completed,1,200.375901216,1,received,1,-0.139047623,-7.966841931,-0.007326126,-0.002442360,1,3.284978151,188.215383863,0.002442360,0.034187317,1,-2.920386314,-167.325810362,-0.007326126,-0.034187317,0,0.164607048,9.431289130,-0.021978378,-0.007326126,1,0.165859222,9.503033438,-0.012210846,-0.003663063,0.000000000,0.000000000,0.000000000,-0.000000000,13.000000000,2.200000048,3.054326296,175.000006008,0.000000000,-2.684087276,20.000000000,8.000000000,-2.967059612,-169.999993347,0.000000000,2.759989023,20.000000000,6.500000000,0.174532920,9.999999709,0.000000000,0.417548507,12.000000000,3.200000048,0.000000000,0.000000000,0.000000000,-0.000032980,0.500000000,0.100000001
2026-07-07 01:51:14.346,1783360274.346585751,349.611026546,1,1,349.583627524,1,0.001683146,5,1,0.008052214,5,1,0,0,0,0,1,1,1,1,1,1,0.025218991,0.165814478,-0.173171274,1.492328466,1,348.615170937,12,1,12,1:-1.251:2.428|2:-0.428:2.425|3:0.392:2.424|4:1.223:2.419|5:1.228:1.589|6:0.405:1.588|7:-0.440:1.588|8:-1.261:1.589|9:-1.185:4.911|10:-0.390:4.902|11:0.375:4.903|12:1.182:4.901,1,210.392209060,place,10,8,-0.786029000,4.882139000,1,210.392151464,1,received,1,201.375814924,completed,1,201.375680153,1,received,1,-0.138666153,-7.944985326,-0.007326126,-0.002442360,1,3.284978151,188.215383863,-0.002442360,0.034187317,1,-2.920386314,-167.325810362,-0.002442360,-0.047863007,0,0.164607048,9.431289130,-0.021978378,-0.007326126,1,0.165859222,9.503033438,-0.012210846,-0.003663063,0.000000000,0.000000000,0.000000000,-0.000000000,13.000000000,2.200000048,3.054326296,175.000006008,0.000000000,-2.684087276,20.000000000,8.000000000,-2.967059612,-169.999993347,0.000000000,2.759989023,20.000000000,6.500000000,0.174532920,9.999999709,0.000000000,0.417548507,12.000000000,3.200000048,0.000000000,0.000000000,0.000000000,-0.000032980,0.500000000,0.100000001
2026-07-07 01:51:15.346,1783360275.346361637,350.610802279,1,1,350.583403257,1,0.001695717,5,1,0.008166208,5,1,0,0,0,0,1,1,1,1,1,1,0.025202563,0.161462754,-0.172559918,1.491830595,1,349.614946670,12,1,12,1:-1.251:2.428|2:-0.428:2.425|3:0.392:2.424|4:1.223:2.419|5:1.228:1.589|6:0.405:1.588|7:-0.440:1.588|8:-1.261:1.589|9:-1.185:4.911|10:-0.390:4.902|11:0.375:4.903|12:1.182:4.901,1,211.391984793,place,10,8,-0.786029000,4.882139000,1,211.391927197,1,received,1,202.375590657,completed,1,202.375455886,1,received,1,-0.138666153,-7.944985326,0.007326126,-0.002442360,1,3.284978151,188.215383863,-0.002442360,0.034187317,1,-2.920386314,-167.325810362,-0.002442360,-0.047863007,0,0.164607048,9.431289130,-0.021978378,-0.007326126,1,0.165859222,9.503033438,-0.012210846,-0.003663063,0.000000000,0.000000000,0.000000000,-0.000000000,13.000000000,2.200000048,3.054326296,175.000006008,0.000000000,-2.684087276,20.000000000,8.000000000,-2.967059612,-169.999993347,0.000000000,2.759989023,20.000000000,6.500000000,0.174532920,9.999999709,0.000000000,0.417548507,12.000000000,3.200000048,0.000000000,0.000000000,0.000000000,-0.000032980,0.500000000,0.100000001
2026-07-07 01:51:16.346,1783360276.346164703,351.610605415,1,1,351.583206393,1,0.001742845,5,1,0.008010265,5,1,0,0,0,0,1,1,1,1,1,1,0.025232716,0.166242694,-0.174179782,1.492787776,1,350.614749806,12,1,12,1:-1.251:2.428|2:-0.428:2.425|3:0.392:2.424|4:1.223:2.419|5:1.228:1.589|6:0.405:1.588|7:-0.440:1.588|8:-1.261:1.589|9:-1.185:4.911|10:-0.390:4.902|11:0.375:4.903|12:1.182:4.901,1,212.391787929,place,10,8,-0.786029000,4.882139000,1,212.391730333,1,received,1,203.375393793,completed,1,203.375259022,1,received,1,-0.138666153,-7.944985326,-0.007326126,-0.002442360,1,3.284978151,188.215383863,-0.002442360,0.034187317,1,-2.920386314,-167.325810362,-0.002442360,-0.047863007,0,0.164607048,9.431289130,-0.021978378,-0.007326126,1,0.165859222,9.503033438,0.012210846,-0.003663063,0.000000000,0.000000000,0.000000000,-0.000000000,13.000000000,2.200000048,3.054326296,175.000006008,0.000000000,-2.684087276,20.000000000,8.000000000,-2.967059612,-169.999993347,0.000000000,2.759989023,20.000000000,6.500000000,0.174532920,9.999999709,0.000000000,0.417548507,12.000000000,3.200000048,0.000000000,0.000000000,0.000000000,-0.000032980,0.500000000,0.100000001
2026-07-07 01:51:17.346,1783360277.345935345,352.610375883,1,1,352.582976861,1,0.001895359,5,1,0.008154030,5,1,0,0,0,0,1,1,1,1,1,1,0.025172141,0.163594936,-0.171484750,1.492165499,1,351.614520274,12,1,12,1:-1.251:2.428|2:-0.428:2.425|3:0.392:2.424|4:1.223:2.419|5:1.228:1.589|6:0.405:1.588|7:-0.440:1.588|8:-1.261:1.589|9:-1.185:4.911|10:-0.390:4.902|11:0.375:4.903|12:1.182:4.901,1,213.391558397,place,10,8,-0.786029000,4.882139000,1,213.391500801,1,received,1,204.375164261,completed,1,204.375029490,1,received,1,-0.138666153,-7.944985326,-0.007326126,-0.002442360,1,3.284978151,188.215383863,0.002442360,0.034187317,1,-2.920386314,-167.325810362,-0.002442360,-0.047863007,0,0.164607048,9.431289130,-0.021978378,-0.007326126,1,0.165475845,9.481067549,-0.036628723,-0.003663063,0.000000000,0.000000000,0.000000000,-0.000000000,13.000000000,2.200000048,3.054326296,175.000006008,0.000000000,-2.684087276,20.000000000,8.000000000,-2.967059612,-169.999993347,0.000000000,2.759989023,20.000000000,6.500000000,0.174532920,9.999999709,0.000000000,0.417548507,12.000000000,3.200000048,0.000000000,0.000000000,0.000000000,-0.000032980,0.500000000,0.100000001
2026-07-07 01:51:18.345,1783360278.345778704,353.610219366,1,1,353.582820344,1,0.001518796,5,1,0.008230603,5,1,0,0,0,0,1,1,1,1,1,1,0.025258977,0.160592641,-0.166252890,1.492269521,1,352.614363757,12,1,12,1:-1.251:2.428|2:-0.428:2.425|3:0.392:2.424|4:1.223:2.419|5:1.228:1.589|6:0.405:1.588|7:-0.440:1.588|8:-1.261:1.589|9:-1.185:4.911|10:-0.390:4.902|11:0.375:4.903|12:1.182:4.901,1,214.391401880,place,10,8,-0.786029000,4.882139000,1,214.391344284,1,received,1,205.375007744,completed,1,205.374872973,1,received,1,-0.138666153,-7.944985326,0.007326126,-0.002442360,1,3.284978151,188.215383863,-0.002442360,0.034187317,1,-2.920386314,-167.325810362,-0.002442360,-0.047863007,0,0.164988518,9.453145736,-0.021978378,-0.007326126,1,0.165859222,9.503033438,-0.012210846,-0.003663063,0.000000000,0.000000000,0.000000000,-0.000000000,13.000000000,2.200000048,3.054326296,175.000006008,0.000000000,-2.684087276,20.000000000,8.000000000,-2.967059612,-169.999993347,0.000000000,2.759989023,20.000000000,6.500000000,0.174532920,9.999999709,0.000000000,0.417548507,12.000000000,3.200000048,0.000000000,0.000000000,0.000000000,-0.000032980,0.500000000,0.100000001
2026-07-07 01:51:19.345,1783360279.345510483,354.609951017,1,1,354.582551995,1,0.001889072,5,1,0.008191524,5,1,0,0,0,0,1,1,1,1,1,1,0.025176170,0.158335730,-0.180858452,1.492564911,1,353.614095408,12,1,12,1:-1.251:2.428|2:-0.428:2.425|3:0.392:2.424|4:1.223:2.419|5:1.228:1.589|6:0.405:1.588|7:-0.440:1.588|8:-1.261:1.589|9:-1.185:4.911|10:-0.390:4.902|11:0.375:4.903|12:1.182:4.901,1,215.391133531,place,10,8,-0.786029000,4.882139000,1,215.391075935,1,received,1,206.374739395,completed,1,206.374604624,1,received,1,-0.138666153,-7.944985326,-0.021978378,-0.002442360,1,3.284978151,188.215383863,-0.002442360,0.020513535,1,-2.920386314,-167.325810362,0.002442360,-0.034187317,0,0.164988518,9.453145736,-0.021978378,-0.007326126,1,0.165859222,9.503033438,-0.012210846,-0.003663063,0.000000000,0.000000000,0.000000000,-0.000000000,13.000000000,2.200000048,3.054326296,175.000006008,0.000000000,-2.684087276,20.000000000,8.000000000,-2.967059612,-169.999993347,0.000000000,2.759989023,20.000000000,6.500000000,0.174532920,9.999999709,0.000000000,0.417548507,12.000000000,3.200000048,0.000000000,0.000000000,0.000000000,-0.000032980,0.500000000,0.100000001
2026-07-07 01:51:20.345,1783360280.345285177,355.609725776,1,1,355.582326754,1,0.001626212,5,1,0.008250053,5,1,0,0,0,0,1,1,1,1,1,1,0.025240103,0.160806290,-0.172538028,1.490784017,1,354.613870167,12,1,12,1:-1.251:2.428|2:-0.428:2.425|3:0.392:2.424|4:1.223:2.419|5:1.228:1.589|6:0.405:1.588|7:-0.440:1.588|8:-1.261:1.589|9:-1.185:4.911|10:-0.390:4.902|11:0.375:4.903|12:1.182:4.901,1,216.390908290,place,10,8,-0.786029000,4.882139000,1,216.390850694,1,received,1,207.374514154,completed,1,207.374379383,1,received,1,-0.138666153,-7.944985326,0.007326126,-0.002442360,1,3.284978151,188.215383863,-0.007326126,0.020513535,1,-2.920386314,-167.325810362,-0.002442360,-0.034187317,0,0.164988518,9.453145736,-0.021978378,-0.007326126,1,0.165859222,9.503033438,0.012210846,-0.003663063,0.000000000,0.000000000,0.000000000,-0.000000000,13.000000000,2.200000048,3.054326296,175.000006008,0.000000000,-2.684087276,20.000000000,8.000000000,-2.967059612,-169.999993347,0.000000000,2.759989023,20.000000000,6.500000000,0.174532920,9.999999709,0.000000000,0.417548507,12.000000000,3.200000048,0.000000000,0.000000000,0.000000000,-0.000032980,0.500000000,0.100000001
2026-07-07 01:51:21.345,1783360281.345072985,356.609513437,1,1,356.582114415,1,0.001651013,5,1,0.008245579,5,1,0,0,0,0,1,1,1,1,1,1,0.025223432,0.159617511,-0.177331748,1.491638895,1,355.613657828,12,1,12,1:-1.251:2.428|2:-0.428:2.425|3:0.392:2.424|4:1.223:2.419|5:1.228:1.589|6:0.405:1.588|7:-0.440:1.588|8:-1.261:1.589|9:-1.185:4.911|10:-0.390:4.902|11:0.375:4.903|12:1.182:4.901,1,217.390695951,place,10,8,-0.786029000,4.882139000,1,217.390638355,1,received,1,208.374301815,completed,1,208.374167044,1,received,1,-0.138666153,-7.944985326,-0.007326126,-0.002442360,1,3.284978151,188.215383863,-0.002442360,0.034187317,1,-2.920386314,-167.325810362,-0.002442360,-0.034187317,0,0.164988518,9.453145736,-0.021978378,-0.007326126,1,0.165859222,9.503033438,-0.012210846,-0.003663063,0.000000000,0.000000000,0.000000000,-0.000000000,13.000000000,2.200000048,3.054326296,175.000006008,0.000000000,-2.684087276,20.000000000,8.000000000,-2.967059612,-169.999993347,0.000000000,2.759989023,20.000000000,6.500000000,0.174532920,9.999999709,0.000000000,0.417548507,12.000000000,3.200000048,0.000000000,0.000000000,0.000000000,-0.000032980,0.500000000,0.100000001
2026-07-07 01:51:22.345,1783360282.344872952,357.609313430,1,1,357.581914408,1,0.001957466,5,1,0.008233236,5,1,0,0,0,0,1,1,1,1,1,1,0.025323334,0.156676620,-0.172563980,1.491786573,1,356.613457821,12,1,12,1:-1.251:2.428|2:-0.428:2.425|3:0.392:2.424|4:1.223:2.419|5:1.228:1.589|6:0.405:1.588|7:-0.440:1.588|8:-1.261:1.589|9:-1.185:4.911|10:-0.390:4.902|11:0.375:4.903|12:1.182:4.901,1,218.390495944,place,10,8,-0.786029000,4.882139000,1,218.390438348,1,received,1,209.374101808,completed,1,209.373967037,1,received,0,-0.138666153,-7.944985326,-0.007326126,-0.002442360,0,3.284978151,188.215383863,-0.002442360,0.034187317,0,-2.920386314,-167.325810362,0.002442360,-0.034187317,0,0.164988518,9.453145736,-0.021978378,-0.007326126,0,0.165859222,9.503033438,-0.012210846,-0.003663063,0.000000000,0.000000000,0.000000000,-0.000000000,13.000000000,2.200000048,3.054326296,175.000006008,0.000000000,-2.684087276,20.000000000,8.000000000,-2.967059612,-169.999993347,0.000000000,2.759989023,20.000000000,6.500000000,0.174532920,9.999999709,0.000000000,0.417548507,12.000000000,3.200000048,0.000000000,0.000000000,0.000000000,-0.000032980,0.500000000,0.100000001
2026-07-07 01:51:23.344,1783360283.344582558,358.609023295,1,1,358.581624273,1,0.001744794,5,1,0.008095212,5,1,0,0,0,0,1,1,1,1,1,1,0.025241648,0.162397522,-0.169188207,1.491533021,1,357.613167686,12,1,12,1:-1.251:2.428|2:-0.428:2.425|3:0.392:2.424|4:1.223:2.419|5:1.228:1.589|6:0.405:1.588|7:-0.440:1.588|8:-1.261:1.589|9:-1.185:4.911|10:-0.390:4.902|11:0.375:4.903|12:1.182:4.901,1,219.390205809,place,10,8,-0.786029000,4.882139000,1,219.390148213,1,received,1,210.373811673,completed,1,210.373676902,1,received,1,-0.138666153,-7.944985326,-0.007326126,-0.002442360,1,3.284978151,188.215383863,-0.002442360,0.034187317,1,-2.920386314,-167.325810362,-0.002442360,-0.034187317,0,0.164988518,9.453145736,-0.021978378,-0.007326126,1,0.165859222,9.503033438,-0.012210846,-0.003663063,0.000000000,0.000000000,0.000000000,-0.000000000,13.000000000,2.200000048,3.054326296,175.000006008,0.000000000,-2.684087276,20.000000000,8.000000000,-2.967059612,-169.999993347,0.000000000,2.759989023,20.000000000,6.500000000,0.174532920,9.999999709,0.000000000,0.417548507,12.000000000,3.200000048,0.000000000,0.000000000,0.000000000,-0.000032980,0.500000000,0.100000001
2026-07-07 01:51:24.344,1783360284.344433069,359.608873677,1,1,359.581474655,1,0.001523419,5,1,0.008095146,5,1,0,0,0,0,1,1,1,1,1,1,0.025402163,0.153748404,-0.174816009,1.492147866,1,358.613018068,12,1,12,1:-1.251:2.428|2:-0.428:2.425|3:0.392:2.424|4:1.223:2.419|5:1.228:1.589|6:0.405:1.588|7:-0.440:1.588|8:-1.261:1.589|9:-1.185:4.911|10:-0.390:4.902|11:0.375:4.903|12:1.182:4.901,1,220.390056191,place,10,8,-0.786029000,4.882139000,1,220.389998595,1,received,1,211.373662055,completed,1,211.373527284,1,received,1,-0.138666153,-7.944985326,-0.007326126,-0.002442360,1,3.284978151,188.215383863,0.002442360,0.034187317,1,-2.920386314,-167.325810362,-0.002442360,-0.034187317,0,0.164988518,9.453145736,-0.021978378,-0.007326126,1,0.165475845,9.481067549,-0.036628723,-0.003663063,0.000000000,0.000000000,0.000000000,-0.000000000,13.000000000,2.200000048,3.054326296,175.000006008,0.000000000,-2.684087276,20.000000000,8.000000000,-2.967059612,-169.999993347,0.000000000,2.759989023,20.000000000,6.500000000,0.174532920,9.999999709,0.000000000,0.417548507,12.000000000,3.200000048,0.000000000,0.000000000,0.000000000,-0.000032980,0.500000000,0.100000001
2026-07-07 01:51:25.344,1783360285.344175577,360.608616322,1,1,360.581217300,1,0.001679813,5,1,0.008186252,5,1,0,0,0,0,1,1,1,1,1,1,0.024960636,0.158117156,-0.174563654,1.492180635,1,359.612760713,12,1,12,1:-1.251:2.428|2:-0.428:2.425|3:0.392:2.424|4:1.223:2.419|5:1.228:1.589|6:0.405:1.588|7:-0.440:1.588|8:-1.261:1.589|9:-1.185:4.911|10:-0.390:4.902|11:0.375:4.903|12:1.182:4.901,1,221.389798836,place,10,8,-0.786029000,4.882139000,1,221.389741240,1,received,1,212.373404700,completed,1,212.373269929,1,received,1,-0.138666153,-7.944985326,0.007326126,-0.002442360,1,3.284978151,188.215383863,-0.002442360,0.034187317,1,-2.920386314,-167.325810362,-0.002442360,-0.047863007,0,0.164988518,9.453145736,-0.021978378,-0.007326126,1,0.165859222,9.503033438,-0.012210846,-0.003663063,0.000000000,0.000000000,0.000000000,-0.000000000,13.000000000,2.200000048,3.054326296,175.000006008,0.000000000,-2.684087276,20.000000000,8.000000000,-2.967059612,-169.999993347,0.000000000,2.759989023,20.000000000,6.500000000,0.174532920,9.999999709,0.000000000,0.417548507,12.000000000,3.200000048,0.000000000,0.000000000,0.000000000,-0.000032980,0.500000000,0.100000001
2026-07-07 01:51:26.344,1783360286.343990088,361.608430715,1,1,361.581031693,1,0.001680691,5,1,0.008256548,5,1,0,0,0,0,1,1,1,1,1,1,0.025276596,0.154348932,-0.176248508,1.492123317,1,360.612575106,12,1,12,1:-1.251:2.428|2:-0.428:2.425|3:0.392:2.424|4:1.223:2.419|5:1.228:1.589|6:0.405:1.588|7:-0.440:1.588|8:-1.261:1.589|9:-1.185:4.911|10:-0.390:4.902|11:0.375:4.903|12:1.182:4.901,1,222.389613229,place,10,8,-0.786029000,4.882139000,1,222.389555633,1,received,1,213.373219093,completed,1,213.373084322,1,received,1,-0.138666153,-7.944985326,-0.007326126,-0.002442360,1,3.284978151,188.215383863,-0.002442360,0.034187317,1,-2.920386314,-167.325810362,-0.007326126,-0.047863007,0,0.164988518,9.453145736,-0.021978378,-0.007326126,1,0.165859222,9.503033438,-0.012210846,-0.003663063,0.000000000,0.000000000,0.000000000,-0.000000000,13.000000000,2.200000048,3.054326296,175.000006008,0.000000000,-2.684087276,20.000000000,8.000000000,-2.967059612,-169.999993347,0.000000000,2.759989023,20.000000000,6.500000000,0.174532920,9.999999709,0.000000000,0.417548507,12.000000000,3.200000048,0.000000000,0.000000000,0.000000000,-0.000032980,0.500000000,0.100000001
2026-07-07 01:51:27.344,1783360287.343753815,362.608194326,1,1,362.580795304,1,0.001758882,5,1,0.008220146,5,1,0,0,0,0,1,1,1,1,1,1,0.025208818,0.154943495,-0.169764369,1.492111117,1,361.612338717,12,1,12,1:-1.251:2.428|2:-0.428:2.425|3:0.392:2.424|4:1.223:2.419|5:1.228:1.589|6:0.405:1.588|7:-0.440:1.588|8:-1.261:1.589|9:-1.185:4.911|10:-0.390:4.902|11:0.375:4.903|12:1.182:4.901,1,223.389376840,place,10,8,-0.786029000,4.882139000,1,223.389319244,1,received,1,214.372982704,completed,1,214.372847933,1,received,1,-0.138666153,-7.944985326,-0.007326126,-0.002442360,1,3.284978151,188.215383863,-0.002442360,0.034187317,1,-2.920386314,-167.325810362,-0.002442360,-0.047863007,0,0.164988518,9.453145736,-0.021978378,-0.007326126,1,0.165859222,9.503033438,-0.012210846,-0.003663063,0.000000000,0.000000000,0.000000000,-0.000000000,13.000000000,2.200000048,3.054326296,175.000006008,0.000000000,-2.684087276,20.000000000,8.000000000,-2.967059612,-169.999993347,0.000000000,2.759989023,20.000000000,6.500000000,0.174532920,9.999999709,0.000000000,0.417548507,12.000000000,3.200000048,0.000000000,0.000000000,0.000000000,-0.000032980,0.500000000,0.100000001
2026-07-07 01:51:28.343,1783360288.343532085,363.607972753,1,1,363.580573731,1,0.001666240,5,1,0.008367978,5,1,0,0,0,0,1,1,1,1,1,1,0.025102401,0.158641485,-0.174008111,1.492099440,1,362.612117144,12,1,12,1:-1.251:2.428|2:-0.428:2.425|3:0.392:2.424|4:1.223:2.419|5:1.228:1.589|6:0.405:1.588|7:-0.440:1.588|8:-1.261:1.589|9:-1.185:4.911|10:-0.390:4.902|11:0.375:4.903|12:1.182:4.901,1,224.389155267,place,10,8,-0.786029000,4.882139000,1,224.389097671,1,received,1,215.372761131,completed,1,215.372626360,1,received,1,-0.138666153,-7.944985326,-0.007326126,-0.002442360,1,3.284978151,188.215383863,-0.002442360,0.034187317,1,-2.920386314,-167.325810362,-0.007326126,-0.047863007,0,0.164988518,9.453145736,-0.021978378,-0.007326126,1,0.165475845,9.481067549,-0.012210846,-0.003663063,0.000000000,0.000000000,0.000000000,-0.000000000,13.000000000,2.200000048,3.054326296,175.000006008,0.000000000,-2.684087276,20.000000000,8.000000000,-2.967059612,-169.999993347,0.000000000,2.759989023,20.000000000,6.500000000,0.174532920,9.999999709,0.000000000,0.417548507,12.000000000,3.200000048,0.000000000,0.000000000,0.000000000,-0.000032980,0.500000000,0.100000001
2026-07-07 01:51:29.343,1783360289.343307734,364.607748305,1,1,364.580349283,1,0.001328003,5,1,0.008369984,5,1,0,0,0,0,1,1,1,1,1,1,0.024963903,0.158040060,-0.174653264,1.492387670,1,363.611892696,12,1,12,1:-1.251:2.428|2:-0.428:2.425|3:0.392:2.424|4:1.223:2.419|5:1.228:1.589|6:0.405:1.588|7:-0.440:1.588|8:-1.261:1.589|9:-1.185:4.911|10:-0.390:4.902|11:0.375:4.903|12:1.182:4.901,1,225.388930819,place,10,8,-0.786029000,4.882139000,1,225.388873223,1,received,1,216.372536683,completed,1,216.372401912,1,received,1,-0.139047623,-7.966841931,-0.021978378,-0.002442360,1,3.284978151,188.215383863,-0.002442360,0.034187317,1,-2.920386314,-167.325810362,-0.002442360,-0.034187317,0,0.164988518,9.453145736,-0.021978378,-0.007326126,1,0.165859222,9.503033438,-0.036628723,-0.003663063,0.000000000,0.000000000,0.000000000,-0.000000000,13.000000000,2.200000048,3.054326296,175.000006008,0.000000000,-2.684087276,20.000000000,8.000000000,-2.967059612,-169.999993347,0.000000000,2.759989023,20.000000000,6.500000000,0.174532920,9.999999709,0.000000000,0.417548507,12.000000000,3.200000048,0.000000000,0.000000000,0.000000000,-0.000032980,0.500000000,0.100000001
2026-07-07 01:51:30.343,1783360290.343010187,365.607450959,1,1,365.580051937,1,0.001300096,5,1,0.008276050,5,1,0,0,0,0,1,1,1,1,1,1,0.025124652,0.159609197,-0.174492135,1.492170942,1,364.611595350,12,1,12,1:-1.251:2.428|2:-0.428:2.425|3:0.392:2.424|4:1.223:2.419|5:1.228:1.589|6:0.405:1.588|7:-0.440:1.588|8:-1.261:1.589|9:-1.185:4.911|10:-0.390:4.902|11:0.375:4.903|12:1.182:4.901,1,226.388633473,place,10,8,-0.786029000,4.882139000,1,226.388575877,1,received,1,217.372239337,completed,1,217.372104566,1,received,1,-0.138666153,-7.944985326,-0.007326126,-0.002442360,1,3.284978151,188.215383863,-0.002442360,0.034187317,1,-2.920386314,-167.325810362,-0.007326126,-0.034187317,0,0.164988518,9.453145736,-0.021978378,-0.007326126,1,0.165859222,9.503033438,-0.012210846,-0.003663063,0.000000000,0.000000000,0.000000000,-0.000000000,13.000000000,2.200000048,3.054326296,175.000006008,0.000000000,-2.684087276,20.000000000,8.000000000,-2.967059612,-169.999993347,0.000000000,2.759989023,20.000000000,6.500000000,0.174532920,9.999999709,0.000000000,0.417548507,12.000000000,3.200000048,0.000000000,0.000000000,0.000000000,-0.000032980,0.500000000,0.100000001
2026-07-07 01:51:31.342,1783360291.342767000,366.607207703,1,1,366.579808681,1,0.001645090,5,1,0.008265258,5,1,0,0,0,0,1,1,1,1,1,1,0.025232553,0.160779389,-0.174737154,1.491766299,1,365.611352094,12,1,12,1:-1.251:2.428|2:-0.428:2.425|3:0.392:2.424|4:1.223:2.419|5:1.228:1.589|6:0.405:1.588|7:-0.440:1.588|8:-1.261:1.589|9:-1.185:4.911|10:-0.390:4.902|11:0.375:4.903|12:1.182:4.901,1,227.388390217,place,10,8,-0.786029000,4.882139000,1,227.388332621,1,received,1,218.371996081,completed,1,218.371861310,1,received,1,-0.138666153,-7.944985326,0.007326126,0.002442360,1,3.284978151,188.215383863,-0.002442360,0.034187317,1,-2.920386314,-167.325810362,-0.002442360,-0.047863007,0,0.164988518,9.453145736,-0.021978378,-0.007326126,1,0.165475845,9.481067549,-0.036628723,-0.003663063,0.000000000,0.000000000,0.000000000,-0.000000000,13.000000000,2.200000048,3.054326296,175.000006008,0.000000000,-2.684087276,20.000000000,8.000000000,-2.967059612,-169.999993347,0.000000000,2.759989023,20.000000000,6.500000000,0.174532920,9.999999709,0.000000000,0.417548507,12.000000000,3.200000048,0.000000000,0.000000000,0.000000000,-0.000032980,0.500000000,0.100000001
2026-07-07 01:51:32.342,1783360292.342734575,367.607175244,1,1,367.579776222,1,0.001902029,5,1,0.008284727,5,1,0,0,0,0,1,1,1,1,1,1,0.025348379,0.155491955,-0.173727917,1.491053761,1,366.611319635,12,1,12,1:-1.251:2.428|2:-0.428:2.425|3:0.392:2.424|4:1.223:2.419|5:1.228:1.589|6:0.405:1.588|7:-0.440:1.588|8:-1.261:1.589|9:-1.185:4.911|10:-0.390:4.902|11:0.375:4.903|12:1.182:4.901,1,228.388357758,place,10,8,-0.786029000,4.882139000,1,228.388300162,1,received,1,219.371963622,completed,1,219.371828851,1,received,1,-0.138666153,-7.944985326,0.007326126,-0.002442360,1,3.284978151,188.215383863,-0.002442360,0.020513535,1,-2.920386314,-167.325810362,-0.002442360,-0.034187317,0,0.164988518,9.453145736,-0.021978378,-0.007326126,1,0.165859222,9.503033438,-0.061050415,-0.003663063,0.000000000,0.000000000,0.000000000,-0.000000000,13.000000000,2.200000048,3.054326296,175.000006008,0.000000000,-2.684087276,20.000000000,8.000000000,-2.967059612,-169.999993347,0.000000000,2.759989023,20.000000000,6.500000000,0.174532920,9.999999709,0.000000000,0.417548507,12.000000000,3.200000048,0.000000000,0.000000000,0.000000000,-0.000032980,0.500000000,0.100000001
2026-07-07 01:51:33.342,1783360293.342355728,368.606796419,1,1,368.579397397,1,0.001612085,5,1,0.008349023,5,1,0,0,0,0,1,1,1,1,1,1,0.025160879,0.155553220,-0.171147254,1.492803954,1,367.610940810,12,1,12,1:-1.251:2.428|2:-0.428:2.425|3:0.392:2.424|4:1.223:2.419|5:1.228:1.589|6:0.405:1.588|7:-0.440:1.588|8:-1.261:1.589|9:-1.185:4.911|10:-0.390:4.902|11:0.375:4.903|12:1.182:4.901,1,229.387978933,place,10,8,-0.786029000,4.882139000,1,229.387921337,1,received,1,220.371584797,completed,1,220.371450026,1,received,1,-0.138666153,-7.944985326,-0.021978378,-0.002442360,1,3.284978151,188.215383863,-0.002442360,0.034187317,1,-2.920386314,-167.325810362,-0.002442360,-0.034187317,0,0.164988518,9.453145736,-0.007326126,-0.007326126,1,0.165859222,9.503033438,-0.036628723,-0.003663063,0.000000000,0.000000000,0.000000000,-0.000000000,13.000000000,2.200000048,3.054326296,175.000006008,0.000000000,-2.684087276,20.000000000,8.000000000,-2.967059612,-169.999993347,0.000000000,2.759989023,20.000000000,6.500000000,0.174532920,9.999999709,0.000000000,0.417548507,12.000000000,3.200000048,0.000000000,0.000000000,0.000000000,-0.000032980,0.500000000,0.100000001
2026-07-07 01:51:34.342,1783360294.342123985,369.606564630,1,1,369.579165608,1,0.001851876,5,1,0.008189348,5,1,0,0,0,0,1,1,1,1,1,1,0.025169329,0.156280737,-0.177042358,1.491518767,1,368.610709021,12,1,12,1:-1.251:2.428|2:-0.428:2.425|3:0.392:2.424|4:1.223:2.419|5:1.228:1.589|6:0.405:1.588|7:-0.440:1.588|8:-1.261:1.589|9:-1.185:4.911|10:-0.390:4.902|11:0.375:4.903|12:1.182:4.901,1,230.387747144,place,10,8,-0.786029000,4.882139000,1,230.387689548,1,received,1,221.371353008,completed,1,221.371218237,1,received,1,-0.138666153,-7.944985326,-0.007326126,-0.002442360,1,3.284978151,188.215383863,-0.002442360,0.034187317,1,-2.920386314,-167.325810362,-0.002442360,-0.047863007,0,0.164988518,9.453145736,-0.007326126,-0.007326126,1,0.165859222,9.503033438,-0.036628723,-0.003663063,0.000000000,0.000000000,0.000000000,-0.000000000,13.000000000,2.200000048,3.054326296,175.000006008,0.000000000,-2.684087276,20.000000000,8.000000000,-2.967059612,-169.999993347,0.000000000,2.759989023,20.000000000,6.500000000,0.174532920,9.999999709,0.000000000,0.417548507,12.000000000,3.200000048,0.000000000,0.000000000,0.000000000,-0.000032980,0.500000000,0.100000001
2026-07-07 01:51:35.342,1783360295.341902494,370.606343196,1,1,370.578944174,1,0.001733730,5,1,0.008063212,5,1,0,0,0,0,1,1,1,1,1,1,0.025208720,0.161408538,-0.175333544,1.492313340,1,369.610487587,12,1,12,1:-1.251:2.428|2:-0.428:2.425|3:0.392:2.424|4:1.223:2.419|5:1.228:1.589|6:0.405:1.588|7:-0.440:1.588|8:-1.261:1.589|9:-1.185:4.911|10:-0.390:4.902|11:0.375:4.903|12:1.182:4.901,1,231.387525710,place,10,8,-0.786029000,4.882139000,1,231.387468114,1,received,1,222.371131574,completed,1,222.370996803,1,received,1,-0.139047623,-7.966841931,-0.021978378,-0.002442360,1,3.284978151,188.215383863,-0.007326126,0.034187317,1,-2.920386314,-167.325810362,-0.002442360,-0.034187317,0,0.164988518,9.453145736,-0.007326126,-0.007326126,1,0.165475845,9.481067549,-0.061050415,-0.003663063,0.000000000,0.000000000,0.000000000,-0.000000000,13.000000000,2.200000048,3.054326296,175.000006008,0.000000000,-2.684087276,20.000000000,8.000000000,-2.967059612,-169.999993347,0.000000000,2.759989023,20.000000000,6.500000000,0.174532920,9.999999709,0.000000000,0.417548507,12.000000000,3.200000048,0.000000000,0.000000000,0.000000000,-0.000032980,0.500000000,0.100000001
2026-07-07 01:51:36.341,1783360296.341640472,371.606081032,1,1,371.578682010,1,0.001998363,5,1,0.008282187,5,1,0,0,0,0,1,1,1,1,1,1,0.025171450,0.157125232,-0.176683670,1.493276346,1,370.610225423,12,1,12,1:-1.251:2.428|2:-0.428:2.425|3:0.392:2.424|4:1.223:2.419|5:1.228:1.589|6:0.405:1.588|7:-0.440:1.588|8:-1.261:1.589|9:-1.185:4.911|10:-0.390:4.902|11:0.375:4.903|12:1.182:4.901,1,232.387263546,place,10,8,-0.786029000,4.882139000,1,232.387205950,1,received,1,223.370869410,completed,1,223.370734639,1,received,1,-0.138666153,-7.944985326,-0.007326126,-0.002442360,1,3.284978151,188.215383863,-0.002442360,0.034187317,1,-2.920386314,-167.325810362,-0.002442360,-0.047863007,0,0.164988518,9.453145736,-0.007326126,-0.007326126,1,0.165859222,9.503033438,-0.012210846,-0.003663063,0.000000000,0.000000000,0.000000000,-0.000000000,13.000000000,2.200000048,3.054326296,175.000006008,0.000000000,-2.684087276,20.000000000,8.000000000,-2.967059612,-169.999993347,0.000000000,2.759989023,20.000000000,6.500000000,0.174532920,9.999999709,0.000000000,0.417548507,12.000000000,3.200000048,0.000000000,0.000000000,0.000000000,-0.000032980,0.500000000,0.100000001
2026-07-07 01:51:37.341,1783360297.341394424,372.605834910,1,1,372.578435888,1,0.001820657,5,1,0.008255724,5,1,0,0,0,0,1,1,1,1,1,1,0.025289929,0.157066108,-0.170036379,1.492147497,1,371.609979301,12,1,12,1:-1.251:2.428|2:-0.428:2.425|3:0.392:2.424|4:1.223:2.419|5:1.228:1.589|6:0.405:1.588|7:-0.440:1.588|8:-1.261:1.589|9:-1.185:4.911|10:-0.390:4.902|11:0.375:4.903|12:1.182:4.901,1,233.387017424,place,10,8,-0.786029000,4.882139000,1,233.386959828,1,received,1,224.370623288,completed,1,224.370488517,1,received,1,-0.138666153,-7.944985326,-0.021978378,-0.002442360,1,3.284978151,188.215383863,-0.007326126,0.034187317,1,-2.920386314,-167.325810362,-0.002442360,-0.034187317,0,0.164988518,9.453145736,-0.007326126,-0.007326126,1,0.165859222,9.503033438,-0.036628723,-0.003663063,0.000000000,0.000000000,0.000000000,-0.000000000,13.000000000,2.200000048,3.054326296,175.000006008,0.000000000,-2.684087276,20.000000000,8.000000000,-2.967059612,-169.999993347,0.000000000,2.759989023,20.000000000,6.500000000,0.174532920,9.999999709,0.000000000,0.417548507,12.000000000,3.200000048,0.000000000,0.000000000,0.000000000,-0.000032980,0.500000000,0.100000001
2026-07-07 01:51:38.341,1783360298.341155529,373.605596296,1,1,373.578197274,1,0.001863072,5,1,0.008225611,5,1,0,0,0,0,1,1,1,1,1,1,0.025266078,0.154481784,-0.174563138,1.491941053,1,372.609740687,12,1,12,1:-1.251:2.428|2:-0.428:2.425|3:0.392:2.424|4:1.223:2.419|5:1.228:1.589|6:0.405:1.588|7:-0.440:1.588|8:-1.261:1.589|9:-1.185:4.911|10:-0.390:4.902|11:0.375:4.903|12:1.182:4.901,1,234.386778810,place,10,8,-0.786029000,4.882139000,1,234.386721214,1,received,1,225.370384674,completed,1,225.370249903,1,received,1,-0.138666153,-7.944985326,-0.007326126,-0.002442360,1,3.284978151,188.215383863,-0.002442360,0.034187317,1,-2.920386314,-167.325810362,-0.002442360,-0.034187317,0,0.164988518,9.453145736,-0.007326126,-0.007326126,1,0.165859222,9.503033438,0.012210846,-0.001221180,0.000000000,0.000000000,0.000000000,-0.000000000,13.000000000,2.200000048,3.054326296,175.000006008,0.000000000,-2.684087276,20.000000000,8.000000000,-2.967059612,-169.999993347,0.000000000,2.759989023,20.000000000,6.500000000,0.174532920,9.999999709,0.000000000,0.417548507,12.000000000,3.200000048,0.000000000,0.000000000,0.000000000,-0.000032980,0.500000000,0.100000001
2026-07-07 01:51:39.341,1783360299.340909481,374.605350291,1,1,374.577951269,1,0.001891555,5,1,0.008216447,5,1,0,0,0,0,1,1,1,1,1,1,0.025191199,0.150847011,-0.177756873,1.494256256,1,373.609494682,12,1,12,1:-1.251:2.428|2:-0.428:2.425|3:0.392:2.424|4:1.223:2.419|5:1.228:1.589|6:0.405:1.588|7:-0.440:1.588|8:-1.261:1.589|9:-1.185:4.911|10:-0.390:4.902|11:0.375:4.903|12:1.182:4.901,1,235.386532805,place,10,8,-0.786029000,4.882139000,1,235.386475209,1,received,1,226.370138669,completed,1,226.370003898,1,received,1,-0.138666153,-7.944985326,0.007326126,-0.002442360,1,3.284978151,188.215383863,-0.002442360,0.034187317,1,-2.920386314,-167.325810362,-0.002442360,-0.047863007,0,0.164988518,9.453145736,0.007326126,-0.007326126,1,0.165859222,9.503033438,-0.012210846,-0.003663063,0.000000000,0.000000000,0.000000000,-0.000000000,13.000000000,2.200000048,3.054326296,175.000006008,0.000000000,-2.684087276,20.000000000,8.000000000,-2.967059612,-169.999993347,0.000000000,2.759989023,20.000000000,6.500000000,0.174532920,9.999999709,0.000000000,0.417548507,12.000000000,3.200000048,0.000000000,0.000000000,0.000000000,-0.000032980,0.500000000,0.100000001
2026-07-07 01:51:40.340,1783360300.340696812,375.605137439,1,1,375.577738417,1,0.001901297,5,1,0.008272305,5,1,0,0,0,0,1,1,1,1,1,1,0.025075996,0.157847179,-0.178864528,1.491362321,1,374.609281830,12,1,12,1:-1.251:2.428|2:-0.428:2.425|3:0.392:2.424|4:1.223:2.419|5:1.228:1.589|6:0.405:1.588|7:-0.440:1.588|8:-1.261:1.589|9:-1.185:4.911|10:-0.390:4.902|11:0.375:4.903|12:1.182:4.901,1,236.386319953,place,10,8,-0.786029000,4.882139000,1,236.386262357,1,received,1,227.369925817,completed,1,227.369791046,1,received,0,-0.138666153,-7.944985326,-0.007326126,-0.002442360,0,3.284978151,188.215383863,0.002442360,0.034187317,0,-2.920386314,-167.325810362,-0.002442360,-0.047863007,0,0.164988518,9.453145736,0.007326126,-0.007326126,0,0.165859222,9.503033438,-0.012210846,-0.003663063,0.000000000,0.000000000,0.000000000,-0.000000000,13.000000000,2.200000048,3.054326296,175.000006008,0.000000000,-2.684087276,20.000000000,8.000000000,-2.967059612,-169.999993347,0.000000000,2.759989023,20.000000000,6.500000000,0.174532920,9.999999709,0.000000000,0.417548507,12.000000000,3.200000048,0.000000000,0.000000000,0.000000000,-0.000032980,0.500000000,0.100000001
2026-07-07 01:51:41.340,1783360301.340408564,376.604849063,1,1,376.577450041,1,0.001958617,5,1,0.008226260,5,1,0,0,0,0,1,1,1,1,1,1,0.025273484,0.156452299,-0.176886752,1.492189113,1,375.608993454,12,1,12,1:-1.251:2.428|2:-0.428:2.425|3:0.392:2.424|4:1.223:2.419|5:1.228:1.589|6:0.405:1.588|7:-0.440:1.588|8:-1.261:1.589|9:-1.185:4.911|10:-0.390:4.902|11:0.375:4.903|12:1.182:4.901,1,237.386031577,place,10,8,-0.786029000,4.882139000,1,237.385973981,1,received,1,228.369637441,completed,1,228.369502670,1,received,1,-0.138666153,-7.944985326,-0.007326126,-0.002442360,1,3.284978151,188.215383863,-0.002442360,0.020513535,1,-2.920386314,-167.325810362,-0.002442360,-0.047863007,0,0.164988518,9.453145736,0.007326126,-0.007326126,1,0.165859222,9.503033438,-0.036628723,-0.003663063,0.000000000,0.000000000,0.000000000,-0.000000000,13.000000000,2.200000048,3.054326296,175.000006008,0.000000000,-2.684087276,20.000000000,8.000000000,-2.967059612,-169.999993347,0.000000000,2.759989023,20.000000000,6.500000000,0.174532920,9.999999709,0.000000000,0.417548507,12.000000000,3.200000048,0.000000000,0.000000000,0.000000000,-0.000032980,0.500000000,0.100000001
2026-07-07 01:51:42.340,1783360302.340233564,377.604674012,1,1,377.577274990,1,0.001948848,5,1,0.008313020,5,1,0,0,0,0,1,1,1,1,1,1,0.024878903,0.160142483,-0.174543650,1.492684993,1,376.608818403,12,1,12,1:-1.251:2.428|2:-0.428:2.425|3:0.392:2.424|4:1.223:2.419|5:1.228:1.589|6:0.405:1.588|7:-0.440:1.588|8:-1.261:1.589|9:-1.185:4.911|10:-0.390:4.902|11:0.375:4.903|12:1.182:4.901,1,238.385856526,place,10,8,-0.786029000,4.882139000,1,238.385798930,1,received,1,229.369462390,completed,1,229.369327619,1,received,1,-0.138666153,-7.944985326,-0.021978378,-0.002442360,1,3.284978151,188.215383863,-0.002442360,0.034187317,1,-2.920386314,-167.325810362,-0.007326126,-0.047863007,0,0.164988518,9.453145736,0.007326126,-0.007326126,1,0.165859222,9.503033438,-0.012210846,-0.003663063,0.000000000,0.000000000,0.000000000,-0.000000000,13.000000000,2.200000048,3.054326296,175.000006008,0.000000000,-2.684087276,20.000000000,8.000000000,-2.967059612,-169.999993347,0.000000000,2.759989023,20.000000000,6.500000000,0.174532920,9.999999709,0.000000000,0.417548507,12.000000000,3.200000048,0.000000000,0.000000000,0.000000000,-0.000032980,0.500000000,0.100000001
2026-07-07 01:51:43.340,1783360303.339951515,378.604392293,1,1,378.576993271,1,0.001797238,5,1,0.008253447,5,1,0,0,0,0,1,1,1,1,1,1,0.025165347,0.156470374,-0.172412216,1.492708710,1,377.608536684,12,1,12,1:-1.251:2.428|2:-0.428:2.425|3:0.392:2.424|4:1.223:2.419|5:1.228:1.589|6:0.405:1.588|7:-0.440:1.588|8:-1.261:1.589|9:-1.185:4.911|10:-0.390:4.902|11:0.375:4.903|12:1.182:4.901,1,239.385574807,place,10,8,-0.786029000,4.882139000,1,239.385517211,1,received,1,230.369180671,completed,1,230.369045900,1,received,1,-0.138666153,-7.944985326,-0.021978378,-0.002442360,1,3.284978151,188.215383863,-0.002442360,0.034187317,1,-2.920386314,-167.325810362,0.002442360,-0.034187317,0,0.164988518,9.453145736,0.007326126,-0.007326126,1,0.165859222,9.503033438,0.012210846,-0.003663063,0.000000000,0.000000000,0.000000000,-0.000000000,13.000000000,2.200000048,3.054326296,175.000006008,0.000000000,-2.684087276,20.000000000,8.000000000,-2.967059612,-169.999993347,0.000000000,2.759989023,20.000000000,6.500000000,0.174532920,9.999999709,0.000000000,0.417548507,12.000000000,3.200000048,0.000000000,0.000000000,0.000000000,-0.000032980,0.500000000,0.100000001
2026-07-07 01:51:44.339,1783360304.339753628,379.604194326,1,1,379.576795304,1,0.001753520,5,1,0.008266535,5,1,0,0,0,0,1,1,1,1,1,1,0.025329589,0.156960090,-0.174078635,1.492353029,1,378.608338717,12,1,12,1:-1.251:2.428|2:-0.428:2.425|3:0.392:2.424|4:1.223:2.419|5:1.228:1.589|6:0.405:1.588|7:-0.440:1.588|8:-1.261:1.589|9:-1.185:4.911|10:-0.390:4.902|11:0.375:4.903|12:1.182:4.901,1,240.385376840,place,10,8,-0.786029000,4.882139000,1,240.385319244,1,received,1,231.368982704,completed,1,231.368847933,1,received,1,-0.138666153,-7.944985326,-0.007326126,-0.002442360,1,3.284978151,188.215383863,-0.002442360,0.034187317,1,-2.920386314,-167.325810362,-0.007326126,-0.047863007,0,0.164988518,9.453145736,0.007326126,-0.007326126,1,0.165859222,9.503033438,-0.012210846,-0.003663063,0.000000000,0.000000000,0.000000000,-0.000000000,13.000000000,2.200000048,3.054326296,175.000006008,0.000000000,-2.684087276,20.000000000,8.000000000,-2.967059612,-169.999993347,0.000000000,2.759989023,20.000000000,6.500000000,0.174532920,9.999999709,0.000000000,0.417548507,12.000000000,3.200000048,0.000000000,0.000000000,0.000000000,-0.000032980,0.500000000,0.100000001
2026-07-07 01:51:45.339,1783360305.339472055,380.603912680,1,1,380.576513658,1,0.001892014,5,1,0.008300575,5,1,0,0,0,0,1,1,1,1,1,1,0.025227280,0.154030165,-0.177460093,1.492975762,1,379.608057071,12,1,12,1:-1.251:2.428|2:-0.428:2.425|3:0.392:2.424|4:1.223:2.419|5:1.228:1.589|6:0.405:1.588|7:-0.440:1.588|8:-1.261:1.589|9:-1.185:4.911|10:-0.390:4.902|11:0.375:4.903|12:1.182:4.901,1,241.385095194,place,10,8,-0.786029000,4.882139000,1,241.385037598,1,received,1,232.368701058,completed,1,232.368566287,1,received,1,-0.138666153,-7.944985326,-0.007326126,-0.002442360,1,3.284978151,188.215383863,-0.002442360,0.034187317,1,-2.920386314,-167.325810362,0.002442360,-0.047863007,0,0.164988518,9.453145736,0.007326126,-0.007326126,1,0.165859222,9.503033438,-0.012210846,-0.003663063,0.000000000,0.000000000,0.000000000,-0.000000000,13.000000000,2.200000048,3.054326296,175.000006008,0.000000000,-2.684087276,20.000000000,8.000000000,-2.967059612,-169.999993347,0.000000000,2.759989023,20.000000000,6.500000000,0.174532920,9.999999709,0.000000000,0.417548507,12.000000000,3.200000048,0.000000000,0.000000000,0.000000000,-0.000032980,0.500000000,0.100000001
2026-07-07 01:51:46.339,1783360306.339229345,381.603669936,1,1,381.576270914,1,0.001809193,5,1,0.008228457,5,1,0,0,0,0,1,1,1,1,1,1,0.025089446,0.157602736,-0.176238821,1.492661058,1,380.607814327,12,1,12,1:-1.251:2.428|2:-0.428:2.425|3:0.392:2.424|4:1.223:2.419|5:1.228:1.589|6:0.405:1.588|7:-0.440:1.588|8:-1.261:1.589|9:-1.185:4.911|10:-0.390:4.902|11:0.375:4.903|12:1.182:4.901,1,242.384852450,place,10,8,-0.786029000,4.882139000,1,242.384794854,1,received,1,233.368458314,completed,1,233.368323543,1,received,0,-0.138666153,-7.944985326,-0.007326126,-0.002442360,0,3.284978151,188.215383863,-0.002442360,0.034187317,0,-2.920386314,-167.325810362,-0.002442360,-0.047863007,0,0.164988518,9.453145736,0.007326126,-0.007326126,0,0.165859222,9.503033438,-0.012210846,-0.003663063,0.000000000,0.000000000,0.000000000,-0.000000000,13.000000000,2.200000048,3.054326296,175.000006008,0.000000000,-2.684087276,20.000000000,8.000000000,-2.967059612,-169.999993347,0.000000000,2.759989023,20.000000000,6.500000000,0.174532920,9.999999709,0.000000000,0.417548507,12.000000000,3.200000048,0.000000000,0.000000000,0.000000000,-0.000032980,0.500000000,0.100000001
2026-07-07 01:51:47.339,1783360307.338982105,382.603422711,1,1,382.576023689,1,0.001894454,5,1,0.008193237,5,1,0,0,0,0,1,1,1,1,1,1,0.025069998,0.155182213,-0.175193169,1.493358423,1,381.607567102,12,1,12,1:-1.251:2.428|2:-0.428:2.425|3:0.392:2.424|4:1.223:2.419|5:1.228:1.589|6:0.405:1.588|7:-0.440:1.588|8:-1.261:1.589|9:-1.185:4.911|10:-0.390:4.902|11:0.375:4.903|12:1.182:4.901,1,243.384605225,place,10,8,-0.786029000,4.882139000,1,243.384547629,1,received,1,234.368211089,completed,1,234.368076318,1,received,1,-0.138666153,-7.944985326,-0.007326126,-0.002442360,1,3.284978151,188.215383863,0.002442360,0.034187317,1,-2.920386314,-167.325810362,-0.002442360,-0.034187317,0,0.164988518,9.453145736,0.007326126,-0.007326126,1,0.165859222,9.503033438,-0.012210846,-0.003663063,0.000000000,0.000000000,0.000000000,-0.000000000,13.000000000,2.200000048,3.054326296,175.000006008,0.000000000,-2.684087276,20.000000000,8.000000000,-2.967059612,-169.999993347,0.000000000,2.759989023,20.000000000,6.500000000,0.174532920,9.999999709,0.000000000,0.417548507,12.000000000,3.200000048,0.000000000,0.000000000,0.000000000,-0.000032980,0.500000000,0.100000001
2026-07-07 01:51:48.338,1783360308.338766813,383.603207465,1,1,383.575808443,1,0.001970677,5,1,0.008282448,5,1,0,0,0,0,1,1,1,1,1,1,0.022807616,0.161119686,-0.170592162,1.491191215,1,382.607351856,12,1,12,1:-1.251:2.428|2:-0.428:2.425|3:0.392:2.424|4:1.223:2.419|5:1.228:1.589|6:0.405:1.588|7:-0.440:1.588|8:-1.261:1.589|9:-1.185:4.911|10:-0.390:4.902|11:0.375:4.903|12:1.182:4.901,1,244.384389979,place,10,8,-0.786029000,4.882139000,1,244.384332383,1,received,1,235.367995843,completed,1,235.367861072,1,received,1,-0.138666153,-7.944985326,-0.007326126,-0.002442360,1,3.284978151,188.215383863,-0.007326126,0.034187317,1,-2.920386314,-167.325810362,-0.002442360,-0.047863007,0,0.164988518,9.453145736,0.007326126,-0.007326126,1,0.165859222,9.503033438,-0.012210846,-0.003663063,0.000000000,0.000000000,0.000000000,-0.000000000,13.000000000,2.200000048,3.054326296,175.000006008,0.000000000,-2.684087276,20.000000000,8.000000000,-2.967059612,-169.999993347,0.000000000,2.759989023,20.000000000,6.500000000,0.174532920,9.999999709,0.000000000,0.417548507,12.000000000,3.200000048,0.000000000,0.000000000,0.000000000,-0.000032980,0.500000000,0.100000001
2026-07-07 01:51:49.338,1783360309.338536263,384.602976694,1,1,384.575577672,1,0.001687583,5,1,0.008153565,5,1,0,0,0,0,1,1,1,1,1,1,0.024993181,0.151254217,-0.172373663,1.491086407,1,383.607121085,12,1,12,1:-1.251:2.428|2:-0.428:2.425|3:0.392:2.424|4:1.223:2.419|5:1.228:1.589|6:0.405:1.588|7:-0.440:1.588|8:-1.261:1.589|9:-1.185:4.911|10:-0.390:4.902|11:0.375:4.903|12:1.182:4.901,1,245.384159208,place,10,8,-0.786029000,4.882139000,1,245.384101612,1,received,1,236.367765072,completed,1,236.367630301,1,received,1,-0.138666153,-7.944985326,-0.021978378,-0.002442360,1,3.284978151,188.215383863,-0.002442360,0.034187317,1,-2.920386314,-167.325810362,0.002442360,-0.034187317,0,0.164988518,9.453145736,0.007326126,-0.007326126,1,0.165859222,9.503033438,0.012210846,-0.003663063,0.000000000,0.000000000,0.000000000,-0.000000000,13.000000000,2.200000048,3.054326296,175.000006008,0.000000000,-2.684087276,20.000000000,8.000000000,-2.967059612,-169.999993347,0.000000000,2.759989023,20.000000000,6.500000000,0.174532920,9.999999709,0.000000000,0.417548507,12.000000000,3.200000048,0.000000000,0.000000000,0.000000000,-0.000032980,0.500000000,0.100000001
2026-07-07 01:51:50.338,1783360310.338227510,385.602668101,1,1,385.575269079,1,0.001317438,5,1,0.008219740,5,1,0,0,0,0,1,1,1,1,1,1,0.025118191,0.163737160,-0.173198488,1.492427699,1,384.606812492,12,1,12,1:-1.251:2.428|2:-0.428:2.425|3:0.392:2.424|4:1.223:2.419|5:1.228:1.589|6:0.405:1.588|7:-0.440:1.588|8:-1.261:1.589|9:-1.185:4.911|10:-0.390:4.902|11:0.375:4.903|12:1.182:4.901,1,246.383850615,place,10,8,-0.786029000,4.882139000,1,246.383793019,1,received,1,237.367456479,completed,1,237.367321708,1,received,1,-0.138666153,-7.944985326,-0.007326126,-0.002442360,1,3.284978151,188.215383863,-0.002442360,0.034187317,1,-2.920386314,-167.325810362,-0.007326126,-0.047863007,0,0.164988518,9.453145736,0.007326126,-0.007326126,1,0.165859222,9.503033438,-0.012210846,-0.003663063,0.000000000,0.000000000,0.000000000,-0.000000000,13.000000000,2.200000048,3.054326296,175.000006008,0.000000000,-2.684087276,20.000000000,8.000000000,-2.967059612,-169.999993347,0.000000000,2.759989023,20.000000000,6.500000000,0.174532920,9.999999709,0.000000000,0.417548507,12.000000000,3.200000048,0.000000000,0.000000000,0.000000000,-0.000032980,0.500000000,0.100000001
2026-07-07 01:51:51.338,1783360311.338031054,386.602471768,1,1,386.575072746,1,0.001504217,5,1,0.008267586,5,1,0,0,0,0,1,1,1,1,1,1,0.025176920,0.155663738,-0.175285367,1.492189941,1,385.606616159,12,1,12,1:-1.251:2.428|2:-0.428:2.425|3:0.392:2.424|4:1.223:2.419|5:1.228:1.589|6:0.405:1.588|7:-0.440:1.588|8:-1.261:1.589|9:-1.185:4.911|10:-0.390:4.902|11:0.375:4.903|12:1.182:4.901,1,247.383654282,place,10,8,-0.786029000,4.882139000,1,247.383596686,1,received,1,238.367260146,completed,1,238.367125375,1,received,1,-0.138666153,-7.944985326,-0.007326126,-0.002442360,1,3.284978151,188.215383863,-0.002442360,0.034187317,1,-2.920386314,-167.325810362,-0.002442360,-0.034187317,0,0.164988518,9.453145736,0.007326126,-0.007326126,1,0.165859222,9.503033438,-0.012210846,-0.003663063,0.000000000,0.000000000,0.000000000,-0.000000000,13.000000000,2.200000048,3.054326296,175.000006008,0.000000000,-2.684087276,20.000000000,8.000000000,-2.967059612,-169.999993347,0.000000000,2.759989023,20.000000000,6.500000000,0.174532920,9.999999709,0.000000000,0.417548507,12.000000000,3.200000048,0.000000000,0.000000000,0.000000000,-0.000032980,0.500000000,0.100000001
2026-07-07 01:51:52.337,1783360312.337788820,387.602229448,1,1,387.574830426,1,0.001386802,5,1,0.008326110,5,1,0,0,0,0,1,1,1,1,1,1,0.025123011,0.156372971,-0.177639150,1.492003230,1,386.606373839,12,1,12,1:-1.251:2.428|2:-0.428:2.425|3:0.392:2.424|4:1.223:2.419|5:1.228:1.589|6:0.405:1.588|7:-0.440:1.588|8:-1.261:1.589|9:-1.185:4.911|10:-0.390:4.902|11:0.375:4.903|12:1.182:4.901,1,248.383411962,place,10,8,-0.786029000,4.882139000,1,248.383354366,1,received,1,239.367017826,completed,1,239.366883055,1,received,1,-0.138666153,-7.944985326,0.007326126,-0.002442360,1,3.284978151,188.215383863,-0.002442360,0.020513535,1,-2.920386314,-167.325810362,-0.002442360,-0.047863007,0,0.164988518,9.453145736,0.007326126,-0.007326126,1,0.165859222,9.503033438,0.012210846,-0.003663063,0.000000000,0.000000000,0.000000000,-0.000000000,13.000000000,2.200000048,3.054326296,175.000006008,0.000000000,-2.684087276,20.000000000,8.000000000,-2.967059612,-169.999993347,0.000000000,2.759989023,20.000000000,6.500000000,0.174532920,9.999999709,0.000000000,0.417548507,12.000000000,3.200000048,0.000000000,0.000000000,0.000000000,-0.000032980,0.500000000,0.100000001
2026-07-07 01:51:53.337,1783360313.337549210,388.601990030,1,1,388.574591008,1,0.001936373,5,1,0.008277550,5,1,0,0,0,0,1,1,1,1,1,1,0.025272093,0.160230164,-0.175216864,1.491605992,1,387.606134421,12,1,12,1:-1.251:2.428|2:-0.428:2.425|3:0.392:2.424|4:1.223:2.419|5:1.228:1.589|6:0.405:1.588|7:-0.440:1.588|8:-1.261:1.589|9:-1.185:4.911|10:-0.390:4.902|11:0.375:4.903|12:1.182:4.901,1,249.383172544,place,10,8,-0.786029000,4.882139000,1,249.383114948,1,received,1,240.366778408,completed,1,240.366643637,1,received,1,-0.138666153,-7.944985326,-0.021978378,-0.002442360,1,3.284978151,188.215383863,-0.002442360,0.034187317,1,-2.920386314,-167.325810362,-0.007326126,-0.047863007,0,0.164988518,9.453145736,0.007326126,-0.007326126,1,0.165859222,9.503033438,0.012210846,-0.003663063,0.000000000,0.000000000,0.000000000,-0.000000000,13.000000000,2.200000048,3.054326296,175.000006008,0.000000000,-2.684087276,20.000000000,8.000000000,-2.967059612,-169.999993347,0.000000000,2.759989023,20.000000000,6.500000000,0.174532920,9.999999709,0.000000000,0.417548507,12.000000000,3.200000048,0.000000000,0.000000000,0.000000000,-0.000032980,0.500000000,0.100000001
2026-07-07 01:51:54.337,1783360314.337291002,389.601731688,1,1,389.574332666,1,0.001942541,5,1,0.008240843,5,1,0,0,0,0,1,1,1,1,1,1,0.025258644,0.154923283,-0.172365173,1.492287723,1,388.605876079,12,1,12,1:-1.251:2.428|2:-0.428:2.425|3:0.392:2.424|4:1.223:2.419|5:1.228:1.589|6:0.405:1.588|7:-0.440:1.588|8:-1.261:1.589|9:-1.185:4.911|10:-0.390:4.902|11:0.375:4.903|12:1.182:4.901,1,250.382914202,place,10,8,-0.786029000,4.882139000,1,250.382856606,1,received,1,241.366520066,completed,1,241.366385295,1,received,1,-0.138666153,-7.944985326,-0.007326126,-0.002442360,1,3.284978151,188.215383863,-0.002442360,0.020513535,1,-2.920386314,-167.325810362,-0.002442360,-0.047863007,0,0.164988518,9.453145736,-0.007326126,-0.007326126,1,0.165859222,9.503033438,-0.036628723,-0.003663063,0.000000000,0.000000000,0.000000000,-0.000000000,13.000000000,2.200000048,3.054326296,175.000006008,0.000000000,-2.684087276,20.000000000,8.000000000,-2.967059612,-169.999993347,0.000000000,2.759989023,20.000000000,6.500000000,0.174532920,9.999999709,0.000000000,0.417548507,12.000000000,3.200000048,0.000000000,0.000000000,0.000000000,-0.000032980,0.500000000,0.100000001
2026-07-07 01:51:55.337,1783360315.337025642,390.601466048,1,1,390.574067026,1,0.001801280,5,1,0.008280249,5,1,0,0,0,0,1,1,1,1,1,1,0.025032606,0.163059054,-0.175113658,1.492534888,1,389.605610439,12,1,12,1:-1.251:2.428|2:-0.428:2.425|3:0.392:2.424|4:1.223:2.419|5:1.228:1.589|6:0.405:1.588|7:-0.440:1.588|8:-1.261:1.589|9:-1.185:4.911|10:-0.390:4.902|11:0.375:4.903|12:1.182:4.901,1,251.382648562,place,10,8,-0.786029000,4.882139000,1,251.382590966,1,received,1,242.366254426,completed,1,242.366119655,1,received,1,-0.138666153,-7.944985326,0.007326126,-0.002442360,1,3.284978151,188.215383863,0.002442360,0.034187317,1,-2.920386314,-167.325810362,0.002442360,-0.047863007,0,0.164988518,9.453145736,-0.007326126,-0.007326126,1,0.165859222,9.503033438,-0.036628723,-0.003663063,0.000000000,0.000000000,0.000000000,-0.000000000,13.000000000,2.200000048,3.054326296,175.000006008,0.000000000,-2.684087276,20.000000000,8.000000000,-2.967059612,-169.999993347,0.000000000,2.759989023,20.000000000,6.500000000,0.174532920,9.999999709,0.000000000,0.417548507,12.000000000,3.200000048,0.000000000,0.000000000,0.000000000,-0.000032980,0.500000000,0.100000001
2026-07-07 01:51:56.336,1783360316.336773634,391.601214201,1,1,391.573815179,1,0.001854971,5,1,0.008247257,5,1,0,0,0,0,1,1,1,1,1,1,0.025278141,0.152870010,-0.176372936,1.492900066,1,390.605358592,12,1,12,1:-1.251:2.428|2:-0.428:2.425|3:0.392:2.424|4:1.223:2.419|5:1.228:1.589|6:0.405:1.588|7:-0.440:1.588|8:-1.261:1.589|9:-1.185:4.911|10:-0.390:4.902|11:0.375:4.903|12:1.182:4.901,1,252.382396715,place,10,8,-0.786029000,4.882139000,1,252.382339119,1,received,1,243.366002579,completed,1,243.365867808,1,received,1,-0.138666153,-7.944985326,0.007326126,-0.002442360,1,3.284978151,188.215383863,-0.002442360,0.034187317,1,-2.920386314,-167.325810362,-0.002442360,-0.047863007,0,0.164988518,9.453145736,-0.007326126,-0.007326126,1,0.165859222,9.503033438,-0.012210846,-0.003663063,0.000000000,0.000000000,0.000000000,-0.000000000,13.000000000,2.200000048,3.054326296,175.000006008,0.000000000,-2.684087276,20.000000000,8.000000000,-2.967059612,-169.999993347,0.000000000,2.759989023,20.000000000,6.500000000,0.174532920,9.999999709,0.000000000,0.417548507,12.000000000,3.200000048,0.000000000,0.000000000,0.000000000,-0.000032980,0.500000000,0.100000001
2026-07-07 01:51:57.336,1783360317.336534739,392.600975377,1,1,392.573576355,1,0.001956705,5,1,0.008055069,5,1,0,0,0,0,1,1,1,1,1,1,0.025106971,0.157948638,-0.176537797,1.492133107,1,391.605119768,12,1,12,1:-1.251:2.428|2:-0.428:2.425|3:0.392:2.424|4:1.223:2.419|5:1.228:1.589|6:0.405:1.588|7:-0.440:1.588|8:-1.261:1.589|9:-1.185:4.911|10:-0.390:4.902|11:0.375:4.903|12:1.182:4.901,1,253.382157891,place,10,8,-0.786029000,4.882139000,1,253.382100295,1,received,1,244.365763755,completed,1,244.365628984,1,received,1,-0.138666153,-7.944985326,-0.007326126,-0.002442360,1,3.284978151,188.215383863,0.002442360,0.020513535,1,-2.920386314,-167.325810362,0.002442360,-0.047863007,0,0.164988518,9.453145736,-0.007326126,-0.007326126,1,0.165859222,9.503033438,-0.012210846,-0.003663063,0.000000000,0.000000000,0.000000000,-0.000000000,13.000000000,2.200000048,3.054326296,175.000006008,0.000000000,-2.684087276,20.000000000,8.000000000,-2.967059612,-169.999993347,0.000000000,2.759989023,20.000000000,6.500000000,0.174532920,9.999999709,0.000000000,0.417548507,12.000000000,3.200000048,0.000000000,0.000000000,0.000000000,-0.000032980,0.500000000,0.100000001
2026-07-07 01:51:58.336,1783360318.336318254,393.600758786,1,1,393.573359764,1,0.002117422,5,1,0.008279036,5,1,0,0,0,0,1,1,1,1,1,1,0.025154342,0.158883697,-0.174941699,1.491149070,1,392.604903177,12,1,12,1:-1.251:2.428|2:-0.428:2.425|3:0.392:2.424|4:1.223:2.419|5:1.228:1.589|6:0.405:1.588|7:-0.440:1.588|8:-1.261:1.589|9:-1.185:4.911|10:-0.390:4.902|11:0.375:4.903|12:1.182:4.901,1,254.381941300,place,10,8,-0.786029000,4.882139000,1,254.381883704,1,received,1,245.365547164,completed,1,245.365412393,1,received,1,-0.139047623,-7.966841931,-0.007326126,-0.002442360,1,3.284978151,188.215383863,-0.002442360,0.034187317,1,-2.920386314,-167.325810362,-0.002442360,-0.047863007,0,0.164988518,9.453145736,-0.007326126,-0.007326126,1,0.165859222,9.503033438,-0.012210846,-0.003663063,0.000000000,0.000000000,0.000000000,-0.000000000,13.000000000,2.200000048,3.054326296,175.000006008,0.000000000,-2.684087276,20.000000000,8.000000000,-2.967059612,-169.999993347,0.000000000,2.759989023,20.000000000,6.500000000,0.174532920,9.999999709,0.000000000,0.417548507,12.000000000,3.200000048,0.000000000,0.000000000,0.000000000,-0.000032980,0.500000000,0.100000001
2026-07-07 01:51:59.336,1783360319.336062908,394.600503468,1,1,394.573104446,1,0.001920141,5,1,0.008194244,5,1,0,0,0,0,1,1,1,1,1,1,0.025255769,0.155985889,-0.175928210,1.492117001,1,393.604647859,12,1,12,1:-1.251:2.428|2:-0.428:2.425|3:0.392:2.424|4:1.223:2.419|5:1.228:1.589|6:0.405:1.588|7:-0.440:1.588|8:-1.261:1.589|9:-1.185:4.911|10:-0.390:4.902|11:0.375:4.903|12:1.182:4.901,1,255.381685982,place,10,8,-0.786029000,4.882139000,1,255.381628386,1,received,1,246.365291846,completed,1,246.365157075,1,received,1,-0.138666153,-7.944985326,-0.021978378,-0.002442360,1,3.284978151,188.215383863,-0.002442360,0.020513535,1,-2.920386314,-167.325810362,-0.002442360,-0.047863007,0,0.164988518,9.453145736,-0.007326126,-0.007326126,1,0.165859222,9.503033438,-0.036628723,-0.003663063,0.000000000,0.000000000,0.000000000,-0.000000000,13.000000000,2.200000048,3.054326296,175.000006008,0.000000000,-2.684087276,20.000000000,8.000000000,-2.967059612,-169.999993347,0.000000000,2.759989023,20.000000000,6.500000000,0.174532920,9.999999709,0.000000000,0.417548507,12.000000000,3.200000048,0.000000000,0.000000000,0.000000000,-0.000032980,0.500000000,0.100000001
2026-07-07 01:52:00.335,1783360320.335800648,395.600241089,1,1,395.572842067,1,0.001920021,5,1,0.008163650,5,1,0,0,0,0,1,1,1,1,1,1,0.025254117,0.160572597,-0.172541885,1.491974421,1,394.604385480,12,1,12,1:-1.251:2.428|2:-0.428:2.425|3:0.392:2.424|4:1.223:2.419|5:1.228:1.589|6:0.405:1.588|7:-0.440:1.588|8:-1.261:1.589|9:-1.185:4.911|10:-0.390:4.902|11:0.375:4.903|12:1.182:4.901,1,256.381423603,place,10,8,-0.786029000,4.882139000,1,256.381366007,1,received,1,247.365029467,completed,1,247.364894696,1,received,1,-0.138666153,-7.944985326,-0.007326126,-0.002442360,1,3.284978151,188.215383863,-0.002442360,0.034187317,1,-2.920386314,-167.325810362,-0.002442360,-0.047863007,0,0.164988518,9.453145736,-0.007326126,-0.007326126,1,0.170078278,9.744767493,0.012210846,-0.003663063,0.000000000,0.000000000,0.000000000,-0.000000000,13.000000000,2.200000048,3.054326296,175.000006008,0.000000000,-2.684087276,20.000000000,8.000000000,-2.967059612,-169.999993347,0.000000000,2.759989023,20.000000000,6.500000000,0.174532920,9.999999709,0.000000000,0.417548507,12.000000000,3.200000048,0.000000000,0.000000000,0.000000000,-0.000032980,0.500000000,0.100000001
2026-07-07 01:52:01.335,1783360321.335588455,396.600028830,1,1,396.572629808,1,0.001982002,5,1,0.008294762,5,1,0,0,0,0,1,1,1,1,1,1,0.025163899,0.159582205,-0.175945616,1.492004398,1,395.604173221,12,1,12,1:-1.251:2.428|2:-0.428:2.425|3:0.392:2.424|4:1.223:2.419|5:1.228:1.589|6:0.405:1.588|7:-0.440:1.588|8:-1.261:1.589|9:-1.185:4.911|10:-0.390:4.902|11:0.375:4.903|12:1.182:4.901,1,257.381211344,place,10,8,-0.786029000,4.882139000,1,257.381153748,1,received,1,248.364817208,completed,1,248.364682437,1,received,1,-0.138666153,-7.944985326,-0.007326126,-0.002442360,1,3.284978151,188.215383863,-0.002442360,0.020513535,1,-2.920386314,-167.325810362,-0.002442360,-0.034187317,0,0.164988518,9.453145736,-0.007326126,-0.007326126,1,0.170078278,9.744767493,-0.012210846,-0.006104946,0.000000000,0.000000000,0.000000000,-0.000000000,13.000000000,2.200000048,3.054326296,175.000006008,0.000000000,-2.684087276,20.000000000,8.000000000,-2.967059612,-169.999993347,0.000000000,2.759989023,20.000000000,6.500000000,0.174532920,9.999999709,0.000000000,0.417548507,12.000000000,3.200000048,0.000000000,0.000000000,0.000000000,-0.000032980,0.500000000,0.100000001
2026-07-07 01:52:02.335,1783360322.335322142,397.599762678,1,1,397.572363656,1,0.001941434,5,1,0.008310789,5,1,0,0,0,0,1,1,1,1,1,1,0.025146776,0.162644878,-0.169326523,1.492745703,1,396.603907069,12,1,12,1:-1.251:2.428|2:-0.428:2.425|3:0.392:2.424|4:1.223:2.419|5:1.228:1.589|6:0.405:1.588|7:-0.440:1.588|8:-1.261:1.589|9:-1.185:4.911|10:-0.390:4.902|11:0.375:4.903|12:1.182:4.901,1,258.380945192,place,10,8,-0.786029000,4.882139000,1,258.380887596,1,received,1,249.364551056,completed,1,249.364416285,1,received,1,-0.138666153,-7.944985326,-0.021978378,-0.002442360,1,3.284978151,188.215383863,-0.002442360,0.020513535,1,-2.920386314,-167.325810362,-0.002442360,-0.034187317,0,0.164988518,9.453145736,-0.007326126,-0.007326126,1,0.170078278,9.744767493,0.012210846,-0.003663063,0.000000000,0.000000000,0.000000000,-0.000000000,13.000000000,2.200000048,3.054326296,175.000006008,0.000000000,-2.684087276,20.000000000,8.000000000,-2.967059612,-169.999993347,0.000000000,2.759989023,20.000000000,6.500000000,0.174532920,9.999999709,0.000000000,0.417548507,12.000000000,3.200000048,0.000000000,0.000000000,0.000000000,-0.000032980,0.500000000,0.100000001
2026-07-07 01:52:03.335,1783360323.335082054,398.599522522,1,1,398.572123500,1,0.001902818,5,1,0.008324938,5,1,0,0,0,0,1,1,1,1,1,1,0.025276417,0.117020253,-0.141977211,1.545027628,1,397.603666913,12,1,12,1:-1.251:2.428|2:-0.428:2.425|3:0.392:2.424|4:1.223:2.419|5:1.228:1.589|6:0.405:1.588|7:-0.440:1.588|8:-1.261:1.589|9:-1.185:4.911|10:-0.390:4.902|11:0.375:4.903|12:1.182:4.901,1,259.380705036,place,10,8,-0.786029000,4.882139000,1,259.380647440,1,received,1,250.364310900,completed,1,250.364176129,1,received,1,-0.136377335,-7.813845694,-0.007326126,0.002442360,1,3.284978151,188.215383863,0.002442360,0.020513535,1,-2.920386314,-167.325810362,0.002442360,-0.047863007,0,0.169184685,9.693568395,-0.007326126,-0.007326126,1,0.170078278,9.744767493,-0.036628723,-0.003663063,0.000000000,0.000000000,0.000000000,-0.000000000,13.000000000,2.200000048,3.054326296,175.000006008,0.000000000,-2.684087276,20.000000000,8.000000000,-2.967059612,-169.999993347,0.000000000,2.759989023,20.000000000,6.500000000,0.174532920,9.999999709,0.000000000,0.417548507,12.000000000,3.200000048,0.000000000,0.000000000,0.000000000,-0.000032980,0.500000000,0.100000001
2026-07-07 01:52:04.334,1783360324.334819794,399.599260407,1,1,399.571861385,1,0.001790986,5,1,0.008165085,5,1,0,0,0,0,1,1,1,1,1,1,0.025305998,0.104747016,-0.111491621,1.536062095,1,398.603404798,12,1,12,1:-1.251:2.428|2:-0.428:2.425|3:0.392:2.424|4:1.223:2.419|5:1.228:1.589|6:0.405:1.588|7:-0.440:1.588|8:-1.261:1.589|9:-1.185:4.911|10:-0.390:4.902|11:0.375:4.903|12:1.182:4.901,1,260.380442921,place,10,8,-0.786029000,4.882139000,1,260.380385325,1,received,1,251.364048785,completed,1,251.363914014,1,received,1,-0.143243790,-8.207264590,-0.021978378,-0.007326126,1,3.284978151,188.215383863,-0.002442360,0.034187317,1,-2.920386314,-167.325810362,-0.002442360,-0.047863007,0,0.169184685,9.693568395,-0.007326126,-0.007326126,1,0.170078278,9.744767493,0.012210846,-0.003663063,0.000000000,0.000000000,0.000000000,-0.000000000,13.000000000,2.200000048,3.054326296,175.000006008,0.000000000,-2.684087276,20.000000000,8.000000000,-2.967059612,-169.999993347,0.000000000,2.759989023,20.000000000,6.500000000,0.174532920,9.999999709,0.000000000,0.417548507,12.000000000,3.200000048,0.000000000,0.000000000,0.000000000,-0.000032980,0.500000000,0.100000001
2026-07-07 01:52:05.334,1783360325.334558964,400.598999485,1,1,400.571600463,1,0.001855088,5,1,0.008231329,5,1,0,0,0,0,1,1,1,1,1,1,0.025259881,0.107196790,-0.112407244,1.536004707,1,399.603143876,12,1,12,1:-1.251:2.428|2:-0.428:2.425|3:0.392:2.424|4:1.223:2.419|5:1.228:1.589|6:0.405:1.588|7:-0.440:1.588|8:-1.261:1.589|9:-1.185:4.911|10:-0.390:4.902|11:0.375:4.903|12:1.182:4.901,1,261.380181999,place,10,8,-0.786029000,4.882139000,1,261.380124403,1,received,1,252.363787863,completed,1,252.363653092,1,received,1,-0.143625259,-8.229121195,-0.021978378,-0.007326126,1,3.284978151,188.215383863,-0.002442360,0.034187317,1,-2.920386314,-167.325810362,-0.002442360,-0.047863007,0,0.169184685,9.693568395,-0.007326126,-0.007326126,1,0.170078278,9.744767493,-0.012210846,-0.006104946,0.000000000,0.000000000,0.000000000,-0.000000000,13.000000000,2.200000048,3.054326296,175.000006008,0.000000000,-2.684087276,20.000000000,8.000000000,-2.967059612,-169.999993347,0.000000000,2.759989023,20.000000000,6.500000000,0.174532920,9.999999709,0.000000000,0.417548507,12.000000000,3.200000048,0.000000000,0.000000000,0.000000000,-0.000032980,0.500000000,0.100000001
2026-07-07 01:52:06.334,1783360326.334314585,401.598755218,1,1,401.571356196,1,0.001981264,5,1,0.008224450,5,1,0,0,0,0,1,1,1,1,1,1,0.025249044,0.109736170,-0.111083843,1.536667281,1,400.602899609,12,1,12,1:-1.251:2.428|2:-0.428:2.425|3:0.392:2.424|4:1.223:2.419|5:1.228:1.589|6:0.405:1.588|7:-0.440:1.588|8:-1.261:1.589|9:-1.185:4.911|10:-0.390:4.902|11:0.375:4.903|12:1.182:4.901,1,262.379937732,place,10,8,-0.786029000,4.882139000,1,262.379880136,1,received,1,253.363543596,completed,1,253.363408825,1,received,1,-0.143243790,-8.207264590,-0.007326126,-0.007326126,1,3.284978151,188.215383863,-0.002442360,0.034187317,1,-2.920386314,-167.325810362,-0.002442360,-0.034187317,0,0.169184685,9.693568395,-0.007326126,-0.007326126,1,0.170078278,9.744767493,0.012210846,-0.003663063,0.000000000,0.000000000,0.000000000,-0.000000000,13.000000000,2.200000048,3.054326296,175.000006008,0.000000000,-2.684087276,20.000000000,8.000000000,-2.967059612,-169.999993347,0.000000000,2.759989023,20.000000000,6.500000000,0.174532920,9.999999709,0.000000000,0.417548507,12.000000000,3.200000048,0.000000000,0.000000000,0.000000000,-0.000032980,0.500000000,0.100000001
2026-07-07 01:52:07.334,1783360327.334077120,402.598517751,1,1,402.571118729,1,0.001909120,5,1,0.008200622,5,1,0,0,0,0,1,1,1,1,1,1,0.025269989,0.051580524,-0.107278658,1.585386163,1,401.602662142,12,1,12,1:-1.251:2.428|2:-0.428:2.425|3:0.392:2.424|4:1.223:2.419|5:1.228:1.589|6:0.405:1.588|7:-0.440:1.588|8:-1.261:1.589|9:-1.185:4.911|10:-0.390:4.902|11:0.375:4.903|12:1.182:4.901,1,263.379700265,place,10,8,-0.786029000,4.882139000,1,263.379642669,1,received,1,254.363306129,completed,1,254.363171358,1,received,1,-0.139429092,-7.988698536,-0.036630630,-0.002442360,1,3.284978151,188.215383863,-0.002442360,0.034187317,1,-2.920386314,-167.325810362,-0.002442360,-0.047863007,0,0.169184685,9.693568395,-0.007326126,-0.007326126,1,0.170078278,9.744767493,0.012210846,-0.003663063,0.000000000,0.000000000,0.000000000,-0.000000000,13.000000000,2.200000048,3.054326296,175.000006008,0.000000000,-2.684087276,20.000000000,8.000000000,-2.967059612,-169.999993347,0.000000000,2.759989023,20.000000000,6.500000000,0.174532920,9.999999709,0.000000000,0.417548507,12.000000000,3.200000048,0.000000000,0.000000000,0.000000000,-0.000032980,0.500000000,0.100000001
2026-07-07 01:52:08.333,1783360328.333802938,403.598243722,1,1,403.570844700,1,0.001891449,5,1,0.008268863,5,1,0,0,0,0,1,1,1,1,1,1,0.025211660,0.043681893,-0.110575161,1.554164991,1,402.602388113,12,1,12,1:-1.251:2.428|2:-0.428:2.425|3:0.392:2.424|4:1.223:2.419|5:1.228:1.589|6:0.405:1.588|7:-0.440:1.588|8:-1.261:1.589|9:-1.185:4.911|10:-0.390:4.902|11:0.375:4.903|12:1.182:4.901,1,264.379426236,place,10,8,-0.786029000,4.882139000,1,264.379368640,1,received,1,255.363032100,completed,1,255.362897329,1,received,1,-0.179484367,-10.283696739,-0.007326126,0.002442360,1,3.284978151,188.215383863,-0.007326126,0.034187317,1,-2.920386314,-167.325810362,-0.002442360,-0.047863007,0,0.169184685,9.693568395,-0.007326126,-0.007326126,1,0.170078278,9.744767493,-0.036628723,-0.003663063,0.000000000,0.000000000,0.000000000,-0.000000000,13.000000000,2.200000048,3.054326296,175.000006008,0.000000000,-2.684087276,20.000000000,8.000000000,-2.967059612,-169.999993347,0.000000000,2.759989023,20.000000000,6.500000000,0.174532920,9.999999709,0.000000000,0.417548507,12.000000000,3.200000048,0.000000000,0.000000000,0.000000000,-0.000032980,0.500000000,0.100000001
2026-07-07 01:52:09.333,1783360329.333566427,404.598007065,1,1,404.570608043,1,0.001847162,5,1,0.008239338,5,1,0,0,0,0,1,1,1,1,1,1,0.025130040,0.052165927,-0.121268497,1.554041023,1,403.602151456,12,1,12,1:-1.251:2.428|2:-0.428:2.425|3:0.392:2.424|4:1.223:2.419|5:1.228:1.589|6:0.405:1.588|7:-0.440:1.588|8:-1.261:1.589|9:-1.185:4.911|10:-0.390:4.902|11:0.375:4.903|12:1.182:4.901,1,265.379189579,place,10,8,-0.786029000,4.882139000,1,265.379131983,1,received,1,256.362795443,completed,1,256.362660672,1,received,1,-0.179865837,-10.305553344,-0.007326126,0.002442360,1,3.284978151,188.215383863,-0.002442360,0.034187317,1,-2.920386314,-167.325810362,-0.002442360,-0.034187317,0,0.169184685,9.693568395,-0.007326126,-0.007326126,1,0.170078278,9.744767493,-0.012210846,-0.003663063,0.000000000,0.000000000,0.000000000,-0.000000000,13.000000000,2.200000048,3.054326296,175.000006008,0.000000000,-2.684087276,20.000000000,8.000000000,-2.967059612,-169.999993347,0.000000000,2.759989023,20.000000000,6.500000000,0.174532920,9.999999709,0.000000000,0.417548507,12.000000000,3.200000048,0.000000000,0.000000000,0.000000000,-0.000032980,0.500000000,0.100000001
2026-07-07 01:52:10.333,1783360330.333296299,405.597736928,1,1,405.570337906,1,0.001604543,5,1,0.008220914,5,1,0,0,0,0,1,1,1,1,1,1,0.025212023,0.047496219,-0.109134571,1.553759110,1,404.601881319,12,1,12,1:-1.251:2.428|2:-0.428:2.425|3:0.392:2.424|4:1.223:2.419|5:1.228:1.589|6:0.405:1.588|7:-0.440:1.588|8:-1.261:1.589|9:-1.185:4.911|10:-0.390:4.902|11:0.375:4.903|12:1.182:4.901,1,266.378919442,place,10,8,-0.786029000,4.882139000,1,266.378861846,1,received,1,257.362525306,completed,1,257.362390535,1,received,1,-0.179865837,-10.305553344,-0.007326126,0.002442360,1,3.284978151,188.215383863,-0.002442360,0.034187317,1,-2.920386314,-167.325810362,-0.002442360,-0.034187317,0,0.169184685,9.693568395,-0.007326126,-0.007326126,1,0.170461655,9.766733381,0.012210846,-0.003663063,0.000000000,0.000000000,0.000000000,-0.000000000,13.000000000,2.200000048,3.054326296,175.000006008,0.000000000,-2.684087276,20.000000000,8.000000000,-2.967059612,-169.999993347,0.000000000,2.759989023,20.000000000,6.500000000,0.174532920,9.999999709,0.000000000,0.417548507,12.000000000,3.200000048,0.000000000,0.000000000,0.000000000,-0.000032980,0.500000000,0.100000001
2026-07-07 01:52:11.333,1783360331.333100080,406.597540641,1,1,406.570141619,1,0.001372647,5,1,0.008210907,5,1,0,0,0,0,1,1,1,1,1,1,0.025213628,0.051380874,-0.114261707,1.554912910,1,405.601685032,12,1,12,1:-1.251:2.428|2:-0.428:2.425|3:0.392:2.424|4:1.223:2.419|5:1.228:1.589|6:0.405:1.588|7:-0.440:1.588|8:-1.261:1.589|9:-1.185:4.911|10:-0.390:4.902|11:0.375:4.903|12:1.182:4.901,1,267.378723155,place,10,8,-0.786029000,4.882139000,1,267.378665559,1,received,1,258.362329019,completed,1,258.362194248,1,received,1,-0.171854973,-9.846564632,0.021978378,0.007326126,1,3.284978151,188.215383863,-0.002442360,0.034187317,1,-2.920386314,-167.325810362,-0.002442360,-0.034187317,0,0.169184685,9.693568395,-0.007326126,-0.007326126,1,0.170078278,9.744767493,-0.036628723,-0.003663063,0.000000000,0.000000000,0.000000000,-0.000000000,13.000000000,2.200000048,3.054326296,175.000006008,0.000000000,-2.684087276,20.000000000,8.000000000,-2.967059612,-169.999993347,0.000000000,2.759989023,20.000000000,6.500000000,0.174532920,9.999999709,0.000000000,0.417548507,12.000000000,3.200000048,0.000000000,0.000000000,0.000000000,-0.000032980,0.500000000,0.100000001
2026-07-07 01:52:12.332,1783360332.332791090,407.597231677,1,1,407.569832655,1,0.001362926,5,1,0.007931294,5,1,0,0,0,0,1,1,1,1,1,1,0.025089751,0.057105791,-0.112096139,1.553509493,1,406.601376068,12,1,12,1:-1.251:2.428|2:-0.428:2.425|3:0.392:2.424|4:1.223:2.419|5:1.228:1.589|6:0.405:1.588|7:-0.440:1.588|8:-1.261:1.589|9:-1.185:4.911|10:-0.390:4.902|11:0.375:4.903|12:1.182:4.901,1,268.378414191,place,10,8,-0.786029000,4.882139000,1,268.378356595,1,received,1,259.362020055,completed,1,259.361885284,1,received,1,-0.156977654,-8.994157024,0.007326126,-0.017093658,1,3.284978151,188.215383863,-0.002442360,0.034187317,1,-2.920386314,-167.325810362,0.002442360,-0.034187317,0,0.169184685,9.693568395,-0.007326126,-0.007326126,1,0.170078278,9.744767493,-0.012210846,-0.003663063,0.000000000,0.000000000,0.000000000,-0.000000000,13.000000000,2.200000048,3.054326296,175.000006008,0.000000000,-2.684087276,20.000000000,8.000000000,-2.967059612,-169.999993347,0.000000000,2.759989023,20.000000000,6.500000000,0.174532920,9.999999709,0.000000000,0.417548507,12.000000000,3.200000048,0.000000000,0.000000000,0.000000000,-0.000032980,0.500000000,0.100000001
2026-07-07 01:52:13.332,1783360333.332535744,408.596976352,1,1,408.569577330,1,0.001902897,5,1,0.008137411,5,1,0,0,0,0,1,1,1,1,1,1,0.025187471,0.054001916,-0.111719720,1.554810325,1,407.601120743,12,1,12,1:-1.251:2.428|2:-0.428:2.425|3:0.392:2.424|4:1.223:2.419|5:1.228:1.589|6:0.405:1.588|7:-0.440:1.588|8:-1.261:1.589|9:-1.185:4.911|10:-0.390:4.902|11:0.375:4.903|12:1.182:4.901,1,269.378158866,place,10,8,-0.786029000,4.882139000,1,269.378101270,1,received,1,260.361764730,completed,1,260.361629959,1,received,1,-0.150110245,-8.600683486,-0.007326126,-0.007326126,1,3.284978151,188.215383863,-0.002442360,0.020513535,1,-2.920386314,-167.325810362,-0.002442360,-0.034187317,0,0.169566154,9.715425000,0.007326126,-0.007326126,1,0.170078278,9.744767493,-0.012210846,-0.003663063,0.000000000,0.000000000,0.000000000,-0.000000000,13.000000000,2.200000048,3.054326296,175.000006008,0.000000000,-2.684087276,20.000000000,8.000000000,-2.967059612,-169.999993347,0.000000000,2.759989023,20.000000000,6.500000000,0.174532920,9.999999709,0.000000000,0.417548507,12.000000000,3.200000048,0.000000000,0.000000000,0.000000000,-0.000032980,0.500000000,0.100000001
2026-07-07 01:52:14.332,1783360334.332312822,409.596753321,1,1,409.569354299,1,0.002028775,5,1,0.008321391,5,1,0,0,0,0,1,1,1,1,1,1,0.025010106,0.058429124,-0.116772255,1.555028397,1,408.600897712,12,1,12,1:-1.251:2.428|2:-0.428:2.425|3:0.392:2.424|4:1.223:2.419|5:1.228:1.589|6:0.405:1.588|7:-0.440:1.588|8:-1.261:1.589|9:-1.185:4.911|10:-0.390:4.902|11:0.375:4.903|12:1.182:4.901,1,270.377935835,place,10,8,-0.786029000,4.882139000,1,270.377878239,1,received,1,261.361541699,completed,1,261.361406928,1,received,1,-0.150491714,-8.622540091,-0.007326126,-0.012209892,1,3.284978151,188.215383863,-0.002442360,0.034187317,1,-2.920386314,-167.325810362,0.002442360,-0.047863007,0,0.169184685,9.693568395,-0.007326126,-0.007326126,1,0.170078278,9.744767493,-0.012210846,-0.003663063,0.000000000,0.000000000,0.000000000,-0.000000000,13.000000000,2.200000048,3.054326296,175.000006008,0.000000000,-2.684087276,20.000000000,8.000000000,-2.967059612,-169.999993347,0.000000000,2.759989023,20.000000000,6.500000000,0.174532920,9.999999709,0.000000000,0.417548507,12.000000000,3.200000048,0.000000000,0.000000000,0.000000000,-0.000032980,0.500000000,0.100000001
2026-07-07 01:52:15.332,1783360335.332031250,410.596471705,1,1,410.569072683,1,0.001807389,5,1,0.008112684,5,1,0,0,0,0,1,1,1,1,1,1,0.024955175,0.052872752,-0.112983828,1.553761899,1,409.600616096,12,1,12,1:-1.251:2.428|2:-0.428:2.425|3:0.392:2.424|4:1.223:2.419|5:1.228:1.589|6:0.405:1.588|7:-0.440:1.588|8:-1.261:1.589|9:-1.185:4.911|10:-0.390:4.902|11:0.375:4.903|12:1.182:4.901,1,271.377654219,place,10,8,-0.786029000,4.882139000,1,271.377596623,1,received,1,262.361260083,completed,1,262.361125312,1,received,1,-0.150491714,-8.622540091,-0.007326126,-0.012209892,1,3.284978151,188.215383863,-0.002442360,0.034187317,1,-2.920386314,-167.325810362,-0.002442360,-0.034187317,0,0.169184685,9.693568395,-0.007326126,-0.007326126,1,0.170078278,9.744767493,-0.036628723,-0.003663063,0.000000000,0.000000000,0.000000000,-0.000000000,13.000000000,2.200000048,3.054326296,175.000006008,0.000000000,-2.684087276,20.000000000,8.000000000,-2.967059612,-169.999993347,0.000000000,2.759989023,20.000000000,6.500000000,0.174532920,9.999999709,0.000000000,0.417548507,12.000000000,3.200000048,0.000000000,0.000000000,0.000000000,-0.000032980,0.500000000,0.100000001
2026-07-07 01:52:16.332,1783360336.331826448,411.596267110,1,1,411.568868088,1,0.001917389,5,1,0.008342280,5,1,0,0,0,0,1,1,1,1,1,1,0.025261901,0.054270386,-0.112581722,1.554142769,1,410.600411501,12,1,12,1:-1.251:2.428|2:-0.428:2.425|3:0.392:2.424|4:1.223:2.419|5:1.228:1.589|6:0.405:1.588|7:-0.440:1.588|8:-1.261:1.589|9:-1.185:4.911|10:-0.390:4.902|11:0.375:4.903|12:1.182:4.901,1,272.377449624,place,10,8,-0.786029000,4.882139000,1,272.377392028,1,received,1,263.361055488,completed,1,263.360920717,1,received,1,-0.150491714,-8.622540091,-0.007326126,-0.007326126,1,3.284978151,188.215383863,-0.007326126,0.034187317,1,-2.920386314,-167.325810362,-0.002442360,-0.047863007,0,0.169184685,9.693568395,-0.007326126,-0.007326126,1,0.170078278,9.744767493,-0.012210846,-0.003663063,0.000000000,0.000000000,0.000000000,-0.000000000,13.000000000,2.200000048,3.054326296,175.000006008,0.000000000,-2.684087276,20.000000000,8.000000000,-2.967059612,-169.999993347,0.000000000,2.759989023,20.000000000,6.500000000,0.174532920,9.999999709,0.000000000,0.417548507,12.000000000,3.200000048,0.000000000,0.000000000,0.000000000,-0.000032980,0.500000000,0.100000001
2026-07-07 01:52:17.331,1783360337.331546783,412.595987480,1,1,412.568588458,1,0.001985659,5,1,0.008293102,5,1,0,0,0,0,1,1,1,1,1,1,0.025180955,0.044474662,-0.112801706,1.553832508,1,411.600131871,12,1,12,1:-1.251:2.428|2:-0.428:2.425|3:0.392:2.424|4:1.223:2.419|5:1.228:1.589|6:0.405:1.588|7:-0.440:1.588|8:-1.261:1.589|9:-1.185:4.911|10:-0.390:4.902|11:0.375:4.903|12:1.182:4.901,1,273.377169994,place,10,8,-0.786029000,4.882139000,1,273.377112398,1,received,1,264.360775858,completed,1,264.360641087,1,received,1,-0.150491714,-8.622540091,-0.007326126,-0.012209892,1,3.284978151,188.215383863,-0.002442360,0.034187317,1,-2.920386314,-167.325810362,-0.002442360,-0.034187317,0,0.169184685,9.693568395,-0.007326126,-0.007326126,1,0.170078278,9.744767493,-0.036628723,-0.003663063,0.000000000,0.000000000,0.000000000,-0.000000000,13.000000000,2.200000048,3.054326296,175.000006008,0.000000000,-2.684087276,20.000000000,8.000000000,-2.967059612,-169.999993347,0.000000000,2.759989023,20.000000000,6.500000000,0.174532920,9.999999709,0.000000000,0.417548507,12.000000000,3.200000048,0.000000000,0.000000000,0.000000000,-0.000032980,0.500000000,0.100000001
2026-07-07 01:52:18.331,1783360338.331299543,413.595740209,1,1,413.568341187,1,0.001860751,5,1,0.008310935,5,1,0,0,0,0,1,1,1,1,1,1,0.025294719,0.058955026,-0.110957081,1.553957868,1,412.599884600,12,1,12,1:-1.251:2.428|2:-0.428:2.425|3:0.392:2.424|4:1.223:2.419|5:1.228:1.589|6:0.405:1.588|7:-0.440:1.588|8:-1.261:1.589|9:-1.185:4.911|10:-0.390:4.902|11:0.375:4.903|12:1.182:4.901,1,274.376922723,place,10,8,-0.786029000,4.882139000,1,274.376865127,1,received,1,265.360528587,completed,1,265.360393816,1,received,1,-0.150491714,-8.622540091,0.007326126,-0.012209892,1,3.284978151,188.215383863,-0.007326126,0.034187317,1,-2.920386314,-167.325810362,-0.002442360,-0.034187317,0,0.169184685,9.693568395,-0.007326126,-0.007326126,1,0.170078278,9.744767493,-0.036628723,-0.006104946,0.000000000,0.000000000,0.000000000,-0.000000000,13.000000000,2.200000048,3.054326296,175.000006008,0.000000000,-2.684087276,20.000000000,8.000000000,-2.967059612,-169.999993347,0.000000000,2.759989023,20.000000000,6.500000000,0.174532920,9.999999709,0.000000000,0.417548507,12.000000000,3.200000048,0.000000000,0.000000000,0.000000000,-0.000032980,0.500000000,0.100000001
2026-07-07 01:52:19.331,1783360339.331031322,414.595471964,1,1,414.568072942,1,0.001472472,5,1,0.008203931,5,1,0,0,0,0,1,1,1,1,1,1,0.025305090,0.055731511,-0.116253094,1.554725950,1,413.599616355,12,1,12,1:-1.251:2.428|2:-0.428:2.425|3:0.392:2.424|4:1.223:2.419|5:1.228:1.589|6:0.405:1.588|7:-0.440:1.588|8:-1.261:1.589|9:-1.185:4.911|10:-0.390:4.902|11:0.375:4.903|12:1.182:4.901,1,275.376654478,place,10,8,-0.786029000,4.882139000,1,275.376596882,1,received,1,266.360260342,completed,1,266.360125571,1,received,1,-0.150491714,-8.622540091,-0.007326126,-0.012209892,1,3.284978151,188.215383863,-0.007326126,0.020513535,1,-2.920386314,-167.325810362,-0.002442360,-0.034187317,0,0.169184685,9.693568395,-0.007326126,-0.007326126,1,0.170461655,9.766733381,0.036628723,-0.003663063,0.000000000,0.000000000,0.000000000,-0.000000000,13.000000000,2.200000048,3.054326296,175.000006008,0.000000000,-2.684087276,20.000000000,8.000000000,-2.967059612,-169.999993347,0.000000000,2.759989023,20.000000000,6.500000000,0.174532920,9.999999709,0.000000000,0.417548507,12.000000000,3.200000048,0.000000000,0.000000000,0.000000000,-0.000032980,0.500000000,0.100000001
2026-07-07 01:52:20.330,1783360340.330726624,415.595167333,1,1,415.567768311,1,0.001781728,5,1,0.008176480,5,1,0,0,0,0,1,1,1,1,1,1,0.024769781,0.059209841,-0.114890544,1.555371249,1,414.599311724,12,1,12,1:-1.251:2.428|2:-0.428:2.425|3:0.392:2.424|4:1.223:2.419|5:1.228:1.589|6:0.405:1.588|7:-0.440:1.588|8:-1.261:1.589|9:-1.185:4.911|10:-0.390:4.902|11:0.375:4.903|12:1.182:4.901,1,276.376349847,place,10,8,-0.786029000,4.882139000,1,276.376292251,1,received,1,267.359955711,completed,1,267.359820940,1,received,1,-0.150110245,-8.600683486,-0.007326126,-0.012209892,1,3.284978151,188.215383863,-0.002442360,0.020513535,1,-2.920386314,-167.325810362,-0.002442360,-0.034187317,0,0.169184685,9.693568395,-0.007326126,-0.007326126,1,0.170078278,9.744767493,-0.012210846,-0.003663063,0.000000000,0.000000000,0.000000000,-0.000000000,13.000000000,2.200000048,3.054326296,175.000006008,0.000000000,-2.684087276,20.000000000,8.000000000,-2.967059612,-169.999993347,0.000000000,2.759989023,20.000000000,6.500000000,0.174532920,9.999999709,0.000000000,0.417548507,12.000000000,3.200000048,0.000000000,0.000000000,0.000000000,-0.000032980,0.500000000,0.100000001
2026-07-07 01:52:21.330,1783360341.330507994,416.594948630,1,1,416.567549608,1,0.001563933,5,1,0.008167571,5,1,0,0,0,0,1,1,1,1,1,1,0.025054605,0.059568888,-0.116658364,1.553718882,1,415.599093021,12,1,12,1:-1.251:2.428|2:-0.428:2.425|3:0.392:2.424|4:1.223:2.419|5:1.228:1.589|6:0.405:1.588|7:-0.440:1.588|8:-1.261:1.589|9:-1.185:4.911|10:-0.390:4.902|11:0.375:4.903|12:1.182:4.901,1,277.376131144,place,10,8,-0.786029000,4.882139000,1,277.376073548,1,received,1,268.359737008,completed,1,268.359602237,1,received,1,-0.150110245,-8.600683486,-0.021978378,-0.012209892,1,3.284978151,188.215383863,-0.002442360,0.020513535,1,-2.920386314,-167.325810362,0.002442360,-0.034187317,0,0.169184685,9.693568395,-0.007326126,-0.007326126,1,0.170078278,9.744767493,0.012210846,-0.006104946,0.000000000,0.000000000,0.000000000,-0.000000000,13.000000000,2.200000048,3.054326296,175.000006008,0.000000000,-2.684087276,20.000000000,8.000000000,-2.967059612,-169.999993347,0.000000000,2.759989023,20.000000000,6.500000000,0.174532920,9.999999709,0.000000000,0.417548507,12.000000000,3.200000048,0.000000000,0.000000000,0.000000000,-0.000032980,0.500000000,0.100000001
2026-07-07 01:52:22.330,1783360342.330389023,417.594829528,1,1,417.567430506,1,0.002125167,5,1,0.008384182,5,1,0,0,0,0,1,1,1,1,1,1,0.025338672,0.056833288,-0.109613246,1.553737001,1,416.598973919,12,1,12,1:-1.251:2.428|2:-0.428:2.425|3:0.392:2.424|4:1.223:2.419|5:1.228:1.589|6:0.405:1.588|7:-0.440:1.588|8:-1.261:1.589|9:-1.185:4.911|10:-0.390:4.902|11:0.375:4.903|12:1.182:4.901,1,278.376012042,place,10,8,-0.786029000,4.882139000,1,278.375954446,1,received,1,269.359617906,completed,1,269.359483135,1,received,1,-0.150491714,-8.622540091,0.007326126,-0.012209892,1,3.284978151,188.215383863,-0.002442360,0.020513535,1,-2.920386314,-167.325810362,-0.002442360,-0.047863007,0,0.169184685,9.693568395,-0.007326126,-0.007326126,1,0.170078278,9.744767493,-0.036628723,-0.006104946,0.000000000,0.000000000,0.000000000,-0.000000000,13.000000000,2.200000048,3.054326296,175.000006008,0.000000000,-2.684087276,20.000000000,8.000000000,-2.967059612,-169.999993347,0.000000000,2.759989023,20.000000000,6.500000000,0.174532920,9.999999709,0.000000000,0.417548507,12.000000000,3.200000048,0.000000000,0.000000000,0.000000000,-0.000032980,0.500000000,0.100000001
2026-07-07 01:52:23.330,1783360343.330005169,418.594445774,1,1,418.567046752,1,0.001717609,5,1,0.008283062,5,1,0,0,0,0,1,1,1,1,1,1,0.025271967,0.062830789,-0.111601532,1.553505539,1,417.598590165,12,1,12,1:-1.251:2.428|2:-0.428:2.425|3:0.392:2.424|4:1.223:2.419|5:1.228:1.589|6:0.405:1.588|7:-0.440:1.588|8:-1.261:1.589|9:-1.185:4.911|10:-0.390:4.902|11:0.375:4.903|12:1.182:4.901,1,279.375628288,place,10,8,-0.786029000,4.882139000,1,279.375570692,1,received,1,270.359234152,completed,1,270.359099381,1,received,1,-0.150491714,-8.622540091,-0.021978378,-0.012209892,1,3.284978151,188.215383863,-0.002442360,0.020513535,1,-2.920386314,-167.325810362,0.002442360,-0.047863007,0,0.169184685,9.693568395,-0.007326126,-0.007326126,1,0.170078278,9.744767493,-0.012210846,-0.003663063,0.000000000,0.000000000,0.000000000,-0.000000000,13.000000000,2.200000048,3.054326296,175.000006008,0.000000000,-2.684087276,20.000000000,8.000000000,-2.967059612,-169.999993347,0.000000000,2.759989023,20.000000000,6.500000000,0.174532920,9.999999709,0.000000000,0.417548507,12.000000000,3.200000048,0.000000000,0.000000000,0.000000000,-0.000032980,0.500000000,0.100000001
2026-07-07 01:52:24.330,1783360344.329798460,419.594239096,1,1,419.566840074,1,0.002029062,5,1,0.008352640,5,1,0,0,0,0,1,1,1,1,1,1,0.025346870,0.059040548,-0.112639692,1.554090161,1,418.598383487,12,1,12,1:-1.251:2.428|2:-0.428:2.425|3:0.392:2.424|4:1.223:2.419|5:1.228:1.589|6:0.405:1.588|7:-0.440:1.588|8:-1.261:1.589|9:-1.185:4.911|10:-0.390:4.902|11:0.375:4.903|12:1.182:4.901,1,280.375421610,place,10,8,-0.786029000,4.882139000,1,280.375364014,1,received,1,271.359027474,completed,1,271.358892703,1,received,1,-0.150110245,-8.600683486,-0.021978378,-0.012209892,1,3.284978151,188.215383863,0.002442360,0.020513535,1,-2.920386314,-167.325810362,-0.002442360,-0.047863007,0,0.169184685,9.693568395,-0.007326126,-0.007326126,1,0.170078278,9.744767493,-0.036628723,-0.003663063,0.000000000,0.000000000,0.000000000,-0.000000000,13.000000000,2.200000048,3.054326296,175.000006008,0.000000000,-2.684087276,20.000000000,8.000000000,-2.967059612,-169.999993347,0.000000000,2.759989023,20.000000000,6.500000000,0.174532920,9.999999709,0.000000000,0.417548507,12.000000000,3.200000048,0.000000000,0.000000000,0.000000000,-0.000032980,0.500000000,0.100000001
2026-07-07 01:52:25.329,1783360345.329479218,420.593919674,1,1,420.566520652,1,0.002084313,5,1,0.008269410,5,1,0,0,0,0,1,1,1,1,1,1,0.025150599,0.056678327,-0.117631038,1.555726464,1,419.598064065,12,1,12,1:-1.251:2.428|2:-0.428:2.425|3:0.392:2.424|4:1.223:2.419|5:1.228:1.589|6:0.405:1.588|7:-0.440:1.588|8:-1.261:1.589|9:-1.185:4.911|10:-0.390:4.902|11:0.375:4.903|12:1.182:4.901,1,281.375102188,place,10,8,-0.786029000,4.882139000,1,281.375044592,1,received,1,272.358708052,completed,1,272.358573281,1,received,1,-0.150491714,-8.622540091,-0.021978378,-0.012209892,1,3.284978151,188.215383863,-0.002442360,0.034187317,1,-2.920386314,-167.325810362,-0.002442360,-0.047863007,0,0.169184685,9.693568395,-0.007326126,-0.007326126,1,0.170078278,9.744767493,0.012210846,-0.003663063,0.000000000,0.000000000,0.000000000,-0.000000000,13.000000000,2.200000048,3.054326296,175.000006008,0.000000000,-2.684087276,20.000000000,8.000000000,-2.967059612,-169.999993347,0.000000000,2.759989023,20.000000000,6.500000000,0.174532920,9.999999709,0.000000000,0.417548507,12.000000000,3.200000048,0.000000000,0.000000000,0.000000000,-0.000032980,0.500000000,0.100000001
2026-07-07 01:52:26.329,1783360346.329226971,421.593667493,1,1,421.566268471,1,0.001997024,5,1,0.008236236,5,1,0,0,0,0,1,1,1,1,1,1,0.023380791,0.063645276,-0.116079496,1.554555563,1,420.597811884,12,1,12,1:-1.251:2.428|2:-0.428:2.425|3:0.392:2.424|4:1.223:2.419|5:1.228:1.589|6:0.405:1.588|7:-0.440:1.588|8:-1.261:1.589|9:-1.185:4.911|10:-0.390:4.902|11:0.375:4.903|12:1.182:4.901,1,282.374850007,place,10,8,-0.786029000,4.882139000,1,282.374792411,1,received,1,273.358455871,completed,1,273.358321100,1,received,1,-0.139810562,-8.010555142,-0.007326126,-0.002442360,1,3.284978151,188.215383863,-0.002442360,0.034187317,1,-2.920386314,-167.325810362,-0.002442360,-0.047863007,0,0.169184685,9.693568395,-0.007326126,-0.007326126,1,0.170078278,9.744767493,-0.012210846,-0.003663063,0.000000000,0.000000000,0.000000000,-0.000000000,13.000000000,2.200000048,3.054326296,175.000006008,0.000000000,-2.684087276,20.000000000,8.000000000,-2.967059612,-169.999993347,0.000000000,2.759989023,20.000000000,6.500000000,0.174532920,9.999999709,0.000000000,0.417548507,12.000000000,3.200000048,0.000000000,0.000000000,0.000000000,-0.000032980,0.500000000,0.100000001
2026-07-07 01:52:27.329,1783360347.328951836,422.593392532,1,1,422.565993510,1,0.002051377,5,1,0.008219278,5,1,0,0,0,0,1,1,1,1,1,1,0.025019960,0.059159393,-0.104687049,1.555204918,1,421.597536923,12,1,12,1:-1.251:2.428|2:-0.428:2.425|3:0.392:2.424|4:1.223:2.419|5:1.228:1.589|6:0.405:1.588|7:-0.440:1.588|8:-1.261:1.589|9:-1.185:4.911|10:-0.390:4.902|11:0.375:4.903|12:1.182:4.901,1,283.374575046,place,10,8,-0.786029000,4.882139000,1,283.374517450,1,received,1,274.358180910,completed,1,274.358046139,1,received,1,-0.139810562,-8.010555142,-0.021978378,-0.002442360,1,3.284978151,188.215383863,-0.002442360,0.034187317,1,-2.920386314,-167.325810362,-0.002442360,-0.034187317,0,0.169184685,9.693568395,-0.007326126,-0.007326126,1,0.170078278,9.744767493,-0.036628723,-0.003663063,0.000000000,0.000000000,0.000000000,-0.000000000,13.000000000,2.200000048,3.054326296,175.000006008,0.000000000,-2.684087276,20.000000000,8.000000000,-2.967059612,-169.999993347,0.000000000,2.759989023,20.000000000,6.500000000,0.174532920,9.999999709,0.000000000,0.417548507,12.000000000,3.200000048,0.000000000,0.000000000,0.000000000,-0.000032980,0.500000000,0.100000001
2026-07-07 01:52:28.328,1783360348.328700781,423.593141180,1,1,423.565742158,1,0.001875321,5,1,0.008312244,5,1,0,0,0,0,1,1,1,1,1,1,0.024848373,0.062170262,-0.116375183,1.555028548,1,422.597285571,12,1,12,1:-1.251:2.428|2:-0.428:2.425|3:0.392:2.424|4:1.223:2.419|5:1.228:1.589|6:0.405:1.588|7:-0.440:1.588|8:-1.261:1.589|9:-1.185:4.911|10:-0.390:4.902|11:0.375:4.903|12:1.182:4.901,1,284.374323694,place,10,8,-0.786029000,4.882139000,1,284.374266098,1,received,1,275.357929558,completed,1,275.357794787,1,received,1,-0.139810562,-8.010555142,0.007326126,-0.002442360,1,3.284978151,188.215383863,-0.002442360,0.034187317,1,-2.920386314,-167.325810362,-0.007326126,-0.034187317,0,0.169184685,9.693568395,-0.007326126,-0.007326126,1,0.170078278,9.744767493,-0.036628723,-0.006104946,0.000000000,0.000000000,0.000000000,-0.000000000,13.000000000,2.200000048,3.054326296,175.000006008,0.000000000,-2.684087276,20.000000000,8.000000000,-2.967059612,-169.999993347,0.000000000,2.759989023,20.000000000,6.500000000,0.174532920,9.999999709,0.000000000,0.417548507,12.000000000,3.200000048,0.000000000,0.000000000,0.000000000,-0.000032980,0.500000000,0.100000001
2026-07-07 01:52:29.328,1783360349.328434467,424.592875000,1,1,424.565475978,1,0.001736315,5,1,0.008209548,5,1,0,0,0,0,1,1,1,1,1,1,0.025142418,0.053445697,-0.116921058,1.554368088,1,423.597019391,12,1,12,1:-1.251:2.428|2:-0.428:2.425|3:0.392:2.424|4:1.223:2.419|5:1.228:1.589|6:0.405:1.588|7:-0.440:1.588|8:-1.261:1.589|9:-1.185:4.911|10:-0.390:4.902|11:0.375:4.903|12:1.182:4.901,1,285.374057514,place,10,8,-0.786029000,4.882139000,1,285.373999918,1,received,1,276.357663378,completed,1,276.357528607,1,received,1,-0.139810562,-8.010555142,-0.021978378,-0.002442360,1,3.284978151,188.215383863,-0.002442360,0.020513535,1,-2.920386314,-167.325810362,-0.002442360,-0.034187317,0,0.169184685,9.693568395,-0.007326126,-0.007326126,1,0.170078278,9.744767493,-0.012210846,-0.003663063,0.000000000,0.000000000,0.000000000,-0.000000000,13.000000000,2.200000048,3.054326296,175.000006008,0.000000000,-2.684087276,20.000000000,8.000000000,-2.967059612,-169.999993347,0.000000000,2.759989023,20.000000000,6.500000000,0.174532920,9.999999709,0.000000000,0.417548507,12.000000000,3.200000048,0.000000000,0.000000000,0.000000000,-0.000032980,0.500000000,0.100000001
2026-07-07 01:52:30.328,1783360350.328170061,425.592610574,1,1,425.565211552,1,0.001568458,5,1,0.008057272,5,1,0,0,0,0,1,1,1,1,1,1,0.024910960,0.061075235,-0.110765520,1.554828389,1,424.596754965,12,1,12,1:-1.251:2.428|2:-0.428:2.425|3:0.392:2.424|4:1.223:2.419|5:1.228:1.589|6:0.405:1.588|7:-0.440:1.588|8:-1.261:1.589|9:-1.185:4.911|10:-0.390:4.902|11:0.375:4.903|12:1.182:4.901,1,286.373793088,place,10,8,-0.786029000,4.882139000,1,286.373735492,1,received,1,277.357398952,completed,1,277.357264181,1,received,1,-0.139810562,-8.010555142,-0.007326126,-0.002442360,1,3.284978151,188.215383863,-0.002442360,0.034187317,1,-2.920386314,-167.325810362,-0.002442360,-0.047863007,0,0.169184685,9.693568395,-0.007326126,-0.007326126,1,0.170078278,9.744767493,-0.012210846,-0.003663063,0.000000000,0.000000000,0.000000000,-0.000000000,13.000000000,2.200000048,3.054326296,175.000006008,0.000000000,-2.684087276,20.000000000,8.000000000,-2.967059612,-169.999993347,0.000000000,2.759989023,20.000000000,6.500000000,0.174532920,9.999999709,0.000000000,0.417548507,12.000000000,3.200000048,0.000000000,0.000000000,0.000000000,-0.000032980,0.500000000,0.100000001
2026-07-07 01:52:31.328,1783360351.327942610,426.592383270,1,1,426.564984248,1,0.001362968,5,1,0.008304948,5,1,0,0,0,0,1,1,1,1,1,1,0.025079945,0.060456087,-0.116408701,1.555634199,1,425.596527661,12,1,12,1:-1.251:2.428|2:-0.428:2.425|3:0.392:2.424|4:1.223:2.419|5:1.228:1.589|6:0.405:1.588|7:-0.440:1.588|8:-1.261:1.589|9:-1.185:4.911|10:-0.390:4.902|11:0.375:4.903|12:1.182:4.901,1,287.373565784,place,10,8,-0.786029000,4.882139000,1,287.373508188,1,received,1,278.357171648,completed,1,278.357036877,1,received,1,-0.139810562,-8.010555142,-0.007326126,-0.002442360,1,3.284978151,188.215383863,-0.007326126,0.020513535,1,-2.920386314,-167.325810362,-0.002442360,-0.034187317,0,0.169184685,9.693568395,-0.007326126,-0.007326126,1,0.170078278,9.744767493,-0.012210846,-0.003663063,0.000000000,0.000000000,0.000000000,-0.000000000,13.000000000,2.200000048,3.054326296,175.000006008,0.000000000,-2.684087276,20.000000000,8.000000000,-2.967059612,-169.999993347,0.000000000,2.759989023,20.000000000,6.500000000,0.174532920,9.999999709,0.000000000,0.417548507,12.000000000,3.200000048,0.000000000,0.000000000,0.000000000,-0.000032980,0.500000000,0.100000001
2026-07-07 01:52:32.327,1783360352.327670574,427.592111045,1,1,427.564712023,1,0.001623031,5,1,0.008140093,5,1,0,0,0,0,1,1,1,1,1,1,0.025063639,0.055115967,-0.104317802,1.553928552,1,426.596255436,12,1,12,1:-1.251:2.428|2:-0.428:2.425|3:0.392:2.424|4:1.223:2.419|5:1.228:1.589|6:0.405:1.588|7:-0.440:1.588|8:-1.261:1.589|9:-1.185:4.911|10:-0.390:4.902|11:0.375:4.903|12:1.182:4.901,1,288.373293559,place,10,8,-0.786029000,4.882139000,1,288.373235963,1,received,1,279.356899423,completed,1,279.356764652,1,received,1,-0.139810562,-8.010555142,-0.007326126,-0.002442360,1,3.284978151,188.215383863,-0.002442360,0.020513535,1,-2.920386314,-167.325810362,-0.002442360,-0.034187317,0,0.169184685,9.693568395,-0.007326126,-0.007326126,1,0.170078278,9.744767493,-0.036628723,-0.003663063,0.000000000,0.000000000,0.000000000,-0.000000000,13.000000000,2.200000048,3.054326296,175.000006008,0.000000000,-2.684087276,20.000000000,8.000000000,-2.967059612,-169.999993347,0.000000000,2.759989023,20.000000000,6.500000000,0.174532920,9.999999709,0.000000000,0.417548507,12.000000000,3.200000048,0.000000000,0.000000000,0.000000000,-0.000032980,0.500000000,0.100000001
2026-07-07 01:52:33.327,1783360353.327389002,428.591829555,1,1,428.564430533,1,0.001912245,5,1,0.008123331,5,1,0,0,0,0,1,1,1,1,1,1,0.025025237,0.049864702,-0.116116284,1.554056689,1,427.595973946,12,1,12,1:-1.251:2.428|2:-0.428:2.425|3:0.392:2.424|4:1.223:2.419|5:1.228:1.589|6:0.405:1.588|7:-0.440:1.588|8:-1.261:1.589|9:-1.185:4.911|10:-0.390:4.902|11:0.375:4.903|12:1.182:4.901,1,289.373012069,place,10,8,-0.786029000,4.882139000,1,289.372954473,1,received,1,280.356617933,completed,1,280.356483162,1,received,1,-0.139810562,-8.010555142,-0.007326126,-0.007326126,1,3.284978151,188.215383863,-0.002442360,0.034187317,1,-2.920386314,-167.325810362,-0.002442360,-0.047863007,0,0.169184685,9.693568395,-0.007326126,-0.007326126,1,0.170078278,9.744767493,0.012210846,-0.003663063,0.000000000,0.000000000,0.000000000,-0.000000000,13.000000000,2.200000048,3.054326296,175.000006008,0.000000000,-2.684087276,20.000000000,8.000000000,-2.967059612,-169.999993347,0.000000000,2.759989023,20.000000000,6.500000000,0.174532920,9.999999709,0.000000000,0.417548507,12.000000000,3.200000048,0.000000000,0.000000000,0.000000000,-0.000032980,0.500000000,0.100000001
2026-07-07 01:52:34.327,1783360354.327148199,429.591588986,1,1,429.564189964,1,0.001712124,5,1,0.008299694,5,1,0,0,0,0,1,1,1,1,1,1,0.025076731,0.049887516,-0.109551705,1.554731355,1,428.595733377,12,1,12,1:-1.251:2.428|2:-0.428:2.425|3:0.392:2.424|4:1.223:2.419|5:1.228:1.589|6:0.405:1.588|7:-0.440:1.588|8:-1.261:1.589|9:-1.185:4.911|10:-0.390:4.902|11:0.375:4.903|12:1.182:4.901,1,290.372771500,place,10,8,-0.786029000,4.882139000,1,290.372713904,1,received,1,281.356377364,completed,1,281.356242593,1,received,1,-0.139810562,-8.010555142,-0.007326126,-0.002442360,1,3.284978151,188.215383863,-0.002442360,0.034187317,1,-2.920386314,-167.325810362,-0.002442360,-0.047863007,0,0.169184685,9.693568395,-0.007326126,-0.007326126,1,0.170078278,9.744767493,-0.012210846,-0.003663063,0.000000000,0.000000000,0.000000000,-0.000000000,13.000000000,2.200000048,3.054326296,175.000006008,0.000000000,-2.684087276,20.000000000,8.000000000,-2.967059612,-169.999993347,0.000000000,2.759989023,20.000000000,6.500000000,0.174532920,9.999999709,0.000000000,0.417548507,12.000000000,3.200000048,0.000000000,0.000000000,0.000000000,-0.000032980,0.500000000,0.100000001
2026-07-07 01:52:35.326,1783360355.326868296,430.591308769,1,1,430.563909747,1,0.001863831,5,1,0.008224317,5,1,0,0,0,0,1,1,1,1,1,1,0.024999311,0.048682464,-0.111866621,1.554613224,1,429.595453160,12,1,12,1:-1.251:2.428|2:-0.428:2.425|3:0.392:2.424|4:1.223:2.419|5:1.228:1.589|6:0.405:1.588|7:-0.440:1.588|8:-1.261:1.589|9:-1.185:4.911|10:-0.390:4.902|11:0.375:4.903|12:1.182:4.901,1,291.372491283,place,10,8,-0.786029000,4.882139000,1,291.372433687,1,received,1,282.356097147,completed,1,282.355962376,1,received,1,-0.139810562,-8.010555142,-0.007326126,-0.002442360,1,3.284978151,188.215383863,0.002442360,0.034187317,1,-2.920386314,-167.325810362,-0.002442360,-0.034187317,0,0.169184685,9.693568395,-0.007326126,-0.007326126,1,0.170078278,9.744767493,-0.036628723,-0.003663063,0.000000000,0.000000000,0.000000000,-0.000000000,13.000000000,2.200000048,3.054326296,175.000006008,0.000000000,-2.684087276,20.000000000,8.000000000,-2.967059612,-169.999993347,0.000000000,2.759989023,20.000000000,6.500000000,0.174532920,9.999999709,0.000000000,0.417548507,12.000000000,3.200000048,0.000000000,0.000000000,0.000000000,-0.000032980,0.500000000,0.100000001
2026-07-07 01:52:36.326,1783360356.326630592,431.591071337,1,1,431.563672315,1,0.001922767,5,1,0.008267459,5,1,0,0,0,0,1,1,1,1,1,1,0.024681918,0.048682464,-0.111866621,1.554613224,1,430.595215728,12,1,12,1:-1.251:2.428|2:-0.428:2.425|3:0.392:2.424|4:1.223:2.419|5:1.228:1.589|6:0.405:1.588|7:-0.440:1.588|8:-1.261:1.589|9:-1.185:4.911|10:-0.390:4.902|11:0.375:4.903|12:1.182:4.901,1,292.372253851,place,10,8,-0.786029000,4.882139000,1,292.372196255,1,received,1,283.355859715,completed,1,283.355724944,1,received,1,-0.139810562,-8.010555142,-0.007326126,-0.002442360,1,3.284978151,188.215383863,-0.007326126,0.034187317,1,-2.920386314,-167.325810362,-0.007326126,-0.034187317,0,0.169184685,9.693568395,-0.007326126,-0.007326126,1,0.170461655,9.766733381,-0.036628723,-0.003663063,0.000000000,0.000000000,0.000000000,-0.000000000,13.000000000,2.200000048,3.054326296,175.000006008,0.000000000,-2.684087276,20.000000000,8.000000000,-2.967059612,-169.999993347,0.000000000,2.759989023,20.000000000,6.500000000,0.174532920,9.999999709,0.000000000,0.417548507,12.000000000,3.200000048,0.000000000,0.000000000,0.000000000,-0.000032980,0.500000000,0.100000001
2026-07-07 01:52:37.326,1783360357.326367855,432.590808306,1,1,432.563409284,1,0.001967601,5,1,0.008161292,5,1,0,0,0,0,1,1,1,1,1,1,0.025133432,0.052050732,-0.106361017,1.554220664,1,431.594952697,12,1,12,1:-1.251:2.428|2:-0.428:2.425|3:0.392:2.424|4:1.223:2.419|5:1.228:1.589|6:0.405:1.588|7:-0.440:1.588|8:-1.261:1.589|9:-1.185:4.911|10:-0.390:4.902|11:0.375:4.903|12:1.182:4.901,1,293.371990820,place,10,8,-0.786029000,4.882139000,1,293.371933224,1,received,1,284.355596684,completed,1,284.355461913,1,received,1,-0.139810562,-8.010555142,-0.021978378,-0.002442360,1,3.284978151,188.215383863,-0.002442360,0.020513535,1,-2.920386314,-167.325810362,-0.002442360,-0.047863007,0,0.169566154,9.715425000,-0.007326126,-0.012209892,1,0.170078278,9.744767493,-0.012210846,-0.003663063,0.000000000,0.000000000,0.000000000,-0.000000000,13.000000000,2.200000048,3.054326296,175.000006008,0.000000000,-2.684087276,20.000000000,8.000000000,-2.967059612,-169.999993347,0.000000000,2.759989023,20.000000000,6.500000000,0.174532920,9.999999709,0.000000000,0.417548507,12.000000000,3.200000048,0.000000000,0.000000000,0.000000000,-0.000032980,0.500000000,0.100000001
2026-07-07 01:52:38.326,1783360358.326102018,433.590542703,1,1,433.563143681,1,0.001954480,5,1,0.008177740,5,1,0,0,0,0,1,1,1,1,1,1,0.025181144,0.053630862,-0.103988560,1.554292826,1,432.594687094,12,1,12,1:-1.251:2.428|2:-0.428:2.425|3:0.392:2.424|4:1.223:2.419|5:1.228:1.589|6:0.405:1.588|7:-0.440:1.588|8:-1.261:1.589|9:-1.185:4.911|10:-0.390:4.902|11:0.375:4.903|12:1.182:4.901,1,294.371725217,place,10,8,-0.786029000,4.882139000,1,294.371667621,1,received,1,285.355331081,completed,1,285.355196310,1,received,1,-0.139810562,-8.010555142,-0.021978378,-0.002442360,1,3.284978151,188.215383863,-0.002442360,0.020513535,1,-2.920386314,-167.325810362,-0.002442360,-0.047863007,0,0.169566154,9.715425000,-0.007326126,-0.012209892,1,0.170078278,9.744767493,-0.012210846,-0.003663063,0.000000000,0.000000000,0.000000000,-0.000000000,13.000000000,2.200000048,3.054326296,175.000006008,0.000000000,-2.684087276,20.000000000,8.000000000,-2.967059612,-169.999993347,0.000000000,2.759989023,20.000000000,6.500000000,0.174532920,9.999999709,0.000000000,0.417548507,12.000000000,3.200000048,0.000000000,0.000000000,0.000000000,-0.000032980,0.500000000,0.100000001
2026-07-07 01:52:39.326,1783360359.325929642,434.590370373,1,1,434.562971351,1,0.001843765,5,1,0.008225051,5,1,0,0,0,0,1,1,1,1,1,1,0.025259990,0.053068523,-0.107864030,1.554618840,1,433.594514764,12,1,12,1:-1.251:2.428|2:-0.428:2.425|3:0.392:2.424|4:1.223:2.419|5:1.228:1.589|6:0.405:1.588|7:-0.440:1.588|8:-1.261:1.589|9:-1.185:4.911|10:-0.390:4.902|11:0.375:4.903|12:1.182:4.901,1,295.371552887,place,10,8,-0.786029000,4.882139000,1,295.371495291,1,received,1,286.355158751,completed,1,286.355023980,1,received,1,-0.139810562,-8.010555142,-0.007326126,-0.002442360,1,3.284978151,188.215383863,-0.002442360,0.020513535,1,-2.920386314,-167.325810362,-0.007326126,-0.047863007,0,0.169566154,9.715425000,-0.007326126,-0.012209892,1,0.170461655,9.766733381,0.012210846,-0.003663063,0.000000000,0.000000000,0.000000000,-0.000000000,13.000000000,2.200000048,3.054326296,175.000006008,0.000000000,-2.684087276,20.000000000,8.000000000,-2.967059612,-169.999993347,0.000000000,2.759989023,20.000000000,6.500000000,0.174532920,9.999999709,0.000000000,0.417548507,12.000000000,3.200000048,0.000000000,0.000000000,0.000000000,-0.000032980,0.500000000,0.100000001
2026-07-07 01:52:40.325,1783360360.325615168,435.590055690,1,1,435.562656668,1,0.001705441,5,1,0.008227872,5,1,0,0,0,0,1,1,1,1,1,1,0.025263539,0.052443910,-0.109934277,1.554640529,1,434.594200081,12,1,12,1:-1.251:2.428|2:-0.428:2.425|3:0.392:2.424|4:1.223:2.419|5:1.228:1.589|6:0.405:1.588|7:-0.440:1.588|8:-1.261:1.589|9:-1.185:4.911|10:-0.390:4.902|11:0.375:4.903|12:1.182:4.901,1,296.371238204,place,10,8,-0.786029000,4.882139000,1,296.371180608,1,received,1,287.354844068,completed,1,287.354709297,1,received,1,-0.139810562,-8.010555142,-0.007326126,-0.002442360,1,3.284978151,188.215383863,-0.002442360,0.020513535,1,-2.920386314,-167.325810362,-0.002442360,-0.034187317,0,0.169566154,9.715425000,-0.007326126,-0.012209892,1,0.170078278,9.744767493,-0.036628723,-0.003663063,0.000000000,0.000000000,0.000000000,-0.000000000,13.000000000,2.200000048,3.054326296,175.000006008,0.000000000,-2.684087276,20.000000000,8.000000000,-2.967059612,-169.999993347,0.000000000,2.759989023,20.000000000,6.500000000,0.174532920,9.999999709,0.000000000,0.417548507,12.000000000,3.200000048,0.000000000,0.000000000,0.000000000,-0.000032980,0.500000000,0.100000001
2026-07-07 01:52:41.325,1783360361.325323343,436.589763853,1,1,436.562364831,1,0.001930950,5,1,0.008314302,5,1,0,0,0,0,1,1,1,1,1,1,0.025030477,0.046210474,-0.112403142,1.554267439,1,435.593908244,12,1,12,1:-1.251:2.428|2:-0.428:2.425|3:0.392:2.424|4:1.223:2.419|5:1.228:1.589|6:0.405:1.588|7:-0.440:1.588|8:-1.261:1.589|9:-1.185:4.911|10:-0.390:4.902|11:0.375:4.903|12:1.182:4.901,1,297.370946367,place,10,8,-0.786029000,4.882139000,1,297.370888771,1,received,1,288.354552231,completed,1,288.354417460,1,received,1,-0.139810562,-8.010555142,0.007326126,-0.002442360,1,3.284978151,188.215383863,-0.002442360,0.034187317,1,-2.920386314,-167.325810362,-0.002442360,-0.047863007,0,0.169566154,9.715425000,-0.007326126,-0.012209892,1,0.170078278,9.744767493,-0.012210846,-0.003663063,0.000000000,0.000000000,0.000000000,-0.000000000,13.000000000,2.200000048,3.054326296,175.000006008,0.000000000,-2.684087276,20.000000000,8.000000000,-2.967059612,-169.999993347,0.000000000,2.759989023,20.000000000,6.500000000,0.174532920,9.999999709,0.000000000,0.417548507,12.000000000,3.200000048,0.000000000,0.000000000,0.000000000,-0.000032980,0.500000000,0.100000001
2026-07-07 01:52:42.325,1783360362.325082541,437.589523208,1,1,437.562124186,1,0.001897406,5,1,0.007926617,5,1,0,0,0,0,1,1,1,1,1,1,0.025159152,0.037507522,-0.112199478,1.552758943,1,436.593667599,12,1,12,1:-1.251:2.428|2:-0.428:2.425|3:0.392:2.424|4:1.223:2.419|5:1.228:1.589|6:0.405:1.588|7:-0.440:1.588|8:-1.261:1.589|9:-1.185:4.911|10:-0.390:4.902|11:0.375:4.903|12:1.182:4.901,1,298.370705722,place,10,8,-0.786029000,4.882139000,1,298.370648126,1,received,1,289.354311586,completed,1,289.354176815,1,received,1,-0.139810562,-8.010555142,-0.007326126,-0.002442360,1,3.284978151,188.215383863,-0.002442360,0.020513535,1,-2.920386314,-167.325810362,0.002442360,-0.047863007,0,0.169566154,9.715425000,-0.007326126,-0.012209892,1,0.170078278,9.744767493,0.012210846,-0.006104946,0.000000000,0.000000000,0.000000000,-0.000000000,13.000000000,2.200000048,3.054326296,175.000006008,0.000000000,-2.684087276,20.000000000,8.000000000,-2.967059612,-169.999993347,0.000000000,2.759989023,20.000000000,6.500000000,0.174532920,9.999999709,0.000000000,0.417548507,12.000000000,3.200000048,0.000000000,0.000000000,0.000000000,-0.000032980,0.500000000,0.100000001
2026-07-07 01:52:43.324,1783360363.324765205,438.589205789,1,1,438.561806767,1,0.001790507,5,1,0.008305683,5,1,0,0,0,0,1,1,1,1,1,1,0.024993905,0.049234082,-0.113472658,1.554469272,1,437.593350180,12,1,12,1:-1.251:2.428|2:-0.428:2.425|3:0.392:2.424|4:1.223:2.419|5:1.228:1.589|6:0.405:1.588|7:-0.440:1.588|8:-1.261:1.589|9:-1.185:4.911|10:-0.390:4.902|11:0.375:4.903|12:1.182:4.901,1,299.370388303,place,10,8,-0.786029000,4.882139000,1,299.370330707,1,received,1,290.353994167,completed,1,290.353859396,1,received,1,-0.139810562,-8.010555142,-0.007326126,-0.002442360,1,3.284978151,188.215383863,0.002442360,0.034187317,1,-2.920386314,-167.325810362,-0.002442360,-0.047863007,0,0.169566154,9.715425000,-0.007326126,-0.012209892,1,0.170078278,9.744767493,-0.036628723,-0.003663063,0.000000000,0.000000000,0.000000000,-0.000000000,13.000000000,2.200000048,3.054326296,175.000006008,0.000000000,-2.684087276,20.000000000,8.000000000,-2.967059612,-169.999993347,0.000000000,2.759989023,20.000000000,6.500000000,0.174532920,9.999999709,0.000000000,0.417548507,12.000000000,3.200000048,0.000000000,0.000000000,0.000000000,-0.000032980,0.500000000,0.100000001
2026-07-07 01:52:44.324,1783360364.324515820,439.588956552,1,1,439.561557530,1,0.001752969,5,1,0.008146446,5,1,0,0,0,0,1,1,1,1,1,1,0.025253941,0.040323888,-0.112201007,1.553234133,1,438.593100943,12,1,12,1:-1.251:2.428|2:-0.428:2.425|3:0.392:2.424|4:1.223:2.419|5:1.228:1.589|6:0.405:1.588|7:-0.440:1.588|8:-1.261:1.589|9:-1.185:4.911|10:-0.390:4.902|11:0.375:4.903|12:1.182:4.901,1,300.370139066,place,10,8,-0.786029000,4.882139000,1,300.370081470,1,received,1,291.353744930,completed,1,291.353610159,1,received,1,-0.139810562,-8.010555142,-0.007326126,-0.002442360,1,3.284978151,188.215383863,-0.002442360,0.034187317,1,-2.920386314,-167.325810362,-0.007326126,-0.047863007,0,0.169566154,9.715425000,-0.007326126,-0.012209892,1,0.170078278,9.744767493,-0.012210846,-0.003663063,0.000000000,0.000000000,0.000000000,-0.000000000,13.000000000,2.200000048,3.054326296,175.000006008,0.000000000,-2.684087276,20.000000000,8.000000000,-2.967059612,-169.999993347,0.000000000,2.759989023,20.000000000,6.500000000,0.174532920,9.999999709,0.000000000,0.417548507,12.000000000,3.200000048,0.000000000,0.000000000,0.000000000,-0.000032980,0.500000000,0.100000001
2026-07-07 01:52:45.324,1783360365.324269295,440.588709889,1,1,440.561310867,1,0.001709312,5,1,0.008226465,5,1,0,0,0,0,1,1,1,1,1,1,0.025146322,0.047533469,-0.106555985,1.554883664,1,439.592854280,12,1,12,1:-1.251:2.428|2:-0.428:2.425|3:0.392:2.424|4:1.223:2.419|5:1.228:1.589|6:0.405:1.588|7:-0.440:1.588|8:-1.261:1.589|9:-1.185:4.911|10:-0.390:4.902|11:0.375:4.903|12:1.182:4.901,1,301.369892403,place,10,8,-0.786029000,4.882139000,1,301.369834807,1,received,1,292.353498267,completed,1,292.353363496,1,received,1,-0.139810562,-8.010555142,-0.007326126,-0.002442360,1,3.284978151,188.215383863,-0.007326126,0.034187317,1,-2.920386314,-167.325810362,-0.007326126,-0.047863007,0,0.169566154,9.715425000,-0.007326126,-0.012209892,1,0.170078278,9.744767493,-0.012210846,-0.003663063,0.000000000,0.000000000,0.000000000,-0.000000000,13.000000000,2.200000048,3.054326296,175.000006008,0.000000000,-2.684087276,20.000000000,8.000000000,-2.967059612,-169.999993347,0.000000000,2.759989023,20.000000000,6.500000000,0.174532920,9.999999709,0.000000000,0.417548507,12.000000000,3.200000048,0.000000000,0.000000000,0.000000000,-0.000032980,0.500000000,0.100000001
2026-07-07 01:52:46.324,1783360366.323997974,441.588438649,1,1,441.561039627,1,0.001738307,5,1,0.008197742,5,1,0,0,0,0,1,1,1,1,1,1,0.025103586,0.054438612,-0.113149429,1.554568849,1,440.592583040,12,1,12,1:-1.251:2.428|2:-0.428:2.425|3:0.392:2.424|4:1.223:2.419|5:1.228:1.589|6:0.405:1.588|7:-0.440:1.588|8:-1.261:1.589|9:-1.185:4.911|10:-0.390:4.902|11:0.375:4.903|12:1.182:4.901,1,302.369621163,place,10,8,-0.786029000,4.882139000,1,302.369563567,1,received,1,293.353227027,completed,1,293.353092256,1,received,1,-0.139810562,-8.010555142,-0.007326126,-0.002442360,1,3.284978151,188.215383863,-0.002442360,0.020513535,1,-2.920386314,-167.325810362,-0.007326126,-0.034187317,0,0.169566154,9.715425000,-0.007326126,-0.012209892,1,0.170461655,9.766733381,-0.012210846,-0.003663063,0.000000000,0.000000000,0.000000000,-0.000000000,13.000000000,2.200000048,3.054326296,175.000006008,0.000000000,-2.684087276,20.000000000,8.000000000,-2.967059612,-169.999993347,0.000000000,2.759989023,20.000000000,6.500000000,0.174532920,9.999999709,0.000000000,0.417548507,12.000000000,3.200000048,0.000000000,0.000000000,0.000000000,-0.000032980,0.500000000,0.100000001
2026-07-07 01:52:47.323,1783360367.323724031,442.588164515,1,1,442.560765493,1,0.001781482,5,1,0.008257415,5,1,0,0,0,0,1,1,1,1,1,1,0.024897493,0.048234390,-0.110762515,1.553565044,1,441.592308906,12,1,12,1:-1.251:2.428|2:-0.428:2.425|3:0.392:2.424|4:1.223:2.419|5:1.228:1.589|6:0.405:1.588|7:-0.440:1.588|8:-1.261:1.589|9:-1.185:4.911|10:-0.390:4.902|11:0.375:4.903|12:1.182:4.901,1,303.369347029,place,10,8,-0.786029000,4.882139000,1,303.369289433,1,received,1,294.352952893,completed,1,294.352818122,1,received,1,-0.139810562,-8.010555142,-0.007326126,-0.002442360,1,3.284978151,188.215383863,-0.002442360,0.034187317,1,-2.920386314,-167.325810362,-0.002442360,-0.034187317,0,0.169566154,9.715425000,-0.007326126,-0.012209892,1,0.170078278,9.744767493,-0.012210846,-0.003663063,0.000000000,0.000000000,0.000000000,-0.000000000,13.000000000,2.200000048,3.054326296,175.000006008,0.000000000,-2.684087276,20.000000000,8.000000000,-2.967059612,-169.999993347,0.000000000,2.759989023,20.000000000,6.500000000,0.174532920,9.999999709,0.000000000,0.417548507,12.000000000,3.200000048,0.000000000,0.000000000,0.000000000,-0.000032980,0.500000000,0.100000001
2026-07-07 01:52:48.323,1783360368.323457003,443.587897712,1,1,443.560498690,1,0.001532304,5,1,0.008121812,5,1,0,0,0,0,1,1,1,1,1,1,0.025114800,0.053971394,-0.116624682,1.554359412,1,442.592042103,12,1,12,1:-1.251:2.428|2:-0.428:2.425|3:0.392:2.424|4:1.223:2.419|5:1.228:1.589|6:0.405:1.588|7:-0.440:1.588|8:-1.261:1.589|9:-1.185:4.911|10:-0.390:4.902|11:0.375:4.903|12:1.182:4.901,1,304.369080226,place,10,8,-0.786029000,4.882139000,1,304.369022630,1,received,1,295.352686090,completed,1,295.352551319,1,received,1,-0.139810562,-8.010555142,-0.007326126,-0.002442360,1,3.284978151,188.215383863,-0.002442360,0.020513535,1,-2.920386314,-167.325810362,-0.002442360,-0.047863007,0,0.169566154,9.715425000,-0.007326126,-0.012209892,1,0.170461655,9.766733381,0.036628723,-0.003663063,0.000000000,0.000000000,0.000000000,-0.000000000,13.000000000,2.200000048,3.054326296,175.000006008,0.000000000,-2.684087276,20.000000000,8.000000000,-2.967059612,-169.999993347,0.000000000,2.759989023,20.000000000,6.500000000,0.174532920,9.999999709,0.000000000,0.417548507,12.000000000,3.200000048,0.000000000,0.000000000,0.000000000,-0.000032980,0.500000000,0.100000001
2026-07-07 01:52:49.323,1783360369.323196888,444.587637460,1,1,444.560238438,1,0.001414203,5,1,0.008207509,5,1,0,0,0,0,1,1,1,1,1,1,0.025041818,0.049255037,-0.114056855,1.555207762,1,443.591781851,12,1,12,1:-1.251:2.428|2:-0.428:2.425|3:0.392:2.424|4:1.223:2.419|5:1.228:1.589|6:0.405:1.588|7:-0.440:1.588|8:-1.261:1.589|9:-1.185:4.911|10:-0.390:4.902|11:0.375:4.903|12:1.182:4.901,1,305.368819974,place,10,8,-0.786029000,4.882139000,1,305.368762378,1,received,1,296.352425838,completed,1,296.352291067,1,received,1,-0.139810562,-8.010555142,-0.007326126,-0.002442360,1,3.284978151,188.215383863,0.002442360,0.034187317,1,-2.920386314,-167.325810362,-0.002442360,-0.034187317,0,0.169566154,9.715425000,-0.007326126,-0.012209892,1,0.170078278,9.744767493,-0.012210846,-0.003663063,0.000000000,0.000000000,0.000000000,-0.000000000,13.000000000,2.200000048,3.054326296,175.000006008,0.000000000,-2.684087276,20.000000000,8.000000000,-2.967059612,-169.999993347,0.000000000,2.759989023,20.000000000,6.500000000,0.174532920,9.999999709,0.000000000,0.417548507,12.000000000,3.200000048,0.000000000,0.000000000,0.000000000,-0.000032980,0.500000000,0.100000001
