wall_time,ros_time_sec,elapsed_sec,has_ready,driver_ready,ready_age_sec,has_state,state_age_sec,state_size,has_command,command_age_sec,command_size,service_mode,service_suction,service_pick,service_place,service_stack,service_payload_estimate,service_payload_state,service_arm_mission,service_nav_arm_event,action_move_joint,has_nav_state,nav_state_age_sec,nav_state_x,nav_state_y,nav_state_yaw,has_nav_task_points,nav_task_points_age_sec,nav_task_points_count,nav_task_points_min_id,nav_task_points_max_id,nav_task_points_summary,has_nav_mission_request,nav_mission_request_age_sec,nav_mission_action,nav_mission_task_index,nav_mission_point_id,nav_mission_x,nav_mission_y,has_nav_mission_response,nav_mission_response_age_sec,nav_mission_response_success,nav_mission_response_message,has_nav_arm_event_request,nav_arm_event_request_age_sec,nav_arm_event_request_message,has_nav_arm_event_response,nav_arm_event_response_age_sec,nav_arm_event_response_success,nav_arm_event_response_message,state_valid_0,state_q_rad_0,state_q_deg_0,state_dq_0,state_tau_est_0,state_valid_1,state_q_rad_1,state_q_deg_1,state_dq_1,state_tau_est_1,state_valid_2,state_q_rad_2,state_q_deg_2,state_dq_2,state_tau_est_2,state_valid_3,state_q_rad_3,state_q_deg_3,state_dq_3,state_tau_est_3,state_valid_4,state_q_rad_4,state_q_deg_4,state_dq_4,state_tau_est_4,cmd_q_rad_0,cmd_q_deg_0,cmd_dq_0,cmd_tau_0,cmd_kp_0,cmd_kd_0,cmd_q_rad_1,cmd_q_deg_1,cmd_dq_1,cmd_tau_1,cmd_kp_1,cmd_kd_1,cmd_q_rad_2,cmd_q_deg_2,cmd_dq_2,cmd_tau_2,cmd_kp_2,cmd_kd_2,cmd_q_rad_3,cmd_q_deg_3,cmd_dq_3,cmd_tau_3,cmd_kp_3,cmd_kd_3,cmd_q_rad_4,cmd_q_deg_4,cmd_dq_4,cmd_tau_4,cmd_kp_4,cmd_kd_4
2026-07-06 22:33:34.166,1783348414.166435480,1.013034409,1,1,0.995659443,1,0.000534329,5,1,0.005589495,5,1,0,0,0,0,1,1,0,0,1,0,-1.000000000,0.000000000,0.000000000,0.000000000,0,-1.000000000,0,0,0,,0,-1.000000000,,0,0,0.000000000,0.000000000,0,-1.000000000,0,,0,-1.000000000,,0,-1.000000000,0,,1,0.097085953,5.562615343,-0.021978378,-0.026862144,1,3.289937258,188.499519733,-0.002442360,-2.782905579,1,-2.897115707,-165.992502795,-0.002442360,2.536752701,1,-0.163844109,-9.387575920,0.007326126,0.412698746,1,0.007861137,0.450409995,-0.036628723,-0.003663063,0.097085953,5.562615343,0.000000000,-0.000000000,8.000000000,2.500000000,3.319311380,190.182532986,0.000000000,-2.813282013,2.000000000,0.500000000,-2.912756920,-166.888678256,0.000000000,2.565571547,1.000000000,0.500000000,-0.167277336,-9.584285368,0.000000000,0.419957310,0.500000000,0.200000003,0.008244514,0.472375883,0.000000000,-0.000031460,0.000000000,0.100000001
2026-07-06 22:33:35.167,1783348415.167065382,2.013664058,1,1,1.996289092,1,0.000610663,5,1,0.005717127,5,1,0,0,0,0,1,1,1,0,1,0,-1.000000000,0.000000000,0.000000000,0.000000000,0,-1.000000000,0,0,0,,0,-1.000000000,,0,0,0.000000000,0.000000000,0,-1.000000000,0,,0,-1.000000000,,0,-1.000000000,0,,1,0.097085953,5.562615343,-0.021978378,-0.026862144,1,3.289937258,188.499519733,-0.002442360,-2.782905579,1,-2.897115707,-165.992502795,0.002442360,2.536752701,1,-0.163844109,-9.387575920,-0.007326126,0.412698746,1,0.008244514,0.472375883,-0.012210846,-0.003663063,0.097085953,5.562615343,0.000000000,-0.000000000,8.000000000,2.500000000,3.319311380,190.182532986,0.000000000,-2.813282013,2.000000000,0.500000000,-2.912756920,-166.888678256,0.000000000,2.565571547,1.000000000,0.500000000,-0.167277336,-9.584285368,0.000000000,0.419957310,0.500000000,0.200000003,0.008244514,0.472375883,0.000000000,-0.000031460,0.000000000,0.100000001
2026-07-06 22:33:36.167,1783348416.167732954,3.014331857,1,1,2.996956891,1,0.000347660,5,1,0.005568692,5,1,0,0,0,0,1,1,1,0,1,0,-1.000000000,0.000000000,0.000000000,0.000000000,0,-1.000000000,0,0,0,,0,-1.000000000,,0,0,0.000000000,0.000000000,0,-1.000000000,0,,0,-1.000000000,,0,-1.000000000,0,,1,0.097085953,5.562615343,-0.007326126,-0.026862144,1,3.289937258,188.499519733,-0.002442360,-2.769229889,1,-2.897115707,-165.992502795,0.002442360,2.550426483,1,-0.163844109,-9.387575920,-0.007326126,0.412698746,1,0.007861137,0.450409995,-0.036628723,-0.003663063,0.097085953,5.562615343,0.000000000,-0.000000000,8.000000000,2.500000000,3.319311380,190.182532986,0.000000000,-2.813282013,2.000000000,0.500000000,-2.912756920,-166.888678256,0.000000000,2.565571547,1.000000000,0.500000000,-0.167277336,-9.584285368,0.000000000,0.419957310,0.500000000,0.200000003,0.008244514,0.472375883,0.000000000,-0.000031460,0.000000000,0.100000001
2026-07-06 22:33:37.168,1783348417.168290138,4.014888714,1,1,3.997513748,1,0.000460722,5,1,0.005584705,5,1,0,0,0,0,1,1,1,0,1,0,-1.000000000,0.000000000,0.000000000,0.000000000,0,-1.000000000,0,0,0,,0,-1.000000000,,0,0,0.000000000,0.000000000,0,-1.000000000,0,,0,-1.000000000,,0,-1.000000000,0,,1,0.097085953,5.562615343,-0.007326126,-0.021978378,1,3.289937258,188.499519733,-0.002442360,-2.769229889,1,-2.897115707,-165.992502795,-0.007326126,2.536752701,1,-0.163844109,-9.387575920,-0.007326126,0.412698746,1,0.008244514,0.472375883,0.012210846,-0.003663063,0.097085953,5.562615343,0.000000000,-0.000000000,8.000000000,2.500000000,3.319311380,190.182532986,0.000000000,-2.813282013,2.000000000,0.500000000,-2.912756920,-166.888678256,0.000000000,2.565571547,1.000000000,0.500000000,-0.167277336,-9.584285368,0.000000000,0.419957310,0.500000000,0.200000003,0.008244514,0.472375883,0.000000000,-0.000031460,0.000000000,0.100000001
2026-07-06 22:33:38.168,1783348418.168857336,5.015456247,1,1,4.998081281,1,0.009965547,5,1,0.005764747,5,1,0,0,0,0,1,1,1,0,1,0,-1.000000000,0.000000000,0.000000000,0.000000000,0,-1.000000000,0,0,0,,0,-1.000000000,,0,0,0.000000000,0.000000000,0,-1.000000000,0,,0,-1.000000000,,0,-1.000000000,0,,1,0.097085953,5.562615343,-0.007326126,-0.026862144,1,3.289937258,188.499519733,-0.002442360,-2.782905579,1,-2.897115707,-165.992502795,-0.002442360,2.536752701,1,-0.163844109,-9.387575920,0.007326126,0.412698746,1,0.007861137,0.450409995,-0.036628723,-0.003663063,0.097085953,5.562615343,0.000000000,-0.000000000,8.000000000,2.500000000,3.319311380,190.182532986,0.000000000,-2.813282013,2.000000000,0.500000000,-2.912756920,-166.888678256,0.000000000,2.565571547,1.000000000,0.500000000,-0.167277336,-9.584285368,0.000000000,0.419957310,0.500000000,0.200000003,0.008244514,0.472375883,0.000000000,-0.000031460,0.000000000,0.100000001
2026-07-06 22:33:39.169,1783348419.169381618,6.015980447,1,1,5.998605481,1,0.000045182,5,1,0.005563326,5,1,0,0,0,0,1,1,1,0,1,0,-1.000000000,0.000000000,0.000000000,0.000000000,0,-1.000000000,0,0,0,,0,-1.000000000,,0,0,0.000000000,0.000000000,0,-1.000000000,0,,0,-1.000000000,,0,-1.000000000,0,,1,0.097085953,5.562615343,0.007326126,-0.021978378,1,3.289937258,188.499519733,-0.002442360,-2.782905579,1,-2.897115707,-165.992502795,-0.007326126,2.550426483,1,-0.163844109,-9.387575920,-0.007326126,0.412698746,1,0.007861137,0.450409995,-0.012210846,-0.003663063,0.097085953,5.562615343,0.000000000,-0.000000000,8.000000000,2.500000000,3.319311380,190.182532986,0.000000000,-2.813282013,2.000000000,0.500000000,-2.912756920,-166.888678256,0.000000000,2.565571547,1.000000000,0.500000000,-0.167277336,-9.584285368,0.000000000,0.419957310,0.500000000,0.200000003,0.008244514,0.472375883,0.000000000,-0.000031460,0.000000000,0.100000001
2026-07-06 22:33:40.169,1783348420.169916391,7.016515150,1,1,6.999140184,1,0.000223993,5,1,0.005724633,5,1,0,0,0,0,1,1,1,0,1,0,-1.000000000,0.000000000,0.000000000,0.000000000,0,-1.000000000,0,0,0,,0,-1.000000000,,0,0,0.000000000,0.000000000,0,-1.000000000,0,,0,-1.000000000,,0,-1.000000000,0,,1,0.097085953,5.562615343,-0.007326126,-0.026862144,1,3.289937258,188.499519733,-0.002442360,-2.769229889,1,-2.897115707,-165.992502795,-0.002442360,2.550426483,1,-0.163844109,-9.387575920,-0.007326126,0.412698746,1,0.007861137,0.450409995,0.012210846,-0.003663063,0.097085953,5.562615343,0.000000000,-0.000000000,8.000000000,2.500000000,3.319311380,190.182532986,0.000000000,-2.813282013,2.000000000,0.500000000,-2.912756920,-166.888678256,0.000000000,2.565571547,1.000000000,0.500000000,-0.167277336,-9.584285368,0.000000000,0.419957310,0.500000000,0.200000003,0.008244514,0.472375883,0.000000000,-0.000031460,0.000000000,0.100000001
2026-07-06 22:33:41.170,1783348421.170470476,8.017069187,1,1,7.999694221,1,0.000520744,5,1,0.005637696,5,1,0,0,0,0,1,1,1,0,1,0,-1.000000000,0.000000000,0.000000000,0.000000000,0,-1.000000000,0,0,0,,0,-1.000000000,,0,0,0.000000000,0.000000000,0,-1.000000000,0,,0,-1.000000000,,0,-1.000000000,0,,1,0.097085953,5.562615343,0.007326126,-0.021978378,1,3.289937258,188.499519733,-0.002442360,-2.769229889,1,-2.897115707,-165.992502795,0.002442360,2.536752701,1,-0.163844109,-9.387575920,0.007326126,0.412698746,1,0.008244514,0.472375883,-0.012210846,-0.003663063,0.097085953,5.562615343,0.000000000,-0.000000000,8.000000000,2.500000000,3.319311380,190.182532986,0.000000000,-2.813282013,2.000000000,0.500000000,-2.912756920,-166.888678256,0.000000000,2.565571547,1.000000000,0.500000000,-0.167277336,-9.584285368,0.000000000,0.419957310,0.500000000,0.200000003,0.008244514,0.472375883,0.000000000,-0.000031460,0.000000000,0.100000001
2026-07-06 22:33:42.170,1783348422.170914412,9.017513019,1,1,9.000138053,1,0.000467768,5,1,0.005583571,5,1,0,0,0,0,1,1,1,0,1,0,-1.000000000,0.000000000,0.000000000,0.000000000,0,-1.000000000,0,0,0,,0,-1.000000000,,0,0,0.000000000,0.000000000,0,-1.000000000,0,,0,-1.000000000,,0,-1.000000000,0,,1,0.097085953,5.562615343,-0.007326126,-0.021978378,1,3.289937258,188.499519733,-0.002442360,-2.782905579,1,-2.897115707,-165.992502795,-0.002442360,2.550426483,1,-0.163844109,-9.387575920,-0.007326126,0.412698746,1,0.008244514,0.472375883,0.012210846,-0.003663063,0.097085953,5.562615343,0.000000000,-0.000000000,8.000000000,2.500000000,3.319311380,190.182532986,0.000000000,-2.813282013,2.000000000,0.500000000,-2.912756920,-166.888678256,0.000000000,2.565571547,1.000000000,0.500000000,-0.167277336,-9.584285368,0.000000000,0.419957310,0.500000000,0.200000003,0.008244514,0.472375883,0.000000000,-0.000031460,0.000000000,0.100000001
2026-07-06 22:33:43.171,1783348423.171424627,10.018023269,1,1,10.000648303,1,0.010250735,5,1,0.005553960,5,1,0,0,0,0,1,1,1,0,1,0,-1.000000000,0.000000000,0.000000000,0.000000000,0,-1.000000000,0,0,0,,0,-1.000000000,,0,0,0.000000000,0.000000000,0,-1.000000000,0,,0,-1.000000000,,0,-1.000000000,0,,1,0.097085953,5.562615343,-0.007326126,-0.026862144,1,3.289937258,188.499519733,-0.002442360,-2.782905579,1,-2.897115707,-165.992502795,-0.002442360,2.536752701,1,-0.163844109,-9.387575920,-0.007326126,0.412698746,1,0.008244514,0.472375883,0.012210846,-0.003663063,0.097085953,5.562615343,0.000000000,-0.000000000,8.000000000,2.500000000,3.319311380,190.182532986,0.000000000,-2.813282013,2.000000000,0.500000000,-2.912756920,-166.888678256,0.000000000,2.565571547,1.000000000,0.500000000,-0.167277336,-9.584285368,0.000000000,0.419957310,0.500000000,0.200000003,0.008244514,0.472375883,0.000000000,-0.000031460,0.000000000,0.100000001
2026-07-06 22:33:44.171,1783348424.171869040,11.018467732,1,1,11.001092766,1,0.000371843,5,1,0.005373168,5,1,0,0,0,0,1,1,1,0,1,0,-1.000000000,0.000000000,0.000000000,0.000000000,0,-1.000000000,0,0,0,,0,-1.000000000,,0,0,0.000000000,0.000000000,0,-1.000000000,0,,0,-1.000000000,,0,-1.000000000,0,,1,0.097085953,5.562615343,-0.007326126,-0.021978378,1,3.289937258,188.499519733,-0.002442360,-2.769229889,1,-2.897115707,-165.992502795,-0.002442360,2.536752701,1,-0.163844109,-9.387575920,-0.021978378,0.412698746,1,0.007861137,0.450409995,-0.012210846,-0.003663063,0.097085953,5.562615343,0.000000000,-0.000000000,8.000000000,2.500000000,3.319311380,190.182532986,0.000000000,-2.813282013,2.000000000,0.500000000,-2.912756920,-166.888678256,0.000000000,2.565571547,1.000000000,0.500000000,-0.167277336,-9.584285368,0.000000000,0.419957310,0.500000000,0.200000003,0.008244514,0.472375883,0.000000000,-0.000031460,0.000000000,0.100000001
2026-07-06 22:33:45.172,1783348425.172274351,12.018873244,1,1,12.001498278,1,0.000053182,5,1,0.005235418,5,1,0,0,0,0,1,1,1,0,1,0,-1.000000000,0.000000000,0.000000000,0.000000000,0,-1.000000000,0,0,0,,0,-1.000000000,,0,0,0.000000000,0.000000000,0,-1.000000000,0,,0,-1.000000000,,0,-1.000000000,0,,1,0.097085953,5.562615343,-0.007326126,-0.021978378,1,3.289937258,188.499519733,-0.002442360,-2.769229889,1,-2.897115707,-165.992502795,0.002442360,2.536752701,1,-0.163844109,-9.387575920,-0.007326126,0.412698746,1,0.008244514,0.472375883,-0.012210846,-0.003663063,0.097085953,5.562615343,0.000000000,-0.000000000,8.000000000,2.500000000,3.319311380,190.182532986,0.000000000,-2.813282013,2.000000000,0.500000000,-2.912756920,-166.888678256,0.000000000,2.565571547,1.000000000,0.500000000,-0.167277336,-9.584285368,0.000000000,0.419957310,0.500000000,0.200000003,0.008244514,0.472375883,0.000000000,-0.000031460,0.000000000,0.100000001
2026-07-06 22:33:46.172,1783348426.172728777,13.019327624,1,1,13.001952658,1,0.000141584,5,1,0.005654455,5,1,0,0,0,0,1,1,1,0,1,0,-1.000000000,0.000000000,0.000000000,0.000000000,0,-1.000000000,0,0,0,,0,-1.000000000,,0,0,0.000000000,0.000000000,0,-1.000000000,0,,0,-1.000000000,,0,-1.000000000,0,,1,0.097085953,5.562615343,-0.007326126,-0.026862144,1,3.289937258,188.499519733,-0.002442360,-2.769229889,1,-2.897115707,-165.992502795,-0.002442360,2.536752701,1,-0.163844109,-9.387575920,-0.007326126,0.412698746,1,0.007861137,0.450409995,-0.036628723,-0.003663063,0.097085953,5.562615343,0.000000000,-0.000000000,8.000000000,2.500000000,3.319311380,190.182532986,0.000000000,-2.813282013,2.000000000,0.500000000,-2.912756920,-166.888678256,0.000000000,2.565571547,1.000000000,0.500000000,-0.167277336,-9.584285368,0.000000000,0.419957310,0.500000000,0.200000003,0.008244514,0.472375883,0.000000000,-0.000031460,0.000000000,0.100000001
2026-07-06 22:33:47.173,1783348427.173143625,14.019742242,1,1,14.002367276,1,0.000436962,5,1,0.005637962,5,1,0,0,0,0,1,1,1,0,1,0,-1.000000000,0.000000000,0.000000000,0.000000000,0,-1.000000000,0,0,0,,0,-1.000000000,,0,0,0.000000000,0.000000000,0,-1.000000000,0,,0,-1.000000000,,0,-1.000000000,0,,1,0.097085953,5.562615343,-0.007326126,-0.026862144,1,3.270100832,187.362976255,-0.002442360,-2.728204727,1,-2.897115707,-165.992502795,-0.002442360,2.536752701,1,-0.163844109,-9.387575920,-0.021978378,0.412698746,1,0.008244514,0.472375883,0.012210846,-0.003663063,0.097085953,5.562615343,0.000000000,-0.000000000,8.000000000,2.500000000,3.319311380,190.182532986,0.000000000,-2.813282013,2.000000000,0.500000000,-2.912756920,-166.888678256,0.000000000,2.565571547,1.000000000,0.500000000,-0.167277336,-9.584285368,0.000000000,0.419957310,0.500000000,0.200000003,0.008244514,0.472375883,0.000000000,-0.000031460,0.000000000,0.100000001
2026-07-06 22:33:48.173,1783348428.173550606,15.020149254,1,1,15.002774288,1,0.000402625,5,1,0.005576843,5,1,0,0,0,0,1,1,1,0,1,0,-1.000000000,0.000000000,0.000000000,0.000000000,0,-1.000000000,0,0,0,,0,-1.000000000,,0,0,0.000000000,0.000000000,0,-1.000000000,0,,0,-1.000000000,,0,-1.000000000,0,,1,0.097467422,5.584471948,0.007326126,-0.026862144,1,3.270100832,187.362976255,-0.002442360,-2.741880417,1,-2.897115707,-165.992502795,-0.002442360,2.536752701,1,-0.163844109,-9.387575920,-0.007326126,0.412698746,1,0.008244514,0.472375883,-0.012210846,-0.003663063,0.097085953,5.562615343,0.000000000,-0.000000000,8.000000000,2.500000000,3.319311380,190.182532986,0.000000000,-2.813282013,2.000000000,0.500000000,-2.912756920,-166.888678256,0.000000000,2.565571547,1.000000000,0.500000000,-0.167277336,-9.584285368,0.000000000,0.419957310,0.500000000,0.200000003,0.008244514,0.472375883,0.000000000,-0.000031460,0.000000000,0.100000001
2026-07-06 22:33:49.174,1783348429.173999786,16.020598572,1,1,16.003223606,1,0.009946685,5,1,0.005730127,5,1,0,0,0,0,1,1,1,0,1,0,-1.000000000,0.000000000,0.000000000,0.000000000,0,-1.000000000,0,0,0,,0,-1.000000000,,0,0,0.000000000,0.000000000,0,-1.000000000,0,,0,-1.000000000,,0,-1.000000000,0,,1,0.097085953,5.562615343,-0.007326126,-0.026862144,1,3.270100832,187.362976255,-0.002442360,-2.741880417,1,-2.897115707,-165.992502795,-0.002442360,2.536752701,1,-0.163844109,-9.387575920,-0.007326126,0.412698746,1,0.008244514,0.472375883,0.012210846,-0.003663063,0.097085953,5.562615343,0.000000000,-0.000000000,8.000000000,2.500000000,3.319311380,190.182532986,0.000000000,-2.813282013,2.000000000,0.500000000,-2.912756920,-166.888678256,0.000000000,2.565571547,1.000000000,0.500000000,-0.167277336,-9.584285368,0.000000000,0.419957310,0.500000000,0.200000003,0.008244514,0.472375883,0.000000000,-0.000031460,0.000000000,0.100000001
2026-07-06 22:33:50.174,1783348430.174329519,17.020928365,1,1,17.003553399,1,0.000121425,5,1,0.005566047,5,1,0,0,0,0,1,1,1,0,1,0,-1.000000000,0.000000000,0.000000000,0.000000000,0,-1.000000000,0,0,0,,0,-1.000000000,,0,0,0.000000000,0.000000000,0,-1.000000000,0,,0,-1.000000000,,0,-1.000000000,0,,1,0.097085953,5.562615343,-0.007326126,-0.021978378,1,3.270100832,187.362976255,-0.002442360,-2.741880417,1,-2.897115707,-165.992502795,-0.002442360,2.536752701,1,-0.163844109,-9.387575920,-0.007326126,0.412698746,1,0.008244514,0.472375883,-0.036628723,-0.003663063,0.097085953,5.562615343,0.000000000,-0.000000000,8.000000000,2.500000000,3.319311380,190.182532986,0.000000000,-2.813282013,2.000000000,0.500000000,-2.912756920,-166.888678256,0.000000000,2.565571547,1.000000000,0.500000000,-0.167277336,-9.584285368,0.000000000,0.419957310,0.500000000,0.200000003,0.008244514,0.472375883,0.000000000,-0.000031460,0.000000000,0.100000001
2026-07-06 22:33:51.174,1783348431.174699306,18.021297965,1,1,18.003922999,1,0.000194339,5,1,0.005671842,5,1,0,0,0,0,1,1,1,0,1,0,-1.000000000,0.000000000,0.000000000,0.000000000,0,-1.000000000,0,0,0,,0,-1.000000000,,0,0,0.000000000,0.000000000,0,-1.000000000,0,,0,-1.000000000,,0,-1.000000000,0,,1,0.097085953,5.562615343,-0.036630630,-0.026862144,1,3.270100832,187.362976255,-0.007326126,-2.741880417,1,-2.897115707,-165.992502795,-0.007326126,2.550426483,1,-0.163844109,-9.387575920,0.007326126,0.407814026,1,0.007861137,0.450409995,0.012210846,-0.003663063,0.097085953,5.562615343,0.000000000,-0.000000000,8.000000000,2.500000000,3.319311380,190.182532986,0.000000000,-2.813282013,2.000000000,0.500000000,-2.912756920,-166.888678256,0.000000000,2.565571547,1.000000000,0.500000000,-0.167277336,-9.584285368,0.000000000,0.419957310,0.500000000,0.200000003,0.008244514,0.472375883,0.000000000,-0.000031460,0.000000000,0.100000001
2026-07-06 22:33:52.175,1783348432.175063610,19.021662361,1,1,19.004287395,1,0.000680863,5,1,0.005671066,5,1,0,0,0,0,1,1,1,0,1,0,-1.000000000,0.000000000,0.000000000,0.000000000,0,-1.000000000,0,0,0,,0,-1.000000000,,0,0,0.000000000,0.000000000,0,-1.000000000,0,,0,-1.000000000,,0,-1.000000000,0,,1,0.097085953,5.562615343,-0.007326126,-0.031745911,1,3.270100832,187.362976255,-0.002442360,-2.728204727,1,-2.897115707,-165.992502795,0.002442360,2.536752701,1,-0.163844109,-9.387575920,-0.007326126,0.412698746,1,0.007861137,0.450409995,0.012210846,-0.003663063,0.097085953,5.562615343,0.000000000,-0.000000000,8.000000000,2.500000000,3.319311380,190.182532986,0.000000000,-2.813282013,2.000000000,0.500000000,-2.912756920,-166.888678256,0.000000000,2.565571547,1.000000000,0.500000000,-0.167277336,-9.584285368,0.000000000,0.419957310,0.500000000,0.200000003,0.008244514,0.472375883,0.000000000,-0.000031460,0.000000000,0.100000001
2026-07-06 22:33:53.175,1783348433.175422192,20.022020953,1,1,20.004645987,1,0.000480790,5,1,0.005722991,5,1,0,0,0,0,1,1,1,0,1,0,-1.000000000,0.000000000,0.000000000,0.000000000,0,-1.000000000,0,0,0,,0,-1.000000000,,0,0,0.000000000,0.000000000,0,-1.000000000,0,,0,-1.000000000,,0,-1.000000000,0,,1,0.097085953,5.562615343,-0.007326126,-0.026862144,1,3.270100832,187.362976255,-0.002442360,-2.741880417,1,-2.897115707,-165.992502795,-0.002442360,2.536752701,1,-0.163844109,-9.387575920,0.007326126,0.412698746,1,0.008244514,0.472375883,-0.036628723,-0.003663063,0.097085953,5.562615343,0.000000000,-0.000000000,8.000000000,2.500000000,3.319311380,190.182532986,0.000000000,-2.813282013,2.000000000,0.500000000,-2.912756920,-166.888678256,0.000000000,2.565571547,1.000000000,0.500000000,-0.167277336,-9.584285368,0.000000000,0.419957310,0.500000000,0.200000003,0.008244514,0.472375883,0.000000000,-0.000031460,0.000000000,0.100000001
2026-07-06 22:33:54.175,1783348434.175757170,21.022355939,1,1,21.004980973,1,0.000149848,5,1,0.005684066,5,1,0,0,0,0,1,1,1,0,1,0,-1.000000000,0.000000000,0.000000000,0.000000000,0,-1.000000000,0,0,0,,0,-1.000000000,,0,0,0.000000000,0.000000000,0,-1.000000000,0,,0,-1.000000000,,0,-1.000000000,0,,1,0.097085953,5.562615343,-0.007326126,-0.021978378,1,3.270100832,187.362976255,-0.002442360,-2.741880417,1,-2.897115707,-165.992502795,0.002442360,2.536752701,1,-0.163844109,-9.387575920,-0.021978378,0.412698746,1,0.008244514,0.472375883,0.012210846,-0.003663063,0.097085953,5.562615343,0.000000000,-0.000000000,8.000000000,2.500000000,3.319311380,190.182532986,0.000000000,-2.813282013,2.000000000,0.500000000,-2.912756920,-166.888678256,0.000000000,2.565571547,1.000000000,0.500000000,-0.167277336,-9.584285368,0.000000000,0.419957310,0.500000000,0.200000003,0.008244514,0.472375883,0.000000000,-0.000031460,0.000000000,0.100000001
2026-07-06 22:33:55.176,1783348435.176123619,22.022722460,1,1,22.005347494,1,0.000433872,5,1,0.005648141,5,1,0,0,0,0,1,1,1,0,1,0,-1.000000000,0.000000000,0.000000000,0.000000000,0,-1.000000000,0,0,0,,0,-1.000000000,,0,0,0.000000000,0.000000000,0,-1.000000000,0,,0,-1.000000000,,0,-1.000000000,0,,1,0.097085953,5.562615343,-0.007326126,-0.021978378,1,3.270100832,187.362976255,-0.002442360,-2.741880417,1,-2.897115707,-165.992502795,-0.002442360,2.536752701,1,-0.163844109,-9.387575920,-0.007326126,0.412698746,1,0.007861137,0.450409995,-0.012210846,-0.003663063,0.097085953,5.562615343,0.000000000,-0.000000000,8.000000000,2.500000000,3.319311380,190.182532986,0.000000000,-2.813282013,2.000000000,0.500000000,-2.912756920,-166.888678256,0.000000000,2.565571547,1.000000000,0.500000000,-0.167277336,-9.584285368,0.000000000,0.419957310,0.500000000,0.200000003,0.008244514,0.472375883,0.000000000,-0.000031460,0.000000000,0.100000001
2026-07-06 22:33:56.176,1783348436.176426649,23.023025648,1,1,23.005650682,1,0.000227767,5,1,0.005625693,5,1,0,0,0,0,1,1,1,0,1,0,-1.000000000,0.000000000,0.000000000,0.000000000,0,-1.000000000,0,0,0,,0,-1.000000000,,0,0,0.000000000,0.000000000,0,-1.000000000,0,,0,-1.000000000,,0,-1.000000000,0,,1,0.097085953,5.562615343,-0.021978378,-0.026862144,1,3.270100832,187.362976255,-0.002442360,-2.741880417,1,-2.897115707,-165.992502795,-0.007326126,2.550426483,1,-0.163844109,-9.387575920,-0.007326126,0.412698746,1,0.008244514,0.472375883,-0.012210846,-0.003663063,0.097085953,5.562615343,0.000000000,-0.000000000,8.000000000,2.500000000,3.319311380,190.182532986,0.000000000,-2.813282013,2.000000000,0.500000000,-2.912756920,-166.888678256,0.000000000,2.565571547,1.000000000,0.500000000,-0.167277336,-9.584285368,0.000000000,0.419957310,0.500000000,0.200000003,0.008244514,0.472375883,0.000000000,-0.000031460,0.000000000,0.100000001
2026-07-06 22:33:57.176,1783348437.176756382,24.023355281,1,1,24.005980315,1,0.000583398,5,1,0.005623520,5,1,0,0,0,0,1,1,1,0,1,0,-1.000000000,0.000000000,0.000000000,0.000000000,0,-1.000000000,0,0,0,,0,-1.000000000,,0,0,0.000000000,0.000000000,0,-1.000000000,0,,0,-1.000000000,,0,-1.000000000,0,,1,0.097085953,5.562615343,-0.007326126,-0.026862144,1,3.270100832,187.362976255,-0.002442360,-2.741880417,1,-2.897115707,-165.992502795,-0.002442360,2.536752701,1,-0.163844109,-9.387575920,-0.007326126,0.412698746,1,0.008244514,0.472375883,0.012210846,-0.003663063,0.097085953,5.562615343,0.000000000,-0.000000000,8.000000000,2.500000000,3.319311380,190.182532986,0.000000000,-2.813282013,2.000000000,0.500000000,-2.912756920,-166.888678256,0.000000000,2.565571547,1.000000000,0.500000000,-0.167277336,-9.584285368,0.000000000,0.419957310,0.500000000,0.200000003,0.008244514,0.472375883,0.000000000,-0.000031460,0.000000000,0.100000001
2026-07-06 22:33:58.177,1783348438.177081585,25.023680425,1,1,25.006305459,1,0.000343665,5,1,0.005655483,5,1,0,0,0,0,1,1,1,0,1,0,-1.000000000,0.000000000,0.000000000,0.000000000,0,-1.000000000,0,0,0,,0,-1.000000000,,0,0,0.000000000,0.000000000,0,-1.000000000,0,,0,-1.000000000,,0,-1.000000000,0,,1,0.097085953,5.562615343,-0.007326126,-0.026862144,1,3.270100832,187.362976255,-0.002442360,-2.728204727,1,-2.897115707,-165.992502795,-0.002442360,2.536752701,1,-0.163844109,-9.387575920,-0.007326126,0.412698746,1,0.008244514,0.472375883,-0.012210846,-0.003663063,0.097085953,5.562615343,0.000000000,-0.000000000,8.000000000,2.500000000,3.319311380,190.182532986,0.000000000,-2.813282013,2.000000000,0.500000000,-2.912756920,-166.888678256,0.000000000,2.565571547,1.000000000,0.500000000,-0.167277336,-9.584285368,0.000000000,0.419957310,0.500000000,0.200000003,0.008244514,0.472375883,0.000000000,-0.000031460,0.000000000,0.100000001
2026-07-06 22:33:59.177,1783348439.177377701,26.023976552,1,1,26.006601586,1,0.000283232,5,1,0.005595965,5,1,0,0,0,0,1,1,1,0,1,0,-1.000000000,0.000000000,0.000000000,0.000000000,0,-1.000000000,0,0,0,,0,-1.000000000,,0,0,0.000000000,0.000000000,0,-1.000000000,0,,0,-1.000000000,,0,-1.000000000,0,,1,0.097085953,5.562615343,-0.021978378,-0.021978378,1,3.270100832,187.362976255,-0.002442360,-2.741880417,1,-2.897115707,-165.992502795,-0.007326126,2.536752701,1,-0.163844109,-9.387575920,-0.007326126,0.412698746,1,0.007861137,0.450409995,-0.036628723,-0.003663063,0.097085953,5.562615343,0.000000000,-0.000000000,8.000000000,2.500000000,3.319311380,190.182532986,0.000000000,-2.813282013,2.000000000,0.500000000,-2.912756920,-166.888678256,0.000000000,2.565571547,1.000000000,0.500000000,-0.167277336,-9.584285368,0.000000000,0.419957310,0.500000000,0.200000003,0.008244514,0.472375883,0.000000000,-0.000031460,0.000000000,0.100000001
2026-07-06 22:34:00.177,1783348440.177683353,27.024282297,1,1,27.006907331,1,0.000378629,5,1,0.005631571,5,1,0,0,0,0,1,1,1,0,1,0,-1.000000000,0.000000000,0.000000000,0.000000000,0,-1.000000000,0,0,0,,0,-1.000000000,,0,0,0.000000000,0.000000000,0,-1.000000000,0,,0,-1.000000000,,0,-1.000000000,0,,1,0.097085953,5.562615343,-0.007326126,-0.026862144,1,3.270100832,187.362976255,-0.002442360,-2.728204727,1,-2.897115707,-165.992502795,-0.002442360,2.536752701,1,-0.163844109,-9.387575920,-0.021978378,0.407814026,1,0.008244514,0.472375883,0.012210846,-0.001221180,0.097085953,5.562615343,0.000000000,-0.000000000,8.000000000,2.500000000,3.319311380,190.182532986,0.000000000,-2.813282013,2.000000000,0.500000000,-2.912756920,-166.888678256,0.000000000,2.565571547,1.000000000,0.500000000,-0.167277336,-9.584285368,0.000000000,0.419957310,0.500000000,0.200000003,0.008244514,0.472375883,0.000000000,-0.000031460,0.000000000,0.100000001
2026-07-06 22:34:01.178,1783348441.178001881,28.024600757,1,1,28.007225791,1,0.000488293,5,1,0.005180420,5,1,0,0,0,0,1,1,1,0,1,0,-1.000000000,0.000000000,0.000000000,0.000000000,0,-1.000000000,0,0,0,,0,-1.000000000,,0,0,0.000000000,0.000000000,0,-1.000000000,0,,0,-1.000000000,,0,-1.000000000,0,,1,0.097085953,5.562615343,-0.007326126,-0.026862144,1,3.270100832,187.362976255,-0.002442360,-2.741880417,1,-2.897115707,-165.992502795,-0.002442360,2.536752701,1,-0.163844109,-9.387575920,0.007326126,0.412698746,1,0.007861137,0.450409995,-0.012210846,-0.003663063,0.097085953,5.562615343,0.000000000,-0.000000000,8.000000000,2.500000000,3.319311380,190.182532986,0.000000000,-2.813282013,2.000000000,0.500000000,-2.912756920,-166.888678256,0.000000000,2.565571547,1.000000000,0.500000000,-0.167277336,-9.584285368,0.000000000,0.419957310,0.500000000,0.200000003,0.008244514,0.472375883,0.000000000,-0.000031460,0.000000000,0.100000001
2026-07-06 22:34:02.178,1783348442.178275585,29.024874363,1,1,29.007499397,1,0.000489030,5,1,0.005637758,5,1,0,0,0,0,1,1,1,0,1,0,-1.000000000,0.000000000,0.000000000,0.000000000,0,-1.000000000,0,0,0,,0,-1.000000000,,0,0,0.000000000,0.000000000,0,-1.000000000,0,,0,-1.000000000,,0,-1.000000000,0,,1,0.097085953,5.562615343,-0.007326126,-0.026862144,1,3.270100832,187.362976255,-0.002442360,-2.741880417,1,-2.897115707,-165.992502795,-0.002442360,2.536752701,1,-0.163844109,-9.387575920,-0.007326126,0.412698746,1,0.008244514,0.472375883,-0.012210846,-0.003663063,0.097085953,5.562615343,0.000000000,-0.000000000,8.000000000,2.500000000,3.319311380,190.182532986,0.000000000,-2.813282013,2.000000000,0.500000000,-2.912756920,-166.888678256,0.000000000,2.565571547,1.000000000,0.500000000,-0.167277336,-9.584285368,0.000000000,0.419957310,0.500000000,0.200000003,0.008244514,0.472375883,0.000000000,-0.000031460,0.000000000,0.100000001
2026-07-06 22:34:03.178,1783348443.178577423,30.025176291,1,1,30.007801325,1,0.009904997,5,1,0.005669352,5,1,0,0,0,0,1,1,1,0,1,0,-1.000000000,0.000000000,0.000000000,0.000000000,0,-1.000000000,0,0,0,,0,-1.000000000,,0,0,0.000000000,0.000000000,0,-1.000000000,0,,0,-1.000000000,,0,-1.000000000,0,,1,0.097085953,5.562615343,-0.007326126,-0.026862144,1,3.270100832,187.362976255,0.002442360,-2.741880417,1,-2.897115707,-165.992502795,-0.002442360,2.536752701,1,-0.163844109,-9.387575920,0.007326126,0.412698746,1,0.008244514,0.472375883,-0.012210846,-0.003663063,0.097085953,5.562615343,0.000000000,-0.000000000,8.000000000,2.500000000,3.319311380,190.182532986,0.000000000,-2.813282013,2.000000000,0.500000000,-2.912756920,-166.888678256,0.000000000,2.565571547,1.000000000,0.500000000,-0.167277336,-9.584285368,0.000000000,0.419957310,0.500000000,0.200000003,0.008244514,0.472375883,0.000000000,-0.000031460,0.000000000,0.100000001
2026-07-06 22:34:04.178,1783348444.178937674,31.025536410,1,1,31.008161444,1,0.010268448,5,1,0.005783879,5,1,0,0,0,0,1,1,1,0,1,0,-1.000000000,0.000000000,0.000000000,0.000000000,0,-1.000000000,0,0,0,,0,-1.000000000,,0,0,0.000000000,0.000000000,0,-1.000000000,0,,0,-1.000000000,,0,-1.000000000,0,,1,0.097085953,5.562615343,-0.007326126,-0.021978378,1,3.270100832,187.362976255,-0.002442360,-2.741880417,1,-2.897115707,-165.992502795,0.002442360,2.536752701,1,-0.163844109,-9.387575920,-0.007326126,0.412698746,1,0.007861137,0.450409995,-0.012210846,-0.003663063,0.097085953,5.562615343,0.000000000,-0.000000000,8.000000000,2.500000000,3.319311380,190.182532986,0.000000000,-2.813282013,2.000000000,0.500000000,-2.912756920,-166.888678256,0.000000000,2.565571547,1.000000000,0.500000000,-0.167277336,-9.584285368,0.000000000,0.419957310,0.500000000,0.200000003,0.008244514,0.472375883,0.000000000,-0.000031460,0.000000000,0.100000001
2026-07-06 22:34:05.179,1783348445.179116488,32.025715400,1,1,32.008340434,1,0.000030598,5,1,0.005620272,5,1,0,0,0,0,1,1,1,0,1,0,-1.000000000,0.000000000,0.000000000,0.000000000,0,-1.000000000,0,0,0,,0,-1.000000000,,0,0,0.000000000,0.000000000,0,-1.000000000,0,,0,-1.000000000,,0,-1.000000000,0,,1,0.097085953,5.562615343,-0.007326126,-0.026862144,1,3.270100832,187.362976255,-0.002442360,-2.741880417,1,-2.897115707,-165.992502795,-0.007326126,2.536752701,1,-0.163844109,-9.387575920,-0.007326126,0.412698746,1,0.008244514,0.472375883,0.012210846,-0.003663063,0.097085953,5.562615343,0.000000000,-0.000000000,8.000000000,2.500000000,3.319311380,190.182532986,0.000000000,-2.813282013,2.000000000,0.500000000,-2.912756920,-166.888678256,0.000000000,2.565571547,1.000000000,0.500000000,-0.167277336,-9.584285368,0.000000000,0.419957310,0.500000000,0.200000003,0.008244514,0.472375883,0.000000000,-0.000031460,0.000000000,0.100000001
2026-07-06 22:34:06.179,1783348446.179359198,33.025958045,1,1,33.008583079,1,0.000063348,5,1,0.005618712,5,1,0,0,0,0,1,1,1,0,1,0,-1.000000000,0.000000000,0.000000000,0.000000000,0,-1.000000000,0,0,0,,0,-1.000000000,,0,0,0.000000000,0.000000000,0,-1.000000000,0,,0,-1.000000000,,0,-1.000000000,0,,1,0.097085953,5.562615343,-0.021978378,-0.026862144,1,3.270100832,187.362976255,-0.002442360,-2.728204727,1,-2.897115707,-165.992502795,-0.002442360,2.536752701,1,-0.163844109,-9.387575920,-0.021978378,0.412698746,1,0.008244514,0.472375883,-0.012210846,-0.003663063,0.097085953,5.562615343,0.000000000,-0.000000000,8.000000000,2.500000000,3.319311380,190.182532986,0.000000000,-2.813282013,2.000000000,0.500000000,-2.912756920,-166.888678256,0.000000000,2.565571547,1.000000000,0.500000000,-0.167277336,-9.584285368,0.000000000,0.419957310,0.500000000,0.200000003,0.008244514,0.472375883,0.000000000,-0.000031460,0.000000000,0.100000001
2026-07-06 22:34:07.179,1783348447.179371595,34.025970429,1,1,34.008595463,1,0.000301506,5,1,0.005609242,5,1,0,0,0,0,1,1,1,0,1,0,-1.000000000,0.000000000,0.000000000,0.000000000,0,-1.000000000,0,0,0,,0,-1.000000000,,0,0,0.000000000,0.000000000,0,-1.000000000,0,,0,-1.000000000,,0,-1.000000000,0,,1,0.097085953,5.562615343,0.007326126,-0.021978378,1,3.270100832,187.362976255,-0.002442360,-2.741880417,1,-2.897115707,-165.992502795,-0.002442360,2.536752701,1,-0.163844109,-9.387575920,-0.007326126,0.412698746,1,0.007861137,0.450409995,-0.036628723,-0.003663063,0.097085953,5.562615343,0.000000000,-0.000000000,8.000000000,2.500000000,3.319311380,190.182532986,0.000000000,-2.813282013,2.000000000,0.500000000,-2.912756920,-166.888678256,0.000000000,2.565571547,1.000000000,0.500000000,-0.167277336,-9.584285368,0.000000000,0.419957310,0.500000000,0.200000003,0.008244514,0.472375883,0.000000000,-0.000031460,0.000000000,0.100000001
2026-07-06 22:34:08.179,1783348448.179390430,35.025989146,1,1,35.008614180,1,0.000136671,5,1,0.005544955,5,1,0,0,0,0,1,1,1,0,1,0,-1.000000000,0.000000000,0.000000000,0.000000000,0,-1.000000000,0,0,0,,0,-1.000000000,,0,0,0.000000000,0.000000000,0,-1.000000000,0,,0,-1.000000000,,0,-1.000000000,0,,1,0.097085953,5.562615343,-0.007326126,-0.026862144,1,3.270100832,187.362976255,-0.002442360,-2.728204727,1,-2.897115707,-165.992502795,-0.002442360,2.536752701,1,-0.163844109,-9.387575920,0.007326126,0.412698746,1,0.008244514,0.472375883,-0.012210846,-0.003663063,0.097085953,5.562615343,0.000000000,-0.000000000,8.000000000,2.500000000,3.319311380,190.182532986,0.000000000,-2.813282013,2.000000000,0.500000000,-2.912756920,-166.888678256,0.000000000,2.565571547,1.000000000,0.500000000,-0.167277336,-9.584285368,0.000000000,0.419957310,0.500000000,0.200000003,0.008244514,0.472375883,0.000000000,-0.000031460,0.000000000,0.100000001
2026-07-06 22:34:09.179,1783348449.179440737,36.026039444,1,1,36.008664478,1,0.000167633,5,1,0.005607562,5,1,0,0,0,0,1,1,1,0,1,0,-1.000000000,0.000000000,0.000000000,0.000000000,0,-1.000000000,0,0,0,,0,-1.000000000,,0,0,0.000000000,0.000000000,0,-1.000000000,0,,0,-1.000000000,,0,-1.000000000,0,,1,0.097085953,5.562615343,-0.007326126,-0.026862144,1,3.270100832,187.362976255,-0.002442360,-2.728204727,1,-2.897115707,-165.992502795,-0.002442360,2.536752701,1,-0.163844109,-9.387575920,-0.007326126,0.407814026,1,0.008244514,0.472375883,-0.012210846,-0.001221180,0.097085953,5.562615343,0.000000000,-0.000000000,8.000000000,2.500000000,3.319311380,190.182532986,0.000000000,-2.813282013,2.000000000,0.500000000,-2.912756920,-166.888678256,0.000000000,2.565571547,1.000000000,0.500000000,-0.167277336,-9.584285368,0.000000000,0.419957310,0.500000000,0.200000003,0.008244514,0.472375883,0.000000000,-0.000031460,0.000000000,0.100000001
2026-07-06 22:34:10.179,1783348450.179459810,37.026058576,1,1,37.008683610,1,0.000409931,5,1,0.005676191,5,1,0,0,0,0,1,1,1,0,1,0,-1.000000000,0.000000000,0.000000000,0.000000000,0,-1.000000000,0,0,0,,0,-1.000000000,,0,0,0.000000000,0.000000000,0,-1.000000000,0,,0,-1.000000000,,0,-1.000000000,0,,1,0.097085953,5.562615343,-0.007326126,-0.021978378,1,3.270100832,187.362976255,-0.002442360,-2.728204727,1,-2.897115707,-165.992502795,-0.007326126,2.536752701,1,-0.163844109,-9.387575920,-0.021978378,0.407814026,1,0.007861137,0.450409995,-0.012210846,-0.001221180,0.097085953,5.562615343,0.000000000,-0.000000000,8.000000000,2.500000000,3.319311380,190.182532986,0.000000000,-2.813282013,2.000000000,0.500000000,-2.912756920,-166.888678256,0.000000000,2.565571547,1.000000000,0.500000000,-0.167277336,-9.584285368,0.000000000,0.419957310,0.500000000,0.200000003,0.008244514,0.472375883,0.000000000,-0.000031460,0.000000000,0.100000001
2026-07-06 22:34:11.179,1783348451.179507732,38.026106371,1,1,38.008731405,1,0.000181587,5,1,0.005650752,5,1,0,0,0,0,1,1,1,0,1,0,-1.000000000,0.000000000,0.000000000,0.000000000,0,-1.000000000,0,0,0,,0,-1.000000000,,0,0,0.000000000,0.000000000,0,-1.000000000,0,,0,-1.000000000,,0,-1.000000000,0,,1,0.097085953,5.562615343,-0.007326126,-0.026862144,1,3.270100832,187.362976255,-0.002442360,-2.728204727,1,-2.897115707,-165.992502795,-0.002442360,2.536752701,1,-0.163844109,-9.387575920,-0.021978378,0.417582512,1,0.008244514,0.472375883,0.012210846,-0.003663063,0.097085953,5.562615343,0.000000000,-0.000000000,8.000000000,2.500000000,3.319311380,190.182532986,0.000000000,-2.813282013,2.000000000,0.500000000,-2.912756920,-166.888678256,0.000000000,2.565571547,1.000000000,0.500000000,-0.167277336,-9.584285368,0.000000000,0.419957310,0.500000000,0.200000003,0.008244514,0.472375883,0.000000000,-0.000031460,0.000000000,0.100000001
2026-07-06 22:34:12.179,1783348452.179585218,39.026183984,1,1,39.008809018,1,0.000420359,5,1,0.005556031,5,1,0,0,0,0,1,1,1,0,1,0,-1.000000000,0.000000000,0.000000000,0.000000000,0,-1.000000000,0,0,0,,0,-1.000000000,,0,0,0.000000000,0.000000000,0,-1.000000000,0,,0,-1.000000000,,0,-1.000000000,0,,1,0.097085953,5.562615343,-0.007326126,-0.021978378,1,3.270100832,187.362976255,-0.002442360,-2.741880417,1,-2.897115707,-165.992502795,-0.007326126,2.536752701,1,-0.163844109,-9.387575920,-0.021978378,0.412698746,1,0.007861137,0.450409995,-0.012210846,-0.003663063,0.097085953,5.562615343,0.000000000,-0.000000000,8.000000000,2.500000000,3.319311380,190.182532986,0.000000000,-2.813282013,2.000000000,0.500000000,-2.912756920,-166.888678256,0.000000000,2.565571547,1.000000000,0.500000000,-0.167277336,-9.584285368,0.000000000,0.419957310,0.500000000,0.200000003,0.008244514,0.472375883,0.000000000,-0.000031460,0.000000000,0.100000001
2026-07-06 22:34:13.179,1783348453.179630756,40.026229683,1,1,40.008854717,1,0.000432361,5,1,0.005650139,5,1,0,0,0,0,1,1,1,0,1,0,-1.000000000,0.000000000,0.000000000,0.000000000,0,-1.000000000,0,0,0,,0,-1.000000000,,0,0,0.000000000,0.000000000,0,-1.000000000,0,,0,-1.000000000,,0,-1.000000000,0,,1,0.097085953,5.562615343,-0.007326126,-0.021978378,1,3.270100832,187.362976255,-0.002442360,-2.741880417,1,-2.897115707,-165.992502795,0.002442360,2.536752701,1,-0.163844109,-9.387575920,0.007326126,0.412698746,1,0.007477760,0.428444106,-0.012210846,-0.003663063,0.097085953,5.562615343,0.000000000,-0.000000000,8.000000000,2.500000000,3.319311380,190.182532986,0.000000000,-2.813282013,2.000000000,0.500000000,-2.912756920,-166.888678256,0.000000000,2.565571547,1.000000000,0.500000000,-0.167277336,-9.584285368,0.000000000,0.419957310,0.500000000,0.200000003,0.008244514,0.472375883,0.000000000,-0.000031460,0.000000000,0.100000001
2026-07-06 22:34:14.179,1783348454.179660082,41.026258841,1,1,41.008883875,1,0.000456753,5,1,0.005651179,5,1,0,0,0,0,1,1,1,0,1,0,-1.000000000,0.000000000,0.000000000,0.000000000,0,-1.000000000,0,0,0,,0,-1.000000000,,0,0,0.000000000,0.000000000,0,-1.000000000,0,,0,-1.000000000,,0,-1.000000000,0,,1,0.097085953,5.562615343,-0.007326126,-0.021978378,1,3.270100832,187.362976255,-0.007326126,-2.741880417,1,-2.897115707,-165.992502795,-0.002442360,2.536752701,1,-0.163844109,-9.387575920,-0.007326126,0.412698746,1,0.007861137,0.450409995,0.012210846,-0.003663063,0.097085953,5.562615343,0.000000000,-0.000000000,8.000000000,2.500000000,3.319311380,190.182532986,0.000000000,-2.813282013,2.000000000,0.500000000,-2.912756920,-166.888678256,0.000000000,2.565571547,1.000000000,0.500000000,-0.167277336,-9.584285368,0.000000000,0.419957310,0.500000000,0.200000003,0.008244514,0.472375883,0.000000000,-0.000031460,0.000000000,0.100000001
2026-07-06 22:34:15.179,1783348455.179695368,42.026294158,1,1,42.008919192,1,0.000206787,5,1,0.005627242,5,1,0,0,0,0,1,1,1,0,1,0,-1.000000000,0.000000000,0.000000000,0.000000000,0,-1.000000000,0,0,0,,0,-1.000000000,,0,0,0.000000000,0.000000000,0,-1.000000000,0,,0,-1.000000000,,0,-1.000000000,0,,1,0.097085953,5.562615343,-0.007326126,-0.026862144,1,3.270100832,187.362976255,-0.002442360,-2.741880417,1,-2.897115707,-165.992502795,-0.007326126,2.536752701,1,-0.163844109,-9.387575920,-0.021978378,0.412698746,1,0.007861137,0.450409995,-0.012210846,-0.003663063,0.097085953,5.562615343,0.000000000,-0.000000000,8.000000000,2.500000000,3.319311380,190.182532986,0.000000000,-2.813282013,2.000000000,0.500000000,-2.912756920,-166.888678256,0.000000000,2.565571547,1.000000000,0.500000000,-0.167277336,-9.584285368,0.000000000,0.419957310,0.500000000,0.200000003,0.008244514,0.472375883,0.000000000,-0.000031460,0.000000000,0.100000001
2026-07-06 22:34:16.179,1783348456.179788351,43.026387089,1,1,43.009012123,1,0.000394000,5,1,0.005706560,5,1,0,0,0,0,1,1,1,0,1,0,-1.000000000,0.000000000,0.000000000,0.000000000,0,-1.000000000,0,0,0,,0,-1.000000000,,0,0,0.000000000,0.000000000,0,-1.000000000,0,,0,-1.000000000,,0,-1.000000000,0,,1,0.097085953,5.562615343,0.007326126,-0.026862144,1,3.270100832,187.362976255,-0.002442360,-2.741880417,1,-2.897115707,-165.992502795,-0.002442360,2.536752701,1,-0.163844109,-9.387575920,-0.007326126,0.412698746,1,0.007861137,0.450409995,-0.012210846,-0.003663063,0.097085953,5.562615343,0.000000000,-0.000000000,8.000000000,2.500000000,3.319311380,190.182532986,0.000000000,-2.813282013,2.000000000,0.500000000,-2.912756920,-166.888678256,0.000000000,2.565571547,1.000000000,0.500000000,-0.167277336,-9.584285368,0.000000000,0.419957310,0.500000000,0.200000003,0.008244514,0.472375883,0.000000000,-0.000031460,0.000000000,0.100000001
2026-07-06 22:34:17.179,1783348457.179866552,44.026465314,1,1,44.009090348,1,0.000307974,5,1,0.005679833,5,1,0,0,0,0,1,1,1,0,1,0,-1.000000000,0.000000000,0.000000000,0.000000000,0,-1.000000000,0,0,0,,0,-1.000000000,,0,0,0.000000000,0.000000000,0,-1.000000000,0,,0,-1.000000000,,0,-1.000000000,0,,1,0.097085953,5.562615343,-0.007326126,-0.021978378,1,3.270100832,187.362976255,-0.002442360,-2.741880417,1,-2.897115707,-165.992502795,-0.002442360,2.536752701,1,-0.163844109,-9.387575920,0.007326126,0.412698746,1,0.007861137,0.450409995,-0.012210846,-0.003663063,0.097085953,5.562615343,0.000000000,-0.000000000,8.000000000,2.500000000,3.319311380,190.182532986,0.000000000,-2.813282013,2.000000000,0.500000000,-2.912756920,-166.888678256,0.000000000,2.565571547,1.000000000,0.500000000,-0.167277336,-9.584285368,0.000000000,0.419957310,0.500000000,0.200000003,0.008244514,0.472375883,0.000000000,-0.000031460,0.000000000,0.100000001
2026-07-06 22:34:18.180,1783348458.179940939,45.026539715,1,1,45.009164749,1,0.000466578,5,1,0.005618512,5,1,0,0,0,0,1,1,1,0,1,0,-1.000000000,0.000000000,0.000000000,0.000000000,0,-1.000000000,0,0,0,,0,-1.000000000,,0,0,0.000000000,0.000000000,0,-1.000000000,0,,0,-1.000000000,,0,-1.000000000,0,,1,0.097085953,5.562615343,-0.021978378,-0.026862144,1,3.270100832,187.362976255,-0.002442360,-2.741880417,1,-2.897115707,-165.992502795,-0.007326126,2.536752701,1,-0.163844109,-9.387575920,-0.007326126,0.417582512,1,0.007861137,0.450409995,-0.036628723,-0.003663063,0.097085953,5.562615343,0.000000000,-0.000000000,8.000000000,2.500000000,3.319311380,190.182532986,0.000000000,-2.813282013,2.000000000,0.500000000,-2.912756920,-166.888678256,0.000000000,2.565571547,1.000000000,0.500000000,-0.167277336,-9.584285368,0.000000000,0.419957310,0.500000000,0.200000003,0.008244514,0.472375883,0.000000000,-0.000031460,0.000000000,0.100000001
2026-07-06 22:34:19.180,1783348459.179998875,46.026597756,1,1,46.009222790,1,0.000240508,5,1,0.005661025,5,1,0,0,0,0,1,1,1,0,1,0,-1.000000000,0.000000000,0.000000000,0.000000000,0,-1.000000000,0,0,0,,0,-1.000000000,,0,0,0.000000000,0.000000000,0,-1.000000000,0,,0,-1.000000000,,0,-1.000000000,0,,1,0.097085953,5.562615343,-0.007326126,-0.026862144,1,3.270100832,187.362976255,-0.002442360,-2.741880417,1,-2.897115707,-165.992502795,-0.002442360,2.536752701,1,-0.163844109,-9.387575920,-0.007326126,0.412698746,1,0.007861137,0.450409995,-0.036628723,-0.003663063,0.097085953,5.562615343,0.000000000,-0.000000000,8.000000000,2.500000000,3.319311380,190.182532986,0.000000000,-2.813282013,2.000000000,0.500000000,-2.912756920,-166.888678256,0.000000000,2.565571547,1.000000000,0.500000000,-0.167277336,-9.584285368,0.000000000,0.419957310,0.500000000,0.200000003,0.008244514,0.472375883,0.000000000,-0.000031460,0.000000000,0.100000001
2026-07-06 22:34:20.180,1783348460.180083752,47.026682477,1,1,47.009307511,1,0.000292777,5,1,0.005686171,5,1,0,0,0,0,1,1,1,0,1,0,-1.000000000,0.000000000,0.000000000,0.000000000,0,-1.000000000,0,0,0,,0,-1.000000000,,0,0,0.000000000,0.000000000,0,-1.000000000,0,,0,-1.000000000,,0,-1.000000000,0,,1,0.097085953,5.562615343,-0.007326126,-0.026862144,1,3.270100832,187.362976255,-0.002442360,-2.741880417,1,-2.897115707,-165.992502795,-0.002442360,2.536752701,1,-0.163844109,-9.387575920,-0.007326126,0.412698746,1,0.007861137,0.450409995,-0.012210846,-0.003663063,0.097085953,5.562615343,0.000000000,-0.000000000,8.000000000,2.500000000,3.319311380,190.182532986,0.000000000,-2.813282013,2.000000000,0.500000000,-2.912756920,-166.888678256,0.000000000,2.565571547,1.000000000,0.500000000,-0.167277336,-9.584285368,0.000000000,0.419957310,0.500000000,0.200000003,0.008244514,0.472375883,0.000000000,-0.000031460,0.000000000,0.100000001
2026-07-06 22:34:21.180,1783348461.180187225,48.026785919,1,1,48.009410953,1,0.000434564,5,1,0.005677509,5,1,0,0,0,0,1,1,1,0,1,0,-1.000000000,0.000000000,0.000000000,0.000000000,0,-1.000000000,0,0,0,,0,-1.000000000,,0,0,0.000000000,0.000000000,0,-1.000000000,0,,0,-1.000000000,,0,-1.000000000,0,,1,0.097085953,5.562615343,-0.007326126,-0.026862144,1,3.270100832,187.362976255,-0.007326126,-2.741880417,1,-2.897115707,-165.992502795,-0.002442360,2.536752701,1,-0.163844109,-9.387575920,-0.007326126,0.412698746,1,0.007861137,0.450409995,-0.012210846,-0.003663063,0.097085953,5.562615343,0.000000000,-0.000000000,8.000000000,2.500000000,3.319311380,190.182532986,0.000000000,-2.813282013,2.000000000,0.500000000,-2.912756920,-166.888678256,0.000000000,2.565571547,1.000000000,0.500000000,-0.167277336,-9.584285368,0.000000000,0.419957310,0.500000000,0.200000003,0.008244514,0.472375883,0.000000000,-0.000031460,0.000000000,0.100000001
2026-07-06 22:34:22.180,1783348462.180273056,49.026871897,1,1,49.009496931,1,0.000351364,5,1,0.005681136,5,1,0,0,0,0,1,1,1,0,1,0,-1.000000000,0.000000000,0.000000000,0.000000000,0,-1.000000000,0,0,0,,0,-1.000000000,,0,0,0.000000000,0.000000000,0,-1.000000000,0,,0,-1.000000000,,0,-1.000000000,0,,1,0.097085953,5.562615343,-0.007326126,-0.026862144,1,3.270100832,187.362976255,-0.002442360,-2.741880417,1,-2.897115707,-165.992502795,0.002442360,2.550426483,1,-0.163844109,-9.387575920,-0.007326126,0.412698746,1,0.007861137,0.450409995,-0.036628723,-0.003663063,0.097085953,5.562615343,0.000000000,-0.000000000,8.000000000,2.500000000,3.319311380,190.182532986,0.000000000,-2.813282013,2.000000000,0.500000000,-2.912756920,-166.888678256,0.000000000,2.565571547,1.000000000,0.500000000,-0.167277336,-9.584285368,0.000000000,0.419957310,0.500000000,0.200000003,0.008244514,0.472375883,0.000000000,-0.000031460,0.000000000,0.100000001
2026-07-06 22:34:23.180,1783348463.180459261,50.027058060,1,1,50.009683094,1,0.000420918,5,1,0.005760628,5,1,0,0,0,0,1,1,1,0,1,0,-1.000000000,0.000000000,0.000000000,0.000000000,0,-1.000000000,0,0,0,,0,-1.000000000,,0,0,0.000000000,0.000000000,0,-1.000000000,0,,0,-1.000000000,,0,-1.000000000,0,,1,0.097085953,5.562615343,-0.007326126,-0.021978378,1,3.270100832,187.362976255,-0.002442360,-2.741880417,1,-2.897115707,-165.992502795,-0.002442360,2.536752701,1,-0.163844109,-9.387575920,-0.007326126,0.412698746,1,0.007861137,0.450409995,-0.012210846,-0.003663063,0.097085953,5.562615343,0.000000000,-0.000000000,8.000000000,2.500000000,3.319311380,190.182532986,0.000000000,-2.813282013,2.000000000,0.500000000,-2.912756920,-166.888678256,0.000000000,2.565571547,1.000000000,0.500000000,-0.167277336,-9.584285368,0.000000000,0.419957310,0.500000000,0.200000003,0.008244514,0.472375883,0.000000000,-0.000031460,0.000000000,0.100000001
2026-07-06 22:34:24.180,1783348464.180488110,51.027086915,1,1,51.009711949,1,0.000533406,5,1,0.005519421,5,1,0,0,0,0,1,1,1,0,1,0,-1.000000000,0.000000000,0.000000000,0.000000000,0,-1.000000000,0,0,0,,0,-1.000000000,,0,0,0.000000000,0.000000000,0,-1.000000000,0,,0,-1.000000000,,0,-1.000000000,0,,1,0.097085953,5.562615343,0.007326126,-0.021978378,1,3.270100832,187.362976255,-0.002442360,-2.728204727,1,-2.897115707,-165.992502795,-0.002442360,2.536752701,1,-0.163844109,-9.387575920,-0.021978378,0.407814026,1,0.007861137,0.450409995,-0.012210846,-0.003663063,0.097085953,5.562615343,0.000000000,-0.000000000,8.000000000,2.500000000,3.319311380,190.182532986,0.000000000,-2.813282013,2.000000000,0.500000000,-2.912756920,-166.888678256,0.000000000,2.565571547,1.000000000,0.500000000,-0.167277336,-9.584285368,0.000000000,0.419957310,0.500000000,0.200000003,0.008244514,0.472375883,0.000000000,-0.000031460,0.000000000,0.100000001
2026-07-06 22:34:25.180,1783348465.180552483,52.027151209,1,1,52.009776243,1,0.000344867,5,1,0.005535213,5,1,0,0,0,0,1,1,1,0,1,0,-1.000000000,0.000000000,0.000000000,0.000000000,0,-1.000000000,0,0,0,,0,-1.000000000,,0,0,0.000000000,0.000000000,0,-1.000000000,0,,0,-1.000000000,,0,-1.000000000,0,,1,0.097085953,5.562615343,-0.007326126,-0.021978378,1,3.270100832,187.362976255,-0.002442360,-2.741880417,1,-2.897115707,-165.992502795,-0.002442360,2.536752701,1,-0.163844109,-9.387575920,-0.007326126,0.412698746,1,0.007861137,0.450409995,-0.061050415,-0.003663063,0.097085953,5.562615343,0.000000000,-0.000000000,8.000000000,2.500000000,3.319311380,190.182532986,0.000000000,-2.813282013,2.000000000,0.500000000,-2.912756920,-166.888678256,0.000000000,2.565571547,1.000000000,0.500000000,-0.167277336,-9.584285368,0.000000000,0.419957310,0.500000000,0.200000003,0.008244514,0.472375883,0.000000000,-0.000031460,0.000000000,0.100000001
2026-07-06 22:34:26.180,1783348466.180652618,53.027251243,1,1,53.009876277,1,0.000461682,5,1,0.005557384,5,1,0,0,0,0,1,1,1,0,1,0,-1.000000000,0.000000000,0.000000000,0.000000000,0,-1.000000000,0,0,0,,0,-1.000000000,,0,0,0.000000000,0.000000000,0,-1.000000000,0,,0,-1.000000000,,0,-1.000000000,0,,1,0.097085953,5.562615343,-0.007326126,-0.026862144,1,3.270100832,187.362976255,-0.002442360,-2.741880417,1,-2.897115707,-165.992502795,-0.002442360,2.536752701,1,-0.163844109,-9.387575920,-0.007326126,0.412698746,1,0.007861137,0.450409995,-0.012210846,-0.003663063,0.097085953,5.562615343,0.000000000,-0.000000000,8.000000000,2.500000000,3.319311380,190.182532986,0.000000000,-2.813282013,2.000000000,0.500000000,-2.912756920,-166.888678256,0.000000000,2.565571547,1.000000000,0.500000000,-0.167277336,-9.584285368,0.000000000,0.419957310,0.500000000,0.200000003,0.008244514,0.472375883,0.000000000,-0.000031460,0.000000000,0.100000001
2026-07-06 22:34:27.180,1783348467.180702448,54.027301272,1,1,54.009926306,1,0.000482942,5,1,0.005665675,5,1,0,0,0,0,1,1,1,0,1,0,-1.000000000,0.000000000,0.000000000,0.000000000,0,-1.000000000,0,0,0,,0,-1.000000000,,0,0,0.000000000,0.000000000,0,-1.000000000,0,,0,-1.000000000,,0,-1.000000000,0,,1,0.097085953,5.562615343,-0.007326126,-0.026862144,1,3.270100832,187.362976255,-0.002442360,-2.728204727,1,-2.897115707,-165.992502795,-0.002442360,2.536752701,1,-0.163844109,-9.387575920,-0.021978378,0.412698746,1,0.007861137,0.450409995,-0.036628723,-0.003663063,0.097085953,5.562615343,0.000000000,-0.000000000,8.000000000,2.500000000,3.319311380,190.182532986,0.000000000,-2.813282013,2.000000000,0.500000000,-2.912756920,-166.888678256,0.000000000,2.565571547,1.000000000,0.500000000,-0.167277336,-9.584285368,0.000000000,0.419957310,0.500000000,0.200000003,0.008244514,0.472375883,0.000000000,-0.000031460,0.000000000,0.100000001
2026-07-06 22:34:28.180,1783348468.180855036,55.027453720,1,1,55.010078754,1,0.000289307,5,1,0.005659912,5,1,0,0,0,0,1,1,1,0,1,0,-1.000000000,0.000000000,0.000000000,0.000000000,0,-1.000000000,0,0,0,,0,-1.000000000,,0,0,0.000000000,0.000000000,0,-1.000000000,0,,0,-1.000000000,,0,-1.000000000,0,,1,0.097085953,5.562615343,-0.007326126,-0.026862144,1,3.270100832,187.362976255,-0.002442360,-2.741880417,1,-2.897115707,-165.992502795,-0.002442360,2.536752701,1,-0.163844109,-9.387575920,-0.021978378,0.412698746,1,0.007861137,0.450409995,-0.036628723,-0.003663063,0.097085953,5.562615343,0.000000000,-0.000000000,8.000000000,2.500000000,3.319311380,190.182532986,0.000000000,-2.813282013,2.000000000,0.500000000,-2.912756920,-166.888678256,0.000000000,2.565571547,1.000000000,0.500000000,-0.167277336,-9.584285368,0.000000000,0.419957310,0.500000000,0.200000003,0.008244514,0.472375883,0.000000000,-0.000031460,0.000000000,0.100000001
2026-07-06 22:34:29.180,1783348469.180952549,56.027551417,1,1,56.010176451,1,0.000151412,5,1,0.005558732,5,1,0,0,0,0,1,1,1,0,1,0,-1.000000000,0.000000000,0.000000000,0.000000000,0,-1.000000000,0,0,0,,0,-1.000000000,,0,0,0.000000000,0.000000000,0,-1.000000000,0,,0,-1.000000000,,0,-1.000000000,0,,1,0.097085953,5.562615343,-0.007326126,-0.026862144,1,3.270100832,187.362976255,-0.002442360,-2.741880417,1,-2.897115707,-165.992502795,-0.002442360,2.536752701,1,-0.163844109,-9.387575920,-0.007326126,0.412698746,1,0.007861137,0.450409995,0.036628723,-0.003663063,0.097085953,5.562615343,0.000000000,-0.000000000,8.000000000,2.500000000,3.319311380,190.182532986,0.000000000,-2.813282013,2.000000000,0.500000000,-2.912756920,-166.888678256,0.000000000,2.565571547,1.000000000,0.500000000,-0.167277336,-9.584285368,0.000000000,0.419957310,0.500000000,0.200000003,0.008244514,0.472375883,0.000000000,-0.000031460,0.000000000,0.100000001
2026-07-06 22:34:30.181,1783348470.181068659,57.027667292,1,1,57.010292326,1,0.000464872,5,1,0.005725746,5,1,0,0,0,0,1,1,1,0,1,0,-1.000000000,0.000000000,0.000000000,0.000000000,0,-1.000000000,0,0,0,,0,-1.000000000,,0,0,0.000000000,0.000000000,0,-1.000000000,0,,0,-1.000000000,,0,-1.000000000,0,,1,0.097085953,5.562615343,0.007326126,-0.021978378,1,3.270100832,187.362976255,-0.002442360,-2.741880417,1,-2.897115707,-165.992502795,0.002442360,2.536752701,1,-0.163844109,-9.387575920,-0.007326126,0.412698746,1,0.007861137,0.450409995,-0.012210846,-0.003663063,0.097085953,5.562615343,0.000000000,-0.000000000,8.000000000,2.500000000,3.319311380,190.182532986,0.000000000,-2.813282013,2.000000000,0.500000000,-2.912756920,-166.888678256,0.000000000,2.565571547,1.000000000,0.500000000,-0.167277336,-9.584285368,0.000000000,0.419957310,0.500000000,0.200000003,0.008244514,0.472375883,0.000000000,-0.000031460,0.000000000,0.100000001
2026-07-06 22:34:31.181,1783348471.181183815,58.027782642,1,1,58.010407676,1,0.000160327,5,1,0.005646084,5,1,0,0,0,0,1,1,1,0,1,0,-1.000000000,0.000000000,0.000000000,0.000000000,0,-1.000000000,0,0,0,,0,-1.000000000,,0,0,0.000000000,0.000000000,0,-1.000000000,0,,0,-1.000000000,,0,-1.000000000,0,,1,0.097085953,5.562615343,-0.007326126,-0.026862144,1,3.270100832,187.362976255,-0.002442360,-2.741880417,1,-2.897115707,-165.992502795,-0.002442360,2.536752701,1,-0.163844109,-9.387575920,0.007326126,0.412698746,1,0.007861137,0.450409995,0.036628723,-0.003663063,0.097085953,5.562615343,0.000000000,-0.000000000,8.000000000,2.500000000,3.319311380,190.182532986,0.000000000,-2.813282013,2.000000000,0.500000000,-2.912756920,-166.888678256,0.000000000,2.565571547,1.000000000,0.500000000,-0.167277336,-9.584285368,0.000000000,0.419957310,0.500000000,0.200000003,0.008244514,0.472375883,0.000000000,-0.000031460,0.000000000,0.100000001
2026-07-06 22:34:32.181,1783348472.181331635,59.027930441,1,1,59.010555475,1,0.000485570,5,1,0.005610971,5,1,0,0,0,0,1,1,1,0,1,0,-1.000000000,0.000000000,0.000000000,0.000000000,0,-1.000000000,0,0,0,,0,-1.000000000,,0,0,0.000000000,0.000000000,0,-1.000000000,0,,0,-1.000000000,,0,-1.000000000,0,,1,0.097085953,5.562615343,0.007326126,-0.026862144,1,3.270100832,187.362976255,-0.007326126,-2.741880417,1,-2.897115707,-165.992502795,-0.002442360,2.536752701,1,-0.163844109,-9.387575920,-0.007326126,0.412698746,1,0.007861137,0.450409995,-0.012210846,-0.003663063,0.097085953,5.562615343,0.000000000,-0.000000000,8.000000000,2.500000000,3.319311380,190.182532986,0.000000000,-2.813282013,2.000000000,0.500000000,-2.912756920,-166.888678256,0.000000000,2.565571547,1.000000000,0.500000000,-0.167277336,-9.584285368,0.000000000,0.419957310,0.500000000,0.200000003,0.008244514,0.472375883,0.000000000,-0.000031460,0.000000000,0.100000001
2026-07-06 22:34:33.181,1783348473.181428909,60.028027843,1,1,60.010652877,1,0.000318422,5,1,0.005578273,5,1,0,0,0,0,1,1,1,0,1,0,-1.000000000,0.000000000,0.000000000,0.000000000,0,-1.000000000,0,0,0,,0,-1.000000000,,0,0,0.000000000,0.000000000,0,-1.000000000,0,,0,-1.000000000,,0,-1.000000000,0,,1,0.097085953,5.562615343,-0.007326126,-0.021978378,1,3.270100832,187.362976255,-0.002442360,-2.728204727,1,-2.897115707,-165.992502795,-0.002442360,2.536752701,1,-0.163844109,-9.387575920,-0.007326126,0.412698746,1,0.007861137,0.450409995,0.012210846,-0.003663063,0.097085953,5.562615343,0.000000000,-0.000000000,8.000000000,2.500000000,3.319311380,190.182532986,0.000000000,-2.813282013,2.000000000,0.500000000,-2.912756920,-166.888678256,0.000000000,2.565571547,1.000000000,0.500000000,-0.167277336,-9.584285368,0.000000000,0.419957310,0.500000000,0.200000003,0.008244514,0.472375883,0.000000000,-0.000031460,0.000000000,0.100000001
2026-07-06 22:34:34.181,1783348474.181585312,61.028184189,1,1,61.010809223,1,0.000440541,5,1,0.005651467,5,1,0,0,0,0,1,1,1,0,1,0,-1.000000000,0.000000000,0.000000000,0.000000000,0,-1.000000000,0,0,0,,0,-1.000000000,,0,0,0.000000000,0.000000000,0,-1.000000000,0,,0,-1.000000000,,0,-1.000000000,0,,1,0.097085953,5.562615343,-0.007326126,-0.026862144,1,3.270100832,187.362976255,-0.007326126,-2.741880417,1,-2.897115707,-165.992502795,-0.002442360,2.536752701,1,-0.163844109,-9.387575920,-0.021978378,0.407814026,1,0.007861137,0.450409995,0.012210846,-0.003663063,0.097085953,5.562615343,0.000000000,-0.000000000,8.000000000,2.500000000,3.319311380,190.182532986,0.000000000,-2.813282013,2.000000000,0.500000000,-2.912756920,-166.888678256,0.000000000,2.565571547,1.000000000,0.500000000,-0.167277336,-9.584285368,0.000000000,0.419957310,0.500000000,0.200000003,0.008244514,0.472375883,0.000000000,-0.000031460,0.000000000,0.100000001
2026-07-06 22:34:35.181,1783348475.181665182,62.028263945,1,1,62.010888979,1,0.000444423,5,1,0.005675139,5,1,0,0,0,0,1,1,1,0,1,0,-1.000000000,0.000000000,0.000000000,0.000000000,0,-1.000000000,0,0,0,,0,-1.000000000,,0,0,0.000000000,0.000000000,0,-1.000000000,0,,0,-1.000000000,,0,-1.000000000,0,,1,0.097085953,5.562615343,-0.007326126,-0.026862144,1,3.270100832,187.362976255,-0.002442360,-2.741880417,1,-2.897115707,-165.992502795,-0.002442360,2.536752701,1,-0.163844109,-9.387575920,-0.021978378,0.412698746,1,0.007861137,0.450409995,-0.012210846,-0.003663063,0.097085953,5.562615343,0.000000000,-0.000000000,8.000000000,2.500000000,3.319311380,190.182532986,0.000000000,-2.813282013,2.000000000,0.500000000,-2.912756920,-166.888678256,0.000000000,2.565571547,1.000000000,0.500000000,-0.167277336,-9.584285368,0.000000000,0.419957310,0.500000000,0.200000003,0.008244514,0.472375883,0.000000000,-0.000031460,0.000000000,0.100000001
2026-07-06 22:34:36.181,1783348476.181803226,63.028402018,1,1,63.011027052,1,0.000517993,5,1,0.005753863,5,1,0,0,0,0,1,1,1,0,1,0,-1.000000000,0.000000000,0.000000000,0.000000000,0,-1.000000000,0,0,0,,0,-1.000000000,,0,0,0.000000000,0.000000000,0,-1.000000000,0,,0,-1.000000000,,0,-1.000000000,0,,1,0.097085953,5.562615343,-0.007326126,-0.021978378,1,3.270100832,187.362976255,-0.002442360,-2.741880417,1,-2.897115707,-165.992502795,-0.002442360,2.550426483,1,-0.163844109,-9.387575920,-0.007326126,0.412698746,1,0.007861137,0.450409995,-0.012210846,-0.003663063,0.097085953,5.562615343,0.000000000,-0.000000000,8.000000000,2.500000000,3.319311380,190.182532986,0.000000000,-2.813282013,2.000000000,0.500000000,-2.912756920,-166.888678256,0.000000000,2.565571547,1.000000000,0.500000000,-0.167277336,-9.584285368,0.000000000,0.419957310,0.500000000,0.200000003,0.008244514,0.472375883,0.000000000,-0.000031460,0.000000000,0.100000001
2026-07-06 22:34:37.181,1783348477.181933880,64.028532541,1,1,64.011157575,1,0.000487743,5,1,0.005476007,5,1,0,0,0,0,1,1,1,0,1,0,-1.000000000,0.000000000,0.000000000,0.000000000,0,-1.000000000,0,0,0,,0,-1.000000000,,0,0,0.000000000,0.000000000,0,-1.000000000,0,,0,-1.000000000,,0,-1.000000000,0,,1,0.097085953,5.562615343,-0.021978378,-0.026862144,1,3.270100832,187.362976255,-0.002442360,-2.728204727,1,-2.897115707,-165.992502795,-0.007326126,2.536752701,1,-0.163844109,-9.387575920,0.007326126,0.412698746,1,0.007861137,0.450409995,-0.012210846,-0.003663063,0.097085953,5.562615343,0.000000000,-0.000000000,8.000000000,2.500000000,3.319311380,190.182532986,0.000000000,-2.813282013,2.000000000,0.500000000,-2.912756920,-166.888678256,0.000000000,2.565571547,1.000000000,0.500000000,-0.167277336,-9.584285368,0.000000000,0.419957310,0.500000000,0.200000003,0.008244514,0.472375883,0.000000000,-0.000031460,0.000000000,0.100000001
2026-07-06 22:34:38.182,1783348478.182074070,65.028672800,1,1,65.011297834,1,0.000476036,5,1,0.005662569,5,1,0,0,0,0,1,1,1,0,1,0,-1.000000000,0.000000000,0.000000000,0.000000000,0,-1.000000000,0,0,0,,0,-1.000000000,,0,0,0.000000000,0.000000000,0,-1.000000000,0,,0,-1.000000000,,0,-1.000000000,0,,1,0.097085953,5.562615343,-0.007326126,-0.026862144,1,3.270100832,187.362976255,0.002442360,-2.741880417,1,-2.897115707,-165.992502795,-0.002442360,2.536752701,1,-0.163844109,-9.387575920,-0.007326126,0.412698746,1,0.007861137,0.450409995,-0.012210846,-0.003663063,0.097085953,5.562615343,0.000000000,-0.000000000,8.000000000,2.500000000,3.319311380,190.182532986,0.000000000,-2.813282013,2.000000000,0.500000000,-2.912756920,-166.888678256,0.000000000,2.565571547,1.000000000,0.500000000,-0.167277336,-9.584285368,0.000000000,0.419957310,0.500000000,0.200000003,0.008244514,0.472375883,0.000000000,-0.000031460,0.000000000,0.100000001
2026-07-06 22:34:39.182,1783348479.182186842,66.028785414,1,1,66.011410448,1,0.000518734,5,1,0.005606371,5,1,0,0,0,0,1,1,1,0,1,0,-1.000000000,0.000000000,0.000000000,0.000000000,0,-1.000000000,0,0,0,,0,-1.000000000,,0,0,0.000000000,0.000000000,0,-1.000000000,0,,0,-1.000000000,,0,-1.000000000,0,,1,0.097085953,5.562615343,0.007326126,-0.021978378,1,3.270100832,187.362976255,-0.002442360,-2.741880417,1,-2.897115707,-165.992502795,-0.002442360,2.550426483,1,-0.163844109,-9.387575920,-0.007326126,0.412698746,1,0.007861137,0.450409995,0.012210846,-0.003663063,0.097085953,5.562615343,0.000000000,-0.000000000,8.000000000,2.500000000,3.319311380,190.182532986,0.000000000,-2.813282013,2.000000000,0.500000000,-2.912756920,-166.888678256,0.000000000,2.565571547,1.000000000,0.500000000,-0.167277336,-9.584285368,0.000000000,0.419957310,0.500000000,0.200000003,0.008244514,0.472375883,0.000000000,-0.000031460,0.000000000,0.100000001
2026-07-06 22:34:40.182,1783348480.182327747,67.028926699,1,1,67.011551733,1,0.000504490,5,1,0.005616620,5,1,0,0,0,0,1,1,1,0,1,0,-1.000000000,0.000000000,0.000000000,0.000000000,0,-1.000000000,0,0,0,,0,-1.000000000,,0,0,0.000000000,0.000000000,0,-1.000000000,0,,0,-1.000000000,,0,-1.000000000,0,,1,0.097085953,5.562615343,-0.007326126,-0.026862144,1,3.270100832,187.362976255,-0.002442360,-2.741880417,1,-2.897115707,-165.992502795,-0.007326126,2.536752701,1,-0.163844109,-9.387575920,-0.007326126,0.412698746,1,0.007477760,0.428444106,-0.061050415,-0.003663063,0.097085953,5.562615343,0.000000000,-0.000000000,8.000000000,2.500000000,3.319311380,190.182532986,0.000000000,-2.813282013,2.000000000,0.500000000,-2.912756920,-166.888678256,0.000000000,2.565571547,1.000000000,0.500000000,-0.167277336,-9.584285368,0.000000000,0.419957310,0.500000000,0.200000003,0.008244514,0.472375883,0.000000000,-0.000031460,0.000000000,0.100000001
2026-07-06 22:34:41.182,1783348481.182465076,68.029063897,1,1,68.011688931,1,0.000373311,5,1,0.005668326,5,1,0,0,0,0,1,1,1,0,1,0,-1.000000000,0.000000000,0.000000000,0.000000000,0,-1.000000000,0,0,0,,0,-1.000000000,,0,0,0.000000000,0.000000000,0,-1.000000000,0,,0,-1.000000000,,0,-1.000000000,0,,1,0.097085953,5.562615343,-0.007326126,-0.026862144,1,3.270100832,187.362976255,-0.002442360,-2.728204727,1,-2.897115707,-165.992502795,-0.007326126,2.550426483,1,-0.163844109,-9.387575920,-0.007326126,0.412698746,1,0.007861137,0.450409995,0.012210846,-0.003663063,0.097085953,5.562615343,0.000000000,-0.000000000,8.000000000,2.500000000,3.319311380,190.182532986,0.000000000,-2.813282013,2.000000000,0.500000000,-2.912756920,-166.888678256,0.000000000,2.565571547,1.000000000,0.500000000,-0.167277336,-9.584285368,0.000000000,0.419957310,0.500000000,0.200000003,0.008244514,0.472375883,0.000000000,-0.000031460,0.000000000,0.100000001
2026-07-06 22:34:42.182,1783348482.182630062,69.029228999,1,1,69.011854033,1,0.000281709,5,1,0.005526550,5,1,0,0,0,0,1,1,1,0,1,0,-1.000000000,0.000000000,0.000000000,0.000000000,0,-1.000000000,0,0,0,,0,-1.000000000,,0,0,0.000000000,0.000000000,0,-1.000000000,0,,0,-1.000000000,,0,-1.000000000,0,,1,0.097085953,5.562615343,-0.007326126,-0.026862144,1,3.270100832,187.362976255,-0.007326126,-2.741880417,1,-2.897115707,-165.992502795,-0.002442360,2.550426483,1,-0.163844109,-9.387575920,-0.007326126,0.412698746,1,0.007861137,0.450409995,-0.012210846,-0.003663063,0.097085953,5.562615343,0.000000000,-0.000000000,8.000000000,2.500000000,3.319311380,190.182532986,0.000000000,-2.813282013,2.000000000,0.500000000,-2.912756920,-166.888678256,0.000000000,2.565571547,1.000000000,0.500000000,-0.167277336,-9.584285368,0.000000000,0.419957310,0.500000000,0.200000003,0.008244514,0.472375883,0.000000000,-0.000031460,0.000000000,0.100000001
2026-07-06 22:34:43.182,1783348483.182761431,70.029360190,1,1,70.011985224,1,0.000236488,5,1,0.005716913,5,1,0,0,0,0,1,1,1,0,1,0,-1.000000000,0.000000000,0.000000000,0.000000000,0,-1.000000000,0,0,0,,0,-1.000000000,,0,0,0.000000000,0.000000000,0,-1.000000000,0,,0,-1.000000000,,0,-1.000000000,0,,1,0.097085953,5.562615343,-0.007326126,-0.026862144,1,3.270100832,187.362976255,-0.007326126,-2.728204727,1,-2.897115707,-165.992502795,-0.002442360,2.550426483,1,-0.163844109,-9.387575920,-0.007326126,0.412698746,1,0.007861137,0.450409995,0.012210846,-0.003663063,0.097085953,5.562615343,0.000000000,-0.000000000,8.000000000,2.500000000,3.319311380,190.182532986,0.000000000,-2.813282013,2.000000000,0.500000000,-2.912756920,-166.888678256,0.000000000,2.565571547,1.000000000,0.500000000,-0.167277336,-9.584285368,0.000000000,0.419957310,0.500000000,0.200000003,0.008244514,0.472375883,0.000000000,-0.000031460,0.000000000,0.100000001
2026-07-06 22:34:44.182,1783348484.182903290,71.029502089,1,1,71.012127123,1,0.000437977,5,1,0.005640282,5,1,0,0,0,0,1,1,1,0,1,0,-1.000000000,0.000000000,0.000000000,0.000000000,0,-1.000000000,0,0,0,,0,-1.000000000,,0,0,0.000000000,0.000000000,0,-1.000000000,0,,0,-1.000000000,,0,-1.000000000,0,,1,0.097085953,5.562615343,-0.007326126,-0.021978378,1,3.270100832,187.362976255,0.002442360,-2.741880417,1,-2.897115707,-165.992502795,-0.002442360,2.536752701,1,-0.163844109,-9.387575920,-0.007326126,0.412698746,1,0.007861137,0.450409995,0.012210846,-0.003663063,0.097085953,5.562615343,0.000000000,-0.000000000,8.000000000,2.500000000,3.319311380,190.182532986,0.000000000,-2.813282013,2.000000000,0.500000000,-2.912756920,-166.888678256,0.000000000,2.565571547,1.000000000,0.500000000,-0.167277336,-9.584285368,0.000000000,0.419957310,0.500000000,0.200000003,0.008244514,0.472375883,0.000000000,-0.000031460,0.000000000,0.100000001
2026-07-06 22:34:45.183,1783348485.183037519,72.029636207,1,1,72.012261241,1,0.000162081,5,1,0.005538773,5,1,0,0,0,0,1,1,1,0,1,0,-1.000000000,0.000000000,0.000000000,0.000000000,0,-1.000000000,0,0,0,,0,-1.000000000,,0,0,0.000000000,0.000000000,0,-1.000000000,0,,0,-1.000000000,,0,-1.000000000,0,,1,0.097085953,5.562615343,-0.021978378,-0.026862144,1,3.270100832,187.362976255,-0.007326126,-2.741880417,1,-2.897115707,-165.992502795,-0.002442360,2.536752701,1,-0.163844109,-9.387575920,-0.007326126,0.407814026,1,0.007861137,0.450409995,-0.012210846,-0.003663063,0.097085953,5.562615343,0.000000000,-0.000000000,8.000000000,2.500000000,3.319311380,190.182532986,0.000000000,-2.813282013,2.000000000,0.500000000,-2.912756920,-166.888678256,0.000000000,2.565571547,1.000000000,0.500000000,-0.167277336,-9.584285368,0.000000000,0.419957310,0.500000000,0.200000003,0.008244514,0.472375883,0.000000000,-0.000031460,0.000000000,0.100000001
2026-07-06 22:34:46.183,1783348486.183220148,73.029819058,1,1,73.012444092,1,0.000273369,5,1,0.005652924,5,1,0,0,0,0,1,1,1,0,1,0,-1.000000000,0.000000000,0.000000000,0.000000000,0,-1.000000000,0,0,0,,0,-1.000000000,,0,0,0.000000000,0.000000000,0,-1.000000000,0,,0,-1.000000000,,0,-1.000000000,0,,1,0.097085953,5.562615343,-0.007326126,-0.026862144,1,3.270100832,187.362976255,0.002442360,-2.741880417,1,-2.897115707,-165.992502795,-0.007326126,2.536752701,1,-0.163844109,-9.387575920,-0.007326126,0.412698746,1,0.007861137,0.450409995,0.012210846,-0.003663063,0.097085953,5.562615343,0.000000000,-0.000000000,8.000000000,2.500000000,3.319311380,190.182532986,0.000000000,-2.813282013,2.000000000,0.500000000,-2.912756920,-166.888678256,0.000000000,2.565571547,1.000000000,0.500000000,-0.167277336,-9.584285368,0.000000000,0.419957310,0.500000000,0.200000003,0.008244514,0.472375883,0.000000000,-0.000031460,0.000000000,0.100000001
2026-07-06 22:34:47.183,1783348487.183367014,74.029965638,1,1,74.012590672,1,0.000469016,5,1,0.005695383,5,1,0,0,0,0,1,1,1,0,1,0,-1.000000000,0.000000000,0.000000000,0.000000000,0,-1.000000000,0,0,0,,0,-1.000000000,,0,0,0.000000000,0.000000000,0,-1.000000000,0,,0,-1.000000000,,0,-1.000000000,0,,1,0.097085953,5.562615343,-0.007326126,-0.026862144,1,3.270100832,187.362976255,0.002442360,-2.728204727,1,-2.897115707,-165.992502795,-0.007326126,2.536752701,1,-0.163844109,-9.387575920,-0.007326126,0.412698746,1,0.007861137,0.450409995,-0.036628723,-0.003663063,0.097085953,5.562615343,0.000000000,-0.000000000,8.000000000,2.500000000,3.319311380,190.182532986,0.000000000,-2.813282013,2.000000000,0.500000000,-2.912756920,-166.888678256,0.000000000,2.565571547,1.000000000,0.500000000,-0.167277336,-9.584285368,0.000000000,0.419957310,0.500000000,0.200000003,0.008244514,0.472375883,0.000000000,-0.000031460,0.000000000,0.100000001
2026-07-06 22:34:48.183,1783348488.183558226,75.030156937,1,1,75.012781971,1,0.010173167,5,1,0.005812465,5,1,0,0,0,0,1,1,1,0,1,0,-1.000000000,0.000000000,0.000000000,0.000000000,0,-1.000000000,0,0,0,,0,-1.000000000,,0,0,0.000000000,0.000000000,0,-1.000000000,0,,0,-1.000000000,,0,-1.000000000,0,,1,0.097085953,5.562615343,-0.007326126,-0.021978378,1,3.270100832,187.362976255,-0.007326126,-2.741880417,1,-2.897115707,-165.992502795,-0.002442360,2.550426483,1,-0.163844109,-9.387575920,-0.007326126,0.407814026,1,0.007477760,0.428444106,-0.036628723,-0.003663063,0.097085953,5.562615343,0.000000000,-0.000000000,8.000000000,2.500000000,3.319311380,190.182532986,0.000000000,-2.813282013,2.000000000,0.500000000,-2.912756920,-166.888678256,0.000000000,2.565571547,1.000000000,0.500000000,-0.167277336,-9.584285368,0.000000000,0.419957310,0.500000000,0.200000003,0.008244514,0.472375883,0.000000000,-0.000031460,0.000000000,0.100000001
2026-07-06 22:34:49.183,1783348489.183631420,76.030230252,1,1,76.012855286,1,0.000280606,5,1,0.005710166,5,1,0,0,0,0,1,1,1,0,1,0,-1.000000000,0.000000000,0.000000000,0.000000000,0,-1.000000000,0,0,0,,0,-1.000000000,,0,0,0.000000000,0.000000000,0,-1.000000000,0,,0,-1.000000000,,0,-1.000000000,0,,1,0.097085953,5.562615343,-0.007326126,-0.026862144,1,3.270100832,187.362976255,-0.002442360,-2.741880417,1,-2.897115707,-165.992502795,-0.002442360,2.536752701,1,-0.163844109,-9.387575920,0.007326126,0.412698746,1,0.007861137,0.450409995,0.012210846,-0.003663063,0.097085953,5.562615343,0.000000000,-0.000000000,8.000000000,2.500000000,3.319311380,190.182532986,0.000000000,-2.813282013,2.000000000,0.500000000,-2.912756920,-166.888678256,0.000000000,2.565571547,1.000000000,0.500000000,-0.167277336,-9.584285368,0.000000000,0.419957310,0.500000000,0.200000003,0.008244514,0.472375883,0.000000000,-0.000031460,0.000000000,0.100000001
2026-07-06 22:34:50.183,1783348490.183762550,77.030361270,1,1,77.012986304,1,0.000040078,5,1,0.005692798,5,1,0,0,0,0,1,1,1,0,1,0,-1.000000000,0.000000000,0.000000000,0.000000000,0,-1.000000000,0,0,0,,0,-1.000000000,,0,0,0.000000000,0.000000000,0,-1.000000000,0,,0,-1.000000000,,0,-1.000000000,0,,1,0.097085953,5.562615343,0.021978378,-0.026862144,1,3.270100832,187.362976255,-0.002442360,-2.728204727,1,-2.897115707,-165.992502795,-0.007326126,2.536752701,1,-0.163844109,-9.387575920,-0.007326126,0.412698746,1,0.007861137,0.450409995,0.012210846,-0.006104946,0.097085953,5.562615343,0.000000000,-0.000000000,8.000000000,2.500000000,3.319311380,190.182532986,0.000000000,-2.813282013,2.000000000,0.500000000,-2.912756920,-166.888678256,0.000000000,2.565571547,1.000000000,0.500000000,-0.167277336,-9.584285368,0.000000000,0.419957310,0.500000000,0.200000003,0.008244514,0.472375883,0.000000000,-0.000031460,0.000000000,0.100000001
2026-07-06 22:34:51.183,1783348491.183891058,78.030489829,1,1,78.013114863,1,0.000049089,5,1,0.005641196,5,1,0,0,0,0,1,1,1,0,1,0,-1.000000000,0.000000000,0.000000000,0.000000000,0,-1.000000000,0,0,0,,0,-1.000000000,,0,0,0.000000000,0.000000000,0,-1.000000000,0,,0,-1.000000000,,0,-1.000000000,0,,1,0.097085953,5.562615343,-0.007326126,-0.026862144,1,3.270100832,187.362976255,0.002442360,-2.741880417,1,-2.897115707,-165.992502795,-0.002442360,2.550426483,1,-0.163844109,-9.387575920,0.007326126,0.412698746,1,0.007861137,0.450409995,-0.012210846,-0.003663063,0.097085953,5.562615343,0.000000000,-0.000000000,8.000000000,2.500000000,3.319311380,190.182532986,0.000000000,-2.813282013,2.000000000,0.500000000,-2.912756920,-166.888678256,0.000000000,2.565571547,1.000000000,0.500000000,-0.167277336,-9.584285368,0.000000000,0.419957310,0.500000000,0.200000003,0.008244514,0.472375883,0.000000000,-0.000031460,0.000000000,0.100000001
2026-07-06 22:34:52.184,1783348492.184122562,79.030721435,1,1,79.013346469,1,0.009861609,5,1,0.005668188,5,1,0,0,0,0,1,1,1,0,1,0,-1.000000000,0.000000000,0.000000000,0.000000000,0,-1.000000000,0,0,0,,0,-1.000000000,,0,0,0.000000000,0.000000000,0,-1.000000000,0,,0,-1.000000000,,0,-1.000000000,0,,1,0.097085953,5.562615343,-0.007326126,-0.026862144,1,3.270100832,187.362976255,-0.002442360,-2.741880417,1,-2.897115707,-165.992502795,-0.007326126,2.536752701,1,-0.163844109,-9.387575920,-0.007326126,0.412698746,1,0.007861137,0.450409995,-0.036628723,-0.003663063,0.097085953,5.562615343,0.000000000,-0.000000000,8.000000000,2.500000000,3.319311380,190.182532986,0.000000000,-2.813282013,2.000000000,0.500000000,-2.912756920,-166.888678256,0.000000000,2.565571547,1.000000000,0.500000000,-0.167277336,-9.584285368,0.000000000,0.419957310,0.500000000,0.200000003,0.008244514,0.472375883,0.000000000,-0.000031460,0.000000000,0.100000001
2026-07-06 22:34:53.184,1783348493.184239626,80.030838317,1,1,80.013463351,1,0.000308116,5,1,0.005741634,5,1,0,0,0,0,1,1,1,0,1,0,-1.000000000,0.000000000,0.000000000,0.000000000,0,-1.000000000,0,0,0,,0,-1.000000000,,0,0,0.000000000,0.000000000,0,-1.000000000,0,,0,-1.000000000,,0,-1.000000000,0,,1,0.097085953,5.562615343,0.007326126,-0.026862144,1,3.270100832,187.362976255,-0.002442360,-2.728204727,1,-2.897115707,-165.992502795,-0.002442360,2.550426483,1,-0.163844109,-9.387575920,0.007326126,0.407814026,1,0.007861137,0.450409995,-0.036628723,-0.003663063,0.097085953,5.562615343,0.000000000,-0.000000000,8.000000000,2.500000000,3.319311380,190.182532986,0.000000000,-2.813282013,2.000000000,0.500000000,-2.912756920,-166.888678256,0.000000000,2.565571547,1.000000000,0.500000000,-0.167277336,-9.584285368,0.000000000,0.419957310,0.500000000,0.200000003,0.008244514,0.472375883,0.000000000,-0.000031460,0.000000000,0.100000001
2026-07-06 22:34:54.184,1783348494.184399366,81.030998093,1,1,81.013623127,1,0.000294036,5,1,0.005653710,5,1,0,0,0,0,1,1,1,0,1,0,-1.000000000,0.000000000,0.000000000,0.000000000,0,-1.000000000,0,0,0,,0,-1.000000000,,0,0,0.000000000,0.000000000,0,-1.000000000,0,,0,-1.000000000,,0,-1.000000000,0,,1,0.097085953,5.562615343,-0.007326126,-0.026862144,1,3.270100832,187.362976255,0.002442360,-2.741880417,1,-2.897115707,-165.992502795,-0.002442360,2.550426483,1,-0.163844109,-9.387575920,-0.007326126,0.412698746,1,0.007861137,0.450409995,-0.036628723,-0.003663063,0.097085953,5.562615343,0.000000000,-0.000000000,8.000000000,2.500000000,3.319311380,190.182532986,0.000000000,-2.813282013,2.000000000,0.500000000,-2.912756920,-166.888678256,0.000000000,2.565571547,1.000000000,0.500000000,-0.167277336,-9.584285368,0.000000000,0.419957310,0.500000000,0.200000003,0.008244514,0.472375883,0.000000000,-0.000031460,0.000000000,0.100000001
2026-07-06 22:34:55.184,1783348495.184557199,82.031156021,1,1,82.013781055,1,0.000273350,5,1,0.005739878,5,1,0,0,0,0,1,1,1,0,1,0,-1.000000000,0.000000000,0.000000000,0.000000000,0,-1.000000000,0,0,0,,0,-1.000000000,,0,0,0.000000000,0.000000000,0,-1.000000000,0,,0,-1.000000000,,0,-1.000000000,0,,1,0.097085953,5.562615343,-0.007326126,-0.026862144,1,3.270100832,187.362976255,-0.007326126,-2.741880417,1,-2.897115707,-165.992502795,-0.002442360,2.536752701,1,-0.163844109,-9.387575920,-0.007326126,0.412698746,1,0.007861137,0.450409995,-0.012210846,-0.003663063,0.097085953,5.562615343,0.000000000,-0.000000000,8.000000000,2.500000000,3.319311380,190.182532986,0.000000000,-2.813282013,2.000000000,0.500000000,-2.912756920,-166.888678256,0.000000000,2.565571547,1.000000000,0.500000000,-0.167277336,-9.584285368,0.000000000,0.419957310,0.500000000,0.200000003,0.008244514,0.472375883,0.000000000,-0.000031460,0.000000000,0.100000001
2026-07-06 22:34:56.184,1783348496.184693098,83.031291816,1,1,83.013916850,1,0.000137975,5,1,0.005682777,5,1,0,0,0,0,1,1,1,0,1,0,-1.000000000,0.000000000,0.000000000,0.000000000,0,-1.000000000,0,0,0,,0,-1.000000000,,0,0,0.000000000,0.000000000,0,-1.000000000,0,,0,-1.000000000,,0,-1.000000000,0,,1,0.097085953,5.562615343,-0.007326126,-0.026862144,1,3.270100832,187.362976255,-0.002442360,-2.741880417,1,-2.897115707,-165.992502795,-0.002442360,2.550426483,1,-0.163844109,-9.387575920,-0.021978378,0.412698746,1,0.007861137,0.450409995,-0.061050415,-0.003663063,0.097085953,5.562615343,0.000000000,-0.000000000,8.000000000,2.500000000,3.319311380,190.182532986,0.000000000,-2.813282013,2.000000000,0.500000000,-2.912756920,-166.888678256,0.000000000,2.565571547,1.000000000,0.500000000,-0.167277336,-9.584285368,0.000000000,0.419957310,0.500000000,0.200000003,0.008244514,0.472375883,0.000000000,-0.000031460,0.000000000,0.100000001
2026-07-06 22:34:57.184,1783348497.184914351,84.031513268,1,1,84.014138302,1,0.000537864,5,1,0.005754093,5,1,0,0,0,0,1,1,1,0,1,0,-1.000000000,0.000000000,0.000000000,0.000000000,0,-1.000000000,0,0,0,,0,-1.000000000,,0,0,0.000000000,0.000000000,0,-1.000000000,0,,0,-1.000000000,,0,-1.000000000,0,,1,0.097085953,5.562615343,0.007326126,-0.026862144,1,3.270100832,187.362976255,-0.002442360,-2.741880417,1,-2.897115707,-165.992502795,-0.007326126,2.536752701,1,-0.163844109,-9.387575920,0.007326126,0.412698746,1,0.007861137,0.450409995,0.012210846,-0.003663063,0.097085953,5.562615343,0.000000000,-0.000000000,8.000000000,2.500000000,3.319311380,190.182532986,0.000000000,-2.813282013,2.000000000,0.500000000,-2.912756920,-166.888678256,0.000000000,2.565571547,1.000000000,0.500000000,-0.167277336,-9.584285368,0.000000000,0.419957310,0.500000000,0.200000003,0.008244514,0.472375883,0.000000000,-0.000031460,0.000000000,0.100000001
2026-07-06 22:34:58.185,1783348498.185044527,85.031643276,1,1,85.014268310,1,0.000218677,5,1,0.005612988,5,1,0,0,0,0,1,1,1,0,1,0,-1.000000000,0.000000000,0.000000000,0.000000000,0,-1.000000000,0,0,0,,0,-1.000000000,,0,0,0.000000000,0.000000000,0,-1.000000000,0,,0,-1.000000000,,0,-1.000000000,0,,1,0.097085953,5.562615343,-0.007326126,-0.021978378,1,3.270100832,187.362976255,-0.007326126,-2.728204727,1,-2.897115707,-165.992502795,-0.002442360,2.536752701,1,-0.163844109,-9.387575920,-0.007326126,0.412698746,1,0.007861137,0.450409995,-0.012210846,-0.003663063,0.097085953,5.562615343,0.000000000,-0.000000000,8.000000000,2.500000000,3.319311380,190.182532986,0.000000000,-2.813282013,2.000000000,0.500000000,-2.912756920,-166.888678256,0.000000000,2.565571547,1.000000000,0.500000000,-0.167277336,-9.584285368,0.000000000,0.419957310,0.500000000,0.200000003,0.008244514,0.472375883,0.000000000,-0.000031460,0.000000000,0.100000001
2026-07-06 22:34:59.185,1783348499.185213804,86.031812533,1,1,86.014437567,1,0.000505479,5,1,0.005623481,5,1,0,0,0,0,1,1,1,0,1,0,-1.000000000,0.000000000,0.000000000,0.000000000,0,-1.000000000,0,0,0,,0,-1.000000000,,0,0,0.000000000,0.000000000,0,-1.000000000,0,,0,-1.000000000,,0,-1.000000000,0,,1,0.097085953,5.562615343,-0.007326126,-0.021978378,1,3.270100832,187.362976255,0.002442360,-2.741880417,1,-2.897115707,-165.992502795,-0.002442360,2.536752701,1,-0.163844109,-9.387575920,-0.007326126,0.412698746,1,0.007861137,0.450409995,0.012210846,-0.003663063,0.097085953,5.562615343,0.000000000,-0.000000000,8.000000000,2.500000000,3.319311380,190.182532986,0.000000000,-2.813282013,2.000000000,0.500000000,-2.912756920,-166.888678256,0.000000000,2.565571547,1.000000000,0.500000000,-0.167277336,-9.584285368,0.000000000,0.419957310,0.500000000,0.200000003,0.008244514,0.472375883,0.000000000,-0.000031460,0.000000000,0.100000001
2026-07-06 22:35:00.185,1783348500.185390949,87.031989567,1,1,87.014614601,1,0.000358328,5,1,0.005615969,5,1,0,0,0,0,1,1,1,0,1,0,-1.000000000,0.000000000,0.000000000,0.000000000,0,-1.000000000,0,0,0,,0,-1.000000000,,0,0,0.000000000,0.000000000,0,-1.000000000,0,,0,-1.000000000,,0,-1.000000000,0,,1,0.097085953,5.562615343,-0.007326126,-0.026862144,1,3.270100832,187.362976255,-0.002442360,-2.728204727,1,-2.897115707,-165.992502795,-0.002442360,2.536752701,1,-0.163844109,-9.387575920,-0.007326126,0.412698746,1,0.008244514,0.472375883,0.036628723,-0.003663063,0.097085953,5.562615343,0.000000000,-0.000000000,8.000000000,2.500000000,3.319311380,190.182532986,0.000000000,-2.813282013,2.000000000,0.500000000,-2.912756920,-166.888678256,0.000000000,2.565571547,1.000000000,0.500000000,-0.167277336,-9.584285368,0.000000000,0.419957310,0.500000000,0.200000003,0.008244514,0.472375883,0.000000000,-0.000031460,0.000000000,0.100000001
2026-07-06 22:35:01.185,1783348501.185561419,88.032160145,1,1,88.014785179,1,0.000414558,5,1,0.005723216,5,1,0,0,0,0,1,1,1,0,1,0,-1.000000000,0.000000000,0.000000000,0.000000000,0,-1.000000000,0,0,0,,0,-1.000000000,,0,0,0.000000000,0.000000000,0,-1.000000000,0,,0,-1.000000000,,0,-1.000000000,0,,1,0.097085953,5.562615343,-0.007326126,-0.021978378,1,3.270100832,187.362976255,-0.002442360,-2.741880417,1,-2.897115707,-165.992502795,-0.002442360,2.536752701,1,-0.163844109,-9.387575920,-0.021978378,0.407814026,1,0.007861137,0.450409995,-0.036628723,-0.003663063,0.097085953,5.562615343,0.000000000,-0.000000000,8.000000000,2.500000000,3.319311380,190.182532986,0.000000000,-2.813282013,2.000000000,0.500000000,-2.912756920,-166.888678256,0.000000000,2.565571547,1.000000000,0.500000000,-0.167277336,-9.584285368,0.000000000,0.419957310,0.500000000,0.200000003,0.008244514,0.472375883,0.000000000,-0.000031460,0.000000000,0.100000001
2026-07-06 22:35:02.185,1783348502.185714722,89.032313436,1,1,89.014938470,1,0.000488913,5,1,0.005694017,5,1,0,0,0,0,1,1,1,0,1,0,-1.000000000,0.000000000,0.000000000,0.000000000,0,-1.000000000,0,0,0,,0,-1.000000000,,0,0,0.000000000,0.000000000,0,-1.000000000,0,,0,-1.000000000,,0,-1.000000000,0,,1,0.097085953,5.562615343,-0.021978378,-0.026862144,1,3.270100832,187.362976255,-0.007326126,-2.741880417,1,-2.897115707,-165.992502795,-0.002442360,2.536752701,1,-0.163844109,-9.387575920,-0.021978378,0.407814026,1,0.007861137,0.450409995,-0.012210846,-0.003663063,0.097085953,5.562615343,0.000000000,-0.000000000,8.000000000,2.500000000,3.319311380,190.182532986,0.000000000,-2.813282013,2.000000000,0.500000000,-2.912756920,-166.888678256,0.000000000,2.565571547,1.000000000,0.500000000,-0.167277336,-9.584285368,0.000000000,0.419957310,0.500000000,0.200000003,0.008244514,0.472375883,0.000000000,-0.000031460,0.000000000,0.100000001
2026-07-06 22:35:03.185,1783348503.185893774,90.032492582,1,1,90.015117616,1,0.000442681,5,1,0.005630658,5,1,0,0,0,0,1,1,1,0,1,0,-1.000000000,0.000000000,0.000000000,0.000000000,0,-1.000000000,0,0,0,,0,-1.000000000,,0,0,0.000000000,0.000000000,0,-1.000000000,0,,0,-1.000000000,,0,-1.000000000,0,,1,0.097085953,5.562615343,0.007326126,-0.026862144,1,3.270100832,187.362976255,-0.002442360,-2.741880417,1,-2.897115707,-165.992502795,0.002442360,2.550426483,1,-0.163844109,-9.387575920,-0.007326126,0.407814026,1,0.007861137,0.450409995,-0.036628723,-0.003663063,0.097085953,5.562615343,0.000000000,-0.000000000,8.000000000,2.500000000,3.319311380,190.182532986,0.000000000,-2.813282013,2.000000000,0.500000000,-2.912756920,-166.888678256,0.000000000,2.565571547,1.000000000,0.500000000,-0.167277336,-9.584285368,0.000000000,0.419957310,0.500000000,0.200000003,0.008244514,0.472375883,0.000000000,-0.000031460,0.000000000,0.100000001
2026-07-06 22:35:04.186,1783348504.186072826,91.032671504,1,1,91.015296538,1,0.000555290,5,1,0.005680393,5,1,0,0,0,0,1,1,1,0,1,0,-1.000000000,0.000000000,0.000000000,0.000000000,0,-1.000000000,0,0,0,,0,-1.000000000,,0,0,0.000000000,0.000000000,0,-1.000000000,0,,0,-1.000000000,,0,-1.000000000,0,,1,0.097085953,5.562615343,-0.007326126,-0.026862144,1,3.270100832,187.362976255,-0.007326126,-2.728204727,1,-2.897115707,-165.992502795,-0.002442360,2.536752701,1,-0.163844109,-9.387575920,-0.007326126,0.412698746,1,0.007861137,0.450409995,-0.012210846,-0.003663063,0.097085953,5.562615343,0.000000000,-0.000000000,8.000000000,2.500000000,3.319311380,190.182532986,0.000000000,-2.813282013,2.000000000,0.500000000,-2.912756920,-166.888678256,0.000000000,2.565571547,1.000000000,0.500000000,-0.167277336,-9.584285368,0.000000000,0.419957310,0.500000000,0.200000003,0.008244514,0.472375883,0.000000000,-0.000031460,0.000000000,0.100000001
2026-07-06 22:35:05.186,1783348505.186247349,92.032846288,1,1,92.015471322,1,0.000487944,5,1,0.005749419,5,1,0,0,0,0,1,1,1,0,1,0,-1.000000000,0.000000000,0.000000000,0.000000000,0,-1.000000000,0,0,0,,0,-1.000000000,,0,0,0.000000000,0.000000000,0,-1.000000000,0,,0,-1.000000000,,0,-1.000000000,0,,1,0.097085953,5.562615343,-0.007326126,-0.026862144,1,3.270100832,187.362976255,-0.002442360,-2.741880417,1,-2.897115707,-165.992502795,-0.007326126,2.536752701,1,-0.163844109,-9.387575920,-0.007326126,0.412698746,1,0.007861137,0.450409995,-0.012210846,-0.003663063,0.097085953,5.562615343,0.000000000,-0.000000000,8.000000000,2.500000000,3.319311380,190.182532986,0.000000000,-2.813282013,2.000000000,0.500000000,-2.912756920,-166.888678256,0.000000000,2.565571547,1.000000000,0.500000000,-0.167277336,-9.584285368,0.000000000,0.419957310,0.500000000,0.200000003,0.008244514,0.472375883,0.000000000,-0.000031460,0.000000000,0.100000001
2026-07-06 22:35:06.186,1783348506.186398745,93.032997453,1,1,93.015622487,1,0.000295866,5,1,0.005697839,5,1,0,0,0,0,1,1,1,0,1,0,-1.000000000,0.000000000,0.000000000,0.000000000,0,-1.000000000,0,0,0,,0,-1.000000000,,0,0,0.000000000,0.000000000,0,-1.000000000,0,,0,-1.000000000,,0,-1.000000000,0,,1,0.097085953,5.562615343,-0.007326126,-0.026862144,1,3.270100832,187.362976255,-0.002442360,-2.741880417,1,-2.897115707,-165.992502795,-0.002442360,2.536752701,1,-0.163844109,-9.387575920,-0.007326126,0.412698746,1,0.007861137,0.450409995,-0.012210846,-0.003663063,0.097085953,5.562615343,0.000000000,-0.000000000,8.000000000,2.500000000,3.319311380,190.182532986,0.000000000,-2.813282013,2.000000000,0.500000000,-2.912756920,-166.888678256,0.000000000,2.565571547,1.000000000,0.500000000,-0.167277336,-9.584285368,0.000000000,0.419957310,0.500000000,0.200000003,0.008244514,0.472375883,0.000000000,-0.000031460,0.000000000,0.100000001
2026-07-06 22:35:07.186,1783348507.186591387,94.033190259,1,1,94.015815293,1,0.000494778,5,1,0.005694661,5,1,0,0,0,0,1,1,1,0,1,0,-1.000000000,0.000000000,0.000000000,0.000000000,0,-1.000000000,0,0,0,,0,-1.000000000,,0,0,0.000000000,0.000000000,0,-1.000000000,0,,0,-1.000000000,,0,-1.000000000,0,,1,0.097085953,5.562615343,-0.007326126,-0.026862144,1,3.270100832,187.362976255,-0.002442360,-2.741880417,1,-2.897115707,-165.992502795,0.002442360,2.536752701,1,-0.163844109,-9.387575920,-0.021978378,0.407814026,1,0.007861137,0.450409995,-0.036628723,-0.003663063,0.097085953,5.562615343,0.000000000,-0.000000000,8.000000000,2.500000000,3.319311380,190.182532986,0.000000000,-2.813282013,2.000000000,0.500000000,-2.912756920,-166.888678256,0.000000000,2.565571547,1.000000000,0.500000000,-0.167277336,-9.584285368,0.000000000,0.419957310,0.500000000,0.200000003,0.008244514,0.472375883,0.000000000,-0.000031460,0.000000000,0.100000001
2026-07-06 22:35:08.186,1783348508.186694860,95.033293794,1,1,95.015918828,1,0.000622879,5,1,0.005697471,5,1,0,0,0,0,1,1,1,0,1,0,-1.000000000,0.000000000,0.000000000,0.000000000,0,-1.000000000,0,0,0,,0,-1.000000000,,0,0,0.000000000,0.000000000,0,-1.000000000,0,,0,-1.000000000,,0,-1.000000000,0,,1,0.097085953,5.562615343,-0.007326126,-0.021978378,1,3.270100832,187.362976255,-0.002442360,-2.741880417,1,-2.897115707,-165.992502795,-0.007326126,2.536752701,1,-0.163844109,-9.387575920,-0.021978378,0.412698746,1,0.007861137,0.450409995,0.012210846,-0.003663063,0.097085953,5.562615343,0.000000000,-0.000000000,8.000000000,2.500000000,3.319311380,190.182532986,0.000000000,-2.813282013,2.000000000,0.500000000,-2.912756920,-166.888678256,0.000000000,2.565571547,1.000000000,0.500000000,-0.167277336,-9.584285368,0.000000000,0.419957310,0.500000000,0.200000003,0.008244514,0.472375883,0.000000000,-0.000031460,0.000000000,0.100000001
2026-07-06 22:35:09.187,1783348509.186961889,96.033560776,1,1,96.016185810,1,0.000476779,5,1,0.005752895,5,1,0,0,0,0,1,1,1,0,1,0,-1.000000000,0.000000000,0.000000000,0.000000000,0,-1.000000000,0,0,0,,0,-1.000000000,,0,0,0.000000000,0.000000000,0,-1.000000000,0,,0,-1.000000000,,0,-1.000000000,0,,1,0.097085953,5.562615343,-0.021978378,-0.026862144,1,3.270100832,187.362976255,-0.007326126,-2.741880417,1,-2.897115707,-165.992502795,0.002442360,2.550426483,1,-0.163844109,-9.387575920,-0.007326126,0.412698746,1,0.007861137,0.450409995,-0.036628723,-0.003663063,0.097085953,5.562615343,0.000000000,-0.000000000,8.000000000,2.500000000,3.319311380,190.182532986,0.000000000,-2.813282013,2.000000000,0.500000000,-2.912756920,-166.888678256,0.000000000,2.565571547,1.000000000,0.500000000,-0.167277336,-9.584285368,0.000000000,0.419957310,0.500000000,0.200000003,0.008244514,0.472375883,0.000000000,-0.000031460,0.000000000,0.100000001
2026-07-06 22:35:10.187,1783348510.187109709,97.033708482,1,1,97.016333516,1,0.000398403,5,1,0.005702660,5,1,0,0,0,0,1,1,1,0,1,0,-1.000000000,0.000000000,0.000000000,0.000000000,0,-1.000000000,0,0,0,,0,-1.000000000,,0,0,0.000000000,0.000000000,0,-1.000000000,0,,0,-1.000000000,,0,-1.000000000,0,,1,0.097085953,5.562615343,-0.007326126,-0.021978378,1,3.270100832,187.362976255,0.002442360,-2.741880417,1,-2.897115707,-165.992502795,0.002442360,2.536752701,1,-0.163844109,-9.387575920,-0.021978378,0.412698746,1,0.007861137,0.450409995,-0.036628723,-0.003663063,0.097085953,5.562615343,0.000000000,-0.000000000,8.000000000,2.500000000,3.319311380,190.182532986,0.000000000,-2.813282013,2.000000000,0.500000000,-2.912756920,-166.888678256,0.000000000,2.565571547,1.000000000,0.500000000,-0.167277336,-9.584285368,0.000000000,0.419957310,0.500000000,0.200000003,0.008244514,0.472375883,0.000000000,-0.000031460,0.000000000,0.100000001
2026-07-06 22:35:11.187,1783348511.187277317,98.033876017,1,1,98.016501051,1,0.000157770,5,1,0.005678140,5,1,0,0,0,0,1,1,1,0,1,0,-1.000000000,0.000000000,0.000000000,0.000000000,0,-1.000000000,0,0,0,,0,-1.000000000,,0,0,0.000000000,0.000000000,0,-1.000000000,0,,0,-1.000000000,,0,-1.000000000,0,,1,0.097085953,5.562615343,0.007326126,-0.026862144,1,3.270100832,187.362976255,-0.007326126,-2.741880417,1,-2.897115707,-165.992502795,-0.007326126,2.536752701,1,-0.163844109,-9.387575920,-0.007326126,0.412698746,1,0.007861137,0.450409995,0.012210846,-0.003663063,0.097085953,5.562615343,0.000000000,-0.000000000,8.000000000,2.500000000,3.319311380,190.182532986,0.000000000,-2.813282013,2.000000000,0.500000000,-2.912756920,-166.888678256,0.000000000,2.565571547,1.000000000,0.500000000,-0.167277336,-9.584285368,0.000000000,0.419957310,0.500000000,0.200000003,0.008244514,0.472375883,0.000000000,-0.000031460,0.000000000,0.100000001
2026-07-06 22:35:12.187,1783348512.187446833,99.034045610,1,1,99.016670644,1,0.000464165,5,1,0.005626853,5,1,0,0,0,0,1,1,1,0,1,0,-1.000000000,0.000000000,0.000000000,0.000000000,0,-1.000000000,0,0,0,,0,-1.000000000,,0,0,0.000000000,0.000000000,0,-1.000000000,0,,0,-1.000000000,,0,-1.000000000,0,,1,0.097085953,5.562615343,-0.007326126,-0.026862144,1,3.270100832,187.362976255,-0.002442360,-2.728204727,1,-2.897115707,-165.992502795,-0.002442360,2.536752701,1,-0.163844109,-9.387575920,-0.007326126,0.412698746,1,0.007861137,0.450409995,-0.012210846,-0.003663063,0.097085953,5.562615343,0.000000000,-0.000000000,8.000000000,2.500000000,3.319311380,190.182532986,0.000000000,-2.813282013,2.000000000,0.500000000,-2.912756920,-166.888678256,0.000000000,2.565571547,1.000000000,0.500000000,-0.167277336,-9.584285368,0.000000000,0.419957310,0.500000000,0.200000003,0.008244514,0.472375883,0.000000000,-0.000031460,0.000000000,0.100000001
2026-07-06 22:35:13.187,1783348513.187619209,100.034218146,1,1,100.016843180,1,0.000422332,5,1,0.005673549,5,1,0,0,0,0,1,1,1,0,1,0,-1.000000000,0.000000000,0.000000000,0.000000000,0,-1.000000000,0,0,0,,0,-1.000000000,,0,0,0.000000000,0.000000000,0,-1.000000000,0,,0,-1.000000000,,0,-1.000000000,0,,1,0.097085953,5.562615343,-0.021978378,-0.026862144,1,3.270100832,187.362976255,-0.002442360,-2.741880417,1,-2.897115707,-165.992502795,-0.002442360,2.536752701,1,-0.163844109,-9.387575920,0.007326126,0.412698746,1,0.007861137,0.450409995,-0.036628723,-0.003663063,0.097085953,5.562615343,0.000000000,-0.000000000,8.000000000,2.500000000,3.319311380,190.182532986,0.000000000,-2.813282013,2.000000000,0.500000000,-2.912756920,-166.888678256,0.000000000,2.565571547,1.000000000,0.500000000,-0.167277336,-9.584285368,0.000000000,0.419957310,0.500000000,0.200000003,0.008244514,0.472375883,0.000000000,-0.000031460,0.000000000,0.100000001
2026-07-06 22:35:14.187,1783348514.187867641,101.034466493,1,1,101.017091527,1,0.000356349,5,1,0.005683189,5,1,0,0,0,0,1,1,1,0,1,0,-1.000000000,0.000000000,0.000000000,0.000000000,0,-1.000000000,0,0,0,,0,-1.000000000,,0,0,0.000000000,0.000000000,0,-1.000000000,0,,0,-1.000000000,,0,-1.000000000,0,,1,0.097085953,5.562615343,-0.021978378,-0.021978378,1,3.270100832,187.362976255,0.002442360,-2.741880417,1,-2.897115707,-165.992502795,-0.002442360,2.536752701,1,-0.163844109,-9.387575920,-0.007326126,0.412698746,1,0.007861137,0.450409995,-0.012210846,-0.003663063,0.097085953,5.562615343,0.000000000,-0.000000000,8.000000000,2.500000000,3.319311380,190.182532986,0.000000000,-2.813282013,2.000000000,0.500000000,-2.912756920,-166.888678256,0.000000000,2.565571547,1.000000000,0.500000000,-0.167277336,-9.584285368,0.000000000,0.419957310,0.500000000,0.200000003,0.008244514,0.472375883,0.000000000,-0.000031460,0.000000000,0.100000001
2026-07-06 22:35:15.188,1783348515.187968969,102.034567734,1,1,102.017192768,1,0.000371348,5,1,0.005627441,5,1,0,0,0,0,1,1,1,0,1,0,-1.000000000,0.000000000,0.000000000,0.000000000,0,-1.000000000,0,0,0,,0,-1.000000000,,0,0,0.000000000,0.000000000,0,-1.000000000,0,,0,-1.000000000,,0,-1.000000000,0,,1,0.097085953,5.562615343,-0.007326126,-0.026862144,1,3.270100832,187.362976255,-0.002442360,-2.741880417,1,-2.897115707,-165.992502795,-0.002442360,2.550426483,1,-0.163844109,-9.387575920,0.007326126,0.412698746,1,0.007861137,0.450409995,-0.012210846,-0.003663063,0.097085953,5.562615343,0.000000000,-0.000000000,8.000000000,2.500000000,3.319311380,190.182532986,0.000000000,-2.813282013,2.000000000,0.500000000,-2.912756920,-166.888678256,0.000000000,2.565571547,1.000000000,0.500000000,-0.167277336,-9.584285368,0.000000000,0.419957310,0.500000000,0.200000003,0.008244514,0.472375883,0.000000000,-0.000031460,0.000000000,0.100000001
2026-07-06 22:35:16.188,1783348516.188133001,103.034731955,1,1,103.017356989,1,0.000316719,5,1,0.005530213,5,1,0,0,0,0,1,1,1,0,1,0,-1.000000000,0.000000000,0.000000000,0.000000000,0,-1.000000000,0,0,0,,0,-1.000000000,,0,0,0.000000000,0.000000000,0,-1.000000000,0,,0,-1.000000000,,0,-1.000000000,0,,1,0.097085953,5.562615343,-0.007326126,-0.031745911,1,3.270100832,187.362976255,-0.007326126,-2.741880417,1,-2.897115707,-165.992502795,-0.002442360,2.536752701,1,-0.163844109,-9.387575920,-0.007326126,0.412698746,1,0.007861137,0.450409995,-0.036628723,-0.003663063,0.097085953,5.562615343,0.000000000,-0.000000000,8.000000000,2.500000000,3.319311380,190.182532986,0.000000000,-2.813282013,2.000000000,0.500000000,-2.912756920,-166.888678256,0.000000000,2.565571547,1.000000000,0.500000000,-0.167277336,-9.584285368,0.000000000,0.419957310,0.500000000,0.200000003,0.008244514,0.472375883,0.000000000,-0.000031460,0.000000000,0.100000001
2026-07-06 22:35:17.188,1783348517.188343287,104.034942128,1,1,104.017567162,1,0.000297869,5,1,0.005566112,5,1,0,0,0,0,1,1,1,0,1,0,-1.000000000,0.000000000,0.000000000,0.000000000,0,-1.000000000,0,0,0,,0,-1.000000000,,0,0,0.000000000,0.000000000,0,-1.000000000,0,,0,-1.000000000,,0,-1.000000000,0,,1,0.097085953,5.562615343,-0.021978378,-0.026862144,1,3.270100832,187.362976255,-0.002442360,-2.728204727,1,-2.897115707,-165.992502795,-0.002442360,2.536752701,1,-0.163844109,-9.387575920,0.007326126,0.412698746,1,0.007861137,0.450409995,0.012210846,-0.003663063,0.097085953,5.562615343,0.000000000,-0.000000000,8.000000000,2.500000000,3.319311380,190.182532986,0.000000000,-2.813282013,2.000000000,0.500000000,-2.912756920,-166.888678256,0.000000000,2.565571547,1.000000000,0.500000000,-0.167277336,-9.584285368,0.000000000,0.419957310,0.500000000,0.200000003,0.008244514,0.472375883,0.000000000,-0.000031460,0.000000000,0.100000001
2026-07-06 22:35:18.188,1783348518.188522339,105.035121075,1,1,105.017746109,1,0.000380770,5,1,0.005596042,5,1,0,0,0,0,1,1,1,0,1,0,-1.000000000,0.000000000,0.000000000,0.000000000,0,-1.000000000,0,0,0,,0,-1.000000000,,0,0,0.000000000,0.000000000,0,-1.000000000,0,,0,-1.000000000,,0,-1.000000000,0,,1,0.097085953,5.562615343,-0.007326126,-0.021978378,1,3.270100832,187.362976255,-0.002442360,-2.728204727,1,-2.897115707,-165.992502795,-0.002442360,2.536752701,1,-0.163844109,-9.387575920,0.007326126,0.412698746,1,0.007861137,0.450409995,0.012210846,-0.003663063,0.097085953,5.562615343,0.000000000,-0.000000000,8.000000000,2.500000000,3.319311380,190.182532986,0.000000000,-2.813282013,2.000000000,0.500000000,-2.912756920,-166.888678256,0.000000000,2.565571547,1.000000000,0.500000000,-0.167277336,-9.584285368,0.000000000,0.419957310,0.500000000,0.200000003,0.008244514,0.472375883,0.000000000,-0.000031460,0.000000000,0.100000001
2026-07-06 22:35:19.188,1783348519.188691139,106.035290095,1,1,106.017915129,1,0.010041345,5,1,0.005782408,5,1,0,0,0,0,1,1,1,0,1,0,-1.000000000,0.000000000,0.000000000,0.000000000,0,-1.000000000,0,0,0,,0,-1.000000000,,0,0,0.000000000,0.000000000,0,-1.000000000,0,,0,-1.000000000,,0,-1.000000000,0,,1,0.097085953,5.562615343,-0.021978378,-0.026862144,1,3.270100832,187.362976255,-0.002442360,-2.741880417,1,-2.897115707,-165.992502795,-0.002442360,2.536752701,1,-0.163844109,-9.387575920,-0.036630630,0.412698746,1,0.007861137,0.450409995,-0.036628723,-0.003663063,0.097085953,5.562615343,0.000000000,-0.000000000,8.000000000,2.500000000,3.319311380,190.182532986,0.000000000,-2.813282013,2.000000000,0.500000000,-2.912756920,-166.888678256,0.000000000,2.565571547,1.000000000,0.500000000,-0.167277336,-9.584285368,0.000000000,0.419957310,0.500000000,0.200000003,0.008244514,0.472375883,0.000000000,-0.000031460,0.000000000,0.100000001
2026-07-06 22:35:20.188,1783348520.188852787,107.035451637,1,1,107.018076671,1,0.010067827,5,1,0.005768705,5,1,0,0,0,0,1,1,1,0,1,0,-1.000000000,0.000000000,0.000000000,0.000000000,0,-1.000000000,0,0,0,,0,-1.000000000,,0,0,0.000000000,0.000000000,0,-1.000000000,0,,0,-1.000000000,,0,-1.000000000,0,,1,0.097085953,5.562615343,-0.007326126,-0.026862144,1,3.270100832,187.362976255,0.002442360,-2.728204727,1,-2.897115707,-165.992502795,0.002442360,2.536752701,1,-0.163844109,-9.387575920,-0.007326126,0.412698746,1,0.007861137,0.450409995,0.012210846,-0.003663063,0.097085953,5.562615343,0.000000000,-0.000000000,8.000000000,2.500000000,3.319311380,190.182532986,0.000000000,-2.813282013,2.000000000,0.500000000,-2.912756920,-166.888678256,0.000000000,2.565571547,1.000000000,0.500000000,-0.167277336,-9.584285368,0.000000000,0.419957310,0.500000000,0.200000003,0.008244514,0.472375883,0.000000000,-0.000031460,0.000000000,0.100000001
2026-07-06 22:35:21.189,1783348521.189126730,108.035725378,1,1,108.018350412,1,0.010019903,5,1,0.005845521,5,1,0,0,0,0,1,1,1,0,1,0,-1.000000000,0.000000000,0.000000000,0.000000000,0,-1.000000000,0,0,0,,0,-1.000000000,,0,0,0.000000000,0.000000000,0,-1.000000000,0,,0,-1.000000000,,0,-1.000000000,0,,1,0.097085953,5.562615343,-0.007326126,-0.026862144,1,3.270100832,187.362976255,0.002442360,-2.741880417,1,-2.897115707,-165.992502795,-0.002442360,2.536752701,1,-0.163844109,-9.387575920,-0.021978378,0.412698746,1,0.007861137,0.450409995,-0.036628723,-0.003663063,0.097085953,5.562615343,0.000000000,-0.000000000,8.000000000,2.500000000,3.319311380,190.182532986,0.000000000,-2.813282013,2.000000000,0.500000000,-2.912756920,-166.888678256,0.000000000,2.565571547,1.000000000,0.500000000,-0.167277336,-9.584285368,0.000000000,0.419957310,0.500000000,0.200000003,0.008244514,0.472375883,0.000000000,-0.000031460,0.000000000,0.100000001
2026-07-06 22:35:22.189,1783348522.189217091,109.035815811,1,1,109.018440845,1,0.000147093,5,1,0.005611617,5,1,0,0,0,0,1,1,1,0,1,0,-1.000000000,0.000000000,0.000000000,0.000000000,0,-1.000000000,0,0,0,,0,-1.000000000,,0,0,0.000000000,0.000000000,0,-1.000000000,0,,0,-1.000000000,,0,-1.000000000,0,,1,0.097085953,5.562615343,-0.007326126,-0.026862144,1,3.270100832,187.362976255,-0.002442360,-2.741880417,1,-2.897115707,-165.992502795,-0.002442360,2.550426483,1,-0.163844109,-9.387575920,-0.021978378,0.412698746,1,0.007861137,0.450409995,0.012210846,-0.003663063,0.097085953,5.562615343,0.000000000,-0.000000000,8.000000000,2.500000000,3.319311380,190.182532986,0.000000000,-2.813282013,2.000000000,0.500000000,-2.912756920,-166.888678256,0.000000000,2.565571547,1.000000000,0.500000000,-0.167277336,-9.584285368,0.000000000,0.419957310,0.500000000,0.200000003,0.008244514,0.472375883,0.000000000,-0.000031460,0.000000000,0.100000001
2026-07-06 22:35:23.189,1783348523.189561129,110.036159918,1,1,110.018784952,1,0.010440183,5,1,0.005597880,5,1,0,0,0,0,1,1,1,0,1,0,-1.000000000,0.000000000,0.000000000,0.000000000,0,-1.000000000,0,0,0,,0,-1.000000000,,0,0,0.000000000,0.000000000,0,-1.000000000,0,,0,-1.000000000,,0,-1.000000000,0,,1,0.097085953,5.562615343,-0.007326126,-0.026862144,1,3.270100832,187.362976255,-0.002442360,-2.741880417,1,-2.897115707,-165.992502795,-0.007326126,2.536752701,1,-0.163844109,-9.387575920,-0.007326126,0.412698746,1,0.007861137,0.450409995,-0.012210846,-0.003663063,0.097085953,5.562615343,0.000000000,-0.000000000,8.000000000,2.500000000,3.319311380,190.182532986,0.000000000,-2.813282013,2.000000000,0.500000000,-2.912756920,-166.888678256,0.000000000,2.565571547,1.000000000,0.500000000,-0.167277336,-9.584285368,0.000000000,0.419957310,0.500000000,0.200000003,0.008244514,0.472375883,0.000000000,-0.000031460,0.000000000,0.100000001
2026-07-06 22:35:24.189,1783348524.189604044,111.036202990,1,1,111.018828024,1,0.000251537,5,1,0.005575183,5,1,0,0,0,0,1,1,1,0,1,0,-1.000000000,0.000000000,0.000000000,0.000000000,0,-1.000000000,0,0,0,,0,-1.000000000,,0,0,0.000000000,0.000000000,0,-1.000000000,0,,0,-1.000000000,,0,-1.000000000,0,,1,0.097085953,5.562615343,-0.021978378,-0.026862144,1,3.270100832,187.362976255,-0.007326126,-2.741880417,1,-2.897115707,-165.992502795,-0.002442360,2.536752701,1,-0.163844109,-9.387575920,-0.007326126,0.407814026,1,0.007861137,0.450409995,0.012210846,-0.003663063,0.097085953,5.562615343,0.000000000,-0.000000000,8.000000000,2.500000000,3.319311380,190.182532986,0.000000000,-2.813282013,2.000000000,0.500000000,-2.912756920,-166.888678256,0.000000000,2.565571547,1.000000000,0.500000000,-0.167277336,-9.584285368,0.000000000,0.419957310,0.500000000,0.200000003,0.008244514,0.472375883,0.000000000,-0.000031460,0.000000000,0.100000001
2026-07-06 22:35:25.189,1783348525.189792156,112.036390985,1,1,112.019016019,1,0.010034633,5,1,0.005619716,5,1,0,0,0,0,1,1,1,0,1,0,-1.000000000,0.000000000,0.000000000,0.000000000,0,-1.000000000,0,0,0,,0,-1.000000000,,0,0,0.000000000,0.000000000,0,-1.000000000,0,,0,-1.000000000,,0,-1.000000000,0,,1,0.097085953,5.562615343,-0.021978378,-0.026862144,1,3.270100832,187.362976255,-0.002442360,-2.741880417,1,-2.897115707,-165.992502795,-0.002442360,2.550426483,1,-0.163844109,-9.387575920,-0.007326126,0.407814026,1,0.007861137,0.450409995,-0.012210846,-0.003663063,0.097085953,5.562615343,0.000000000,-0.000000000,8.000000000,2.500000000,3.319311380,190.182532986,0.000000000,-2.813282013,2.000000000,0.500000000,-2.912756920,-166.888678256,0.000000000,2.565571547,1.000000000,0.500000000,-0.167277336,-9.584285368,0.000000000,0.419957310,0.500000000,0.200000003,0.008244514,0.472375883,0.000000000,-0.000031460,0.000000000,0.100000001
2026-07-06 22:35:26.190,1783348526.190086126,113.036684976,1,1,113.019310010,1,0.010173731,5,1,0.005803861,5,1,0,0,0,0,1,1,1,0,1,0,-1.000000000,0.000000000,0.000000000,0.000000000,0,-1.000000000,0,0,0,,0,-1.000000000,,0,0,0.000000000,0.000000000,0,-1.000000000,0,,0,-1.000000000,,0,-1.000000000,0,,1,0.097085953,5.562615343,-0.007326126,-0.026862144,1,3.270100832,187.362976255,-0.007326126,-2.741880417,1,-2.897115707,-165.992502795,-0.002442360,2.536752701,1,-0.163844109,-9.387575920,-0.007326126,0.412698746,1,0.007861137,0.450409995,-0.012210846,-0.003663063,0.097085953,5.562615343,0.000000000,-0.000000000,8.000000000,2.500000000,3.319311380,190.182532986,0.000000000,-2.813282013,2.000000000,0.500000000,-2.912756920,-166.888678256,0.000000000,2.565571547,1.000000000,0.500000000,-0.167277336,-9.584285368,0.000000000,0.419957310,0.500000000,0.200000003,0.008244514,0.472375883,0.000000000,-0.000031460,0.000000000,0.100000001
2026-07-06 22:35:27.190,1783348527.190135717,114.036734552,1,1,114.019359586,1,0.000314437,5,1,0.005386753,5,1,0,0,0,0,1,1,1,0,1,0,-1.000000000,0.000000000,0.000000000,0.000000000,0,-1.000000000,0,0,0,,0,-1.000000000,,0,0,0.000000000,0.000000000,0,-1.000000000,0,,0,-1.000000000,,0,-1.000000000,0,,1,0.097085953,5.562615343,-0.007326126,-0.021978378,1,3.270100832,187.362976255,-0.002442360,-2.741880417,1,-2.897115707,-165.992502795,-0.002442360,2.536752701,1,-0.163844109,-9.387575920,-0.007326126,0.412698746,1,0.007861137,0.450409995,0.012210846,-0.003663063,0.097085953,5.562615343,0.000000000,-0.000000000,8.000000000,2.500000000,3.319311380,190.182532986,0.000000000,-2.813282013,2.000000000,0.500000000,-2.912756920,-166.888678256,0.000000000,2.565571547,1.000000000,0.500000000,-0.167277336,-9.584285368,0.000000000,0.419957310,0.500000000,0.200000003,0.008244514,0.472375883,0.000000000,-0.000031460,0.000000000,0.100000001
2026-07-06 22:35:28.190,1783348528.190318584,115.036917315,1,1,115.019542349,1,0.000280110,5,1,0.005590570,5,1,0,0,0,0,1,1,1,0,1,0,-1.000000000,0.000000000,0.000000000,0.000000000,0,-1.000000000,0,0,0,,0,-1.000000000,,0,0,0.000000000,0.000000000,0,-1.000000000,0,,0,-1.000000000,,0,-1.000000000,0,,1,0.097085953,5.562615343,-0.007326126,-0.026862144,1,3.270100832,187.362976255,-0.002442360,-2.728204727,1,-2.897115707,-165.992502795,-0.002442360,2.536752701,1,-0.163844109,-9.387575920,0.007326126,0.412698746,1,0.007861137,0.450409995,0.012210846,-0.003663063,0.097085953,5.562615343,0.000000000,-0.000000000,8.000000000,2.500000000,3.319311380,190.182532986,0.000000000,-2.813282013,2.000000000,0.500000000,-2.912756920,-166.888678256,0.000000000,2.565571547,1.000000000,0.500000000,-0.167277336,-9.584285368,0.000000000,0.419957310,0.500000000,0.200000003,0.008244514,0.472375883,0.000000000,-0.000031460,0.000000000,0.100000001
2026-07-06 22:35:29.190,1783348529.190519571,116.037118344,1,1,116.019743378,1,0.010273423,5,1,0.005704219,5,1,0,0,0,0,1,1,1,0,1,0,-1.000000000,0.000000000,0.000000000,0.000000000,0,-1.000000000,0,0,0,,0,-1.000000000,,0,0,0.000000000,0.000000000,0,-1.000000000,0,,0,-1.000000000,,0,-1.000000000,0,,1,0.097085953,5.562615343,-0.007326126,-0.026862144,1,3.270100832,187.362976255,0.002442360,-2.728204727,1,-2.897115707,-165.992502795,0.002442360,2.536752701,1,-0.163844109,-9.387575920,-0.007326126,0.412698746,1,0.007861137,0.450409995,-0.012210846,-0.003663063,0.097085953,5.562615343,0.000000000,-0.000000000,8.000000000,2.500000000,3.319311380,190.182532986,0.000000000,-2.813282013,2.000000000,0.500000000,-2.912756920,-166.888678256,0.000000000,2.565571547,1.000000000,0.500000000,-0.167277336,-9.584285368,0.000000000,0.419957310,0.500000000,0.200000003,0.008244514,0.472375883,0.000000000,-0.000031460,0.000000000,0.100000001
2026-07-06 22:35:30.190,1783348530.190745831,117.037344595,1,1,117.019969629,1,0.000564794,5,1,0.005437270,5,1,0,0,0,0,1,1,1,0,1,0,-1.000000000,0.000000000,0.000000000,0.000000000,0,-1.000000000,0,0,0,,0,-1.000000000,,0,0,0.000000000,0.000000000,0,-1.000000000,0,,0,-1.000000000,,0,-1.000000000,0,,1,0.097085953,5.562615343,-0.021978378,-0.026862144,1,3.270100832,187.362976255,-0.002442360,-2.741880417,1,-2.897115707,-165.992502795,-0.002442360,2.536752701,1,-0.163844109,-9.387575920,-0.021978378,0.412698746,1,0.007861137,0.450409995,-0.036628723,-0.003663063,0.097085953,5.562615343,0.000000000,-0.000000000,8.000000000,2.500000000,3.319311380,190.182532986,0.000000000,-2.813282013,2.000000000,0.500000000,-2.912756920,-166.888678256,0.000000000,2.565571547,1.000000000,0.500000000,-0.167277336,-9.584285368,0.000000000,0.419957310,0.500000000,0.200000003,0.008244514,0.472375883,0.000000000,-0.000031460,0.000000000,0.100000001
2026-07-06 22:35:31.190,1783348531.190872669,118.037471406,1,1,118.020096440,1,0.000340213,5,1,0.005635657,5,1,0,0,0,0,1,1,1,0,1,0,-1.000000000,0.000000000,0.000000000,0.000000000,0,-1.000000000,0,0,0,,0,-1.000000000,,0,0,0.000000000,0.000000000,0,-1.000000000,0,,0,-1.000000000,,0,-1.000000000,0,,1,0.097085953,5.562615343,-0.007326126,-0.026862144,1,3.270100832,187.362976255,0.002442360,-2.741880417,1,-2.897115707,-165.992502795,0.002442360,2.536752701,1,-0.163844109,-9.387575920,-0.007326126,0.412698746,1,0.007861137,0.450409995,0.012210846,-0.003663063,0.097085953,5.562615343,0.000000000,-0.000000000,8.000000000,2.500000000,3.319311380,190.182532986,0.000000000,-2.813282013,2.000000000,0.500000000,-2.912756920,-166.888678256,0.000000000,2.565571547,1.000000000,0.500000000,-0.167277336,-9.584285368,0.000000000,0.419957310,0.500000000,0.200000003,0.008244514,0.472375883,0.000000000,-0.000031460,0.000000000,0.100000001
2026-07-06 22:35:32.191,1783348532.191075325,119.037674204,1,1,119.020299238,1,0.000318830,5,1,0.005565799,5,1,0,0,0,0,1,1,1,0,1,0,-1.000000000,0.000000000,0.000000000,0.000000000,0,-1.000000000,0,0,0,,0,-1.000000000,,0,0,0.000000000,0.000000000,0,-1.000000000,0,,0,-1.000000000,,0,-1.000000000,0,,1,0.097085953,5.562615343,-0.007326126,-0.026862144,1,3.270100832,187.362976255,0.002442360,-2.728204727,1,-2.897115707,-165.992502795,-0.007326126,2.550426483,1,-0.163844109,-9.387575920,-0.021978378,0.412698746,1,0.007861137,0.450409995,-0.012210846,-0.003663063,0.097085953,5.562615343,0.000000000,-0.000000000,8.000000000,2.500000000,3.319311380,190.182532986,0.000000000,-2.813282013,2.000000000,0.500000000,-2.912756920,-166.888678256,0.000000000,2.565571547,1.000000000,0.500000000,-0.167277336,-9.584285368,0.000000000,0.419957310,0.500000000,0.200000003,0.008244514,0.472375883,0.000000000,-0.000031460,0.000000000,0.100000001
2026-07-06 22:35:33.191,1783348533.191207647,120.037806450,1,1,120.020431484,1,0.010092201,5,1,0.005398811,5,1,0,0,0,0,1,1,1,0,1,0,-1.000000000,0.000000000,0.000000000,0.000000000,0,-1.000000000,0,0,0,,0,-1.000000000,,0,0,0.000000000,0.000000000,0,-1.000000000,0,,0,-1.000000000,,0,-1.000000000,0,,1,0.097085953,5.562615343,-0.007326126,-0.026862144,1,3.270100832,187.362976255,0.002442360,-2.741880417,1,-2.897115707,-165.992502795,-0.002442360,2.536752701,1,-0.163844109,-9.387575920,-0.007326126,0.407814026,1,0.007861137,0.450409995,-0.012210846,-0.003663063,0.097085953,5.562615343,0.000000000,-0.000000000,8.000000000,2.500000000,3.319311380,190.182532986,0.000000000,-2.813282013,2.000000000,0.500000000,-2.912756920,-166.888678256,0.000000000,2.565571547,1.000000000,0.500000000,-0.167277336,-9.584285368,0.000000000,0.419957310,0.500000000,0.200000003,0.008244514,0.472375883,0.000000000,-0.000031460,0.000000000,0.100000001
2026-07-06 22:35:34.191,1783348534.191432714,121.038031450,1,1,121.020656484,1,0.000252947,5,1,0.005582676,5,1,0,0,0,0,1,1,1,0,1,0,-1.000000000,0.000000000,0.000000000,0.000000000,0,-1.000000000,0,0,0,,0,-1.000000000,,0,0,0.000000000,0.000000000,0,-1.000000000,0,,0,-1.000000000,,0,-1.000000000,0,,1,0.097085953,5.562615343,0.007326126,-0.026862144,1,3.270100832,187.362976255,-0.002442360,-2.728204727,1,-2.897115707,-165.992502795,-0.002442360,2.536752701,1,-0.163844109,-9.387575920,-0.021978378,0.412698746,1,0.007861137,0.450409995,-0.012210846,-0.006104946,0.097085953,5.562615343,0.000000000,-0.000000000,8.000000000,2.500000000,3.319311380,190.182532986,0.000000000,-2.813282013,2.000000000,0.500000000,-2.912756920,-166.888678256,0.000000000,2.565571547,1.000000000,0.500000000,-0.167277336,-9.584285368,0.000000000,0.419957310,0.500000000,0.200000003,0.008244514,0.472375883,0.000000000,-0.000031460,0.000000000,0.100000001
2026-07-06 22:35:35.191,1783348535.191693544,122.038292356,1,1,122.020917390,1,0.000451998,5,1,0.005734196,5,1,0,0,0,0,1,1,1,0,1,0,-1.000000000,0.000000000,0.000000000,0.000000000,0,-1.000000000,0,0,0,,0,-1.000000000,,0,0,0.000000000,0.000000000,0,-1.000000000,0,,0,-1.000000000,,0,-1.000000000,0,,1,0.097085953,5.562615343,-0.007326126,-0.026862144,1,3.270100832,187.362976255,-0.002442360,-2.741880417,1,-2.897115707,-165.992502795,-0.002442360,2.536752701,1,-0.163844109,-9.387575920,-0.007326126,0.412698746,1,0.007861137,0.450409995,0.012210846,-0.003663063,0.097085953,5.562615343,0.000000000,-0.000000000,8.000000000,2.500000000,3.319311380,190.182532986,0.000000000,-2.813282013,2.000000000,0.500000000,-2.912756920,-166.888678256,0.000000000,2.565571547,1.000000000,0.500000000,-0.167277336,-9.584285368,0.000000000,0.419957310,0.500000000,0.200000003,0.008244514,0.472375883,0.000000000,-0.000031460,0.000000000,0.100000001
2026-07-06 22:35:36.191,1783348536.191804409,123.038403118,1,1,123.021028152,1,0.000384626,5,1,0.005577251,5,1,0,0,0,0,1,1,1,0,1,0,-1.000000000,0.000000000,0.000000000,0.000000000,0,-1.000000000,0,0,0,,0,-1.000000000,,0,0,0.000000000,0.000000000,0,-1.000000000,0,,0,-1.000000000,,0,-1.000000000,0,,1,0.097085953,5.562615343,-0.007326126,-0.026862144,1,3.270100832,187.362976255,0.002442360,-2.741880417,1,-2.897115707,-165.992502795,0.002442360,2.536752701,1,-0.163844109,-9.387575920,-0.007326126,0.412698746,1,0.007861137,0.450409995,-0.012210846,-0.003663063,0.097085953,5.562615343,0.000000000,-0.000000000,8.000000000,2.500000000,3.319311380,190.182532986,0.000000000,-2.813282013,2.000000000,0.500000000,-2.912756920,-166.888678256,0.000000000,2.565571547,1.000000000,0.500000000,-0.167277336,-9.584285368,0.000000000,0.419957310,0.500000000,0.200000003,0.008244514,0.472375883,0.000000000,-0.000031460,0.000000000,0.100000001
2026-07-06 22:35:37.192,1783348537.192010403,124.038609210,1,1,124.021234244,1,0.000270805,5,1,0.005576924,5,1,0,0,0,0,1,1,1,0,1,0,-1.000000000,0.000000000,0.000000000,0.000000000,0,-1.000000000,0,0,0,,0,-1.000000000,,0,0,0.000000000,0.000000000,0,-1.000000000,0,,0,-1.000000000,,0,-1.000000000,0,,1,0.097085953,5.562615343,0.007326126,-0.021978378,1,3.270100832,187.362976255,-0.007326126,-2.741880417,1,-2.897115707,-165.992502795,-0.002442360,2.550426483,1,-0.163844109,-9.387575920,-0.007326126,0.412698746,1,0.007861137,0.450409995,-0.036628723,-0.003663063,0.097085953,5.562615343,0.000000000,-0.000000000,8.000000000,2.500000000,3.319311380,190.182532986,0.000000000,-2.813282013,2.000000000,0.500000000,-2.912756920,-166.888678256,0.000000000,2.565571547,1.000000000,0.500000000,-0.167277336,-9.584285368,0.000000000,0.419957310,0.500000000,0.200000003,0.008244514,0.472375883,0.000000000,-0.000031460,0.000000000,0.100000001
2026-07-06 22:35:38.192,1783348538.192236185,125.038835191,1,1,125.021460225,1,0.000460276,5,1,0.005642830,5,1,0,0,0,0,1,1,1,0,1,0,-1.000000000,0.000000000,0.000000000,0.000000000,0,-1.000000000,0,0,0,,0,-1.000000000,,0,0,0.000000000,0.000000000,0,-1.000000000,0,,0,-1.000000000,,0,-1.000000000,0,,1,0.097085953,5.562615343,0.007326126,-0.026862144,1,3.270100832,187.362976255,-0.002442360,-2.728204727,1,-2.897115707,-165.992502795,0.002442360,2.550426483,1,-0.163844109,-9.387575920,-0.007326126,0.412698746,1,0.007861137,0.450409995,-0.012210846,-0.003663063,0.097085953,5.562615343,0.000000000,-0.000000000,8.000000000,2.500000000,3.319311380,190.182532986,0.000000000,-2.813282013,2.000000000,0.500000000,-2.912756920,-166.888678256,0.000000000,2.565571547,1.000000000,0.500000000,-0.167277336,-9.584285368,0.000000000,0.419957310,0.500000000,0.200000003,0.008244514,0.472375883,0.000000000,-0.000031460,0.000000000,0.100000001
2026-07-06 22:35:39.192,1783348539.192353487,126.038952303,1,1,126.021577337,1,0.000492811,5,1,0.005450677,5,1,0,0,0,0,1,1,1,0,1,0,-1.000000000,0.000000000,0.000000000,0.000000000,0,-1.000000000,0,0,0,,0,-1.000000000,,0,0,0.000000000,0.000000000,0,-1.000000000,0,,0,-1.000000000,,0,-1.000000000,0,,1,0.097085953,5.562615343,-0.007326126,-0.021978378,1,3.270100832,187.362976255,-0.007326126,-2.741880417,1,-2.897115707,-165.992502795,-0.002442360,2.550426483,1,-0.163844109,-9.387575920,-0.007326126,0.412698746,1,0.007861137,0.450409995,-0.012210846,-0.003663063,0.097085953,5.562615343,0.000000000,-0.000000000,8.000000000,2.500000000,3.319311380,190.182532986,0.000000000,-2.813282013,2.000000000,0.500000000,-2.912756920,-166.888678256,0.000000000,2.565571547,1.000000000,0.500000000,-0.167277336,-9.584285368,0.000000000,0.419957310,0.500000000,0.200000003,0.008244514,0.472375883,0.000000000,-0.000031460,0.000000000,0.100000001
2026-07-06 22:35:40.192,1783348540.192582369,127.039181119,1,1,127.021806153,1,0.000219701,5,1,0.005681032,5,1,0,0,0,0,1,1,1,0,1,0,-1.000000000,0.000000000,0.000000000,0.000000000,0,-1.000000000,0,0,0,,0,-1.000000000,,0,0,0.000000000,0.000000000,0,-1.000000000,0,,0,-1.000000000,,0,-1.000000000,0,,1,0.097085953,5.562615343,-0.007326126,-0.026862144,1,3.270100832,187.362976255,-0.002442360,-2.728204727,1,-2.897115707,-165.992502795,-0.007326126,2.536752701,1,-0.163844109,-9.387575920,-0.021978378,0.412698746,1,0.007861137,0.450409995,-0.012210846,-0.003663063,0.097085953,5.562615343,0.000000000,-0.000000000,8.000000000,2.500000000,3.319311380,190.182532986,0.000000000,-2.813282013,2.000000000,0.500000000,-2.912756920,-166.888678256,0.000000000,2.565571547,1.000000000,0.500000000,-0.167277336,-9.584285368,0.000000000,0.419957310,0.500000000,0.200000003,0.008244514,0.472375883,0.000000000,-0.000031460,0.000000000,0.100000001
2026-07-06 22:35:41.192,1783348541.192764521,128.039363200,1,1,128.021988234,1,0.000253281,5,1,0.005612664,5,1,0,0,0,0,1,1,1,0,1,0,-1.000000000,0.000000000,0.000000000,0.000000000,0,-1.000000000,0,0,0,,0,-1.000000000,,0,0,0.000000000,0.000000000,0,-1.000000000,0,,0,-1.000000000,,0,-1.000000000,0,,1,0.097085953,5.562615343,-0.007326126,-0.026862144,1,3.270100832,187.362976255,-0.002442360,-2.728204727,1,-2.897115707,-165.992502795,0.002442360,2.550426483,1,-0.163844109,-9.387575920,-0.007326126,0.412698746,1,0.007861137,0.450409995,-0.012210846,-0.003663063,0.097085953,5.562615343,0.000000000,-0.000000000,8.000000000,2.500000000,3.319311380,190.182532986,0.000000000,-2.813282013,2.000000000,0.500000000,-2.912756920,-166.888678256,0.000000000,2.565571547,1.000000000,0.500000000,-0.167277336,-9.584285368,0.000000000,0.419957310,0.500000000,0.200000003,0.008244514,0.472375883,0.000000000,-0.000031460,0.000000000,0.100000001
2026-07-06 22:35:42.193,1783348542.193077326,129.039676082,1,1,129.022301116,1,0.009406000,5,1,0.005644452,5,1,0,0,0,0,1,1,1,0,1,0,-1.000000000,0.000000000,0.000000000,0.000000000,0,-1.000000000,0,0,0,,0,-1.000000000,,0,0,0.000000000,0.000000000,0,-1.000000000,0,,0,-1.000000000,,0,-1.000000000,0,,1,0.097085953,5.562615343,-0.007326126,-0.026862144,1,3.270100832,187.362976255,-0.002442360,-2.728204727,1,-2.897115707,-165.992502795,-0.002442360,2.536752701,1,-0.163844109,-9.387575920,-0.021978378,0.412698746,1,0.007861137,0.450409995,-0.012210846,-0.003663063,0.097085953,5.562615343,0.000000000,-0.000000000,8.000000000,2.500000000,3.319311380,190.182532986,0.000000000,-2.813282013,2.000000000,0.500000000,-2.912756920,-166.888678256,0.000000000,2.565571547,1.000000000,0.500000000,-0.167277336,-9.584285368,0.000000000,0.419957310,0.500000000,0.200000003,0.008244514,0.472375883,0.000000000,-0.000031460,0.000000000,0.100000001
2026-07-06 22:35:43.193,1783348543.193176270,130.039775140,1,1,130.022400174,1,0.009401692,5,1,0.005604582,5,1,0,0,0,0,1,1,1,0,1,0,-1.000000000,0.000000000,0.000000000,0.000000000,0,-1.000000000,0,0,0,,0,-1.000000000,,0,0,0.000000000,0.000000000,0,-1.000000000,0,,0,-1.000000000,,0,-1.000000000,0,,1,0.097085953,5.562615343,-0.007326126,-0.031745911,1,3.270100832,187.362976255,-0.002442360,-2.741880417,1,-2.897115707,-165.992502795,-0.002442360,2.536752701,1,-0.163844109,-9.387575920,0.007326126,0.412698746,1,0.007861137,0.450409995,-0.012210846,-0.003663063,0.097085953,5.562615343,0.000000000,-0.000000000,8.000000000,2.500000000,3.319311380,190.182532986,0.000000000,-2.813282013,2.000000000,0.500000000,-2.912756920,-166.888678256,0.000000000,2.565571547,1.000000000,0.500000000,-0.167277336,-9.584285368,0.000000000,0.419957310,0.500000000,0.200000003,0.008244514,0.472375883,0.000000000,-0.000031460,0.000000000,0.100000001
2026-07-06 22:35:44.193,1783348544.193390608,131.039989389,1,1,131.022614423,1,0.008654637,5,1,0.005571089,5,1,0,0,0,0,1,1,1,0,1,0,-1.000000000,0.000000000,0.000000000,0.000000000,0,-1.000000000,0,0,0,,0,-1.000000000,,0,0,0.000000000,0.000000000,0,-1.000000000,0,,0,-1.000000000,,0,-1.000000000,0,,1,0.097085953,5.562615343,0.007326126,-0.021978378,1,3.270100832,187.362976255,-0.002442360,-2.741880417,1,-2.897115707,-165.992502795,-0.007326126,2.536752701,1,-0.163844109,-9.387575920,-0.007326126,0.412698746,1,0.007477760,0.428444106,-0.061050415,-0.003663063,0.097085953,5.562615343,0.000000000,-0.000000000,8.000000000,2.500000000,3.319311380,190.182532986,0.000000000,-2.813282013,2.000000000,0.500000000,-2.912756920,-166.888678256,0.000000000,2.565571547,1.000000000,0.500000000,-0.167277336,-9.584285368,0.000000000,0.419957310,0.500000000,0.200000003,0.008244514,0.472375883,0.000000000,-0.000031460,0.000000000,0.100000001
2026-07-06 22:35:45.193,1783348545.193633080,132.040231872,1,1,132.022856906,1,0.009461931,5,1,0.005703362,5,1,0,0,0,0,1,1,1,0,1,0,-1.000000000,0.000000000,0.000000000,0.000000000,0,-1.000000000,0,0,0,,0,-1.000000000,,0,0,0.000000000,0.000000000,0,-1.000000000,0,,0,-1.000000000,,0,-1.000000000,0,,1,0.097085953,5.562615343,0.007326126,-0.021978378,1,3.270100832,187.362976255,-0.007326126,-2.741880417,1,-2.897115707,-165.992502795,-0.002442360,2.550426483,1,-0.163844109,-9.387575920,-0.007326126,0.407814026,1,0.007861137,0.450409995,-0.036628723,-0.003663063,0.097085953,5.562615343,0.000000000,-0.000000000,8.000000000,2.500000000,3.319311380,190.182532986,0.000000000,-2.813282013,2.000000000,0.500000000,-2.912756920,-166.888678256,0.000000000,2.565571547,1.000000000,0.500000000,-0.167277336,-9.584285368,0.000000000,0.419957310,0.500000000,0.200000003,0.008244514,0.472375883,0.000000000,-0.000031460,0.000000000,0.100000001
2026-07-06 22:35:46.193,1783348546.193737268,133.040335992,1,1,133.022961026,1,0.009451610,5,1,0.005545922,5,1,0,0,0,0,1,1,1,0,1,0,-1.000000000,0.000000000,0.000000000,0.000000000,0,-1.000000000,0,0,0,,0,-1.000000000,,0,0,0.000000000,0.000000000,0,-1.000000000,0,,0,-1.000000000,,0,-1.000000000,0,,1,0.097085953,5.562615343,-0.007326126,-0.026862144,1,3.270100832,187.362976255,-0.002442360,-2.741880417,1,-2.897115707,-165.992502795,-0.007326126,2.536752701,1,-0.163844109,-9.387575920,-0.007326126,0.407814026,1,0.007861137,0.450409995,-0.012210846,-0.003663063,0.097085953,5.562615343,0.000000000,-0.000000000,8.000000000,2.500000000,3.319311380,190.182532986,0.000000000,-2.813282013,2.000000000,0.500000000,-2.912756920,-166.888678256,0.000000000,2.565571547,1.000000000,0.500000000,-0.167277336,-9.584285368,0.000000000,0.419957310,0.500000000,0.200000003,0.008244514,0.472375883,0.000000000,-0.000031460,0.000000000,0.100000001
2026-07-06 22:35:47.193,1783348547.193916321,134.040515291,1,1,134.023140325,1,0.008642296,5,1,0.005629702,5,1,0,0,0,0,1,1,1,0,1,0,-1.000000000,0.000000000,0.000000000,0.000000000,0,-1.000000000,0,0,0,,0,-1.000000000,,0,0,0.000000000,0.000000000,0,-1.000000000,0,,0,-1.000000000,,0,-1.000000000,0,,1,0.097085953,5.562615343,-0.007326126,-0.026862144,1,3.270100832,187.362976255,-0.002442360,-2.728204727,1,-2.897115707,-165.992502795,-0.002442360,2.536752701,1,-0.163844109,-9.387575920,-0.007326126,0.407814026,1,0.007861137,0.450409995,0.012210846,-0.003663063,0.097085953,5.562615343,0.000000000,-0.000000000,8.000000000,2.500000000,3.319311380,190.182532986,0.000000000,-2.813282013,2.000000000,0.500000000,-2.912756920,-166.888678256,0.000000000,2.565571547,1.000000000,0.500000000,-0.167277336,-9.584285368,0.000000000,0.419957310,0.500000000,0.200000003,0.008244514,0.472375883,0.000000000,-0.000031460,0.000000000,0.100000001
2026-07-06 22:35:48.194,1783348548.194126368,135.040725096,1,1,135.023350130,1,0.008193321,5,1,0.005599511,5,1,0,0,0,0,1,1,1,0,1,0,-1.000000000,0.000000000,0.000000000,0.000000000,0,-1.000000000,0,0,0,,0,-1.000000000,,0,0,0.000000000,0.000000000,0,-1.000000000,0,,0,-1.000000000,,0,-1.000000000,0,,1,0.097085953,5.562615343,-0.007326126,-0.026862144,1,3.270100832,187.362976255,-0.002442360,-2.741880417,1,-2.897115707,-165.992502795,-0.002442360,2.536752701,1,-0.163844109,-9.387575920,-0.007326126,0.412698746,1,0.007861137,0.450409995,-0.012210846,-0.003663063,0.097085953,5.562615343,0.000000000,-0.000000000,8.000000000,2.500000000,3.319311380,190.182532986,0.000000000,-2.813282013,2.000000000,0.500000000,-2.912756920,-166.888678256,0.000000000,2.565571547,1.000000000,0.500000000,-0.167277336,-9.584285368,0.000000000,0.419957310,0.500000000,0.200000003,0.008244514,0.472375883,0.000000000,-0.000031460,0.000000000,0.100000001
2026-07-06 22:35:49.194,1783348549.194331884,136.040930662,1,1,136.023555696,1,0.009301207,5,1,0.005607721,5,1,0,0,0,0,1,1,1,0,1,0,-1.000000000,0.000000000,0.000000000,0.000000000,0,-1.000000000,0,0,0,,0,-1.000000000,,0,0,0.000000000,0.000000000,0,-1.000000000,0,,0,-1.000000000,,0,-1.000000000,0,,1,0.097085953,5.562615343,0.007326126,-0.021978378,1,3.270100832,187.362976255,0.002442360,-2.741880417,1,-2.897115707,-165.992502795,-0.002442360,2.550426483,1,-0.163844109,-9.387575920,-0.007326126,0.412698746,1,0.007861137,0.450409995,-0.012210846,-0.003663063,0.097085953,5.562615343,0.000000000,-0.000000000,8.000000000,2.500000000,3.319311380,190.182532986,0.000000000,-2.813282013,2.000000000,0.500000000,-2.912756920,-166.888678256,0.000000000,2.565571547,1.000000000,0.500000000,-0.167277336,-9.584285368,0.000000000,0.419957310,0.500000000,0.200000003,0.008244514,0.472375883,0.000000000,-0.000031460,0.000000000,0.100000001
2026-07-06 22:35:50.194,1783348550.194475174,137.041074114,1,1,137.023699148,1,0.009058417,5,1,0.005658191,5,1,0,0,0,0,1,1,1,0,1,0,-1.000000000,0.000000000,0.000000000,0.000000000,0,-1.000000000,0,0,0,,0,-1.000000000,,0,0,0.000000000,0.000000000,0,-1.000000000,0,,0,-1.000000000,,0,-1.000000000,0,,1,0.097085953,5.562615343,-0.007326126,-0.026862144,1,3.270100832,187.362976255,-0.002442360,-2.741880417,1,-2.897115707,-165.992502795,-0.002442360,2.550426483,1,-0.163844109,-9.387575920,-0.007326126,0.412698746,1,0.007861137,0.450409995,-0.012210846,-0.003663063,0.097085953,5.562615343,0.000000000,-0.000000000,8.000000000,2.500000000,3.319311380,190.182532986,0.000000000,-2.813282013,2.000000000,0.500000000,-2.912756920,-166.888678256,0.000000000,2.565571547,1.000000000,0.500000000,-0.167277336,-9.584285368,0.000000000,0.419957310,0.500000000,0.200000003,0.008244514,0.472375883,0.000000000,-0.000031460,0.000000000,0.100000001
2026-07-06 22:35:51.194,1783348551.194740534,138.041339346,1,1,138.023964380,1,0.009344028,5,1,0.005716460,5,1,0,0,0,0,1,1,1,0,1,0,-1.000000000,0.000000000,0.000000000,0.000000000,0,-1.000000000,0,0,0,,0,-1.000000000,,0,0,0.000000000,0.000000000,0,-1.000000000,0,,0,-1.000000000,,0,-1.000000000,0,,1,0.097085953,5.562615343,-0.007326126,-0.026862144,1,3.270100832,187.362976255,-0.002442360,-2.741880417,1,-2.897115707,-165.992502795,0.002442360,2.536752701,1,-0.163844109,-9.387575920,-0.007326126,0.412698746,1,0.007861137,0.450409995,-0.036628723,-0.003663063,0.097085953,5.562615343,0.000000000,-0.000000000,8.000000000,2.500000000,3.319311380,190.182532986,0.000000000,-2.813282013,2.000000000,0.500000000,-2.912756920,-166.888678256,0.000000000,2.565571547,1.000000000,0.500000000,-0.167277336,-9.584285368,0.000000000,0.419957310,0.500000000,0.200000003,0.008244514,0.472375883,0.000000000,-0.000031460,0.000000000,0.100000001
2026-07-06 22:35:52.195,1783348552.194921494,139.041520193,1,1,139.024145227,1,0.008080813,5,1,0.005662507,5,1,0,0,0,0,1,1,1,0,1,0,-1.000000000,0.000000000,0.000000000,0.000000000,0,-1.000000000,0,0,0,,0,-1.000000000,,0,0,0.000000000,0.000000000,0,-1.000000000,0,,0,-1.000000000,,0,-1.000000000,0,,1,0.097085953,5.562615343,-0.021978378,-0.021978378,1,3.270100832,187.362976255,0.002442360,-2.741880417,1,-2.897115707,-165.992502795,-0.002442360,2.536752701,1,-0.163844109,-9.387575920,-0.007326126,0.412698746,1,0.007861137,0.450409995,-0.012210846,-0.003663063,0.097085953,5.562615343,0.000000000,-0.000000000,8.000000000,2.500000000,3.319311380,190.182532986,0.000000000,-2.813282013,2.000000000,0.500000000,-2.912756920,-166.888678256,0.000000000,2.565571547,1.000000000,0.500000000,-0.167277336,-9.584285368,0.000000000,0.419957310,0.500000000,0.200000003,0.008244514,0.472375883,0.000000000,-0.000031460,0.000000000,0.100000001
2026-07-06 22:35:53.195,1783348553.195051432,140.041650345,1,1,140.024275379,1,0.009400367,5,1,0.005552449,5,1,0,0,0,0,1,1,1,0,1,0,-1.000000000,0.000000000,0.000000000,0.000000000,0,-1.000000000,0,0,0,,0,-1.000000000,,0,0,0.000000000,0.000000000,0,-1.000000000,0,,0,-1.000000000,,0,-1.000000000,0,,1,0.097085953,5.562615343,-0.007326126,-0.021978378,1,3.270100832,187.362976255,-0.002442360,-2.728204727,1,-2.897115707,-165.992502795,-0.002442360,2.550426483,1,-0.163844109,-9.387575920,-0.021978378,0.412698746,1,0.007861137,0.450409995,0.012210846,-0.003663063,0.097085953,5.562615343,0.000000000,-0.000000000,8.000000000,2.500000000,3.319311380,190.182532986,0.000000000,-2.813282013,2.000000000,0.500000000,-2.912756920,-166.888678256,0.000000000,2.565571547,1.000000000,0.500000000,-0.167277336,-9.584285368,0.000000000,0.419957310,0.500000000,0.200000003,0.008244514,0.472375883,0.000000000,-0.000031460,0.000000000,0.100000001
2026-07-06 22:35:54.195,1783348554.195444822,141.042043475,1,1,141.024668509,1,0.009416614,5,1,0.005581598,5,1,0,0,0,0,1,1,1,0,1,0,-1.000000000,0.000000000,0.000000000,0.000000000,0,-1.000000000,0,0,0,,0,-1.000000000,,0,0,0.000000000,0.000000000,0,-1.000000000,0,,0,-1.000000000,,0,-1.000000000,0,,1,0.097085953,5.562615343,-0.007326126,-0.026862144,1,3.270100832,187.362976255,-0.002442360,-2.741880417,1,-2.897115707,-165.992502795,-0.002442360,2.536752701,1,-0.163844109,-9.387575920,-0.007326126,0.412698746,1,0.007861137,0.450409995,-0.012210846,-0.003663063,0.097085953,5.562615343,0.000000000,-0.000000000,8.000000000,2.500000000,3.319311380,190.182532986,0.000000000,-2.813282013,2.000000000,0.500000000,-2.912756920,-166.888678256,0.000000000,2.565571547,1.000000000,0.500000000,-0.167277336,-9.584285368,0.000000000,0.419957310,0.500000000,0.200000003,0.008244514,0.472375883,0.000000000,-0.000031460,0.000000000,0.100000001
2026-07-06 22:35:55.195,1783348555.195514679,142.042113361,1,1,142.024738395,1,0.009507487,5,1,0.005515734,5,1,0,0,0,0,1,1,1,0,1,0,-1.000000000,0.000000000,0.000000000,0.000000000,0,-1.000000000,0,0,0,,0,-1.000000000,,0,0,0.000000000,0.000000000,0,-1.000000000,0,,0,-1.000000000,,0,-1.000000000,0,,1,0.097085953,5.562615343,-0.007326126,-0.026862144,1,3.270100832,187.362976255,-0.007326126,-2.741880417,1,-2.897115707,-165.992502795,-0.002442360,2.536752701,1,-0.163844109,-9.387575920,-0.021978378,0.412698746,1,0.007861137,0.450409995,0.012210846,-0.003663063,0.097085953,5.562615343,0.000000000,-0.000000000,8.000000000,2.500000000,3.319311380,190.182532986,0.000000000,-2.813282013,2.000000000,0.500000000,-2.912756920,-166.888678256,0.000000000,2.565571547,1.000000000,0.500000000,-0.167277336,-9.584285368,0.000000000,0.419957310,0.500000000,0.200000003,0.008244514,0.472375883,0.000000000,-0.000031460,0.000000000,0.100000001
2026-07-06 22:35:56.195,1783348556.195688725,143.042287380,1,1,143.024912414,1,0.009288896,5,1,0.005680893,5,1,0,0,0,0,1,1,1,0,1,0,-1.000000000,0.000000000,0.000000000,0.000000000,0,-1.000000000,0,0,0,,0,-1.000000000,,0,0,0.000000000,0.000000000,0,-1.000000000,0,,0,-1.000000000,,0,-1.000000000,0,,1,0.097085953,5.562615343,-0.007326126,-0.021978378,1,3.270100832,187.362976255,-0.002442360,-2.741880417,1,-2.897115707,-165.992502795,-0.002442360,2.536752701,1,-0.163844109,-9.387575920,-0.007326126,0.412698746,1,0.007861137,0.450409995,-0.012210846,-0.003663063,0.097085953,5.562615343,0.000000000,-0.000000000,8.000000000,2.500000000,3.319311380,190.182532986,0.000000000,-2.813282013,2.000000000,0.500000000,-2.912756920,-166.888678256,0.000000000,2.565571547,1.000000000,0.500000000,-0.167277336,-9.584285368,0.000000000,0.419957310,0.500000000,0.200000003,0.008244514,0.472375883,0.000000000,-0.000031460,0.000000000,0.100000001
2026-07-06 22:35:57.195,1783348557.195833445,144.042432189,1,1,144.025057223,1,0.009279686,5,1,0.005595997,5,1,0,0,0,0,1,1,1,0,1,0,-1.000000000,0.000000000,0.000000000,0.000000000,0,-1.000000000,0,0,0,,0,-1.000000000,,0,0,0.000000000,0.000000000,0,-1.000000000,0,,0,-1.000000000,,0,-1.000000000,0,,1,0.097085953,5.562615343,-0.007326126,-0.026862144,1,3.270100832,187.362976255,0.002442360,-2.741880417,1,-2.897115707,-165.992502795,0.002442360,2.536752701,1,-0.163844109,-9.387575920,0.007326126,0.407814026,1,0.007861137,0.450409995,-0.036628723,-0.003663063,0.097085953,5.562615343,0.000000000,-0.000000000,8.000000000,2.500000000,3.319311380,190.182532986,0.000000000,-2.813282013,2.000000000,0.500000000,-2.912756920,-166.888678256,0.000000000,2.565571547,1.000000000,0.500000000,-0.167277336,-9.584285368,0.000000000,0.419957310,0.500000000,0.200000003,0.008244514,0.472375883,0.000000000,-0.000031460,0.000000000,0.100000001
2026-07-06 22:35:58.196,1783348558.196161509,145.042760230,1,1,145.025385264,1,0.008981942,5,1,0.005554010,5,1,0,0,0,0,1,1,1,0,1,0,-1.000000000,0.000000000,0.000000000,0.000000000,0,-1.000000000,0,0,0,,0,-1.000000000,,0,0,0.000000000,0.000000000,0,-1.000000000,0,,0,-1.000000000,,0,-1.000000000,0,,1,0.097085953,5.562615343,-0.007326126,-0.026862144,1,3.270100832,187.362976255,-0.002442360,-2.741880417,1,-2.897115707,-165.992502795,0.002442360,2.536752701,1,-0.163844109,-9.387575920,-0.007326126,0.412698746,1,0.007861137,0.450409995,-0.012210846,-0.003663063,0.097085953,5.562615343,0.000000000,-0.000000000,8.000000000,2.500000000,3.319311380,190.182532986,0.000000000,-2.813282013,2.000000000,0.500000000,-2.912756920,-166.888678256,0.000000000,2.565571547,1.000000000,0.500000000,-0.167277336,-9.584285368,0.000000000,0.419957310,0.500000000,0.200000003,0.008244514,0.472375883,0.000000000,-0.000031460,0.000000000,0.100000001
2026-07-06 22:35:59.196,1783348559.196221590,146.042820535,1,1,146.025445569,1,0.009031769,5,1,0.005473777,5,1,0,0,0,0,1,1,1,0,1,0,-1.000000000,0.000000000,0.000000000,0.000000000,0,-1.000000000,0,0,0,,0,-1.000000000,,0,0,0.000000000,0.000000000,0,-1.000000000,0,,0,-1.000000000,,0,-1.000000000,0,,1,0.097085953,5.562615343,-0.007326126,-0.026862144,1,3.270100832,187.362976255,-0.002442360,-2.728204727,1,-2.897115707,-165.992502795,-0.002442360,2.550426483,1,-0.163844109,-9.387575920,0.007326126,0.412698746,1,0.007861137,0.450409995,-0.036628723,-0.003663063,0.097085953,5.562615343,0.000000000,-0.000000000,8.000000000,2.500000000,3.319311380,190.182532986,0.000000000,-2.813282013,2.000000000,0.500000000,-2.912756920,-166.888678256,0.000000000,2.565571547,1.000000000,0.500000000,-0.167277336,-9.584285368,0.000000000,0.419957310,0.500000000,0.200000003,0.008244514,0.472375883,0.000000000,-0.000031460,0.000000000,0.100000001
2026-07-06 22:36:00.196,1783348560.196439266,147.043038019,1,1,147.025663053,1,0.009176837,5,1,0.005465336,5,1,0,0,0,0,1,1,1,0,1,0,-1.000000000,0.000000000,0.000000000,0.000000000,0,-1.000000000,0,0,0,,0,-1.000000000,,0,0,0.000000000,0.000000000,0,-1.000000000,0,,0,-1.000000000,,0,-1.000000000,0,,1,0.097085953,5.562615343,-0.007326126,-0.021978378,1,3.270100832,187.362976255,0.002442360,-2.741880417,1,-2.897115707,-165.992502795,-0.002442360,2.536752701,1,-0.163844109,-9.387575920,-0.007326126,0.412698746,1,0.007861137,0.450409995,0.036628723,-0.003663063,0.097085953,5.562615343,0.000000000,-0.000000000,8.000000000,2.500000000,3.319311380,190.182532986,0.000000000,-2.813282013,2.000000000,0.500000000,-2.912756920,-166.888678256,0.000000000,2.565571547,1.000000000,0.500000000,-0.167277336,-9.584285368,0.000000000,0.419957310,0.500000000,0.200000003,0.008244514,0.472375883,0.000000000,-0.000031460,0.000000000,0.100000001
2026-07-06 22:36:01.196,1783348561.196608543,148.043207179,1,1,148.025832213,1,0.009586747,5,1,0.005554213,5,1,0,0,0,0,1,1,1,0,1,0,-1.000000000,0.000000000,0.000000000,0.000000000,0,-1.000000000,0,0,0,,0,-1.000000000,,0,0,0.000000000,0.000000000,0,-1.000000000,0,,0,-1.000000000,,0,-1.000000000,0,,1,0.097085953,5.562615343,0.007326126,-0.026862144,1,3.270100832,187.362976255,-0.007326126,-2.741880417,1,-2.897115707,-165.992502795,-0.002442360,2.550426483,1,-0.163844109,-9.387575920,-0.007326126,0.412698746,1,0.007861137,0.450409995,-0.012210846,-0.003663063,0.097085953,5.562615343,0.000000000,-0.000000000,8.000000000,2.500000000,3.319311380,190.182532986,0.000000000,-2.813282013,2.000000000,0.500000000,-2.912756920,-166.888678256,0.000000000,2.565571547,1.000000000,0.500000000,-0.167277336,-9.584285368,0.000000000,0.419957310,0.500000000,0.200000003,0.008244514,0.472375883,0.000000000,-0.000031460,0.000000000,0.100000001
2026-07-06 22:36:02.196,1783348562.196840525,149.043439123,1,1,149.026064157,1,0.008414828,5,1,0.005385280,5,1,0,0,0,0,1,1,1,0,1,0,-1.000000000,0.000000000,0.000000000,0.000000000,0,-1.000000000,0,0,0,,0,-1.000000000,,0,0,0.000000000,0.000000000,0,-1.000000000,0,,0,-1.000000000,,0,-1.000000000,0,,1,0.097085953,5.562615343,-0.007326126,-0.026862144,1,3.270100832,187.362976255,-0.002442360,-2.741880417,1,-2.897115707,-165.992502795,-0.002442360,2.536752701,1,-0.163844109,-9.387575920,-0.007326126,0.412698746,1,0.007861137,0.450409995,-0.012210846,-0.003663063,0.097085953,5.562615343,0.000000000,-0.000000000,8.000000000,2.500000000,3.319311380,190.182532986,0.000000000,-2.813282013,2.000000000,0.500000000,-2.912756920,-166.888678256,0.000000000,2.565571547,1.000000000,0.500000000,-0.167277336,-9.584285368,0.000000000,0.419957310,0.500000000,0.200000003,0.008244514,0.472375883,0.000000000,-0.000031460,0.000000000,0.100000001
2026-07-06 22:36:03.197,1783348563.197034359,150.043633053,1,1,150.026258087,1,0.009541728,5,1,0.005339908,5,1,0,0,0,0,1,1,1,0,1,0,-1.000000000,0.000000000,0.000000000,0.000000000,0,-1.000000000,0,0,0,,0,-1.000000000,,0,0,0.000000000,0.000000000,0,-1.000000000,0,,0,-1.000000000,,0,-1.000000000,0,,1,0.097085953,5.562615343,-0.021978378,-0.026862144,1,3.270100832,187.362976255,-0.002442360,-2.741880417,1,-2.897115707,-165.992502795,-0.002442360,2.536752701,1,-0.163844109,-9.387575920,-0.021978378,0.412698746,1,0.007861137,0.450409995,-0.012210846,-0.003663063,0.097085953,5.562615343,0.000000000,-0.000000000,8.000000000,2.500000000,3.319311380,190.182532986,0.000000000,-2.813282013,2.000000000,0.500000000,-2.912756920,-166.888678256,0.000000000,2.565571547,1.000000000,0.500000000,-0.167277336,-9.584285368,0.000000000,0.419957310,0.500000000,0.200000003,0.008244514,0.472375883,0.000000000,-0.000031460,0.000000000,0.100000001
2026-07-06 22:36:04.197,1783348564.197183132,151.043782101,1,1,151.026407135,1,0.009274146,5,1,0.005580837,5,1,0,0,0,0,1,1,1,0,1,0,-1.000000000,0.000000000,0.000000000,0.000000000,0,-1.000000000,0,0,0,,0,-1.000000000,,0,0,0.000000000,0.000000000,0,-1.000000000,0,,0,-1.000000000,,0,-1.000000000,0,,1,0.097085953,5.562615343,-0.007326126,-0.026862144,1,3.270100832,187.362976255,-0.002442360,-2.741880417,1,-2.897115707,-165.992502795,0.002442360,2.550426483,1,-0.163844109,-9.387575920,-0.007326126,0.412698746,1,0.007861137,0.450409995,-0.036628723,-0.003663063,0.097085953,5.562615343,0.000000000,-0.000000000,8.000000000,2.500000000,3.319311380,190.182532986,0.000000000,-2.813282013,2.000000000,0.500000000,-2.912756920,-166.888678256,0.000000000,2.565571547,1.000000000,0.500000000,-0.167277336,-9.584285368,0.000000000,0.419957310,0.500000000,0.200000003,0.008244514,0.472375883,0.000000000,-0.000031460,0.000000000,0.100000001
2026-07-06 22:36:05.197,1783348565.197380304,152.043979168,1,1,152.026604202,1,0.009179453,5,1,0.005438919,5,1,0,0,0,0,1,1,1,0,1,0,-1.000000000,0.000000000,0.000000000,0.000000000,0,-1.000000000,0,0,0,,0,-1.000000000,,0,0,0.000000000,0.000000000,0,-1.000000000,0,,0,-1.000000000,,0,-1.000000000,0,,1,0.097085953,5.562615343,-0.007326126,-0.026862144,1,3.270100832,187.362976255,0.002442360,-2.728204727,1,-2.897115707,-165.992502795,-0.002442360,2.536752701,1,-0.163844109,-9.387575920,-0.021978378,0.412698746,1,0.007861137,0.450409995,-0.036628723,-0.003663063,0.097085953,5.562615343,0.000000000,-0.000000000,8.000000000,2.500000000,3.319311380,190.182532986,0.000000000,-2.813282013,2.000000000,0.500000000,-2.912756920,-166.888678256,0.000000000,2.565571547,1.000000000,0.500000000,-0.167277336,-9.584285368,0.000000000,0.419957310,0.500000000,0.200000003,0.008244514,0.472375883,0.000000000,-0.000031460,0.000000000,0.100000001
2026-07-06 22:36:06.197,1783348566.197571516,153.044170325,1,1,153.026795359,1,0.009209225,5,1,0.005661719,5,1,0,0,0,0,1,1,1,0,1,0,-1.000000000,0.000000000,0.000000000,0.000000000,0,-1.000000000,0,0,0,,0,-1.000000000,,0,0,0.000000000,0.000000000,0,-1.000000000,0,,0,-1.000000000,,0,-1.000000000,0,,1,0.097085953,5.562615343,0.007326126,-0.021978378,1,3.270100832,187.362976255,-0.002442360,-2.741880417,1,-2.897115707,-165.992502795,-0.002442360,2.550426483,1,-0.163844109,-9.387575920,-0.007326126,0.412698746,1,0.007861137,0.450409995,-0.012210846,-0.003663063,0.097085953,5.562615343,0.000000000,-0.000000000,8.000000000,2.500000000,3.319311380,190.182532986,0.000000000,-2.813282013,2.000000000,0.500000000,-2.912756920,-166.888678256,0.000000000,2.565571547,1.000000000,0.500000000,-0.167277336,-9.584285368,0.000000000,0.419957310,0.500000000,0.200000003,0.008244514,0.472375883,0.000000000,-0.000031460,0.000000000,0.100000001
2026-07-06 22:36:07.197,1783348567.197826862,154.044425509,1,1,154.027050543,1,0.009213641,5,1,0.005697840,5,1,0,0,0,0,1,1,1,0,1,0,-1.000000000,0.000000000,0.000000000,0.000000000,0,-1.000000000,0,0,0,,0,-1.000000000,,0,0,0.000000000,0.000000000,0,-1.000000000,0,,0,-1.000000000,,0,-1.000000000,0,,1,0.097085953,5.562615343,0.007326126,-0.026862144,1,3.270100832,187.362976255,-0.002442360,-2.728204727,1,-2.897115707,-165.992502795,-0.002442360,2.536752701,1,-0.163844109,-9.387575920,-0.021978378,0.412698746,1,0.007861137,0.450409995,0.012210846,-0.003663063,0.097085953,5.562615343,0.000000000,-0.000000000,8.000000000,2.500000000,3.319311380,190.182532986,0.000000000,-2.813282013,2.000000000,0.500000000,-2.912756920,-166.888678256,0.000000000,2.565571547,1.000000000,0.500000000,-0.167277336,-9.584285368,0.000000000,0.419957310,0.500000000,0.200000003,0.008244514,0.472375883,0.000000000,-0.000031460,0.000000000,0.100000001
2026-07-06 22:36:08.198,1783348568.197965145,155.044563829,1,1,155.027188863,1,0.009059905,5,1,0.005504043,5,1,0,0,0,0,1,1,1,0,1,0,-1.000000000,0.000000000,0.000000000,0.000000000,0,-1.000000000,0,0,0,,0,-1.000000000,,0,0,0.000000000,0.000000000,0,-1.000000000,0,,0,-1.000000000,,0,-1.000000000,0,,1,0.097085953,5.562615343,0.007326126,-0.026862144,1,3.270100832,187.362976255,-0.002442360,-2.741880417,1,-2.897115707,-165.992502795,-0.002442360,2.536752701,1,-0.163844109,-9.387575920,-0.007326126,0.407814026,1,0.007861137,0.450409995,0.012210846,-0.003663063,0.097085953,5.562615343,0.000000000,-0.000000000,8.000000000,2.500000000,3.319311380,190.182532986,0.000000000,-2.813282013,2.000000000,0.500000000,-2.912756920,-166.888678256,0.000000000,2.565571547,1.000000000,0.500000000,-0.167277336,-9.584285368,0.000000000,0.419957310,0.500000000,0.200000003,0.008244514,0.472375883,0.000000000,-0.000031460,0.000000000,0.100000001
2026-07-06 22:36:09.198,1783348569.198156834,156.044755651,1,1,156.027380685,1,0.009355629,5,1,0.005572845,5,1,0,0,0,0,1,1,1,0,1,0,-1.000000000,0.000000000,0.000000000,0.000000000,0,-1.000000000,0,0,0,,0,-1.000000000,,0,0,0.000000000,0.000000000,0,-1.000000000,0,,0,-1.000000000,,0,-1.000000000,0,,1,0.097085953,5.562615343,-0.007326126,-0.026862144,1,3.270100832,187.362976255,-0.007326126,-2.728204727,1,-2.897115707,-165.992502795,-0.002442360,2.536752701,1,-0.163844109,-9.387575920,-0.021978378,0.412698746,1,0.007861137,0.450409995,0.012210846,-0.003663063,0.097085953,5.562615343,0.000000000,-0.000000000,8.000000000,2.500000000,3.319311380,190.182532986,0.000000000,-2.813282013,2.000000000,0.500000000,-2.912756920,-166.888678256,0.000000000,2.565571547,1.000000000,0.500000000,-0.167277336,-9.584285368,0.000000000,0.419957310,0.500000000,0.200000003,0.008244514,0.472375883,0.000000000,-0.000031460,0.000000000,0.100000001
2026-07-06 22:36:10.198,1783348570.198487520,157.045086252,1,1,157.027711286,1,0.009313343,5,1,0.005635760,5,1,0,0,0,0,1,1,1,0,1,0,-1.000000000,0.000000000,0.000000000,0.000000000,0,-1.000000000,0,0,0,,0,-1.000000000,,0,0,0.000000000,0.000000000,0,-1.000000000,0,,0,-1.000000000,,0,-1.000000000,0,,1,0.097085953,5.562615343,-0.021978378,-0.026862144,1,3.270100832,187.362976255,-0.002442360,-2.741880417,1,-2.897115707,-165.992502795,-0.002442360,2.550426483,1,-0.163844109,-9.387575920,-0.007326126,0.417582512,1,0.007861137,0.450409995,0.012210846,-0.003663063,0.097085953,5.562615343,0.000000000,-0.000000000,8.000000000,2.500000000,3.319311380,190.182532986,0.000000000,-2.813282013,2.000000000,0.500000000,-2.912756920,-166.888678256,0.000000000,2.565571547,1.000000000,0.500000000,-0.167277336,-9.584285368,0.000000000,0.419957310,0.500000000,0.200000003,0.008244514,0.472375883,0.000000000,-0.000031460,0.000000000,0.100000001
2026-07-06 22:36:11.198,1783348571.198578835,158.045177757,1,1,158.027802791,1,0.009370701,5,1,0.005669515,5,1,0,0,0,0,1,1,1,0,1,0,-1.000000000,0.000000000,0.000000000,0.000000000,0,-1.000000000,0,0,0,,0,-1.000000000,,0,0,0.000000000,0.000000000,0,-1.000000000,0,,0,-1.000000000,,0,-1.000000000,0,,1,0.097085953,5.562615343,-0.007326126,-0.021978378,1,3.270100832,187.362976255,0.002442360,-2.741880417,1,-2.897115707,-165.992502795,-0.002442360,2.536752701,1,-0.163844109,-9.387575920,-0.007326126,0.412698746,1,0.007861137,0.450409995,-0.012210846,-0.003663063,0.097085953,5.562615343,0.000000000,-0.000000000,8.000000000,2.500000000,3.319311380,190.182532986,0.000000000,-2.813282013,2.000000000,0.500000000,-2.912756920,-166.888678256,0.000000000,2.565571547,1.000000000,0.500000000,-0.167277336,-9.584285368,0.000000000,0.419957310,0.500000000,0.200000003,0.008244514,0.472375883,0.000000000,-0.000031460,0.000000000,0.100000001
2026-07-06 22:36:12.198,1783348572.198750734,159.045349422,1,1,159.027974456,1,0.009152512,5,1,0.005488863,5,1,0,0,0,0,1,1,1,0,1,0,-1.000000000,0.000000000,0.000000000,0.000000000,0,-1.000000000,0,0,0,,0,-1.000000000,,0,0,0.000000000,0.000000000,0,-1.000000000,0,,0,-1.000000000,,0,-1.000000000,0,,1,0.097085953,5.562615343,-0.007326126,-0.021978378,1,3.270100832,187.362976255,-0.002442360,-2.741880417,1,-2.897115707,-165.992502795,0.002442360,2.536752701,1,-0.163844109,-9.387575920,-0.007326126,0.412698746,1,0.007861137,0.450409995,0.012210846,-0.003663063,0.097085953,5.562615343,0.000000000,-0.000000000,8.000000000,2.500000000,3.319311380,190.182532986,0.000000000,-2.813282013,2.000000000,0.500000000,-2.912756920,-166.888678256,0.000000000,2.565571547,1.000000000,0.500000000,-0.167277336,-9.584285368,0.000000000,0.419957310,0.500000000,0.200000003,0.008244514,0.472375883,0.000000000,-0.000031460,0.000000000,0.100000001
2026-07-06 22:36:13.199,1783348573.198970318,160.045569037,1,1,160.028194071,1,0.009274522,5,1,0.005643841,5,1,0,0,0,0,1,1,1,0,1,0,-1.000000000,0.000000000,0.000000000,0.000000000,0,-1.000000000,0,0,0,,0,-1.000000000,,0,0,0.000000000,0.000000000,0,-1.000000000,0,,0,-1.000000000,,0,-1.000000000,0,,1,0.097085953,5.562615343,-0.021978378,-0.026862144,1,3.270100832,187.362976255,-0.002442360,-2.741880417,1,-2.897115707,-165.992502795,-0.002442360,2.536752701,1,-0.163844109,-9.387575920,-0.007326126,0.412698746,1,0.007861137,0.450409995,-0.012210846,-0.003663063,0.097085953,5.562615343,0.000000000,-0.000000000,8.000000000,2.500000000,3.319311380,190.182532986,0.000000000,-2.813282013,2.000000000,0.500000000,-2.912756920,-166.888678256,0.000000000,2.565571547,1.000000000,0.500000000,-0.167277336,-9.584285368,0.000000000,0.419957310,0.500000000,0.200000003,0.008244514,0.472375883,0.000000000,-0.000031460,0.000000000,0.100000001
2026-07-06 22:36:14.198,1783348574.198648691,161.045247366,1,1,161.027872400,1,0.009144169,5,1,0.005678484,5,1,0,0,0,0,1,1,1,0,1,0,-1.000000000,0.000000000,0.000000000,0.000000000,0,-1.000000000,0,0,0,,0,-1.000000000,,0,0,0.000000000,0.000000000,0,-1.000000000,0,,0,-1.000000000,,0,-1.000000000,0,,1,0.097085953,5.562615343,-0.007326126,-0.026862144,1,3.270100832,187.362976255,-0.002442360,-2.741880417,1,-2.897115707,-165.992502795,-0.007326126,2.550426483,1,-0.163844109,-9.387575920,-0.007326126,0.412698746,1,0.007861137,0.450409995,0.012210846,-0.003663063,0.097085953,5.562615343,0.000000000,-0.000000000,8.000000000,2.500000000,3.319311380,190.182532986,0.000000000,-2.813282013,2.000000000,0.500000000,-2.912756920,-166.888678256,0.000000000,2.565571547,1.000000000,0.500000000,-0.167277336,-9.584285368,0.000000000,0.419957310,0.500000000,0.200000003,0.008244514,0.472375883,0.000000000,-0.000031460,0.000000000,0.100000001
2026-07-06 22:36:15.196,1783348575.195973873,162.042572649,1,1,162.025197683,1,0.009454076,5,1,0.005484243,5,1,0,0,0,0,1,1,1,0,1,0,-1.000000000,0.000000000,0.000000000,0.000000000,0,-1.000000000,0,0,0,,0,-1.000000000,,0,0,0.000000000,0.000000000,0,-1.000000000,0,,0,-1.000000000,,0,-1.000000000,0,,1,0.097085953,5.562615343,-0.007326126,-0.026862144,1,3.270100832,187.362976255,-0.002442360,-2.728204727,1,-2.897115707,-165.992502795,0.002442360,2.550426483,1,-0.163844109,-9.387575920,-0.007326126,0.412698746,1,0.007861137,0.450409995,0.012210846,-0.003663063,0.097085953,5.562615343,0.000000000,-0.000000000,8.000000000,2.500000000,3.319311380,190.182532986,0.000000000,-2.813282013,2.000000000,0.500000000,-2.912756920,-166.888678256,0.000000000,2.565571547,1.000000000,0.500000000,-0.167277336,-9.584285368,0.000000000,0.419957310,0.500000000,0.200000003,0.008244514,0.472375883,0.000000000,-0.000031460,0.000000000,0.100000001
2026-07-06 22:36:16.193,1783348576.193484068,163.040082788,1,1,163.022707822,1,0.009431602,5,1,0.005537641,5,1,0,0,0,0,1,1,1,0,1,0,-1.000000000,0.000000000,0.000000000,0.000000000,0,-1.000000000,0,0,0,,0,-1.000000000,,0,0,0.000000000,0.000000000,0,-1.000000000,0,,0,-1.000000000,,0,-1.000000000,0,,1,0.097085953,5.562615343,0.007326126,-0.021978378,1,3.270100832,187.362976255,-0.002442360,-2.728204727,1,-2.897115707,-165.992502795,-0.002442360,2.536752701,1,-0.163844109,-9.387575920,-0.007326126,0.412698746,1,0.007861137,0.450409995,-0.012210846,-0.003663063,0.097085953,5.562615343,0.000000000,-0.000000000,8.000000000,2.500000000,3.319311380,190.182532986,0.000000000,-2.813282013,2.000000000,0.500000000,-2.912756920,-166.888678256,0.000000000,2.565571547,1.000000000,0.500000000,-0.167277336,-9.584285368,0.000000000,0.419957310,0.500000000,0.200000003,0.008244514,0.472375883,0.000000000,-0.000031460,0.000000000,0.100000001
2026-07-06 22:36:17.191,1783348577.191098928,164.037697729,1,1,164.020322763,1,0.009085676,5,1,0.005686043,5,1,0,0,0,0,1,1,1,0,1,0,-1.000000000,0.000000000,0.000000000,0.000000000,0,-1.000000000,0,0,0,,0,-1.000000000,,0,0,0.000000000,0.000000000,0,-1.000000000,0,,0,-1.000000000,,0,-1.000000000,0,,1,0.097085953,5.562615343,-0.007326126,-0.026862144,1,3.270100832,187.362976255,-0.007326126,-2.728204727,1,-2.897115707,-165.992502795,-0.002442360,2.536752701,1,-0.163844109,-9.387575920,-0.007326126,0.407814026,1,0.007861137,0.450409995,-0.036628723,-0.003663063,0.097085953,5.562615343,0.000000000,-0.000000000,8.000000000,2.500000000,3.319311380,190.182532986,0.000000000,-2.813282013,2.000000000,0.500000000,-2.912756920,-166.888678256,0.000000000,2.565571547,1.000000000,0.500000000,-0.167277336,-9.584285368,0.000000000,0.419957310,0.500000000,0.200000003,0.008244514,0.472375883,0.000000000,-0.000031460,0.000000000,0.100000001
2026-07-06 22:36:18.188,1783348578.188659668,165.035258385,1,1,165.017883419,1,0.009058038,5,1,0.005708761,5,1,0,0,0,0,1,1,1,0,1,0,-1.000000000,0.000000000,0.000000000,0.000000000,0,-1.000000000,0,0,0,,0,-1.000000000,,0,0,0.000000000,0.000000000,0,-1.000000000,0,,0,-1.000000000,,0,-1.000000000,0,,1,0.097085953,5.562615343,-0.007326126,-0.021978378,1,3.270100832,187.362976255,-0.002442360,-2.741880417,1,-2.897115707,-165.992502795,-0.007326126,2.536752701,1,-0.163844109,-9.387575920,-0.007326126,0.412698746,1,0.007861137,0.450409995,-0.012210846,-0.003663063,0.097085953,5.562615343,0.000000000,-0.000000000,8.000000000,2.500000000,3.319311380,190.182532986,0.000000000,-2.813282013,2.000000000,0.500000000,-2.912756920,-166.888678256,0.000000000,2.565571547,1.000000000,0.500000000,-0.167277336,-9.584285368,0.000000000,0.419957310,0.500000000,0.200000003,0.008244514,0.472375883,0.000000000,-0.000031460,0.000000000,0.100000001
2026-07-06 22:36:19.186,1783348579.186350822,166.032949614,1,1,166.015574648,1,0.009448335,5,1,0.005649472,5,1,0,0,0,0,1,1,1,0,1,0,-1.000000000,0.000000000,0.000000000,0.000000000,0,-1.000000000,0,0,0,,0,-1.000000000,,0,0,0.000000000,0.000000000,0,-1.000000000,0,,0,-1.000000000,,0,-1.000000000,0,,1,0.097085953,5.562615343,-0.007326126,-0.026862144,1,3.270100832,187.362976255,-0.007326126,-2.741880417,1,-2.897115707,-165.992502795,0.002442360,2.550426483,1,-0.163844109,-9.387575920,-0.007326126,0.412698746,1,0.008244514,0.472375883,0.012210846,-0.003663063,0.097085953,5.562615343,0.000000000,-0.000000000,8.000000000,2.500000000,3.319311380,190.182532986,0.000000000,-2.813282013,2.000000000,0.500000000,-2.912756920,-166.888678256,0.000000000,2.565571547,1.000000000,0.500000000,-0.167277336,-9.584285368,0.000000000,0.419957310,0.500000000,0.200000003,0.008244514,0.472375883,0.000000000,-0.000031460,0.000000000,0.100000001
2026-07-06 22:36:20.184,1783348580.184140205,167.030738973,1,1,167.013364007,1,0.009391140,5,1,0.005698024,5,1,0,0,0,0,1,1,1,0,1,0,-1.000000000,0.000000000,0.000000000,0.000000000,0,-1.000000000,0,0,0,,0,-1.000000000,,0,0,0.000000000,0.000000000,0,-1.000000000,0,,0,-1.000000000,,0,-1.000000000,0,,1,0.097085953,5.562615343,-0.007326126,-0.026862144,1,3.270100832,187.362976255,-0.002442360,-2.728204727,1,-2.897115707,-165.992502795,-0.002442360,2.536752701,1,-0.163844109,-9.387575920,-0.007326126,0.412698746,1,0.007861137,0.450409995,-0.012210846,-0.003663063,0.097085953,5.562615343,0.000000000,-0.000000000,8.000000000,2.500000000,3.319311380,190.182532986,0.000000000,-2.813282013,2.000000000,0.500000000,-2.912756920,-166.888678256,0.000000000,2.565571547,1.000000000,0.500000000,-0.167277336,-9.584285368,0.000000000,0.419957310,0.500000000,0.200000003,0.008244514,0.472375883,0.000000000,-0.000031460,0.000000000,0.100000001
2026-07-06 22:36:21.182,1783348581.182005405,168.028604335,1,1,168.011229369,1,0.009431711,5,1,0.005449579,5,1,0,0,0,0,1,1,1,0,1,0,-1.000000000,0.000000000,0.000000000,0.000000000,0,-1.000000000,0,0,0,,0,-1.000000000,,0,0,0.000000000,0.000000000,0,-1.000000000,0,,0,-1.000000000,,0,-1.000000000,0,,1,0.097085953,5.562615343,-0.007326126,-0.031745911,1,3.270100832,187.362976255,-0.002442360,-2.728204727,1,-2.897115707,-165.992502795,-0.002442360,2.536752701,1,-0.163844109,-9.387575920,0.007326126,0.412698746,1,0.007861137,0.450409995,-0.012210846,-0.003663063,0.097085953,5.562615343,0.000000000,-0.000000000,8.000000000,2.500000000,3.319311380,190.182532986,0.000000000,-2.813282013,2.000000000,0.500000000,-2.912756920,-166.888678256,0.000000000,2.565571547,1.000000000,0.500000000,-0.167277336,-9.584285368,0.000000000,0.419957310,0.500000000,0.200000003,0.008244514,0.472375883,0.000000000,-0.000031460,0.000000000,0.100000001
2026-07-06 22:36:22.179,1783348582.179873943,169.026472731,1,1,169.009097765,1,0.009339588,5,1,0.005526971,5,1,0,0,0,0,1,1,1,0,1,0,-1.000000000,0.000000000,0.000000000,0.000000000,0,-1.000000000,0,0,0,,0,-1.000000000,,0,0,0.000000000,0.000000000,0,-1.000000000,0,,0,-1.000000000,,0,-1.000000000,0,,1,0.097085953,5.562615343,-0.007326126,-0.026862144,1,3.270100832,187.362976255,-0.002442360,-2.728204727,1,-2.897115707,-165.992502795,-0.002442360,2.550426483,1,-0.163844109,-9.387575920,-0.007326126,0.412698746,1,0.007861137,0.450409995,-0.036628723,-0.003663063,0.097085953,5.562615343,0.000000000,-0.000000000,8.000000000,2.500000000,3.319311380,190.182532986,0.000000000,-2.813282013,2.000000000,0.500000000,-2.912756920,-166.888678256,0.000000000,2.565571547,1.000000000,0.500000000,-0.167277336,-9.584285368,0.000000000,0.419957310,0.500000000,0.200000003,0.008244514,0.472375883,0.000000000,-0.000031460,0.000000000,0.100000001
2026-07-06 22:36:23.177,1783348583.177856445,170.024455234,1,1,170.007080268,1,0.009462406,5,1,0.005626318,5,1,0,0,0,0,1,1,1,0,1,0,-1.000000000,0.000000000,0.000000000,0.000000000,0,-1.000000000,0,0,0,,0,-1.000000000,,0,0,0.000000000,0.000000000,0,-1.000000000,0,,0,-1.000000000,,0,-1.000000000,0,,1,0.097085953,5.562615343,0.007326126,-0.026862144,1,3.270100832,187.362976255,-0.002442360,-2.741880417,1,-2.897115707,-165.992502795,-0.002442360,2.536752701,1,-0.163844109,-9.387575920,-0.007326126,0.412698746,1,0.007861137,0.450409995,0.012210846,-0.003663063,0.097085953,5.562615343,0.000000000,-0.000000000,8.000000000,2.500000000,3.319311380,190.182532986,0.000000000,-2.813282013,2.000000000,0.500000000,-2.912756920,-166.888678256,0.000000000,2.565571547,1.000000000,0.500000000,-0.167277336,-9.584285368,0.000000000,0.419957310,0.500000000,0.200000003,0.008244514,0.472375883,0.000000000,-0.000031460,0.000000000,0.100000001
2026-07-06 22:36:24.175,1783348584.175857306,171.022456231,1,1,171.005081265,1,0.009107441,5,1,0.005599998,5,1,0,0,0,0,1,1,1,0,1,0,-1.000000000,0.000000000,0.000000000,0.000000000,0,-1.000000000,0,0,0,,0,-1.000000000,,0,0,0.000000000,0.000000000,0,-1.000000000,0,,0,-1.000000000,,0,-1.000000000,0,,1,0.097085953,5.562615343,-0.036630630,-0.026862144,1,3.270100832,187.362976255,-0.002442360,-2.741880417,1,-2.897115707,-165.992502795,-0.002442360,2.536752701,1,-0.163462639,-9.365719314,0.007326126,0.412698746,1,0.007861137,0.450409995,-0.012210846,-0.003663063,0.097085953,5.562615343,0.000000000,-0.000000000,8.000000000,2.500000000,3.319311380,190.182532986,0.000000000,-2.813282013,2.000000000,0.500000000,-2.912756920,-166.888678256,0.000000000,2.565571547,1.000000000,0.500000000,-0.167277336,-9.584285368,0.000000000,0.419957310,0.500000000,0.200000003,0.008244514,0.472375883,0.000000000,-0.000031460,0.000000000,0.100000001
2026-07-06 22:36:25.174,1783348585.173959494,172.020558183,1,1,172.003183217,1,0.009244573,5,1,0.005625690,5,1,0,0,0,0,1,1,1,0,1,0,-1.000000000,0.000000000,0.000000000,0.000000000,0,-1.000000000,0,0,0,,0,-1.000000000,,0,0,0.000000000,0.000000000,0,-1.000000000,0,,0,-1.000000000,,0,-1.000000000,0,,1,0.097085953,5.562615343,-0.007326126,-0.026862144,1,3.270100832,187.362976255,0.002442360,-2.728204727,1,-2.897115707,-165.992502795,-0.002442360,2.536752701,1,-0.163462639,-9.365719314,0.007326126,0.412698746,1,0.008244514,0.472375883,-0.012210846,-0.003663063,0.097085953,5.562615343,0.000000000,-0.000000000,8.000000000,2.500000000,3.319311380,190.182532986,0.000000000,-2.813282013,2.000000000,0.500000000,-2.912756920,-166.888678256,0.000000000,2.565571547,1.000000000,0.500000000,-0.167277336,-9.584285368,0.000000000,0.419957310,0.500000000,0.200000003,0.008244514,0.472375883,0.000000000,-0.000031460,0.000000000,0.100000001
2026-07-06 22:36:26.172,1783348586.172110796,173.018709606,1,1,173.001334640,1,0.009550756,5,1,0.005573523,5,1,0,0,0,0,1,1,1,0,1,0,-1.000000000,0.000000000,0.000000000,0.000000000,0,-1.000000000,0,0,0,,0,-1.000000000,,0,0,0.000000000,0.000000000,0,-1.000000000,0,,0,-1.000000000,,0,-1.000000000,0,,1,0.097085953,5.562615343,-0.021978378,-0.026862144,1,3.270100832,187.362976255,-0.002442360,-2.741880417,1,-2.897115707,-165.992502795,-0.007326126,2.523077011,1,-0.163462639,-9.365719314,0.007326126,0.412698746,1,0.007861137,0.450409995,-0.036628723,-0.003663063,0.097085953,5.562615343,0.000000000,-0.000000000,8.000000000,2.500000000,3.319311380,190.182532986,0.000000000,-2.813282013,2.000000000,0.500000000,-2.912756920,-166.888678256,0.000000000,2.565571547,1.000000000,0.500000000,-0.167277336,-9.584285368,0.000000000,0.419957310,0.500000000,0.200000003,0.008244514,0.472375883,0.000000000,-0.000031460,0.000000000,0.100000001
2026-07-06 22:36:27.170,1783348587.170316458,174.016915324,1,1,173.999540358,1,0.009554803,5,1,0.005551809,5,1,0,0,0,0,1,1,1,0,1,0,-1.000000000,0.000000000,0.000000000,0.000000000,0,-1.000000000,0,0,0,,0,-1.000000000,,0,0,0.000000000,0.000000000,0,-1.000000000,0,,0,-1.000000000,,0,-1.000000000,0,,1,0.097085953,5.562615343,0.007326126,-0.021978378,1,3.270100832,187.362976255,-0.002442360,-2.741880417,1,-2.897115707,-165.992502795,-0.002442360,2.536752701,1,-0.163844109,-9.387575920,-0.021978378,0.412698746,1,0.007861137,0.450409995,-0.036628723,-0.003663063,0.097085953,5.562615343,0.000000000,-0.000000000,8.000000000,2.500000000,3.319311380,190.182532986,0.000000000,-2.813282013,2.000000000,0.500000000,-2.912756920,-166.888678256,0.000000000,2.565571547,1.000000000,0.500000000,-0.167277336,-9.584285368,0.000000000,0.419957310,0.500000000,0.200000003,0.008244514,0.472375883,0.000000000,-0.000031460,0.000000000,0.100000001
2026-07-06 22:36:28.168,1783348588.168527365,175.015126023,1,1,174.997751057,1,0.009962909,5,1,0.005676515,5,1,0,0,0,0,1,1,1,0,1,0,-1.000000000,0.000000000,0.000000000,0.000000000,0,-1.000000000,0,0,0,,0,-1.000000000,,0,0,0.000000000,0.000000000,0,-1.000000000,0,,0,-1.000000000,,0,-1.000000000,0,,1,0.097085953,5.562615343,-0.007326126,-0.021978378,1,3.270100832,187.362976255,-0.002442360,-2.741880417,1,-2.897115707,-165.992502795,-0.007326126,2.536752701,1,-0.163844109,-9.387575920,-0.021978378,0.412698746,1,0.007861137,0.450409995,-0.036628723,-0.003663063,0.097085953,5.562615343,0.000000000,-0.000000000,8.000000000,2.500000000,3.319311380,190.182532986,0.000000000,-2.813282013,2.000000000,0.500000000,-2.912756920,-166.888678256,0.000000000,2.565571547,1.000000000,0.500000000,-0.167277336,-9.584285368,0.000000000,0.419957310,0.500000000,0.200000003,0.008244514,0.472375883,0.000000000,-0.000031460,0.000000000,0.100000001
2026-07-06 22:36:29.166,1783348589.166812420,176.013411109,1,1,175.996036143,1,0.009983632,5,1,0.005614828,5,1,0,0,0,0,1,1,1,0,1,0,-1.000000000,0.000000000,0.000000000,0.000000000,0,-1.000000000,0,0,0,,0,-1.000000000,,0,0,0.000000000,0.000000000,0,-1.000000000,0,,0,-1.000000000,,0,-1.000000000,0,,1,0.097085953,5.562615343,0.007326126,-0.021978378,1,3.270100832,187.362976255,-0.002442360,-2.741880417,1,-2.897115707,-165.992502795,0.002442360,2.536752701,1,-0.163844109,-9.387575920,-0.007326126,0.412698746,1,0.007861137,0.450409995,-0.061050415,-0.003663063,0.097085953,5.562615343,0.000000000,-0.000000000,8.000000000,2.500000000,3.319311380,190.182532986,0.000000000,-2.813282013,2.000000000,0.500000000,-2.912756920,-166.888678256,0.000000000,2.565571547,1.000000000,0.500000000,-0.167277336,-9.584285368,0.000000000,0.419957310,0.500000000,0.200000003,0.008244514,0.472375883,0.000000000,-0.000031460,0.000000000,0.100000001
2026-07-06 22:36:30.165,1783348590.165139675,177.011738466,1,1,176.994363500,1,0.000102344,5,1,0.005695874,5,1,0,0,0,0,1,1,1,0,1,0,-1.000000000,0.000000000,0.000000000,0.000000000,0,-1.000000000,0,0,0,,0,-1.000000000,,0,0,0.000000000,0.000000000,0,-1.000000000,0,,0,-1.000000000,,0,-1.000000000,0,,1,0.097085953,5.562615343,-0.007326126,-0.021978378,1,3.270100832,187.362976255,-0.002442360,-2.728204727,1,-2.897115707,-165.992502795,-0.002442360,2.536752701,1,-0.163844109,-9.387575920,-0.007326126,0.412698746,1,0.007861137,0.450409995,-0.012210846,-0.003663063,0.097085953,5.562615343,0.000000000,-0.000000000,8.000000000,2.500000000,3.319311380,190.182532986,0.000000000,-2.813282013,2.000000000,0.500000000,-2.912756920,-166.888678256,0.000000000,2.565571547,1.000000000,0.500000000,-0.167277336,-9.584285368,0.000000000,0.419957310,0.500000000,0.200000003,0.008244514,0.472375883,0.000000000,-0.000031460,0.000000000,0.100000001
2026-07-06 22:36:31.163,1783348591.163495064,178.010094067,1,1,177.992719101,1,0.010040735,5,1,0.005584446,5,1,0,0,0,0,1,1,1,0,1,0,-1.000000000,0.000000000,0.000000000,0.000000000,0,-1.000000000,0,0,0,,0,-1.000000000,,0,0,0.000000000,0.000000000,0,-1.000000000,0,,0,-1.000000000,,0,-1.000000000,0,,1,0.097085953,5.562615343,0.007326126,-0.026862144,1,3.270100832,187.362976255,-0.002442360,-2.741880417,1,-2.897115707,-165.992502795,0.002442360,2.536752701,1,-0.163844109,-9.387575920,-0.007326126,0.412698746,1,0.007861137,0.450409995,-0.036628723,-0.003663063,0.097085953,5.562615343,0.000000000,-0.000000000,8.000000000,2.500000000,3.319311380,190.182532986,0.000000000,-2.813282013,2.000000000,0.500000000,-2.912756920,-166.888678256,0.000000000,2.565571547,1.000000000,0.500000000,-0.167277336,-9.584285368,0.000000000,0.419957310,0.500000000,0.200000003,0.008244514,0.472375883,0.000000000,-0.000031460,0.000000000,0.100000001
2026-07-06 22:36:32.162,1783348592.162091970,179.008690773,1,1,178.991315807,1,0.010111195,5,1,0.005814698,5,1,0,0,0,0,1,1,1,0,1,0,-1.000000000,0.000000000,0.000000000,0.000000000,0,-1.000000000,0,0,0,,0,-1.000000000,,0,0,0.000000000,0.000000000,0,-1.000000000,0,,0,-1.000000000,,0,-1.000000000,0,,1,0.097085953,5.562615343,0.007326126,-0.026862144,1,3.270100832,187.362976255,0.002442360,-2.728204727,1,-2.897115707,-165.992502795,-0.007326126,2.536752701,1,-0.163844109,-9.387575920,-0.007326126,0.412698746,1,0.007861137,0.450409995,-0.012210846,-0.003663063,0.097085953,5.562615343,0.000000000,-0.000000000,8.000000000,2.500000000,3.319311380,190.182532986,0.000000000,-2.813282013,2.000000000,0.500000000,-2.912756920,-166.888678256,0.000000000,2.565571547,1.000000000,0.500000000,-0.167277336,-9.584285368,0.000000000,0.419957310,0.500000000,0.200000003,0.008244514,0.472375883,0.000000000,-0.000031460,0.000000000,0.100000001
2026-07-06 22:36:33.160,1783348593.160460949,180.007059761,1,1,179.989684795,1,0.009968660,5,1,0.005561194,5,1,0,0,0,0,1,1,1,0,1,0,-1.000000000,0.000000000,0.000000000,0.000000000,0,-1.000000000,0,0,0,,0,-1.000000000,,0,0,0.000000000,0.000000000,0,-1.000000000,0,,0,-1.000000000,,0,-1.000000000,0,,1,0.097085953,5.562615343,-0.007326126,-0.026862144,1,3.270100832,187.362976255,-0.002442360,-2.728204727,1,-2.897115707,-165.992502795,-0.002442360,2.536752701,1,-0.163844109,-9.387575920,0.007326126,0.412698746,1,0.007861137,0.450409995,-0.012210846,-0.003663063,0.097085953,5.562615343,0.000000000,-0.000000000,8.000000000,2.500000000,3.319311380,190.182532986,0.000000000,-2.813282013,2.000000000,0.500000000,-2.912756920,-166.888678256,0.000000000,2.565571547,1.000000000,0.500000000,-0.167277336,-9.584285368,0.000000000,0.419957310,0.500000000,0.200000003,0.008244514,0.472375883,0.000000000,-0.000031460,0.000000000,0.100000001
2026-07-06 22:36:34.159,1783348594.158997059,181.005595762,1,1,180.988220796,1,0.000155925,5,1,0.005655623,5,1,0,0,0,0,1,1,1,0,1,0,-1.000000000,0.000000000,0.000000000,0.000000000,0,-1.000000000,0,0,0,,0,-1.000000000,,0,0,0.000000000,0.000000000,0,-1.000000000,0,,0,-1.000000000,,0,-1.000000000,0,,1,0.097085953,5.562615343,-0.007326126,-0.026862144,1,3.270100832,187.362976255,-0.002442360,-2.741880417,1,-2.897115707,-165.992502795,-0.002442360,2.550426483,1,-0.163844109,-9.387575920,-0.007326126,0.412698746,1,0.008244514,0.472375883,-0.012210846,-0.003663063,0.097085953,5.562615343,0.000000000,-0.000000000,8.000000000,2.500000000,3.319311380,190.182532986,0.000000000,-2.813282013,2.000000000,0.500000000,-2.912756920,-166.888678256,0.000000000,2.565571547,1.000000000,0.500000000,-0.167277336,-9.584285368,0.000000000,0.419957310,0.500000000,0.200000003,0.008244514,0.472375883,0.000000000,-0.000031460,0.000000000,0.100000001
2026-07-06 22:36:35.157,1783348595.157753229,182.004352216,1,1,181.986977250,1,0.009805891,5,1,0.005694410,5,1,0,0,0,0,1,1,1,0,1,0,-1.000000000,0.000000000,0.000000000,0.000000000,0,-1.000000000,0,0,0,,0,-1.000000000,,0,0,0.000000000,0.000000000,0,-1.000000000,0,,0,-1.000000000,,0,-1.000000000,0,,1,0.097085953,5.562615343,-0.007326126,-0.026862144,1,3.270100832,187.362976255,-0.002442360,-2.728204727,1,-2.897115707,-165.992502795,-0.002442360,2.536752701,1,-0.163844109,-9.387575920,-0.021978378,0.407814026,1,0.007861137,0.450409995,-0.036628723,-0.003663063,0.097085953,5.562615343,0.000000000,-0.000000000,8.000000000,2.500000000,3.319311380,190.182532986,0.000000000,-2.813282013,2.000000000,0.500000000,-2.912756920,-166.888678256,0.000000000,2.565571547,1.000000000,0.500000000,-0.167277336,-9.584285368,0.000000000,0.419957310,0.500000000,0.200000003,0.008244514,0.472375883,0.000000000,-0.000031460,0.000000000,0.100000001
2026-07-06 22:36:36.156,1783348596.156240940,183.002839771,1,1,182.985464805,1,0.009638365,5,1,0.005590052,5,1,0,0,0,0,1,1,1,0,1,0,-1.000000000,0.000000000,0.000000000,0.000000000,0,-1.000000000,0,0,0,,0,-1.000000000,,0,0,0.000000000,0.000000000,0,-1.000000000,0,,0,-1.000000000,,0,-1.000000000,0,,1,0.097085953,5.562615343,-0.007326126,-0.026862144,1,3.270100832,187.362976255,-0.002442360,-2.728204727,1,-2.897115707,-165.992502795,-0.002442360,2.550426483,1,-0.163844109,-9.387575920,-0.021978378,0.412698746,1,0.008244514,0.472375883,-0.012210846,-0.003663063,0.097085953,5.562615343,0.000000000,-0.000000000,8.000000000,2.500000000,3.319311380,190.182532986,0.000000000,-2.813282013,2.000000000,0.500000000,-2.912756920,-166.888678256,0.000000000,2.565571547,1.000000000,0.500000000,-0.167277336,-9.584285368,0.000000000,0.419957310,0.500000000,0.200000003,0.008244514,0.472375883,0.000000000,-0.000031460,0.000000000,0.100000001
2026-07-06 22:36:37.154,1783348597.154810905,184.001409750,1,1,183.984034784,1,0.009831623,5,1,0.005597853,5,1,0,0,0,0,1,1,1,0,1,0,-1.000000000,0.000000000,0.000000000,0.000000000,0,-1.000000000,0,0,0,,0,-1.000000000,,0,0,0.000000000,0.000000000,0,-1.000000000,0,,0,-1.000000000,,0,-1.000000000,0,,1,0.097085953,5.562615343,-0.007326126,-0.026862144,1,3.270100832,187.362976255,-0.002442360,-2.741880417,1,-2.897115707,-165.992502795,-0.007326126,2.536752701,1,-0.163462639,-9.365719314,0.007326126,0.412698746,1,0.008244514,0.472375883,0.012210846,-0.003663063,0.097085953,5.562615343,0.000000000,-0.000000000,8.000000000,2.500000000,3.319311380,190.182532986,0.000000000,-2.813282013,2.000000000,0.500000000,-2.912756920,-166.888678256,0.000000000,2.565571547,1.000000000,0.500000000,-0.167277336,-9.584285368,0.000000000,0.419957310,0.500000000,0.200000003,0.008244514,0.472375883,0.000000000,-0.000031460,0.000000000,0.100000001
2026-07-06 22:36:38.153,1783348598.153560877,185.000159510,1,1,184.982784544,1,0.010038273,5,1,0.005660811,5,1,0,0,0,0,1,1,1,0,1,0,-1.000000000,0.000000000,0.000000000,0.000000000,0,-1.000000000,0,0,0,,0,-1.000000000,,0,0,0.000000000,0.000000000,0,-1.000000000,0,,0,-1.000000000,,0,-1.000000000,0,,1,0.097085953,5.562615343,0.007326126,-0.021978378,1,3.270100832,187.362976255,-0.002442360,-2.741880417,1,-2.897115707,-165.992502795,-0.002442360,2.536752701,1,-0.163844109,-9.387575920,-0.007326126,0.412698746,1,0.008244514,0.472375883,0.036628723,-0.003663063,0.097085953,5.562615343,0.000000000,-0.000000000,8.000000000,2.500000000,3.319311380,190.182532986,0.000000000,-2.813282013,2.000000000,0.500000000,-2.912756920,-166.888678256,0.000000000,2.565571547,1.000000000,0.500000000,-0.167277336,-9.584285368,0.000000000,0.419957310,0.500000000,0.200000003,0.008244514,0.472375883,0.000000000,-0.000031460,0.000000000,0.100000001
2026-07-06 22:36:39.152,1783348599.152268648,185.998867394,1,1,185.981492428,1,0.000051178,5,1,0.005532935,5,1,0,0,0,0,1,1,1,0,1,0,-1.000000000,0.000000000,0.000000000,0.000000000,0,-1.000000000,0,0,0,,0,-1.000000000,,0,0,0.000000000,0.000000000,0,-1.000000000,0,,0,-1.000000000,,0,-1.000000000,0,,1,0.097085953,5.562615343,-0.007326126,-0.021978378,1,3.270100832,187.362976255,-0.007326126,-2.741880417,1,-2.897115707,-165.992502795,-0.002442360,2.536752701,1,-0.163462639,-9.365719314,0.007326126,0.412698746,1,0.008244514,0.472375883,-0.012210846,-0.003663063,0.097085953,5.562615343,0.000000000,-0.000000000,8.000000000,2.500000000,3.319311380,190.182532986,0.000000000,-2.813282013,2.000000000,0.500000000,-2.912756920,-166.888678256,0.000000000,2.565571547,1.000000000,0.500000000,-0.167277336,-9.584285368,0.000000000,0.419957310,0.500000000,0.200000003,0.008244514,0.472375883,0.000000000,-0.000031460,0.000000000,0.100000001
2026-07-06 22:36:40.151,1783348600.151079178,186.997678036,1,1,186.980303070,1,0.009995323,5,1,0.005671931,5,1,0,0,0,0,1,1,1,0,1,0,-1.000000000,0.000000000,0.000000000,0.000000000,0,-1.000000000,0,0,0,,0,-1.000000000,,0,0,0.000000000,0.000000000,0,-1.000000000,0,,0,-1.000000000,,0,-1.000000000,0,,1,0.097085953,5.562615343,0.007326126,-0.021978378,1,3.270100832,187.362976255,-0.002442360,-2.728204727,1,-2.897115707,-165.992502795,-0.007326126,2.536752701,1,-0.163844109,-9.387575920,-0.007326126,0.412698746,1,0.007861137,0.450409995,-0.012210846,-0.003663063,0.097085953,5.562615343,0.000000000,-0.000000000,8.000000000,2.500000000,3.319311380,190.182532986,0.000000000,-2.813282013,2.000000000,0.500000000,-2.912756920,-166.888678256,0.000000000,2.565571547,1.000000000,0.500000000,-0.167277336,-9.584285368,0.000000000,0.419957310,0.500000000,0.200000003,0.008244514,0.472375883,0.000000000,-0.000031460,0.000000000,0.100000001
2026-07-06 22:36:41.150,1783348601.150005102,187.996603861,1,1,187.979228895,1,0.010105903,5,1,0.005823480,5,1,0,0,0,0,1,1,1,0,1,0,-1.000000000,0.000000000,0.000000000,0.000000000,0,-1.000000000,0,0,0,,0,-1.000000000,,0,0,0.000000000,0.000000000,0,-1.000000000,0,,0,-1.000000000,,0,-1.000000000,0,,1,0.097085953,5.562615343,0.007326126,-0.021978378,1,3.270100832,187.362976255,-0.002442360,-2.741880417,1,-2.897115707,-165.992502795,-0.007326126,2.536752701,1,-0.163844109,-9.387575920,-0.021978378,0.412698746,1,0.007861137,0.450409995,-0.036628723,-0.003663063,0.097085953,5.562615343,0.000000000,-0.000000000,8.000000000,2.500000000,3.319311380,190.182532986,0.000000000,-2.813282013,2.000000000,0.500000000,-2.912756920,-166.888678256,0.000000000,2.565571547,1.000000000,0.500000000,-0.167277336,-9.584285368,0.000000000,0.419957310,0.500000000,0.200000003,0.008244514,0.472375883,0.000000000,-0.000031460,0.000000000,0.100000001
2026-07-06 22:36:42.148,1783348602.148720741,188.995319529,1,1,188.977944563,1,0.009576429,5,1,0.005719091,5,1,0,0,0,0,1,1,1,0,1,0,-1.000000000,0.000000000,0.000000000,0.000000000,0,-1.000000000,0,0,0,,0,-1.000000000,,0,0,0.000000000,0.000000000,0,-1.000000000,0,,0,-1.000000000,,0,-1.000000000,0,,1,0.097085953,5.562615343,-0.036630630,-0.026862144,1,3.270100832,187.362976255,-0.002442360,-2.741880417,1,-2.897115707,-165.992502795,-0.002442360,2.536752701,1,-0.163462639,-9.365719314,-0.007326126,0.412698746,1,0.008244514,0.472375883,-0.036628723,-0.003663063,0.097085953,5.562615343,0.000000000,-0.000000000,8.000000000,2.500000000,3.319311380,190.182532986,0.000000000,-2.813282013,2.000000000,0.500000000,-2.912756920,-166.888678256,0.000000000,2.565571547,1.000000000,0.500000000,-0.167277336,-9.584285368,0.000000000,0.419957310,0.500000000,0.200000003,0.008244514,0.472375883,0.000000000,-0.000031460,0.000000000,0.100000001
2026-07-06 22:36:43.147,1783348603.147645473,189.994244120,1,1,189.976869154,1,0.009945938,5,1,0.005767435,5,1,0,0,0,0,1,1,1,0,1,0,-1.000000000,0.000000000,0.000000000,0.000000000,0,-1.000000000,0,0,0,,0,-1.000000000,,0,0,0.000000000,0.000000000,0,-1.000000000,0,,0,-1.000000000,,0,-1.000000000,0,,1,0.097085953,5.562615343,-0.007326126,-0.021978378,1,3.270100832,187.362976255,-0.002442360,-2.741880417,1,-2.897115707,-165.992502795,-0.002442360,2.536752701,1,-0.163462639,-9.365719314,-0.007326126,0.407814026,1,0.008244514,0.472375883,0.012210846,-0.003663063,0.097085953,5.562615343,0.000000000,-0.000000000,8.000000000,2.500000000,3.319311380,190.182532986,0.000000000,-2.813282013,2.000000000,0.500000000,-2.912756920,-166.888678256,0.000000000,2.565571547,1.000000000,0.500000000,-0.167277336,-9.584285368,0.000000000,0.419957310,0.500000000,0.200000003,0.008244514,0.472375883,0.000000000,-0.000031460,0.000000000,0.100000001
2026-07-06 22:36:44.146,1783348604.146571875,190.993170469,1,1,190.975795503,1,0.010169467,5,1,0.005814664,5,1,0,0,0,0,1,1,1,0,1,0,-1.000000000,0.000000000,0.000000000,0.000000000,0,-1.000000000,0,0,0,,0,-1.000000000,,0,0,0.000000000,0.000000000,0,-1.000000000,0,,0,-1.000000000,,0,-1.000000000,0,,1,0.097085953,5.562615343,-0.021978378,-0.021978378,1,3.270100832,187.362976255,-0.002442360,-2.728204727,1,-2.897115707,-165.992502795,0.002442360,2.536752701,1,-0.163462639,-9.365719314,0.007326126,0.412698746,1,0.008244514,0.472375883,0.036628723,-0.003663063,0.097085953,5.562615343,0.000000000,-0.000000000,8.000000000,2.500000000,3.319311380,190.182532986,0.000000000,-2.813282013,2.000000000,0.500000000,-2.912756920,-166.888678256,0.000000000,2.565571547,1.000000000,0.500000000,-0.167277336,-9.584285368,0.000000000,0.419957310,0.500000000,0.200000003,0.008244514,0.472375883,0.000000000,-0.000031460,0.000000000,0.100000001
2026-07-06 22:36:45.145,1783348605.145388842,191.991987623,1,1,191.974612657,1,0.009646893,5,1,0.005666022,5,1,0,0,0,0,1,1,1,0,1,0,-1.000000000,0.000000000,0.000000000,0.000000000,0,-1.000000000,0,0,0,,0,-1.000000000,,0,0,0.000000000,0.000000000,0,-1.000000000,0,,0,-1.000000000,,0,-1.000000000,0,,1,0.097085953,5.562615343,-0.007326126,-0.021978378,1,3.270100832,187.362976255,-0.007326126,-2.741880417,1,-2.897115707,-165.992502795,-0.002442360,2.536752701,1,-0.163844109,-9.387575920,-0.007326126,0.407814026,1,0.007861137,0.450409995,-0.036628723,-0.003663063,0.097085953,5.562615343,0.000000000,-0.000000000,8.000000000,2.500000000,3.319311380,190.182532986,0.000000000,-2.813282013,2.000000000,0.500000000,-2.912756920,-166.888678256,0.000000000,2.565571547,1.000000000,0.500000000,-0.167277336,-9.584285368,0.000000000,0.419957310,0.500000000,0.200000003,0.008244514,0.472375883,0.000000000,-0.000031460,0.000000000,0.100000001
2026-07-06 22:36:46.144,1783348606.144346714,192.990945421,1,1,192.973570455,1,0.010071065,5,1,0.005641535,5,1,0,0,0,0,1,1,1,0,1,0,-1.000000000,0.000000000,0.000000000,0.000000000,0,-1.000000000,0,0,0,,0,-1.000000000,,0,0,0.000000000,0.000000000,0,-1.000000000,0,,0,-1.000000000,,0,-1.000000000,0,,1,0.097085953,5.562615343,-0.021978378,-0.021978378,1,3.270100832,187.362976255,-0.007326126,-2.728204727,1,-2.897115707,-165.992502795,-0.002442360,2.536752701,1,-0.163462639,-9.365719314,-0.007326126,0.412698746,1,0.007861137,0.450409995,-0.036628723,-0.003663063,0.097085953,5.562615343,0.000000000,-0.000000000,8.000000000,2.500000000,3.319311380,190.182532986,0.000000000,-2.813282013,2.000000000,0.500000000,-2.912756920,-166.888678256,0.000000000,2.565571547,1.000000000,0.500000000,-0.167277336,-9.584285368,0.000000000,0.419957310,0.500000000,0.200000003,0.008244514,0.472375883,0.000000000,-0.000031460,0.000000000,0.100000001
2026-07-06 22:36:47.143,1783348607.143327236,193.989925905,1,1,193.972550939,1,0.009950230,5,1,0.005672752,5,1,0,0,0,0,1,1,1,0,1,0,-1.000000000,0.000000000,0.000000000,0.000000000,0,-1.000000000,0,0,0,,0,-1.000000000,,0,0,0.000000000,0.000000000,0,-1.000000000,0,,0,-1.000000000,,0,-1.000000000,0,,1,0.097085953,5.562615343,-0.007326126,-0.026862144,1,3.270100832,187.362976255,-0.002442360,-2.741880417,1,-2.897115707,-165.992502795,0.002442360,2.550426483,1,-0.163844109,-9.387575920,-0.021978378,0.412698746,1,0.007861137,0.450409995,-0.012210846,-0.003663063,0.097085953,5.562615343,0.000000000,-0.000000000,8.000000000,2.500000000,3.319311380,190.182532986,0.000000000,-2.813282013,2.000000000,0.500000000,-2.912756920,-166.888678256,0.000000000,2.565571547,1.000000000,0.500000000,-0.167277336,-9.584285368,0.000000000,0.419957310,0.500000000,0.200000003,0.008244514,0.472375883,0.000000000,-0.000031460,0.000000000,0.100000001
2026-07-06 22:36:48.142,1783348608.142302275,194.988901065,1,1,194.971526099,1,0.009827921,5,1,0.005592757,5,1,0,0,0,0,1,1,1,0,1,0,-1.000000000,0.000000000,0.000000000,0.000000000,0,-1.000000000,0,0,0,,0,-1.000000000,,0,0,0.000000000,0.000000000,0,-1.000000000,0,,0,-1.000000000,,0,-1.000000000,0,,1,0.097085953,5.562615343,0.007326126,-0.021978378,1,3.270100832,187.362976255,-0.007326126,-2.728204727,1,-2.897115707,-165.992502795,-0.002442360,2.536752701,1,-0.163462639,-9.365719314,-0.007326126,0.412698746,1,0.007861137,0.450409995,-0.012210846,-0.003663063,0.097085953,5.562615343,0.000000000,-0.000000000,8.000000000,2.500000000,3.319311380,190.182532986,0.000000000,-2.813282013,2.000000000,0.500000000,-2.912756920,-166.888678256,0.000000000,2.565571547,1.000000000,0.500000000,-0.167277336,-9.584285368,0.000000000,0.419957310,0.500000000,0.200000003,0.008244514,0.472375883,0.000000000,-0.000031460,0.000000000,0.100000001
2026-07-06 22:36:49.141,1783348609.141369581,195.987968388,1,1,195.970593422,1,0.009986754,5,1,0.005627470,5,1,0,0,0,0,1,1,1,0,1,0,-1.000000000,0.000000000,0.000000000,0.000000000,0,-1.000000000,0,0,0,,0,-1.000000000,,0,0,0.000000000,0.000000000,0,-1.000000000,0,,0,-1.000000000,,0,-1.000000000,0,,1,0.097085953,5.562615343,-0.007326126,-0.021978378,1,3.270100832,187.362976255,-0.002442360,-2.741880417,1,-2.897115707,-165.992502795,-0.002442360,2.536752701,1,-0.163844109,-9.387575920,-0.007326126,0.412698746,1,0.007861137,0.450409995,0.012210846,-0.003663063,0.097085953,5.562615343,0.000000000,-0.000000000,8.000000000,2.500000000,3.319311380,190.182532986,0.000000000,-2.813282013,2.000000000,0.500000000,-2.912756920,-166.888678256,0.000000000,2.565571547,1.000000000,0.500000000,-0.167277336,-9.584285368,0.000000000,0.419957310,0.500000000,0.200000003,0.008244514,0.472375883,0.000000000,-0.000031460,0.000000000,0.100000001
2026-07-06 22:36:50.140,1783348610.140462160,196.987060952,1,1,196.969685986,1,0.009793516,5,1,0.005652295,5,1,0,0,0,0,1,1,1,0,1,0,-1.000000000,0.000000000,0.000000000,0.000000000,0,-1.000000000,0,0,0,,0,-1.000000000,,0,0,0.000000000,0.000000000,0,-1.000000000,0,,0,-1.000000000,,0,-1.000000000,0,,1,0.097085953,5.562615343,-0.007326126,-0.021978378,1,3.270100832,187.362976255,-0.007326126,-2.741880417,1,-2.897115707,-165.992502795,-0.007326126,2.550426483,1,-0.163844109,-9.387575920,-0.007326126,0.412698746,1,0.008244514,0.472375883,0.012210846,-0.003663063,0.097085953,5.562615343,0.000000000,-0.000000000,8.000000000,2.500000000,3.319311380,190.182532986,0.000000000,-2.813282013,2.000000000,0.500000000,-2.912756920,-166.888678256,0.000000000,2.565571547,1.000000000,0.500000000,-0.167277336,-9.584285368,0.000000000,0.419957310,0.500000000,0.200000003,0.008244514,0.472375883,0.000000000,-0.000031460,0.000000000,0.100000001
2026-07-06 22:36:51.139,1783348611.139488935,197.986087754,1,1,197.968712788,1,0.009459041,5,1,0.005637893,5,1,0,0,0,0,1,1,1,0,1,0,-1.000000000,0.000000000,0.000000000,0.000000000,0,-1.000000000,0,0,0,,0,-1.000000000,,0,0,0.000000000,0.000000000,0,-1.000000000,0,,0,-1.000000000,,0,-1.000000000,0,,1,0.097085953,5.562615343,0.007326126,-0.031745911,1,3.270100832,187.362976255,0.002442360,-2.741880417,1,-2.897115707,-165.992502795,-0.002442360,2.536752701,1,-0.163844109,-9.387575920,-0.007326126,0.412698746,1,0.008244514,0.472375883,0.012210846,-0.003663063,0.097085953,5.562615343,0.000000000,-0.000000000,8.000000000,2.500000000,3.319311380,190.182532986,0.000000000,-2.813282013,2.000000000,0.500000000,-2.912756920,-166.888678256,0.000000000,2.565571547,1.000000000,0.500000000,-0.167277336,-9.584285368,0.000000000,0.419957310,0.500000000,0.200000003,0.008244514,0.472375883,0.000000000,-0.000031460,0.000000000,0.100000001
2026-07-06 22:36:52.138,1783348612.138694286,198.985293296,1,1,198.967918330,1,0.009991281,5,1,0.005593548,5,1,0,0,0,0,1,1,1,0,1,0,-1.000000000,0.000000000,0.000000000,0.000000000,0,-1.000000000,0,0,0,,0,-1.000000000,,0,0,0.000000000,0.000000000,0,-1.000000000,0,,0,-1.000000000,,0,-1.000000000,0,,1,0.097085953,5.562615343,-0.007326126,-0.026862144,1,3.270100832,187.362976255,-0.002442360,-2.741880417,1,-2.897115707,-165.992502795,-0.007326126,2.536752701,1,-0.163844109,-9.387575920,-0.036630630,0.412698746,1,0.007861137,0.450409995,0.012210846,-0.003663063,0.097085953,5.562615343,0.000000000,-0.000000000,8.000000000,2.500000000,3.319311380,190.182532986,0.000000000,-2.813282013,2.000000000,0.500000000,-2.912756920,-166.888678256,0.000000000,2.565571547,1.000000000,0.500000000,-0.167277336,-9.584285368,0.000000000,0.419957310,0.500000000,0.200000003,0.008244514,0.472375883,0.000000000,-0.000031460,0.000000000,0.100000001
2026-07-06 22:36:53.137,1783348613.137762785,199.984361627,1,1,199.966986661,1,0.009499440,5,1,0.005646911,5,1,0,0,0,0,1,1,1,0,1,0,-1.000000000,0.000000000,0.000000000,0.000000000,0,-1.000000000,0,0,0,,0,-1.000000000,,0,0,0.000000000,0.000000000,0,-1.000000000,0,,0,-1.000000000,,0,-1.000000000,0,,1,0.097085953,5.562615343,-0.021978378,-0.021978378,1,3.270100832,187.362976255,-0.002442360,-2.741880417,1,-2.897115707,-165.992502795,-0.002442360,2.536752701,1,-0.163844109,-9.387575920,-0.007326126,0.407814026,1,0.008244514,0.472375883,-0.012210846,-0.003663063,0.097085953,5.562615343,0.000000000,-0.000000000,8.000000000,2.500000000,3.319311380,190.182532986,0.000000000,-2.813282013,2.000000000,0.500000000,-2.912756920,-166.888678256,0.000000000,2.565571547,1.000000000,0.500000000,-0.167277336,-9.584285368,0.000000000,0.419957310,0.500000000,0.200000003,0.008244514,0.472375883,0.000000000,-0.000031460,0.000000000,0.100000001
2026-07-06 22:36:54.137,1783348614.137026787,200.983625550,1,1,200.966250584,1,0.009904324,5,1,0.005522902,5,1,0,0,0,0,1,1,1,0,1,0,-1.000000000,0.000000000,0.000000000,0.000000000,0,-1.000000000,0,0,0,,0,-1.000000000,,0,0,0.000000000,0.000000000,0,-1.000000000,0,,0,-1.000000000,,0,-1.000000000,0,,1,0.097085953,5.562615343,-0.007326126,-0.026862144,1,3.270100832,187.362976255,-0.002442360,-2.741880417,1,-2.897115707,-165.992502795,-0.012209892,2.536752701,1,-0.163844109,-9.387575920,0.007326126,0.412698746,1,0.008244514,0.472375883,0.012210846,-0.003663063,0.097085953,5.562615343,0.000000000,-0.000000000,8.000000000,2.500000000,3.319311380,190.182532986,0.000000000,-2.813282013,2.000000000,0.500000000,-2.912756920,-166.888678256,0.000000000,2.565571547,1.000000000,0.500000000,-0.167277336,-9.584285368,0.000000000,0.419957310,0.500000000,0.200000003,0.008244514,0.472375883,0.000000000,-0.000031460,0.000000000,0.100000001
2026-07-06 22:36:55.136,1783348615.136262655,201.982861483,1,1,201.965486517,1,0.010000890,5,1,0.005790999,5,1,0,0,0,0,1,1,1,0,1,0,-1.000000000,0.000000000,0.000000000,0.000000000,0,-1.000000000,0,0,0,,0,-1.000000000,,0,0,0.000000000,0.000000000,0,-1.000000000,0,,0,-1.000000000,,0,-1.000000000,0,,1,0.097085953,5.562615343,-0.007326126,-0.026862144,1,3.270100832,187.362976255,-0.002442360,-2.741880417,1,-2.897115707,-165.992502795,-0.002442360,2.536752701,1,-0.163462639,-9.365719314,-0.007326126,0.412698746,1,0.007861137,0.450409995,-0.012210846,-0.003663063,0.097085953,5.562615343,0.000000000,-0.000000000,8.000000000,2.500000000,3.319311380,190.182532986,0.000000000,-2.813282013,2.000000000,0.500000000,-2.912756920,-166.888678256,0.000000000,2.565571547,1.000000000,0.500000000,-0.167277336,-9.584285368,0.000000000,0.419957310,0.500000000,0.200000003,0.008244514,0.472375883,0.000000000,-0.000031460,0.000000000,0.100000001
2026-07-06 22:36:56.135,1783348616.135377407,202.981976084,1,1,202.964601118,1,0.000098152,5,1,0.005631659,5,1,0,0,0,0,1,1,1,0,1,0,-1.000000000,0.000000000,0.000000000,0.000000000,0,-1.000000000,0,0,0,,0,-1.000000000,,0,0,0.000000000,0.000000000,0,-1.000000000,0,,0,-1.000000000,,0,-1.000000000,0,,1,0.097085953,5.562615343,0.007326126,-0.026862144,1,3.270100832,187.362976255,0.002442360,-2.728204727,1,-2.897115707,-165.992502795,-0.002442360,2.536752701,1,-0.163462639,-9.365719314,0.007326126,0.412698746,1,0.007861137,0.450409995,-0.012210846,-0.003663063,0.097085953,5.562615343,0.000000000,-0.000000000,8.000000000,2.500000000,3.319311380,190.182532986,0.000000000,-2.813282013,2.000000000,0.500000000,-2.912756920,-166.888678256,0.000000000,2.565571547,1.000000000,0.500000000,-0.167277336,-9.584285368,0.000000000,0.419957310,0.500000000,0.200000003,0.008244514,0.472375883,0.000000000,-0.000031460,0.000000000,0.100000001
