wall_time,ros_time_sec,elapsed_sec,has_ready,driver_ready,ready_age_sec,has_state,state_age_sec,state_size,has_command,command_age_sec,command_size,service_mode,service_suction,service_pick,service_place,service_stack,service_payload_estimate,service_payload_state,service_arm_mission,service_nav_arm_event,action_move_joint,has_nav_state,nav_state_age_sec,nav_state_x,nav_state_y,nav_state_yaw,has_nav_task_points,nav_task_points_age_sec,nav_task_points_count,nav_task_points_min_id,nav_task_points_max_id,nav_task_points_summary,has_nav_mission_request,nav_mission_request_age_sec,nav_mission_action,nav_mission_task_index,nav_mission_point_id,nav_mission_x,nav_mission_y,has_nav_mission_response,nav_mission_response_age_sec,nav_mission_response_success,nav_mission_response_message,has_nav_arm_event_request,nav_arm_event_request_age_sec,nav_arm_event_request_message,has_nav_arm_event_response,nav_arm_event_response_age_sec,nav_arm_event_response_success,nav_arm_event_response_message,state_valid_0,state_q_rad_0,state_q_deg_0,state_dq_0,state_tau_est_0,state_valid_1,state_q_rad_1,state_q_deg_1,state_dq_1,state_tau_est_1,state_valid_2,state_q_rad_2,state_q_deg_2,state_dq_2,state_tau_est_2,state_valid_3,state_q_rad_3,state_q_deg_3,state_dq_3,state_tau_est_3,state_valid_4,state_q_rad_4,state_q_deg_4,state_dq_4,state_tau_est_4,cmd_q_rad_0,cmd_q_deg_0,cmd_dq_0,cmd_tau_0,cmd_kp_0,cmd_kd_0,cmd_q_rad_1,cmd_q_deg_1,cmd_dq_1,cmd_tau_1,cmd_kp_1,cmd_kd_1,cmd_q_rad_2,cmd_q_deg_2,cmd_dq_2,cmd_tau_2,cmd_kp_2,cmd_kd_2,cmd_q_rad_3,cmd_q_deg_3,cmd_dq_3,cmd_tau_3,cmd_kp_3,cmd_kd_3,cmd_q_rad_4,cmd_q_deg_4,cmd_dq_4,cmd_tau_4,cmd_kp_4,cmd_kd_4
2026-07-07 00:09:26.310,1783354166.309937954,1.014120255,1,1,0.999662687,1,0.007274922,5,1,0.001067571,5,1,0,0,0,0,1,1,0,1,1,1,0.022055078,0.044789240,-0.246251341,1.562438040,1,0.998394881,12,1,12,1:-1.251:2.428|2:-0.428:2.425|3:0.392:2.424|4:1.223:2.419|5:1.228:1.589|6:0.405:1.588|7:-0.440:1.588|8:-1.261:1.589|9:-1.185:4.911|10:-0.390:4.902|11:0.375:4.903|12:1.182:4.901,0,-1.000000000,,0,0,0.000000000,0.000000000,0,-1.000000000,0,,0,-1.000000000,,0,-1.000000000,0,,1,0.023078918,1.322324623,0.036630630,-0.031745911,1,3.250644922,186.248234741,-0.002442360,-2.741880417,1,-2.892538071,-165.730223531,-0.007326126,2.564102173,1,-0.178339958,-10.218126923,-0.007326126,0.412698746,1,0.678968430,38.902025437,-0.036628723,-0.003663063,0.021553040,1.234898202,0.000000000,-0.000000000,8.000000000,2.500000000,3.294896364,188.783655602,0.000000000,-2.820822001,2.000000000,0.500000000,-2.900930405,-166.211068848,0.000000000,2.580008745,1.000000000,0.500000000,-0.179102898,-10.261840134,0.000000000,0.422322124,0.500000000,0.200000003,0.678968430,38.902025437,0.000000000,0.000104996,0.000000000,0.100000001
2026-07-07 00:09:27.310,1783354167.309895515,2.014077856,1,1,1.999620288,1,0.007269110,5,1,0.001074148,5,1,0,0,0,0,1,1,0,1,1,1,0.022053435,0.042313539,-0.247030546,1.563813527,1,1.998352482,12,1,12,1:-1.251:2.428|2:-0.428:2.425|3:0.392:2.424|4:1.223:2.419|5:1.228:1.589|6:0.405:1.588|7:-0.440:1.588|8:-1.261:1.589|9:-1.185:4.911|10:-0.390:4.902|11:0.375:4.903|12:1.182:4.901,0,-1.000000000,,0,0,0.000000000,0.000000000,0,-1.000000000,0,,0,-1.000000000,,0,-1.000000000,0,,1,0.023078918,1.322324623,-0.007326126,-0.036629677,1,3.250644922,186.248234741,-0.002442360,-2.741880417,1,-2.892538071,-165.730223531,0.002442360,2.564102173,1,-0.178339958,-10.218126923,-0.007326126,0.412698746,1,0.678968430,38.902025437,0.012210846,-0.003663063,0.021553040,1.234898202,0.000000000,-0.000000000,8.000000000,2.500000000,3.294896364,188.783655602,0.000000000,-2.820822001,2.000000000,0.500000000,-2.900930405,-166.211068848,0.000000000,2.580008745,1.000000000,0.500000000,-0.179102898,-10.261840134,0.000000000,0.422322124,0.500000000,0.200000003,0.678968430,38.902025437,0.000000000,0.000104996,0.000000000,0.100000001
2026-07-07 00:09:28.309,1783354168.309851885,3.014034187,1,1,2.999576619,1,0.007263296,5,1,0.001088025,5,1,0,0,0,0,1,1,0,1,1,1,0.022031982,0.038759225,-0.251034365,1.562680527,1,2.998308813,12,1,12,1:-1.251:2.428|2:-0.428:2.425|3:0.392:2.424|4:1.223:2.419|5:1.228:1.589|6:0.405:1.588|7:-0.440:1.588|8:-1.261:1.589|9:-1.185:4.911|10:-0.390:4.902|11:0.375:4.903|12:1.182:4.901,0,-1.000000000,,0,0,0.000000000,0.000000000,0,-1.000000000,0,,0,-1.000000000,,0,-1.000000000,0,,1,0.023078918,1.322324623,-0.021978378,-0.036629677,1,3.250644922,186.248234741,-0.002442360,-2.741880417,1,-2.892538071,-165.730223531,-0.007326126,2.564102173,1,-0.178339958,-10.218126923,-0.007326126,0.412698746,1,0.678968430,38.902025437,-0.012210846,-0.003663063,0.021553040,1.234898202,0.000000000,-0.000000000,8.000000000,2.500000000,3.294896364,188.783655602,0.000000000,-2.820822001,2.000000000,0.500000000,-2.900930405,-166.211068848,0.000000000,2.580008745,1.000000000,0.500000000,-0.179102898,-10.261840134,0.000000000,0.422322124,0.500000000,0.200000003,0.678968430,38.902025437,0.000000000,0.000104996,0.000000000,0.100000001
2026-07-07 00:09:29.309,1783354169.309829712,4.014012089,1,1,3.999554521,1,0.007147556,5,1,0.000980435,5,1,0,0,0,0,1,1,1,1,1,1,0.022003242,0.048534315,-0.244806642,1.561320223,1,3.998286715,12,1,12,1:-1.251:2.428|2:-0.428:2.425|3:0.392:2.424|4:1.223:2.419|5:1.228:1.589|6:0.405:1.588|7:-0.440:1.588|8:-1.261:1.589|9:-1.185:4.911|10:-0.390:4.902|11:0.375:4.903|12:1.182:4.901,0,-1.000000000,,0,0,0.000000000,0.000000000,0,-1.000000000,0,,0,-1.000000000,,0,-1.000000000,0,,1,0.023460388,1.344181229,-0.007326126,-0.051281929,1,3.250644922,186.248234741,-0.007326126,-2.741880417,1,-2.892538071,-165.730223531,0.002442360,2.564102173,1,-0.178339958,-10.218126923,-0.007326126,0.412698746,1,0.678968430,38.902025437,0.012210846,-0.003663063,0.021553040,1.234898202,0.000000000,-0.000000000,8.000000000,2.500000000,3.294896364,188.783655602,0.000000000,-2.820822001,2.000000000,0.500000000,-2.900930405,-166.211068848,0.000000000,2.580008745,1.000000000,0.500000000,-0.179102898,-10.261840134,0.000000000,0.422322124,0.500000000,0.200000003,0.678968430,38.902025437,0.000000000,0.000104996,0.000000000,0.100000001
2026-07-07 00:09:30.310,1783354170.309828520,5.014011057,1,1,4.999553489,1,0.007198215,5,1,0.000987328,5,1,0,0,0,0,1,1,1,1,1,1,0.022054354,0.039654785,-0.247507967,1.562664598,1,4.998285683,12,1,12,1:-1.251:2.428|2:-0.428:2.425|3:0.392:2.424|4:1.223:2.419|5:1.228:1.589|6:0.405:1.588|7:-0.440:1.588|8:-1.261:1.589|9:-1.185:4.911|10:-0.390:4.902|11:0.375:4.903|12:1.182:4.901,0,-1.000000000,,0,0,0.000000000,0.000000000,0,-1.000000000,0,,0,-1.000000000,,0,-1.000000000,0,,1,0.023078918,1.322324623,-0.007326126,-0.036629677,1,3.250644922,186.248234741,-0.002442360,-2.755556107,1,-2.892538071,-165.730223531,-0.002442360,2.564102173,1,-0.177958488,-10.196270318,0.021978378,0.412698746,1,0.678968430,38.902025437,-0.012210846,-0.003663063,0.021553040,1.234898202,0.000000000,-0.000000000,8.000000000,2.500000000,3.294896364,188.783655602,0.000000000,-2.820822001,2.000000000,0.500000000,-2.900930405,-166.211068848,0.000000000,2.580008745,1.000000000,0.500000000,-0.179102898,-10.261840134,0.000000000,0.422322124,0.500000000,0.200000003,0.678968430,38.902025437,0.000000000,0.000104996,0.000000000,0.100000001
2026-07-07 00:09:31.309,1783354171.309770823,6.013953128,1,1,5.999495560,1,0.006856796,5,1,0.000993584,5,1,0,0,0,0,1,1,1,1,1,1,0.021966523,0.043909341,-0.247470930,1.563247180,1,5.998227754,12,1,12,1:-1.251:2.428|2:-0.428:2.425|3:0.392:2.424|4:1.223:2.419|5:1.228:1.589|6:0.405:1.588|7:-0.440:1.588|8:-1.261:1.589|9:-1.185:4.911|10:-0.390:4.902|11:0.375:4.903|12:1.182:4.901,0,-1.000000000,,0,0,0.000000000,0.000000000,0,-1.000000000,0,,0,-1.000000000,,0,-1.000000000,0,,1,0.023078918,1.322324623,-0.021978378,-0.031745911,1,3.250644922,186.248234741,-0.002442360,-2.741880417,1,-2.892538071,-165.730223531,-0.002442360,2.564102173,1,-0.178339958,-10.218126923,-0.007326126,0.412698746,1,0.678968430,38.902025437,-0.036628723,-0.003663063,0.021553040,1.234898202,0.000000000,-0.000000000,8.000000000,2.500000000,3.294896364,188.783655602,0.000000000,-2.820822001,2.000000000,0.500000000,-2.900930405,-166.211068848,0.000000000,2.580008745,1.000000000,0.500000000,-0.179102898,-10.261840134,0.000000000,0.422322124,0.500000000,0.200000003,0.678968430,38.902025437,0.000000000,0.000104996,0.000000000,0.100000001
2026-07-07 00:09:32.309,1783354172.309722900,7.013905291,1,1,6.999447723,1,0.006819112,5,1,0.000946303,5,1,0,0,0,0,1,1,1,1,1,1,0.021995375,0.046741123,-0.246010062,1.564575902,1,6.998179917,12,1,12,1:-1.251:2.428|2:-0.428:2.425|3:0.392:2.424|4:1.223:2.419|5:1.228:1.589|6:0.405:1.588|7:-0.440:1.588|8:-1.261:1.589|9:-1.185:4.911|10:-0.390:4.902|11:0.375:4.903|12:1.182:4.901,0,-1.000000000,,0,0,0.000000000,0.000000000,0,-1.000000000,0,,0,-1.000000000,,0,-1.000000000,0,,1,0.023078918,1.322324623,-0.007326126,-0.036629677,1,3.250644922,186.248234741,-0.002442360,-2.741880417,1,-2.892538071,-165.730223531,-0.002442360,2.564102173,1,-0.178339958,-10.218126923,0.007326126,0.412698746,1,0.678968430,38.902025437,-0.012210846,-0.003663063,0.021553040,1.234898202,0.000000000,-0.000000000,8.000000000,2.500000000,3.294896364,188.783655602,0.000000000,-2.820822001,2.000000000,0.500000000,-2.900930405,-166.211068848,0.000000000,2.580008745,1.000000000,0.500000000,-0.179102898,-10.261840134,0.000000000,0.422322124,0.500000000,0.200000003,0.678968430,38.902025437,0.000000000,0.000104996,0.000000000,0.100000001
2026-07-07 00:09:33.309,1783354173.309822321,8.014004559,1,1,7.999546991,1,0.007269411,5,1,0.000980389,5,1,0,0,0,0,1,1,1,1,1,1,0.022058312,0.041871005,-0.246861480,1.562335392,1,7.998279185,12,1,12,1:-1.251:2.428|2:-0.428:2.425|3:0.392:2.424|4:1.223:2.419|5:1.228:1.589|6:0.405:1.588|7:-0.440:1.588|8:-1.261:1.589|9:-1.185:4.911|10:-0.390:4.902|11:0.375:4.903|12:1.182:4.901,0,-1.000000000,,0,0,0.000000000,0.000000000,0,-1.000000000,0,,0,-1.000000000,,0,-1.000000000,0,,1,0.023078918,1.322324623,-0.007326126,-0.036629677,1,3.250644922,186.248234741,-0.002442360,-2.741880417,1,-2.892538071,-165.730223531,-0.002442360,2.577777863,1,-0.178339958,-10.218126923,-0.007326126,0.412698746,1,0.678968430,38.902025437,0.012210846,-0.003663063,0.021553040,1.234898202,0.000000000,-0.000000000,8.000000000,2.500000000,3.294896364,188.783655602,0.000000000,-2.820822001,2.000000000,0.500000000,-2.900930405,-166.211068848,0.000000000,2.580008745,1.000000000,0.500000000,-0.179102898,-10.261840134,0.000000000,0.422322124,0.500000000,0.200000003,0.678968430,38.902025437,0.000000000,0.000104996,0.000000000,0.100000001
2026-07-07 00:09:34.309,1783354174.309697866,9.013880179,1,1,8.999422611,1,0.007115888,5,1,0.001113939,5,1,0,0,0,0,1,1,1,1,1,1,0.021889927,0.046028373,-0.245326193,1.563043456,1,8.998154805,12,1,12,1:-1.251:2.428|2:-0.428:2.425|3:0.392:2.424|4:1.223:2.419|5:1.228:1.589|6:0.405:1.588|7:-0.440:1.588|8:-1.261:1.589|9:-1.185:4.911|10:-0.390:4.902|11:0.375:4.903|12:1.182:4.901,0,-1.000000000,,0,0,0.000000000,0.000000000,0,-1.000000000,0,,0,-1.000000000,,0,-1.000000000,0,,1,0.023078918,1.322324623,-0.021978378,-0.041514397,1,3.250644922,186.248234741,-0.007326126,-2.741880417,1,-2.892538071,-165.730223531,-0.002442360,2.564102173,1,-0.178339958,-10.218126923,-0.021978378,0.412698746,1,0.678968430,38.902025437,0.012210846,-0.003663063,0.021553040,1.234898202,0.000000000,-0.000000000,8.000000000,2.500000000,3.294896364,188.783655602,0.000000000,-2.820822001,2.000000000,0.500000000,-2.900930405,-166.211068848,0.000000000,2.580008745,1.000000000,0.500000000,-0.179102898,-10.261840134,0.000000000,0.422322124,0.500000000,0.200000003,0.678968430,38.902025437,0.000000000,0.000104996,0.000000000,0.100000001
2026-07-07 00:09:35.309,1783354175.309654713,10.013837119,1,1,9.999379551,1,0.007222173,5,1,0.001062785,5,1,0,0,0,0,1,1,1,1,1,1,0.022056415,0.041719745,-0.248035147,1.562445863,1,9.998111745,12,1,12,1:-1.251:2.428|2:-0.428:2.425|3:0.392:2.424|4:1.223:2.419|5:1.228:1.589|6:0.405:1.588|7:-0.440:1.588|8:-1.261:1.589|9:-1.185:4.911|10:-0.390:4.902|11:0.375:4.903|12:1.182:4.901,0,-1.000000000,,0,0,0.000000000,0.000000000,0,-1.000000000,0,,0,-1.000000000,,0,-1.000000000,0,,1,0.023078918,1.322324623,0.007326126,-0.041514397,1,3.250644922,186.248234741,-0.002442360,-2.741880417,1,-2.892538071,-165.730223531,-0.002442360,2.564102173,1,-0.177958488,-10.196270318,0.007326126,0.412698746,1,0.678968430,38.902025437,-0.012210846,-0.003663063,0.021553040,1.234898202,0.000000000,-0.000000000,8.000000000,2.500000000,3.294896364,188.783655602,0.000000000,-2.820822001,2.000000000,0.500000000,-2.900930405,-166.211068848,0.000000000,2.580008745,1.000000000,0.500000000,-0.179102898,-10.261840134,0.000000000,0.422322124,0.500000000,0.200000003,0.678968430,38.902025437,0.000000000,0.000104996,0.000000000,0.100000001
2026-07-07 00:09:36.309,1783354176.309689999,11.013872409,1,1,10.999414841,1,0.006766918,5,1,0.001049302,5,1,0,0,0,0,1,1,1,1,1,1,0.022128664,0.038709743,-0.247085938,1.563815275,1,10.998147035,12,1,12,1:-1.251:2.428|2:-0.428:2.425|3:0.392:2.424|4:1.223:2.419|5:1.228:1.589|6:0.405:1.588|7:-0.440:1.588|8:-1.261:1.589|9:-1.185:4.911|10:-0.390:4.902|11:0.375:4.903|12:1.182:4.901,0,-1.000000000,,0,0,0.000000000,0.000000000,0,-1.000000000,0,,0,-1.000000000,,0,-1.000000000,0,,1,0.023078918,1.322324623,-0.007326126,-0.036629677,1,3.250644922,186.248234741,-0.002442360,-2.741880417,1,-2.892538071,-165.730223531,-0.002442360,2.550426483,1,-0.178339958,-10.218126923,-0.007326126,0.412698746,1,0.678968430,38.902025437,0.036628723,-0.003663063,0.021553040,1.234898202,0.000000000,-0.000000000,8.000000000,2.500000000,3.294896364,188.783655602,0.000000000,-2.820822001,2.000000000,0.500000000,-2.900930405,-166.211068848,0.000000000,2.580008745,1.000000000,0.500000000,-0.179102898,-10.261840134,0.000000000,0.422322124,0.500000000,0.200000003,0.678968430,38.902025437,0.000000000,0.000104996,0.000000000,0.100000001
2026-07-07 00:09:37.309,1783354177.309632301,12.013814518,1,1,11.999356950,1,0.007200854,5,1,0.001020973,5,1,0,0,0,0,1,1,1,1,1,1,0.022027198,0.049901660,-0.241638922,1.562795733,1,11.998089144,12,1,12,1:-1.251:2.428|2:-0.428:2.425|3:0.392:2.424|4:1.223:2.419|5:1.228:1.589|6:0.405:1.588|7:-0.440:1.588|8:-1.261:1.589|9:-1.185:4.911|10:-0.390:4.902|11:0.375:4.903|12:1.182:4.901,0,-1.000000000,,0,0,0.000000000,0.000000000,0,-1.000000000,0,,0,-1.000000000,,0,-1.000000000,0,,1,0.023078918,1.322324623,-0.007326126,-0.036629677,1,3.250644922,186.248234741,-0.002442360,-2.741880417,1,-2.892538071,-165.730223531,-0.002442360,2.564102173,1,-0.178339958,-10.218126923,-0.007326126,0.412698746,1,0.678968430,38.902025437,0.012210846,-0.003663063,0.021553040,1.234898202,0.000000000,-0.000000000,8.000000000,2.500000000,3.294896364,188.783655602,0.000000000,-2.820822001,2.000000000,0.500000000,-2.900930405,-166.211068848,0.000000000,2.580008745,1.000000000,0.500000000,-0.179102898,-10.261840134,0.000000000,0.422322124,0.500000000,0.200000003,0.678968430,38.902025437,0.000000000,0.000104996,0.000000000,0.100000001
2026-07-07 00:09:38.309,1783354178.309591770,13.013774191,1,1,12.999316623,1,0.007170635,5,1,0.001011988,5,1,0,0,0,0,1,1,1,1,1,1,0.022049119,0.041561877,-0.245106063,1.562830629,1,12.998048817,12,1,12,1:-1.251:2.428|2:-0.428:2.425|3:0.392:2.424|4:1.223:2.419|5:1.228:1.589|6:0.405:1.588|7:-0.440:1.588|8:-1.261:1.589|9:-1.185:4.911|10:-0.390:4.902|11:0.375:4.903|12:1.182:4.901,0,-1.000000000,,0,0,0.000000000,0.000000000,0,-1.000000000,0,,0,-1.000000000,,0,-1.000000000,0,,1,0.023078918,1.322324623,-0.007326126,-0.036629677,1,3.250644922,186.248234741,0.002442360,-2.741880417,1,-2.892538071,-165.730223531,-0.002442360,2.550426483,1,-0.178339958,-10.218126923,-0.007326126,0.412698746,1,0.678968430,38.902025437,-0.012210846,-0.006104946,0.021553040,1.234898202,0.000000000,-0.000000000,8.000000000,2.500000000,3.294896364,188.783655602,0.000000000,-2.820822001,2.000000000,0.500000000,-2.900930405,-166.211068848,0.000000000,2.580008745,1.000000000,0.500000000,-0.179102898,-10.261840134,0.000000000,0.422322124,0.500000000,0.200000003,0.678968430,38.902025437,0.000000000,0.000104996,0.000000000,0.100000001
2026-07-07 00:09:39.309,1783354179.309653997,14.013836286,1,1,13.999378718,1,0.007332375,5,1,0.001041829,5,1,0,0,0,0,1,1,1,1,1,1,0.022110847,0.043710952,-0.240090005,1.562854231,1,13.998110912,12,1,12,1:-1.251:2.428|2:-0.428:2.425|3:0.392:2.424|4:1.223:2.419|5:1.228:1.589|6:0.405:1.588|7:-0.440:1.588|8:-1.261:1.589|9:-1.185:4.911|10:-0.390:4.902|11:0.375:4.903|12:1.182:4.901,0,-1.000000000,,0,0,0.000000000,0.000000000,0,-1.000000000,0,,0,-1.000000000,,0,-1.000000000,0,,1,0.023078918,1.322324623,0.007326126,-0.036629677,1,3.250644922,186.248234741,0.002442360,-2.755556107,1,-2.892538071,-165.730223531,0.002442360,2.564102173,1,-0.178339958,-10.218126923,-0.007326126,0.412698746,1,0.678968430,38.902025437,0.012210846,-0.003663063,0.021553040,1.234898202,0.000000000,-0.000000000,8.000000000,2.500000000,3.294896364,188.783655602,0.000000000,-2.820822001,2.000000000,0.500000000,-2.900930405,-166.211068848,0.000000000,2.580008745,1.000000000,0.500000000,-0.179102898,-10.261840134,0.000000000,0.422322124,0.500000000,0.200000003,0.678968430,38.902025437,0.000000000,0.000104996,0.000000000,0.100000001
2026-07-07 00:09:40.309,1783354180.309532166,15.013714407,1,1,14.999256839,1,0.007009606,5,1,0.000917273,5,1,0,0,0,0,1,1,1,1,1,1,0.022061590,0.047116508,-0.241731109,1.563518379,1,14.997989033,12,1,12,1:-1.251:2.428|2:-0.428:2.425|3:0.392:2.424|4:1.223:2.419|5:1.228:1.589|6:0.405:1.588|7:-0.440:1.588|8:-1.261:1.589|9:-1.185:4.911|10:-0.390:4.902|11:0.375:4.903|12:1.182:4.901,0,-1.000000000,,0,0,0.000000000,0.000000000,0,-1.000000000,0,,0,-1.000000000,,0,-1.000000000,0,,1,0.023078918,1.322324623,-0.007326126,-0.026862144,1,3.250644922,186.248234741,-0.002442360,-2.741880417,1,-2.892538071,-165.730223531,-0.002442360,2.564102173,1,-0.178339958,-10.218126923,-0.007326126,0.412698746,1,0.678968430,38.902025437,-0.036628723,-0.003663063,0.021553040,1.234898202,0.000000000,-0.000000000,8.000000000,2.500000000,3.294896364,188.783655602,0.000000000,-2.820822001,2.000000000,0.500000000,-2.900930405,-166.211068848,0.000000000,2.580008745,1.000000000,0.500000000,-0.179102898,-10.261840134,0.000000000,0.422322124,0.500000000,0.200000003,0.678968430,38.902025437,0.000000000,0.000104996,0.000000000,0.100000001
2026-07-07 00:09:41.309,1783354181.309490681,16.013673052,1,1,15.999215484,1,0.007214394,5,1,0.001024299,5,1,0,0,0,0,1,1,1,1,1,1,0.022070471,0.044280125,-0.241543705,1.563708937,1,15.997947678,12,1,12,1:-1.251:2.428|2:-0.428:2.425|3:0.392:2.424|4:1.223:2.419|5:1.228:1.589|6:0.405:1.588|7:-0.440:1.588|8:-1.261:1.589|9:-1.185:4.911|10:-0.390:4.902|11:0.375:4.903|12:1.182:4.901,0,-1.000000000,,0,0,0.000000000,0.000000000,0,-1.000000000,0,,0,-1.000000000,,0,-1.000000000,0,,1,0.023078918,1.322324623,-0.021978378,-0.017093658,1,3.250644922,186.248234741,-0.002442360,-2.741880417,1,-2.892538071,-165.730223531,-0.002442360,2.564102173,1,-0.178339958,-10.218126923,-0.007326126,0.412698746,1,0.678968430,38.902025437,-0.012210846,-0.003663063,0.021553040,1.234898202,0.000000000,-0.000000000,8.000000000,2.500000000,3.294896364,188.783655602,0.000000000,-2.820822001,2.000000000,0.500000000,-2.900930405,-166.211068848,0.000000000,2.580008745,1.000000000,0.500000000,-0.179102898,-10.261840134,0.000000000,0.422322124,0.500000000,0.200000003,0.678968430,38.902025437,0.000000000,0.000104996,0.000000000,0.100000001
2026-07-07 00:09:42.309,1783354182.309469700,17.013651993,1,1,16.999194425,1,0.007279979,5,1,0.000983931,5,1,0,0,0,0,1,1,1,1,1,1,0.022038975,0.045395777,-0.236714972,1.563506868,1,16.997926619,12,1,12,1:-1.251:2.428|2:-0.428:2.425|3:0.392:2.424|4:1.223:2.419|5:1.228:1.589|6:0.405:1.588|7:-0.440:1.588|8:-1.261:1.589|9:-1.185:4.911|10:-0.390:4.902|11:0.375:4.903|12:1.182:4.901,0,-1.000000000,,0,0,0.000000000,0.000000000,0,-1.000000000,0,,0,-1.000000000,,0,-1.000000000,0,,1,0.023078918,1.322324623,-0.007326126,-0.036629677,1,3.250644922,186.248234741,-0.002442360,-2.741880417,1,-2.892538071,-165.730223531,-0.002442360,2.564102173,1,-0.178339958,-10.218126923,0.007326126,0.412698746,1,0.678968430,38.902025437,0.012210846,-0.003663063,0.021553040,1.234898202,0.000000000,-0.000000000,8.000000000,2.500000000,3.294896364,188.783655602,0.000000000,-2.820822001,2.000000000,0.500000000,-2.900930405,-166.211068848,0.000000000,2.580008745,1.000000000,0.500000000,-0.179102898,-10.261840134,0.000000000,0.422322124,0.500000000,0.200000003,0.678968430,38.902025437,0.000000000,0.000104996,0.000000000,0.100000001
2026-07-07 00:09:43.309,1783354183.309529781,18.013712208,1,1,17.999254640,1,0.007327015,5,1,0.001001775,5,1,0,0,0,0,1,1,1,1,1,1,0.022093725,0.037670002,-0.240753439,1.563519002,1,17.997986834,12,1,12,1:-1.251:2.428|2:-0.428:2.425|3:0.392:2.424|4:1.223:2.419|5:1.228:1.589|6:0.405:1.588|7:-0.440:1.588|8:-1.261:1.589|9:-1.185:4.911|10:-0.390:4.902|11:0.375:4.903|12:1.182:4.901,0,-1.000000000,,0,0,0.000000000,0.000000000,0,-1.000000000,0,,0,-1.000000000,,0,-1.000000000,0,,1,0.023078918,1.322324623,-0.007326126,-0.031745911,1,3.250644922,186.248234741,-0.002442360,-2.755556107,1,-2.892538071,-165.730223531,-0.007326126,2.564102173,1,-0.178339958,-10.218126923,-0.021978378,0.412698746,1,0.678968430,38.902025437,-0.036628723,-0.003663063,0.021553040,1.234898202,0.000000000,-0.000000000,8.000000000,2.500000000,3.294896364,188.783655602,0.000000000,-2.820822001,2.000000000,0.500000000,-2.900930405,-166.211068848,0.000000000,2.580008745,1.000000000,0.500000000,-0.179102898,-10.261840134,0.000000000,0.422322124,0.500000000,0.200000003,0.678968430,38.902025437,0.000000000,0.000104996,0.000000000,0.100000001
2026-07-07 00:09:44.309,1783354184.309420109,19.013602503,1,1,18.999144935,1,0.007295312,5,1,0.001064531,5,1,0,0,0,0,1,1,1,1,1,1,0.022064414,0.049786128,-0.242995817,1.562780367,1,18.997877129,12,1,12,1:-1.251:2.428|2:-0.428:2.425|3:0.392:2.424|4:1.223:2.419|5:1.228:1.589|6:0.405:1.588|7:-0.440:1.588|8:-1.261:1.589|9:-1.185:4.911|10:-0.390:4.902|11:0.375:4.903|12:1.182:4.901,0,-1.000000000,,0,0,0.000000000,0.000000000,0,-1.000000000,0,,0,-1.000000000,,0,-1.000000000,0,,1,0.023460388,1.344181229,-0.021978378,-0.026862144,1,3.250644922,186.248234741,-0.002442360,-2.755556107,1,-2.892538071,-165.730223531,-0.002442360,2.564102173,1,-0.178339958,-10.218126923,-0.021978378,0.412698746,1,0.678968430,38.902025437,0.036628723,-0.003663063,0.021553040,1.234898202,0.000000000,-0.000000000,8.000000000,2.500000000,3.294896364,188.783655602,0.000000000,-2.820822001,2.000000000,0.500000000,-2.900930405,-166.211068848,0.000000000,2.580008745,1.000000000,0.500000000,-0.179102898,-10.261840134,0.000000000,0.422322124,0.500000000,0.200000003,0.678968430,38.902025437,0.000000000,0.000104996,0.000000000,0.100000001
2026-07-07 00:09:45.309,1783354185.309386015,20.013568286,1,1,19.999110718,1,0.007040257,5,1,0.001034610,5,1,0,0,0,0,1,1,1,1,1,1,0.021985977,0.050006587,-0.237377028,1.563508725,1,19.997842912,12,1,12,1:-1.251:2.428|2:-0.428:2.425|3:0.392:2.424|4:1.223:2.419|5:1.228:1.589|6:0.405:1.588|7:-0.440:1.588|8:-1.261:1.589|9:-1.185:4.911|10:-0.390:4.902|11:0.375:4.903|12:1.182:4.901,0,-1.000000000,,0,0,0.000000000,0.000000000,0,-1.000000000,0,,0,-1.000000000,,0,-1.000000000,0,,1,0.023460388,1.344181229,-0.021978378,-0.046398163,1,3.250644922,186.248234741,-0.002442360,-2.755556107,1,-2.892538071,-165.730223531,-0.002442360,2.564102173,1,-0.178339958,-10.218126923,-0.007326126,0.412698746,1,0.678968430,38.902025437,-0.012210846,-0.003663063,0.021553040,1.234898202,0.000000000,-0.000000000,8.000000000,2.500000000,3.294896364,188.783655602,0.000000000,-2.820822001,2.000000000,0.500000000,-2.900930405,-166.211068848,0.000000000,2.580008745,1.000000000,0.500000000,-0.179102898,-10.261840134,0.000000000,0.422322124,0.500000000,0.200000003,0.678968430,38.902025437,0.000000000,0.000104996,0.000000000,0.100000001
2026-07-07 00:09:46.309,1783354186.309356451,21.013538986,1,1,20.999081418,1,0.007025220,5,1,0.001026307,5,1,0,0,0,0,1,1,1,1,1,1,0.022087048,0.044077394,-0.240119944,1.562055703,1,20.997813612,12,1,12,1:-1.251:2.428|2:-0.428:2.425|3:0.392:2.424|4:1.223:2.419|5:1.228:1.589|6:0.405:1.588|7:-0.440:1.588|8:-1.261:1.589|9:-1.185:4.911|10:-0.390:4.902|11:0.375:4.903|12:1.182:4.901,0,-1.000000000,,0,0,0.000000000,0.000000000,0,-1.000000000,0,,0,-1.000000000,,0,-1.000000000,0,,1,0.023460388,1.344181229,-0.007326126,-0.036629677,1,3.250644922,186.248234741,-0.002442360,-2.741880417,1,-2.892538071,-165.730223531,-0.007326126,2.550426483,1,-0.177958488,-10.196270318,0.007326126,0.412698746,1,0.678585052,38.880059548,-0.036628723,-0.003663063,0.021553040,1.234898202,0.000000000,-0.000000000,8.000000000,2.500000000,3.294896364,188.783655602,0.000000000,-2.820822001,2.000000000,0.500000000,-2.900930405,-166.211068848,0.000000000,2.580008745,1.000000000,0.500000000,-0.179102898,-10.261840134,0.000000000,0.422322124,0.500000000,0.200000003,0.678968430,38.902025437,0.000000000,0.000104996,0.000000000,0.100000001
2026-07-07 00:09:47.309,1783354187.309339046,22.013521601,1,1,21.999064033,1,0.006982462,5,1,0.001052508,5,1,0,0,0,0,1,1,1,1,1,1,0.022069694,0.048434337,-0.239725800,1.563854974,1,21.997796227,12,1,12,1:-1.251:2.428|2:-0.428:2.425|3:0.392:2.424|4:1.223:2.419|5:1.228:1.589|6:0.405:1.588|7:-0.440:1.588|8:-1.261:1.589|9:-1.185:4.911|10:-0.390:4.902|11:0.375:4.903|12:1.182:4.901,0,-1.000000000,,0,0,0.000000000,0.000000000,0,-1.000000000,0,,0,-1.000000000,,0,-1.000000000,0,,1,0.025749207,1.475320861,0.007326126,-0.065934181,1,3.250644922,186.248234741,-0.002442360,-2.755556107,1,-2.892538071,-165.730223531,-0.002442360,2.564102173,1,-0.178339958,-10.218126923,-0.007326126,0.412698746,1,0.678968430,38.902025437,-0.012210846,-0.003663063,0.021553040,1.234898202,0.000000000,-0.000000000,8.000000000,2.500000000,3.294896364,188.783655602,0.000000000,-2.820822001,2.000000000,0.500000000,-2.900930405,-166.211068848,0.000000000,2.580008745,1.000000000,0.500000000,-0.179102898,-10.261840134,0.000000000,0.422322124,0.500000000,0.200000003,0.678968430,38.902025437,0.000000000,0.000104996,0.000000000,0.100000001
2026-07-07 00:09:48.309,1783354188.309312344,23.013494529,1,1,22.999036961,1,0.007067509,5,1,0.000928336,5,1,0,0,0,0,1,1,1,1,1,1,0.022042015,0.039881426,-0.239403747,1.563595201,1,22.997769155,12,1,12,1:-1.251:2.428|2:-0.428:2.425|3:0.392:2.424|4:1.223:2.419|5:1.228:1.589|6:0.405:1.588|7:-0.440:1.588|8:-1.261:1.589|9:-1.185:4.911|10:-0.390:4.902|11:0.375:4.903|12:1.182:4.901,0,-1.000000000,,0,0,0.000000000,0.000000000,0,-1.000000000,0,,0,-1.000000000,,0,-1.000000000,0,,1,0.026512146,1.519034071,-0.007326126,-0.065934181,1,3.250644922,186.248234741,0.002442360,-2.741880417,1,-2.892538071,-165.730223531,0.002442360,2.564102173,1,-0.178339958,-10.218126923,0.007326126,0.412698746,1,0.678968430,38.902025437,-0.036628723,-0.003663063,0.021553040,1.234898202,0.000000000,-0.000000000,8.000000000,2.500000000,3.294896364,188.783655602,0.000000000,-2.820822001,2.000000000,0.500000000,-2.900930405,-166.211068848,0.000000000,2.580008745,1.000000000,0.500000000,-0.179102898,-10.261840134,0.000000000,0.422322124,0.500000000,0.200000003,0.678968430,38.902025437,0.000000000,0.000104996,0.000000000,0.100000001
2026-07-07 00:09:49.309,1783354189.309290171,24.013472698,1,1,23.999015130,1,0.007088618,5,1,0.000850743,5,1,0,0,0,0,1,1,1,1,1,1,0.022053178,0.042147166,-0.238430503,1.562353619,1,23.997747324,12,1,12,1:-1.251:2.428|2:-0.428:2.425|3:0.392:2.424|4:1.223:2.419|5:1.228:1.589|6:0.405:1.588|7:-0.440:1.588|8:-1.261:1.589|9:-1.185:4.911|10:-0.390:4.902|11:0.375:4.903|12:1.182:4.901,0,-1.000000000,,0,0,0.000000000,0.000000000,0,-1.000000000,0,,0,-1.000000000,,0,-1.000000000,0,,1,0.026130676,1.497177466,-0.021978378,-0.056165695,1,3.250644922,186.248234741,-0.002442360,-2.741880417,1,-2.892538071,-165.730223531,-0.002442360,2.564102173,1,-0.178339958,-10.218126923,-0.007326126,0.412698746,1,0.678968430,38.902025437,-0.036628723,-0.003663063,0.021553040,1.234898202,0.000000000,-0.000000000,8.000000000,2.500000000,3.294896364,188.783655602,0.000000000,-2.820822001,2.000000000,0.500000000,-2.900930405,-166.211068848,0.000000000,2.580008745,1.000000000,0.500000000,-0.179102898,-10.261840134,0.000000000,0.422322124,0.500000000,0.200000003,0.678968430,38.902025437,0.000000000,0.000104996,0.000000000,0.100000001
2026-07-07 00:09:50.309,1783354190.309249163,25.013431540,1,1,24.998973972,1,0.007244550,5,1,0.001073522,5,1,0,0,0,0,1,1,1,1,1,1,0.022019474,0.049721675,-0.236540281,1.564130422,1,24.997706166,12,1,12,1:-1.251:2.428|2:-0.428:2.425|3:0.392:2.424|4:1.223:2.419|5:1.228:1.589|6:0.405:1.588|7:-0.440:1.588|8:-1.261:1.589|9:-1.185:4.911|10:-0.390:4.902|11:0.375:4.903|12:1.182:4.901,0,-1.000000000,,0,0,0.000000000,0.000000000,0,-1.000000000,0,,0,-1.000000000,,0,-1.000000000,0,,1,0.026512146,1.519034071,-0.007326126,-0.070817947,1,3.250644922,186.248234741,0.002442360,-2.741880417,1,-2.892538071,-165.730223531,-0.002442360,2.564102173,1,-0.178339958,-10.218126923,0.007326126,0.412698746,1,0.678968430,38.902025437,-0.012210846,-0.003663063,0.021553040,1.234898202,0.000000000,-0.000000000,8.000000000,2.500000000,3.294896364,188.783655602,0.000000000,-2.820822001,2.000000000,0.500000000,-2.900930405,-166.211068848,0.000000000,2.580008745,1.000000000,0.500000000,-0.179102898,-10.261840134,0.000000000,0.422322124,0.500000000,0.200000003,0.678968430,38.902025437,0.000000000,0.000104996,0.000000000,0.100000001
2026-07-07 00:09:51.309,1783354191.309208870,26.013391175,1,1,25.998933607,1,0.006984007,5,1,0.001103753,5,1,0,0,0,0,1,1,1,1,1,1,0.021995183,0.046678278,-0.242463027,1.563054902,1,25.997665801,12,1,12,1:-1.251:2.428|2:-0.428:2.425|3:0.392:2.424|4:1.223:2.419|5:1.228:1.589|6:0.405:1.588|7:-0.440:1.588|8:-1.261:1.589|9:-1.185:4.911|10:-0.390:4.902|11:0.375:4.903|12:1.182:4.901,0,-1.000000000,,0,0,0.000000000,0.000000000,0,-1.000000000,0,,0,-1.000000000,,0,-1.000000000,0,,1,0.026130676,1.497177466,-0.007326126,-0.061050415,1,3.250644922,186.248234741,-0.002442360,-2.741880417,1,-2.892538071,-165.730223531,-0.002442360,2.564102173,1,-0.178339958,-10.218126923,-0.007326126,0.412698746,1,0.678968430,38.902025437,-0.012210846,-0.003663063,0.021553040,1.234898202,0.000000000,-0.000000000,8.000000000,2.500000000,3.294896364,188.783655602,0.000000000,-2.820822001,2.000000000,0.500000000,-2.900930405,-166.211068848,0.000000000,2.580008745,1.000000000,0.500000000,-0.179102898,-10.261840134,0.000000000,0.422322124,0.500000000,0.200000003,0.678968430,38.902025437,0.000000000,0.000104996,0.000000000,0.100000001
2026-07-07 00:09:52.309,1783354192.309191465,27.013373745,1,1,26.998916177,1,0.006720321,5,1,0.001085155,5,1,0,0,0,0,1,1,1,1,1,1,0.022100904,0.043816067,-0.242622405,1.563130097,1,26.997648371,12,1,12,1:-1.251:2.428|2:-0.428:2.425|3:0.392:2.424|4:1.223:2.419|5:1.228:1.589|6:0.405:1.588|7:-0.440:1.588|8:-1.261:1.589|9:-1.185:4.911|10:-0.390:4.902|11:0.375:4.903|12:1.182:4.901,0,-1.000000000,,0,0,0.000000000,0.000000000,0,-1.000000000,0,,0,-1.000000000,,0,-1.000000000,0,,1,0.026130676,1.497177466,-0.007326126,-0.061050415,1,3.250644922,186.248234741,-0.002442360,-2.741880417,1,-2.892538071,-165.730223531,-0.002442360,2.550426483,1,-0.178339958,-10.218126923,0.007326126,0.412698746,1,0.678968430,38.902025437,-0.036628723,-0.003663063,0.021553040,1.234898202,0.000000000,-0.000000000,8.000000000,2.500000000,3.294896364,188.783655602,0.000000000,-2.820822001,2.000000000,0.500000000,-2.900930405,-166.211068848,0.000000000,2.580008745,1.000000000,0.500000000,-0.179102898,-10.261840134,0.000000000,0.422322124,0.500000000,0.200000003,0.678968430,38.902025437,0.000000000,0.000104996,0.000000000,0.100000001
2026-07-07 00:09:53.309,1783354193.309188604,28.013370867,1,1,27.998913299,1,0.007080554,5,1,0.001003656,5,1,0,0,0,0,1,1,1,1,1,1,0.022122076,0.039237711,-0.251631775,1.562378471,1,27.997645493,12,1,12,1:-1.251:2.428|2:-0.428:2.425|3:0.392:2.424|4:1.223:2.419|5:1.228:1.589|6:0.405:1.588|7:-0.440:1.588|8:-1.261:1.589|9:-1.185:4.911|10:-0.390:4.902|11:0.375:4.903|12:1.182:4.901,0,-1.000000000,,0,0,0.000000000,0.000000000,0,-1.000000000,0,,0,-1.000000000,,0,-1.000000000,0,,1,0.026512146,1.519034071,0.007326126,-0.065934181,1,3.250644922,186.248234741,-0.002442360,-2.741880417,1,-2.892538071,-165.730223531,0.002442360,2.564102173,1,-0.178339958,-10.218126923,-0.007326126,0.412698746,1,0.678968430,38.902025437,-0.012210846,-0.003663063,0.021553040,1.234898202,0.000000000,-0.000000000,8.000000000,2.500000000,3.294896364,188.783655602,0.000000000,-2.820822001,2.000000000,0.500000000,-2.900930405,-166.211068848,0.000000000,2.580008745,1.000000000,0.500000000,-0.179102898,-10.261840134,0.000000000,0.422322124,0.500000000,0.200000003,0.678968430,38.902025437,0.000000000,0.000104996,0.000000000,0.100000001
2026-07-07 00:09:54.309,1783354194.309179068,29.013361413,1,1,28.998903845,1,0.007119839,5,1,0.001049045,5,1,0,0,0,0,1,1,1,1,1,1,0.022117870,0.044874117,-0.245852829,1.562102893,1,28.997636039,12,1,12,1:-1.251:2.428|2:-0.428:2.425|3:0.392:2.424|4:1.223:2.419|5:1.228:1.589|6:0.405:1.588|7:-0.440:1.588|8:-1.261:1.589|9:-1.185:4.911|10:-0.390:4.902|11:0.375:4.903|12:1.182:4.901,0,-1.000000000,,0,0,0.000000000,0.000000000,0,-1.000000000,0,,0,-1.000000000,,0,-1.000000000,0,,1,0.026130676,1.497177466,-0.007326126,-0.065934181,1,3.250644922,186.248234741,-0.002442360,-2.741880417,1,-2.892538071,-165.730223531,-0.002442360,2.564102173,1,-0.178339958,-10.218126923,-0.007326126,0.412698746,1,0.678968430,38.902025437,-0.012210846,-0.003663063,0.021553040,1.234898202,0.000000000,-0.000000000,8.000000000,2.500000000,3.294896364,188.783655602,0.000000000,-2.820822001,2.000000000,0.500000000,-2.900930405,-166.211068848,0.000000000,2.580008745,1.000000000,0.500000000,-0.179102898,-10.261840134,0.000000000,0.422322124,0.500000000,0.200000003,0.678968430,38.902025437,0.000000000,0.000104996,0.000000000,0.100000001
2026-07-07 00:09:55.309,1783354195.309112549,30.013294968,1,1,29.998837400,1,0.006871267,5,1,0.001022649,5,1,0,0,0,0,1,1,1,1,1,1,0.022052078,0.037647256,-0.245110038,1.561720116,1,29.997569594,12,1,12,1:-1.251:2.428|2:-0.428:2.425|3:0.392:2.424|4:1.223:2.419|5:1.228:1.589|6:0.405:1.588|7:-0.440:1.588|8:-1.261:1.589|9:-1.185:4.911|10:-0.390:4.902|11:0.375:4.903|12:1.182:4.901,0,-1.000000000,,0,0,0.000000000,0.000000000,0,-1.000000000,0,,0,-1.000000000,,0,-1.000000000,0,,1,0.026130676,1.497177466,-0.007326126,-0.061050415,1,3.250644922,186.248234741,-0.002442360,-2.741880417,1,-2.892538071,-165.730223531,-0.002442360,2.564102173,1,-0.178339958,-10.218126923,-0.007326126,0.412698746,1,0.678585052,38.880059548,-0.036628723,-0.003663063,0.021553040,1.234898202,0.000000000,-0.000000000,8.000000000,2.500000000,3.294896364,188.783655602,0.000000000,-2.820822001,2.000000000,0.500000000,-2.900930405,-166.211068848,0.000000000,2.580008745,1.000000000,0.500000000,-0.179102898,-10.261840134,0.000000000,0.422322124,0.500000000,0.200000003,0.678968430,38.902025437,0.000000000,0.000104996,0.000000000,0.100000001
2026-07-07 00:09:56.309,1783354196.309084177,31.013266450,1,1,30.998808882,1,0.007138065,5,1,0.001001125,5,1,0,0,0,0,1,1,1,1,1,1,0.022103736,0.040554912,-0.250332075,1.558899106,1,30.997541076,12,1,12,1:-1.251:2.428|2:-0.428:2.425|3:0.392:2.424|4:1.223:2.419|5:1.228:1.589|6:0.405:1.588|7:-0.440:1.588|8:-1.261:1.589|9:-1.185:4.911|10:-0.390:4.902|11:0.375:4.903|12:1.182:4.901,0,-1.000000000,,0,0,0.000000000,0.000000000,0,-1.000000000,0,,0,-1.000000000,,0,-1.000000000,0,,1,0.026130676,1.497177466,0.007326126,-0.056165695,1,3.250644922,186.248234741,-0.002442360,-2.755556107,1,-2.892538071,-165.730223531,-0.002442360,2.564102173,1,-0.177958488,-10.196270318,0.007326126,0.412698746,1,0.678968430,38.902025437,-0.012210846,-0.003663063,0.021553040,1.234898202,0.000000000,-0.000000000,8.000000000,2.500000000,3.294896364,188.783655602,0.000000000,-2.820822001,2.000000000,0.500000000,-2.900930405,-166.211068848,0.000000000,2.580008745,1.000000000,0.500000000,-0.179102898,-10.261840134,0.000000000,0.422322124,0.500000000,0.200000003,0.678968430,38.902025437,0.000000000,0.000104996,0.000000000,0.100000001
2026-07-07 00:09:57.309,1783354197.309093952,32.013276357,1,1,31.998818789,1,0.007100249,5,1,0.001153443,5,1,0,0,0,0,1,1,1,1,1,1,0.022131085,0.013574753,-0.067267501,1.644166736,1,31.997550983,12,1,12,1:-1.251:2.428|2:-0.428:2.425|3:0.392:2.424|4:1.223:2.419|5:1.228:1.589|6:0.405:1.588|7:-0.440:1.588|8:-1.261:1.589|9:-1.185:4.911|10:-0.390:4.902|11:0.375:4.903|12:1.182:4.901,0,-1.000000000,,0,0,0.000000000,0.000000000,0,-1.000000000,0,,0,-1.000000000,,0,-1.000000000,0,,1,0.026130676,1.497177466,-0.007326126,-0.056165695,1,3.250644922,186.248234741,-0.002442360,-2.741880417,1,-2.892538071,-165.730223531,-0.002442360,2.564102173,1,-0.177958488,-10.196270318,0.007326126,0.412698746,1,0.678968430,38.902025437,-0.012210846,-0.003663063,0.021553040,1.234898202,0.000000000,-0.000000000,8.000000000,2.500000000,3.294896364,188.783655602,0.000000000,-2.820822001,2.000000000,0.500000000,-2.900930405,-166.211068848,0.000000000,2.580008745,1.000000000,0.500000000,-0.179102898,-10.261840134,0.000000000,0.422322124,0.500000000,0.200000003,0.678968430,38.902025437,0.000000000,0.000104996,0.000000000,0.100000001
2026-07-07 00:09:58.309,1783354198.309024572,33.013206863,1,1,32.998749295,1,0.007105905,5,1,0.001010874,5,1,0,0,0,0,1,1,1,1,1,1,0.022011365,0.024899581,-0.088978024,1.610122987,1,32.997481489,12,1,12,1:-1.251:2.428|2:-0.428:2.425|3:0.392:2.424|4:1.223:2.419|5:1.228:1.589|6:0.405:1.588|7:-0.440:1.588|8:-1.261:1.589|9:-1.185:4.911|10:-0.390:4.902|11:0.375:4.903|12:1.182:4.901,0,-1.000000000,,0,0,0.000000000,0.000000000,0,-1.000000000,0,,0,-1.000000000,,0,-1.000000000,0,,1,0.026130676,1.497177466,-0.021978378,-0.056165695,1,3.250644922,186.248234741,0.002442360,-2.741880417,1,-2.892538071,-165.730223531,-0.002442360,2.564102173,1,-0.178339958,-10.218126923,-0.007326126,0.412698746,1,0.678968430,38.902025437,-0.012210846,-0.003663063,0.021553040,1.234898202,0.000000000,-0.000000000,8.000000000,2.500000000,3.294896364,188.783655602,0.000000000,-2.820822001,2.000000000,0.500000000,-2.900930405,-166.211068848,0.000000000,2.580008745,1.000000000,0.500000000,-0.179102898,-10.261840134,0.000000000,0.422322124,0.500000000,0.200000003,0.678968430,38.902025437,0.000000000,0.000104996,0.000000000,0.100000001
2026-07-07 00:09:59.309,1783354199.309006929,34.013189248,1,1,33.998731680,1,0.007136843,5,1,0.001018932,5,1,0,0,0,0,1,1,1,1,1,1,0.021997107,0.024342406,-0.087539241,1.609341782,1,33.997463874,12,1,12,1:-1.251:2.428|2:-0.428:2.425|3:0.392:2.424|4:1.223:2.419|5:1.228:1.589|6:0.405:1.588|7:-0.440:1.588|8:-1.261:1.589|9:-1.185:4.911|10:-0.390:4.902|11:0.375:4.903|12:1.182:4.901,0,-1.000000000,,0,0,0.000000000,0.000000000,0,-1.000000000,0,,0,-1.000000000,,0,-1.000000000,0,,1,0.026130676,1.497177466,-0.007326126,-0.061050415,1,3.250644922,186.248234741,-0.002442360,-2.755556107,1,-2.892538071,-165.730223531,-0.002442360,2.564102173,1,-0.178339958,-10.218126923,-0.007326126,0.412698746,1,0.678968430,38.902025437,0.012210846,-0.003663063,0.021553040,1.234898202,0.000000000,-0.000000000,8.000000000,2.500000000,3.294896364,188.783655602,0.000000000,-2.820822001,2.000000000,0.500000000,-2.900930405,-166.211068848,0.000000000,2.580008745,1.000000000,0.500000000,-0.179102898,-10.261840134,0.000000000,0.422322124,0.500000000,0.200000003,0.678968430,38.902025437,0.000000000,0.000104996,0.000000000,0.100000001
2026-07-07 00:10:00.309,1783354200.308960438,35.013142901,1,1,34.998685333,1,0.006883641,5,1,0.001081858,5,1,0,0,0,0,1,1,1,1,1,1,0.022059877,0.024065691,-0.087322308,1.609710727,1,34.997417527,12,1,12,1:-1.251:2.428|2:-0.428:2.425|3:0.392:2.424|4:1.223:2.419|5:1.228:1.589|6:0.405:1.588|7:-0.440:1.588|8:-1.261:1.589|9:-1.185:4.911|10:-0.390:4.902|11:0.375:4.903|12:1.182:4.901,0,-1.000000000,,0,0,0.000000000,0.000000000,0,-1.000000000,0,,0,-1.000000000,,0,-1.000000000,0,,1,0.026130676,1.497177466,-0.007326126,-0.061050415,1,3.250644922,186.248234741,0.002442360,-2.741880417,1,-2.892538071,-165.730223531,-0.002442360,2.564102173,1,-0.178339958,-10.218126923,-0.007326126,0.412698746,1,0.678585052,38.880059548,-0.012210846,-0.003663063,0.021553040,1.234898202,0.000000000,-0.000000000,8.000000000,2.500000000,3.294896364,188.783655602,0.000000000,-2.820822001,2.000000000,0.500000000,-2.900930405,-166.211068848,0.000000000,2.580008745,1.000000000,0.500000000,-0.179102898,-10.261840134,0.000000000,0.422322124,0.500000000,0.200000003,0.678968430,38.902025437,0.000000000,0.000104996,0.000000000,0.100000001
2026-07-07 00:10:01.309,1783354201.308977127,36.013159473,1,1,35.998701905,1,0.006921529,5,1,0.001079589,5,1,0,0,0,0,1,1,1,1,1,1,0.022125188,0.023441397,-0.087245682,1.608874582,1,35.997434099,12,1,12,1:-1.251:2.428|2:-0.428:2.425|3:0.392:2.424|4:1.223:2.419|5:1.228:1.589|6:0.405:1.588|7:-0.440:1.588|8:-1.261:1.589|9:-1.185:4.911|10:-0.390:4.902|11:0.375:4.903|12:1.182:4.901,0,-1.000000000,,0,0,0.000000000,0.000000000,0,-1.000000000,0,,0,-1.000000000,,0,-1.000000000,0,,1,0.026130676,1.497177466,-0.007326126,-0.056165695,1,3.250644922,186.248234741,-0.002442360,-2.741880417,1,-2.892538071,-165.730223531,-0.002442360,2.564102173,1,-0.178339958,-10.218126923,-0.007326126,0.412698746,1,0.678585052,38.880059548,-0.036628723,-0.003663063,0.021553040,1.234898202,0.000000000,-0.000000000,8.000000000,2.500000000,3.294896364,188.783655602,0.000000000,-2.820822001,2.000000000,0.500000000,-2.900930405,-166.211068848,0.000000000,2.580008745,1.000000000,0.500000000,-0.179102898,-10.261840134,0.000000000,0.422322124,0.500000000,0.200000003,0.678968430,38.902025437,0.000000000,0.000104996,0.000000000,0.100000001
2026-07-07 00:10:02.309,1783354202.308922529,37.013104949,1,1,36.998647381,1,0.006865131,5,1,0.001014196,5,1,0,0,0,0,1,1,1,1,1,1,0.022092647,0.020342831,-0.092605297,1.608587272,1,36.997379575,12,1,12,1:-1.251:2.428|2:-0.428:2.425|3:0.392:2.424|4:1.223:2.419|5:1.228:1.589|6:0.405:1.588|7:-0.440:1.588|8:-1.261:1.589|9:-1.185:4.911|10:-0.390:4.902|11:0.375:4.903|12:1.182:4.901,0,-1.000000000,,0,0,0.000000000,0.000000000,0,-1.000000000,0,,0,-1.000000000,,0,-1.000000000,0,,1,0.026130676,1.497177466,-0.007326126,-0.065934181,1,3.250644922,186.248234741,-0.002442360,-2.755556107,1,-2.892538071,-165.730223531,-0.002442360,2.564102173,1,-0.178339958,-10.218126923,-0.007326126,0.412698746,1,0.678968430,38.902025437,-0.012210846,-0.003663063,0.021553040,1.234898202,0.000000000,-0.000000000,8.000000000,2.500000000,3.294896364,188.783655602,0.000000000,-2.820822001,2.000000000,0.500000000,-2.900930405,-166.211068848,0.000000000,2.580008745,1.000000000,0.500000000,-0.179102898,-10.261840134,0.000000000,0.422322124,0.500000000,0.200000003,0.678968430,38.902025437,0.000000000,0.000104996,0.000000000,0.100000001
2026-07-07 00:10:03.309,1783354203.308894634,38.013077210,1,1,37.998619642,1,0.006664856,5,1,0.001004049,5,1,0,0,0,0,1,1,1,1,1,1,0.021941507,0.019341776,-0.093159883,1.607073164,1,37.997351836,12,1,12,1:-1.251:2.428|2:-0.428:2.425|3:0.392:2.424|4:1.223:2.419|5:1.228:1.589|6:0.405:1.588|7:-0.440:1.588|8:-1.261:1.589|9:-1.185:4.911|10:-0.390:4.902|11:0.375:4.903|12:1.182:4.901,0,-1.000000000,,0,0,0.000000000,0.000000000,0,-1.000000000,0,,0,-1.000000000,,0,-1.000000000,0,,1,0.026130676,1.497177466,-0.007326126,-0.061050415,1,3.250644922,186.248234741,-0.002442360,-2.755556107,1,-2.892538071,-165.730223531,-0.002442360,2.564102173,1,-0.178339958,-10.218126923,-0.007326126,0.412698746,1,0.678968430,38.902025437,-0.012210846,-0.003663063,0.021553040,1.234898202,0.000000000,-0.000000000,8.000000000,2.500000000,3.294896364,188.783655602,0.000000000,-2.820822001,2.000000000,0.500000000,-2.900930405,-166.211068848,0.000000000,2.580008745,1.000000000,0.500000000,-0.179102898,-10.261840134,0.000000000,0.422322124,0.500000000,0.200000003,0.678968430,38.902025437,0.000000000,0.000104996,0.000000000,0.100000001
2026-07-07 00:10:04.308,1783354204.308863163,39.013045613,1,1,38.998588045,1,0.006995878,5,1,0.001037689,5,1,0,0,0,0,1,1,1,1,1,1,0.022024886,0.023128931,-0.087688131,1.607857259,1,38.997320239,12,1,12,1:-1.251:2.428|2:-0.428:2.425|3:0.392:2.424|4:1.223:2.419|5:1.228:1.589|6:0.405:1.588|7:-0.440:1.588|8:-1.261:1.589|9:-1.185:4.911|10:-0.390:4.902|11:0.375:4.903|12:1.182:4.901,0,-1.000000000,,0,0,0.000000000,0.000000000,0,-1.000000000,0,,0,-1.000000000,,0,-1.000000000,0,,1,0.026130676,1.497177466,-0.007326126,-0.061050415,1,3.250644922,186.248234741,-0.002442360,-2.741880417,1,-2.892538071,-165.730223531,-0.002442360,2.564102173,1,-0.178339958,-10.218126923,-0.007326126,0.412698746,1,0.678968430,38.902025437,-0.012210846,-0.003663063,0.021553040,1.234898202,0.000000000,-0.000000000,8.000000000,2.500000000,3.294896364,188.783655602,0.000000000,-2.820822001,2.000000000,0.500000000,-2.900930405,-166.211068848,0.000000000,2.580008745,1.000000000,0.500000000,-0.179102898,-10.261840134,0.000000000,0.422322124,0.500000000,0.200000003,0.678968430,38.902025437,0.000000000,0.000104996,0.000000000,0.100000001
2026-07-07 00:10:05.308,1783354205.308830500,40.013012836,1,1,39.998555268,1,0.006879413,5,1,0.001096264,5,1,0,0,0,0,1,1,1,1,1,1,0.022011337,0.018099328,-0.088640864,1.609415426,1,39.997287462,12,1,12,1:-1.251:2.428|2:-0.428:2.425|3:0.392:2.424|4:1.223:2.419|5:1.228:1.589|6:0.405:1.588|7:-0.440:1.588|8:-1.261:1.589|9:-1.185:4.911|10:-0.390:4.902|11:0.375:4.903|12:1.182:4.901,0,-1.000000000,,0,0,0.000000000,0.000000000,0,-1.000000000,0,,0,-1.000000000,,0,-1.000000000,0,,1,0.026130676,1.497177466,-0.007326126,-0.056165695,1,3.250644922,186.248234741,-0.002442360,-2.755556107,1,-2.892538071,-165.730223531,-0.002442360,2.564102173,1,-0.178339958,-10.218126923,0.007326126,0.412698746,1,0.678968430,38.902025437,-0.036628723,-0.003663063,0.021553040,1.234898202,0.000000000,-0.000000000,8.000000000,2.500000000,3.294896364,188.783655602,0.000000000,-2.820822001,2.000000000,0.500000000,-2.900930405,-166.211068848,0.000000000,2.580008745,1.000000000,0.500000000,-0.179102898,-10.261840134,0.000000000,0.422322124,0.500000000,0.200000003,0.678968430,38.902025437,0.000000000,0.000104996,0.000000000,0.100000001
2026-07-07 00:10:06.308,1783354206.308790445,41.012972964,1,1,40.998515396,1,0.007032067,5,1,0.000975403,5,1,0,0,0,0,1,1,1,1,1,1,0.021917850,0.026862678,-0.086757350,1.609939905,1,40.997247590,12,1,12,1:-1.251:2.428|2:-0.428:2.425|3:0.392:2.424|4:1.223:2.419|5:1.228:1.589|6:0.405:1.588|7:-0.440:1.588|8:-1.261:1.589|9:-1.185:4.911|10:-0.390:4.902|11:0.375:4.903|12:1.182:4.901,0,-1.000000000,,0,0,0.000000000,0.000000000,0,-1.000000000,0,,0,-1.000000000,,0,-1.000000000,0,,1,0.026130676,1.497177466,-0.007326126,-0.065934181,1,3.250644922,186.248234741,-0.002442360,-2.741880417,1,-2.892538071,-165.730223531,-0.007326126,2.564102173,1,-0.178339958,-10.218126923,-0.007326126,0.412698746,1,0.678968430,38.902025437,-0.012210846,-0.003663063,0.021553040,1.234898202,0.000000000,-0.000000000,8.000000000,2.500000000,3.294896364,188.783655602,0.000000000,-2.820822001,2.000000000,0.500000000,-2.900930405,-166.211068848,0.000000000,2.580008745,1.000000000,0.500000000,-0.179102898,-10.261840134,0.000000000,0.422322124,0.500000000,0.200000003,0.678968430,38.902025437,0.000000000,0.000104996,0.000000000,0.100000001
2026-07-07 00:10:07.308,1783354207.308773518,42.012955954,1,1,41.998498386,1,0.006954119,5,1,0.001083542,5,1,0,0,0,0,1,1,1,1,1,1,0.022041599,0.022898269,-0.084929038,1.609580467,1,41.997230580,12,1,12,1:-1.251:2.428|2:-0.428:2.425|3:0.392:2.424|4:1.223:2.419|5:1.228:1.589|6:0.405:1.588|7:-0.440:1.588|8:-1.261:1.589|9:-1.185:4.911|10:-0.390:4.902|11:0.375:4.903|12:1.182:4.901,0,-1.000000000,,0,0,0.000000000,0.000000000,0,-1.000000000,0,,0,-1.000000000,,0,-1.000000000,0,,1,0.026893616,1.540890677,-0.007326126,-0.065934181,1,3.250644922,186.248234741,-0.002442360,-2.741880417,1,-2.892538071,-165.730223531,-0.002442360,2.564102173,1,-0.178339958,-10.218126923,-0.007326126,0.412698746,1,0.678968430,38.902025437,-0.036628723,-0.003663063,0.021553040,1.234898202,0.000000000,-0.000000000,8.000000000,2.500000000,3.294896364,188.783655602,0.000000000,-2.820822001,2.000000000,0.500000000,-2.900930405,-166.211068848,0.000000000,2.580008745,1.000000000,0.500000000,-0.179102898,-10.261840134,0.000000000,0.422322124,0.500000000,0.200000003,0.678968430,38.902025437,0.000000000,0.000104996,0.000000000,0.100000001
2026-07-07 00:10:08.308,1783354208.308760405,43.012942772,1,1,42.998485204,1,0.006988349,5,1,0.001119502,5,1,0,0,0,0,1,1,1,1,1,1,0.022043988,0.017311684,-0.086756699,1.609404583,1,42.997217398,12,1,12,1:-1.251:2.428|2:-0.428:2.425|3:0.392:2.424|4:1.223:2.419|5:1.228:1.589|6:0.405:1.588|7:-0.440:1.588|8:-1.261:1.589|9:-1.185:4.911|10:-0.390:4.902|11:0.375:4.903|12:1.182:4.901,0,-1.000000000,,0,0,0.000000000,0.000000000,0,-1.000000000,0,,0,-1.000000000,,0,-1.000000000,0,,1,0.026512146,1.519034071,-0.021978378,-0.056165695,1,3.250644922,186.248234741,0.002442360,-2.755556107,1,-2.892538071,-165.730223531,0.002442360,2.564102173,1,-0.178339958,-10.218126923,-0.007326126,0.417582512,1,0.678968430,38.902025437,-0.012210846,-0.003663063,0.021553040,1.234898202,0.000000000,-0.000000000,8.000000000,2.500000000,3.294896364,188.783655602,0.000000000,-2.820822001,2.000000000,0.500000000,-2.900930405,-166.211068848,0.000000000,2.580008745,1.000000000,0.500000000,-0.179102898,-10.261840134,0.000000000,0.422322124,0.500000000,0.200000003,0.678968430,38.902025437,0.000000000,0.000104996,0.000000000,0.100000001
2026-07-07 00:10:09.308,1783354209.308740377,44.012922644,1,1,43.998465076,1,0.007069418,5,1,0.001099316,5,1,0,0,0,0,1,1,1,1,1,1,0.021942529,0.024348168,-0.087041064,1.609599177,1,43.997197270,12,1,12,1:-1.251:2.428|2:-0.428:2.425|3:0.392:2.424|4:1.223:2.419|5:1.228:1.589|6:0.405:1.588|7:-0.440:1.588|8:-1.261:1.589|9:-1.185:4.911|10:-0.390:4.902|11:0.375:4.903|12:1.182:4.901,0,-1.000000000,,0,0,0.000000000,0.000000000,0,-1.000000000,0,,0,-1.000000000,,0,-1.000000000,0,,1,0.026512146,1.519034071,-0.007326126,-0.065934181,1,3.250644922,186.248234741,0.002442360,-2.741880417,1,-2.892538071,-165.730223531,-0.002442360,2.564102173,1,-0.178339958,-10.218126923,-0.007326126,0.412698746,1,0.678968430,38.902025437,-0.036628723,-0.003663063,0.021553040,1.234898202,0.000000000,-0.000000000,8.000000000,2.500000000,3.294896364,188.783655602,0.000000000,-2.820822001,2.000000000,0.500000000,-2.900930405,-166.211068848,0.000000000,2.580008745,1.000000000,0.500000000,-0.179102898,-10.261840134,0.000000000,0.422322124,0.500000000,0.200000003,0.678968430,38.902025437,0.000000000,0.000104996,0.000000000,0.100000001
2026-07-07 00:10:10.308,1783354210.308777332,45.012959696,1,1,44.998502128,1,0.006871035,5,1,0.001057622,5,1,0,0,0,0,1,1,1,1,1,1,0.022128288,0.022065254,-0.086131010,1.609182876,1,44.997234322,12,1,12,1:-1.251:2.428|2:-0.428:2.425|3:0.392:2.424|4:1.223:2.419|5:1.228:1.589|6:0.405:1.588|7:-0.440:1.588|8:-1.261:1.589|9:-1.185:4.911|10:-0.390:4.902|11:0.375:4.903|12:1.182:4.901,0,-1.000000000,,0,0,0.000000000,0.000000000,0,-1.000000000,0,,0,-1.000000000,,0,-1.000000000,0,,1,0.026130676,1.497177466,-0.007326126,-0.061050415,1,3.250644922,186.248234741,-0.002442360,-2.741880417,1,-2.892538071,-165.730223531,-0.002442360,2.564102173,1,-0.178339958,-10.218126923,-0.007326126,0.412698746,1,0.678968430,38.902025437,0.012210846,-0.003663063,0.021553040,1.234898202,0.000000000,-0.000000000,8.000000000,2.500000000,3.294896364,188.783655602,0.000000000,-2.820822001,2.000000000,0.500000000,-2.900930405,-166.211068848,0.000000000,2.580008745,1.000000000,0.500000000,-0.179102898,-10.261840134,0.000000000,0.422322124,0.500000000,0.200000003,0.678968430,38.902025437,0.000000000,0.000104996,0.000000000,0.100000001
2026-07-07 00:10:11.308,1783354211.308688641,46.012870912,1,1,45.998413344,1,0.006912272,5,1,0.001077535,5,1,0,0,0,0,1,1,1,1,1,1,0.022078396,-0.003807343,-0.077843359,1.672407210,1,45.997145538,12,1,12,1:-1.251:2.428|2:-0.428:2.425|3:0.392:2.424|4:1.223:2.419|5:1.228:1.589|6:0.405:1.588|7:-0.440:1.588|8:-1.261:1.589|9:-1.185:4.911|10:-0.390:4.902|11:0.375:4.903|12:1.182:4.901,1,0.708816717,ready,8,4,-1.685056000,1.809350000,1,0.708755901,1,received,0,-1.000000000,,0,-1.000000000,0,,1,0.026512146,1.519034071,0.007326126,-0.061050415,1,3.250644922,186.248234741,-0.007326126,-2.755556107,1,-2.892538071,-165.730223531,-0.002442360,2.564102173,1,-0.178339958,-10.218126923,-0.021978378,0.412698746,1,0.678968430,38.902025437,0.012210846,-0.003663063,0.021553040,1.234898202,0.000000000,-0.000000000,8.000000000,2.500000000,3.294896364,188.783655602,0.000000000,-2.820822001,2.000000000,0.500000000,-2.900930405,-166.211068848,0.000000000,2.580008745,1.000000000,0.500000000,-0.179102898,-10.261840134,0.000000000,0.422322124,0.500000000,0.200000003,0.678968430,38.902025437,0.000000000,0.000104996,0.000000000,0.100000001
2026-07-07 00:10:12.308,1783354212.308625937,47.012808302,1,1,46.998350734,1,0.006640804,5,1,0.001107256,5,1,0,0,0,0,1,1,1,1,1,1,0.022029149,-0.252408783,0.104108765,2.185708957,1,46.997082928,12,1,12,1:-1.251:2.428|2:-0.428:2.425|3:0.392:2.424|4:1.223:2.419|5:1.228:1.589|6:0.405:1.588|7:-0.440:1.588|8:-1.261:1.589|9:-1.185:4.911|10:-0.390:4.902|11:0.375:4.903|12:1.182:4.901,1,1.708754107,ready,8,4,-1.685056000,1.809350000,1,1.708693291,1,received,0,-1.000000000,,0,-1.000000000,0,,1,0.030708313,1.759456730,0.051282883,-0.163614273,1,3.250644922,186.248234741,-0.002442360,-2.741880417,1,-2.892538071,-165.730223531,-0.002442360,2.564102173,1,-0.177958488,-10.196270318,-0.007326126,0.412698746,1,0.678968430,38.902025437,-0.061050415,-0.003663063,0.021553040,1.234898202,0.000000000,-0.000000000,8.000000000,2.500000000,3.294896364,188.783655602,0.000000000,-2.820822001,2.000000000,0.500000000,-2.900930405,-166.211068848,0.000000000,2.580008745,1.000000000,0.500000000,-0.179102898,-10.261840134,0.000000000,0.422322124,0.500000000,0.200000003,0.678968430,38.902025437,0.000000000,0.000104996,0.000000000,0.100000001
2026-07-07 00:10:13.308,1783354213.308613062,48.012795591,1,1,47.998338023,1,0.007183172,5,1,0.001053316,5,1,0,0,0,0,1,1,1,1,1,1,0.021934599,-0.479910308,0.160133676,2.496424379,1,47.997070217,12,1,12,1:-1.251:2.428|2:-0.428:2.425|3:0.392:2.424|4:1.223:2.419|5:1.228:1.589|6:0.405:1.588|7:-0.440:1.588|8:-1.261:1.589|9:-1.185:4.911|10:-0.390:4.902|11:0.375:4.903|12:1.182:4.901,1,2.708741396,ready,8,4,-1.685056000,1.809350000,1,2.708680580,1,received,0,-1.000000000,,0,-1.000000000,0,,1,0.030708313,1.759456730,0.021978378,-0.090353966,1,3.250644922,186.248234741,-0.002442360,-2.755556107,1,-2.892538071,-165.730223531,-0.002442360,2.564102173,1,-0.174525261,-9.999560869,-0.021978378,0.407814026,1,0.678968430,38.902025437,0.012210846,-0.003663063,0.021553040,1.234898202,0.000000000,-0.000000000,8.000000000,2.500000000,3.294896364,188.783655602,0.000000000,-2.820822001,2.000000000,0.500000000,-2.900930405,-166.211068848,0.000000000,2.580008745,1.000000000,0.500000000,-0.179102898,-10.261840134,0.000000000,0.422322124,0.500000000,0.200000003,0.678968430,38.902025437,0.000000000,0.000104996,0.000000000,0.100000001
2026-07-07 00:10:14.308,1783354214.308619499,49.012801782,1,1,48.998344214,1,0.006583787,5,1,0.001078806,5,1,0,0,0,0,1,1,1,1,1,1,0.022024446,-0.637230389,0.209287307,2.613110514,1,48.997076408,12,1,12,1:-1.251:2.428|2:-0.428:2.425|3:0.392:2.424|4:1.223:2.419|5:1.228:1.589|6:0.405:1.588|7:-0.440:1.588|8:-1.261:1.589|9:-1.185:4.911|10:-0.390:4.902|11:0.375:4.903|12:1.182:4.901,1,3.708747587,ready,8,4,-1.685056000,1.809350000,1,3.708686771,1,received,0,-1.000000000,,0,-1.000000000,0,,1,0.029182434,1.672030309,0.007326126,-0.080586433,1,3.250644922,186.248234741,-0.002442360,-2.728204727,1,-2.892538071,-165.730223531,-0.002442360,2.564102173,1,-0.174525261,-9.999560869,-0.007326126,0.412698746,1,0.678585052,38.880059548,-0.012210846,-0.003663063,0.021553040,1.234898202,0.000000000,-0.000000000,8.000000000,2.500000000,3.294896364,188.783655602,0.000000000,-2.820822001,2.000000000,0.500000000,-2.900930405,-166.211068848,0.000000000,2.580008745,1.000000000,0.500000000,-0.179102898,-10.261840134,0.000000000,0.422322124,0.500000000,0.200000003,0.678968430,38.902025437,0.000000000,0.000104996,0.000000000,0.100000001
2026-07-07 00:10:15.308,1783354215.308543682,50.012726198,1,1,49.998268630,1,0.007050319,5,1,0.001048599,5,1,0,0,0,0,1,1,1,1,1,1,0.021960582,-0.801101797,0.270574937,2.664499715,1,49.997000824,12,1,12,1:-1.251:2.428|2:-0.428:2.425|3:0.392:2.424|4:1.223:2.419|5:1.228:1.589|6:0.405:1.588|7:-0.440:1.588|8:-1.261:1.589|9:-1.185:4.911|10:-0.390:4.902|11:0.375:4.903|12:1.182:4.901,1,4.708672003,ready,8,4,-1.685056000,1.809350000,1,4.708611187,1,received,0,-1.000000000,,0,-1.000000000,0,,1,0.028800964,1.650173703,-0.007326126,-0.085470200,1,3.250644922,186.248234741,-0.002442360,-2.741880417,1,-2.892538071,-165.730223531,-0.002442360,2.564102173,1,-0.174525261,-9.999560869,-0.007326126,0.407814026,1,0.678585052,38.880059548,-0.036628723,-0.003663063,0.021553040,1.234898202,0.000000000,-0.000000000,8.000000000,2.500000000,3.294896364,188.783655602,0.000000000,-2.820822001,2.000000000,0.500000000,-2.900930405,-166.211068848,0.000000000,2.580008745,1.000000000,0.500000000,-0.179102898,-10.261840134,0.000000000,0.422322124,0.500000000,0.200000003,0.678968430,38.902025437,0.000000000,0.000104996,0.000000000,0.100000001
2026-07-07 00:10:16.308,1783354216.308519363,51.012701681,1,1,50.998244113,1,0.006886796,5,1,0.001012774,5,1,0,0,0,0,1,1,1,1,1,1,0.022038061,-0.958936033,0.344400267,2.683117256,1,50.996976307,12,1,12,1:-1.251:2.428|2:-0.428:2.425|3:0.392:2.424|4:1.223:2.419|5:1.228:1.589|6:0.405:1.588|7:-0.440:1.588|8:-1.261:1.589|9:-1.185:4.911|10:-0.390:4.902|11:0.375:4.903|12:1.182:4.901,1,5.708647486,ready,8,4,-1.685056000,1.809350000,1,5.708586670,1,received,0,-1.000000000,,0,-1.000000000,0,,1,0.036431313,2.087360452,-0.007326126,-0.095237732,1,3.250644922,186.248234741,-0.002442360,-2.755556107,1,-2.892538071,-165.730223531,0.002442360,2.564102173,1,-0.174525261,-9.999560869,-0.007326126,0.407814026,1,0.678968430,38.902025437,0.012210846,-0.003663063,0.021553040,1.234898202,0.000000000,-0.000000000,8.000000000,2.500000000,3.294896364,188.783655602,0.000000000,-2.820822001,2.000000000,0.500000000,-2.900930405,-166.211068848,0.000000000,2.580008745,1.000000000,0.500000000,-0.179102898,-10.261840134,0.000000000,0.422322124,0.500000000,0.200000003,0.678968430,38.902025437,0.000000000,0.000104996,0.000000000,0.100000001
2026-07-07 00:10:17.308,1783354217.308488369,52.012670840,1,1,51.998213272,1,0.007138046,5,1,0.001101560,5,1,0,0,0,0,1,1,1,1,1,1,0.021942281,-1.119709704,0.407559705,2.689091956,1,51.996945466,12,1,12,1:-1.251:2.428|2:-0.428:2.425|3:0.392:2.424|4:1.223:2.419|5:1.228:1.589|6:0.405:1.588|7:-0.440:1.588|8:-1.261:1.589|9:-1.185:4.911|10:-0.390:4.902|11:0.375:4.903|12:1.182:4.901,1,6.708616645,ready,8,4,-1.685056000,1.809350000,1,6.708555829,1,received,0,-1.000000000,,0,-1.000000000,0,,1,0.033761024,1.934364214,-0.021978378,-0.114773750,1,3.250644922,186.248234741,-0.002442360,-2.741880417,1,-2.892538071,-165.730223531,-0.007326126,2.564102173,1,-0.174525261,-9.999560869,0.007326126,0.407814026,1,0.678585052,38.880059548,-0.012210846,-0.003663063,0.021553040,1.234898202,0.000000000,-0.000000000,8.000000000,2.500000000,3.294896364,188.783655602,0.000000000,-2.820822001,2.000000000,0.500000000,-2.900930405,-166.211068848,0.000000000,2.580008745,1.000000000,0.500000000,-0.179102898,-10.261840134,0.000000000,0.422322124,0.500000000,0.200000003,0.678968430,38.902025437,0.000000000,0.000104996,0.000000000,0.100000001
2026-07-07 00:10:18.308,1783354218.308467627,53.012650108,1,1,52.998192540,1,0.007174886,5,1,0.001086917,5,1,0,0,0,0,1,1,1,1,1,1,0.021942367,-1.272912436,0.485322902,2.692139498,1,52.996924734,12,1,12,1:-1.251:2.428|2:-0.428:2.425|3:0.392:2.424|4:1.223:2.419|5:1.228:1.589|6:0.405:1.588|7:-0.440:1.588|8:-1.261:1.589|9:-1.185:4.911|10:-0.390:4.902|11:0.375:4.903|12:1.182:4.901,1,7.708595913,ready,8,4,-1.685056000,1.809350000,1,7.708535097,1,received,0,-1.000000000,,0,-1.000000000,0,,1,0.033379555,1.912507609,-0.021978378,-0.105006218,1,3.250644922,186.248234741,-0.002442360,-2.741880417,1,-2.892538071,-165.730223531,-0.002442360,2.550426483,1,-0.174525261,-9.999560869,0.007326126,0.412698746,1,0.678968430,38.902025437,-0.012210846,-0.003663063,0.021553040,1.234898202,0.000000000,-0.000000000,8.000000000,2.500000000,3.294896364,188.783655602,0.000000000,-2.820822001,2.000000000,0.500000000,-2.900930405,-166.211068848,0.000000000,2.580008745,1.000000000,0.500000000,-0.179102898,-10.261840134,0.000000000,0.422322124,0.500000000,0.200000003,0.678968430,38.902025437,0.000000000,0.000104996,0.000000000,0.100000001
2026-07-07 00:10:19.308,1783354219.308479071,54.012661340,1,1,53.998203772,1,0.007082890,5,1,0.001104667,5,1,0,0,0,0,1,1,1,1,1,1,0.022003195,-1.419214245,0.549801952,2.686351874,1,53.996935966,12,1,12,1:-1.251:2.428|2:-0.428:2.425|3:0.392:2.424|4:1.223:2.419|5:1.228:1.589|6:0.405:1.588|7:-0.440:1.588|8:-1.261:1.589|9:-1.185:4.911|10:-0.390:4.902|11:0.375:4.903|12:1.182:4.901,1,8.708607145,ready,8,4,-1.685056000,1.809350000,1,8.708546329,1,received,0,-1.000000000,,0,-1.000000000,0,,1,0.033761024,1.934364214,0.007326126,-0.197802544,1,3.250644922,186.248234741,-0.007326126,-2.741880417,1,-2.892538071,-165.730223531,-0.002442360,2.564102173,1,-0.174525261,-9.999560869,0.007326126,0.412698746,1,0.678968430,38.902025437,0.012210846,-0.003663063,0.021553040,1.234898202,0.000000000,-0.000000000,8.000000000,2.500000000,3.294896364,188.783655602,0.000000000,-2.820822001,2.000000000,0.500000000,-2.900930405,-166.211068848,0.000000000,2.580008745,1.000000000,0.500000000,-0.179102898,-10.261840134,0.000000000,0.422322124,0.500000000,0.200000003,0.678968430,38.902025437,0.000000000,0.000104996,0.000000000,0.100000001
2026-07-07 00:10:20.308,1783354220.308422327,55.012604668,1,1,54.998147100,1,0.006700305,5,1,0.001094418,5,1,0,0,0,0,1,1,1,1,1,1,0.022013881,-1.566770842,0.630374769,2.634792380,1,54.996879294,12,1,12,1:-1.251:2.428|2:-0.428:2.425|3:0.392:2.424|4:1.223:2.419|5:1.228:1.589|6:0.405:1.588|7:-0.440:1.588|8:-1.261:1.589|9:-1.185:4.911|10:-0.390:4.902|11:0.375:4.903|12:1.182:4.901,1,9.708550473,ready,8,4,-1.685056000,1.809350000,1,9.708489657,1,received,0,-1.000000000,,0,-1.000000000,0,,1,0.035286903,2.021790636,-0.021978378,-0.139194489,1,3.250644922,186.248234741,-0.002442360,-2.741880417,1,-2.892538071,-165.730223531,-0.002442360,2.550426483,1,-0.174525261,-9.999560869,-0.007326126,0.407814026,1,0.678968430,38.902025437,-0.012210846,-0.003663063,0.021553040,1.234898202,0.000000000,-0.000000000,8.000000000,2.500000000,3.294896364,188.783655602,0.000000000,-2.820822001,2.000000000,0.500000000,-2.900930405,-166.211068848,0.000000000,2.580008745,1.000000000,0.500000000,-0.179102898,-10.261840134,0.000000000,0.422322124,0.500000000,0.200000003,0.678968430,38.902025437,0.000000000,0.000104996,0.000000000,0.100000001
2026-07-07 00:10:21.308,1783354221.308389187,56.012571391,1,1,55.998113823,1,0.006556725,5,1,0.000926363,5,1,0,0,0,0,1,1,1,1,1,1,0.022015026,-1.651240813,0.672621467,2.640047281,1,55.996846017,12,1,12,1:-1.251:2.428|2:-0.428:2.425|3:0.392:2.424|4:1.223:2.419|5:1.228:1.589|6:0.405:1.588|7:-0.440:1.588|8:-1.261:1.589|9:-1.185:4.911|10:-0.390:4.902|11:0.375:4.903|12:1.182:4.901,1,10.708517196,ready,8,4,-1.685056000,1.809350000,1,10.708456380,1,received,0,-1.000000000,,0,-1.000000000,0,,1,0.034905434,1.999934030,-0.036630630,-0.070817947,1,3.250644922,186.248234741,-0.002442360,-2.741880417,1,-2.892538071,-165.730223531,-0.007326126,2.550426483,1,-0.174525261,-9.999560869,-0.007326126,0.412698746,1,0.678585052,38.880059548,-0.012210846,-0.003663063,0.021553040,1.234898202,0.000000000,-0.000000000,8.000000000,2.500000000,3.294896364,188.783655602,0.000000000,-2.820822001,2.000000000,0.500000000,-2.900930405,-166.211068848,0.000000000,2.580008745,1.000000000,0.500000000,-0.179102898,-10.261840134,0.000000000,0.422322124,0.500000000,0.200000003,0.678968430,38.902025437,0.000000000,0.000104996,0.000000000,0.100000001
2026-07-07 00:10:22.308,1783354222.308397055,57.012579415,1,1,56.998121847,1,0.006887485,5,1,0.001072261,5,1,0,0,0,0,1,1,1,1,1,1,0.022049145,-1.681051805,0.674785952,2.639060733,1,56.996854041,12,1,12,1:-1.251:2.428|2:-0.428:2.425|3:0.392:2.424|4:1.223:2.419|5:1.228:1.589|6:0.405:1.588|7:-0.440:1.588|8:-1.261:1.589|9:-1.185:4.911|10:-0.390:4.902|11:0.375:4.903|12:1.182:4.901,1,11.708525220,ready,8,4,-1.685056000,1.809350000,1,11.708464404,1,received,0,-1.000000000,,0,-1.000000000,0,,0,0.037194252,2.131073663,-0.007326126,-0.153845787,1,3.250644922,186.248234741,-0.002442360,-2.755556107,1,-2.892538071,-165.730223531,-0.002442360,2.564102173,1,-0.174525261,-9.999560869,-0.007326126,0.412698746,1,0.678968430,38.902025437,-0.012210846,-0.003663063,0.021553040,1.234898202,0.000000000,-0.000000000,8.000000000,2.500000000,3.294896364,188.783655602,0.000000000,-2.820822001,2.000000000,0.500000000,-2.900930405,-166.211068848,0.000000000,2.580008745,1.000000000,0.500000000,-0.179102898,-10.261840134,0.000000000,0.422322124,0.500000000,0.200000003,0.678968430,38.902025437,0.000000000,0.000104996,0.000000000,0.100000001
2026-07-07 00:10:23.308,1783354223.308354139,58.012536470,1,1,57.998078902,1,0.006819869,5,1,0.001119476,5,1,0,0,0,0,1,1,1,1,1,1,0.021976101,-1.685159713,0.676866227,2.639058446,1,57.996811096,12,1,12,1:-1.251:2.428|2:-0.428:2.425|3:0.392:2.424|4:1.223:2.419|5:1.228:1.589|6:0.405:1.588|7:-0.440:1.588|8:-1.261:1.589|9:-1.185:4.911|10:-0.390:4.902|11:0.375:4.903|12:1.182:4.901,1,12.708482275,ready,8,4,-1.685056000,1.809350000,1,12.708421459,1,received,0,-1.000000000,,0,-1.000000000,0,,1,0.036812782,2.109217057,-0.007326126,-0.129426003,1,3.250644922,186.248234741,-0.002442360,-2.741880417,1,-2.892538071,-165.730223531,-0.002442360,2.550426483,1,-0.174525261,-9.999560869,-0.021978378,0.407814026,1,0.678968430,38.902025437,0.012210846,-0.003663063,0.021553040,1.234898202,0.000000000,-0.000000000,8.000000000,2.500000000,3.294896364,188.783655602,0.000000000,-2.820822001,2.000000000,0.500000000,-2.900930405,-166.211068848,0.000000000,2.580008745,1.000000000,0.500000000,-0.179102898,-10.261840134,0.000000000,0.422322124,0.500000000,0.200000003,0.678968430,38.902025437,0.000000000,0.000104996,0.000000000,0.100000001
2026-07-07 00:10:24.308,1783354224.308322906,59.012505160,1,1,58.998047592,1,0.006777110,5,1,0.001112892,5,1,0,0,0,0,1,1,1,1,1,1,0.022032960,-1.609353576,0.758510522,2.300021233,1,58.996779786,12,1,12,1:-1.251:2.428|2:-0.428:2.425|3:0.392:2.424|4:1.223:2.419|5:1.228:1.589|6:0.405:1.588|7:-0.440:1.588|8:-1.261:1.589|9:-1.185:4.911|10:-0.390:4.902|11:0.375:4.903|12:1.182:4.901,1,13.708450965,ready,8,4,-1.685056000,1.809350000,1,13.708390149,1,received,0,-1.000000000,,0,-1.000000000,0,,1,0.037575722,2.152930268,-0.007326126,-0.168498039,1,3.250644922,186.248234741,-0.002442360,-2.741880417,1,-2.892538071,-165.730223531,-0.002442360,2.564102173,1,-0.174525261,-9.999560869,-0.021978378,0.407814026,1,0.678968430,38.902025437,0.012210846,-0.003663063,0.021553040,1.234898202,0.000000000,-0.000000000,8.000000000,2.500000000,3.294896364,188.783655602,0.000000000,-2.820822001,2.000000000,0.500000000,-2.900930405,-166.211068848,0.000000000,2.580008745,1.000000000,0.500000000,-0.179102898,-10.261840134,0.000000000,0.422322124,0.500000000,0.200000003,0.678968430,38.902025437,0.000000000,0.000104996,0.000000000,0.100000001
2026-07-07 00:10:25.308,1783354225.308302402,60.012484671,1,1,59.998027103,1,0.006961071,5,1,0.001094905,5,1,0,0,0,0,1,1,1,1,1,1,0.022009232,-1.481075981,0.799774011,1.835166321,1,59.996759297,12,1,12,1:-1.251:2.428|2:-0.428:2.425|3:0.392:2.424|4:1.223:2.419|5:1.228:1.589|6:0.405:1.588|7:-0.440:1.588|8:-1.261:1.589|9:-1.185:4.911|10:-0.390:4.902|11:0.375:4.903|12:1.182:4.901,1,14.708430476,ready,8,4,-1.685056000,1.809350000,1,14.708369660,1,received,0,-1.000000000,,0,-1.000000000,0,,1,0.037575722,2.152930268,-0.021978378,-0.139194489,1,3.250644922,186.248234741,-0.002442360,-2.741880417,1,-2.892538071,-165.730223531,0.002442360,2.564102173,1,-0.174525261,-9.999560869,-0.007326126,0.412698746,1,0.678968430,38.902025437,0.012210846,-0.003663063,0.021553040,1.234898202,0.000000000,-0.000000000,8.000000000,2.500000000,3.294896364,188.783655602,0.000000000,-2.820822001,2.000000000,0.500000000,-2.900930405,-166.211068848,0.000000000,2.580008745,1.000000000,0.500000000,-0.179102898,-10.261840134,0.000000000,0.422322124,0.500000000,0.200000003,0.678968430,38.902025437,0.000000000,0.000104996,0.000000000,0.100000001
2026-07-07 00:10:26.308,1783354226.308250427,61.012432756,1,1,60.997975188,1,0.006960993,5,1,0.000878951,5,1,0,0,0,0,1,1,1,1,1,1,0.022026777,-1.419651121,0.783238637,1.571651661,1,60.996707382,12,1,12,1:-1.251:2.428|2:-0.428:2.425|3:0.392:2.424|4:1.223:2.419|5:1.228:1.589|6:0.405:1.588|7:-0.440:1.588|8:-1.261:1.589|9:-1.185:4.911|10:-0.390:4.902|11:0.375:4.903|12:1.182:4.901,1,15.708378561,ready,8,4,-1.685056000,1.809350000,1,15.708317745,1,received,0,-1.000000000,,0,-1.000000000,0,,1,0.036431313,2.087360452,-0.007326126,-0.134309769,1,3.250644922,186.248234741,-0.002442360,-2.741880417,1,-2.892538071,-165.730223531,-0.002442360,2.564102173,1,-0.174525261,-9.999560869,-0.007326126,0.412698746,1,0.678968430,38.902025437,0.036628723,-0.003663063,0.021553040,1.234898202,0.000000000,-0.000000000,8.000000000,2.500000000,3.294896364,188.783655602,0.000000000,-2.820822001,2.000000000,0.500000000,-2.900930405,-166.211068848,0.000000000,2.580008745,1.000000000,0.500000000,-0.179102898,-10.261840134,0.000000000,0.422322124,0.500000000,0.200000003,0.678968430,38.902025437,0.000000000,0.000104996,0.000000000,0.100000001
2026-07-07 00:10:27.308,1783354227.308218718,62.012400983,1,1,61.997943415,1,0.006975786,5,1,0.001103110,5,1,0,0,0,0,1,1,1,1,1,1,0.022031478,-1.396710814,0.775440547,1.564885740,1,61.996675609,12,1,12,1:-1.251:2.428|2:-0.428:2.425|3:0.392:2.424|4:1.223:2.419|5:1.228:1.589|6:0.405:1.588|7:-0.440:1.588|8:-1.261:1.589|9:-1.185:4.911|10:-0.390:4.902|11:0.375:4.903|12:1.182:4.901,1,16.708346788,ready,8,4,-1.685056000,1.809350000,1,16.708285972,1,received,0,-1.000000000,,0,-1.000000000,0,,1,0.037194252,2.131073663,0.007326126,-0.148962021,1,3.250644922,186.248234741,-0.002442360,-2.741880417,1,-2.892538071,-165.730223531,0.002442360,2.564102173,1,-0.174525261,-9.999560869,-0.021978378,0.412698746,1,0.678968430,38.902025437,0.012210846,-0.003663063,0.021553040,1.234898202,0.000000000,-0.000000000,8.000000000,2.500000000,3.294896364,188.783655602,0.000000000,-2.820822001,2.000000000,0.500000000,-2.900930405,-166.211068848,0.000000000,2.580008745,1.000000000,0.500000000,-0.179102898,-10.261840134,0.000000000,0.422322124,0.500000000,0.200000003,0.678968430,38.902025437,0.000000000,0.000104996,0.000000000,0.100000001
2026-07-07 00:10:28.308,1783354228.308185816,63.012368323,1,1,62.997910755,1,0.006733938,5,1,0.001079135,5,1,0,0,0,0,1,1,1,1,1,1,0.022009270,-1.491682340,0.872993046,1.802606149,1,62.996642949,12,1,12,1:-1.251:2.428|2:-0.428:2.425|3:0.392:2.424|4:1.223:2.419|5:1.228:1.589|6:0.405:1.588|7:-0.440:1.588|8:-1.261:1.589|9:-1.185:4.911|10:-0.390:4.902|11:0.375:4.903|12:1.182:4.901,1,17.708314128,ready,8,4,-1.685056000,1.809350000,1,17.708253312,1,received,0,-1.000000000,,0,-1.000000000,0,,1,0.037575722,2.152930268,0.007326126,-0.148962021,1,3.250644922,186.248234741,0.002442360,-2.741880417,1,-2.892538071,-165.730223531,-0.007326126,2.564102173,1,-0.174525261,-9.999560869,-0.021978378,0.412698746,1,0.678585052,38.880059548,-0.061050415,-0.003663063,0.021553040,1.234898202,0.000000000,-0.000000000,8.000000000,2.500000000,3.294896364,188.783655602,0.000000000,-2.820822001,2.000000000,0.500000000,-2.900930405,-166.211068848,0.000000000,2.580008745,1.000000000,0.500000000,-0.179102898,-10.261840134,0.000000000,0.422322124,0.500000000,0.200000003,0.678968430,38.902025437,0.000000000,0.000104996,0.000000000,0.100000001
2026-07-07 00:10:29.308,1783354229.308189154,64.012371532,1,1,63.997913964,1,0.006927171,5,1,0.001130299,5,1,0,0,0,0,1,1,1,1,1,1,0.022022717,-1.560280706,1.007913367,1.924216177,1,63.996646158,12,1,12,1:-1.251:2.428|2:-0.428:2.425|3:0.392:2.424|4:1.223:2.419|5:1.228:1.589|6:0.405:1.588|7:-0.440:1.588|8:-1.261:1.589|9:-1.185:4.911|10:-0.390:4.902|11:0.375:4.903|12:1.182:4.901,1,18.708317337,ready,8,4,-1.685056000,1.809350000,1,18.708256521,1,received,0,-1.000000000,,0,-1.000000000,0,,1,0.036812782,2.109217057,0.007326126,-0.139194489,1,3.250644922,186.248234741,-0.002442360,-2.741880417,1,-2.892538071,-165.730223531,-0.002442360,2.564102173,1,-0.174525261,-9.999560869,0.007326126,0.412698746,1,0.678585052,38.880059548,-0.036628723,-0.003663063,0.021553040,1.234898202,0.000000000,-0.000000000,8.000000000,2.500000000,3.294896364,188.783655602,0.000000000,-2.820822001,2.000000000,0.500000000,-2.900930405,-166.211068848,0.000000000,2.580008745,1.000000000,0.500000000,-0.179102898,-10.261840134,0.000000000,0.422322124,0.500000000,0.200000003,0.678968430,38.902025437,0.000000000,0.000104996,0.000000000,0.100000001
2026-07-07 00:10:30.308,1783354230.308180332,65.012362579,1,1,64.997905011,1,0.006717705,5,1,0.001048471,5,1,0,0,0,0,1,1,1,1,1,1,0.022068768,-1.536039803,1.170231947,1.667426593,1,64.996637205,12,1,12,1:-1.251:2.428|2:-0.428:2.425|3:0.392:2.424|4:1.223:2.419|5:1.228:1.589|6:0.405:1.588|7:-0.440:1.588|8:-1.261:1.589|9:-1.185:4.911|10:-0.390:4.902|11:0.375:4.903|12:1.182:4.901,1,19.708308384,ready,8,4,-1.685056000,1.809350000,1,19.708247568,1,received,0,-1.000000000,,0,-1.000000000,0,,1,0.037194252,2.131073663,-0.021978378,-0.144078255,1,3.250644922,186.248234741,-0.002442360,-2.741880417,1,-2.892538071,-165.730223531,-0.002442360,2.564102173,1,-0.174525261,-9.999560869,-0.021978378,0.412698746,1,0.678968430,38.902025437,-0.012210846,-0.003663063,0.021553040,1.234898202,0.000000000,-0.000000000,8.000000000,2.500000000,3.294896364,188.783655602,0.000000000,-2.820822001,2.000000000,0.500000000,-2.900930405,-166.211068848,0.000000000,2.580008745,1.000000000,0.500000000,-0.179102898,-10.261840134,0.000000000,0.422322124,0.500000000,0.200000003,0.678968430,38.902025437,0.000000000,0.000104996,0.000000000,0.100000001
2026-07-07 00:10:31.308,1783354231.308152437,66.012334689,1,1,65.997877121,1,0.006815908,5,1,0.001089155,5,1,0,0,0,0,1,1,1,1,1,1,0.022082311,-1.546346348,1.303509917,1.601434803,1,65.996609315,12,1,12,1:-1.251:2.428|2:-0.428:2.425|3:0.392:2.424|4:1.223:2.419|5:1.228:1.589|6:0.405:1.588|7:-0.440:1.588|8:-1.261:1.589|9:-1.185:4.911|10:-0.390:4.902|11:0.375:4.903|12:1.182:4.901,1,20.708280494,ready,8,4,-1.685056000,1.809350000,1,20.708219678,1,received,0,-1.000000000,,0,-1.000000000,0,,1,0.036049843,2.065503847,-0.036630630,-0.051281929,1,3.250644922,186.248234741,-0.002442360,-2.741880417,1,-2.892538071,-165.730223531,0.002442360,2.564102173,1,-0.174525261,-9.999560869,-0.021978378,0.412698746,1,0.678968430,38.902025437,-0.012210846,-0.003663063,0.021553040,1.234898202,0.000000000,-0.000000000,8.000000000,2.500000000,3.294896364,188.783655602,0.000000000,-2.820822001,2.000000000,0.500000000,-2.900930405,-166.211068848,0.000000000,2.580008745,1.000000000,0.500000000,-0.179102898,-10.261840134,0.000000000,0.422322124,0.500000000,0.200000003,0.678968430,38.902025437,0.000000000,0.000104996,0.000000000,0.100000001
2026-07-07 00:10:32.308,1783354232.308079243,67.012261700,1,1,66.997804132,1,0.006668803,5,1,0.001132954,5,1,0,0,0,0,1,1,1,1,1,1,0.022013551,-1.623023068,1.457308038,1.721429780,1,66.996536326,12,1,12,1:-1.251:2.428|2:-0.428:2.425|3:0.392:2.424|4:1.223:2.419|5:1.228:1.589|6:0.405:1.588|7:-0.440:1.588|8:-1.261:1.589|9:-1.185:4.911|10:-0.390:4.902|11:0.375:4.903|12:1.182:4.901,1,21.708207505,ready,8,4,-1.685056000,1.809350000,1,21.708146689,1,received,0,-1.000000000,,0,-1.000000000,0,,1,0.036812782,2.109217057,-0.021978378,-0.153845787,1,3.250644922,186.248234741,-0.002442360,-2.741880417,1,-2.892538071,-165.730223531,-0.002442360,2.550426483,1,-0.174525261,-9.999560869,-0.007326126,0.412698746,1,0.678968430,38.902025437,-0.012210846,-0.003663063,0.021553040,1.234898202,0.000000000,-0.000000000,8.000000000,2.500000000,3.294896364,188.783655602,0.000000000,-2.820822001,2.000000000,0.500000000,-2.900930405,-166.211068848,0.000000000,2.580008745,1.000000000,0.500000000,-0.179102898,-10.261840134,0.000000000,0.422322124,0.500000000,0.200000003,0.678968430,38.902025437,0.000000000,0.000104996,0.000000000,0.100000001
2026-07-07 00:10:33.308,1783354233.308052063,68.012234260,1,1,67.997776692,1,0.006680935,5,1,0.001078344,5,1,0,0,0,0,1,1,1,1,1,1,0.021797133,-1.644281061,1.615294576,1.728619791,1,67.996508886,12,1,12,1:-1.251:2.428|2:-0.428:2.425|3:0.392:2.424|4:1.223:2.419|5:1.228:1.589|6:0.405:1.588|7:-0.440:1.588|8:-1.261:1.589|9:-1.185:4.911|10:-0.390:4.902|11:0.375:4.903|12:1.182:4.901,1,22.708180065,ready,8,4,-1.685056000,1.809350000,1,22.708119249,1,received,0,-1.000000000,,0,-1.000000000,0,,1,0.036812782,2.109217057,-0.021978378,-0.085470200,1,3.250644922,186.248234741,0.002442360,-2.741880417,1,-2.892538071,-165.730223531,-0.002442360,2.550426483,1,-0.174525261,-9.999560869,-0.007326126,0.412698746,1,0.678968430,38.902025437,-0.012210846,-0.003663063,0.021553040,1.234898202,0.000000000,-0.000000000,8.000000000,2.500000000,3.294896364,188.783655602,0.000000000,-2.820822001,2.000000000,0.500000000,-2.900930405,-166.211068848,0.000000000,2.580008745,1.000000000,0.500000000,-0.179102898,-10.261840134,0.000000000,0.422322124,0.500000000,0.200000003,0.678968430,38.902025437,0.000000000,0.000104996,0.000000000,0.100000001
2026-07-07 00:10:34.308,1783354234.308026552,69.012208885,1,1,68.997751317,1,0.006963168,5,1,0.001045242,5,1,0,0,0,0,1,1,1,1,1,1,0.021990936,-1.659173740,1.624042588,1.729550047,1,68.996483511,12,1,12,1:-1.251:2.428|2:-0.428:2.425|3:0.392:2.424|4:1.223:2.419|5:1.228:1.589|6:0.405:1.588|7:-0.440:1.588|8:-1.261:1.589|9:-1.185:4.911|10:-0.390:4.902|11:0.375:4.903|12:1.182:4.901,1,23.708154690,ready,8,4,-1.685056000,1.809350000,1,23.708093874,1,received,0,-1.000000000,,0,-1.000000000,0,,1,0.036812782,2.109217057,-0.007326126,-0.139194489,1,3.250644922,186.248234741,-0.007326126,-2.741880417,1,-2.892538071,-165.730223531,-0.002442360,2.550426483,1,-0.174525261,-9.999560869,-0.007326126,0.412698746,1,0.678585052,38.880059548,-0.012210846,-0.003663063,0.021553040,1.234898202,0.000000000,-0.000000000,8.000000000,2.500000000,3.294896364,188.783655602,0.000000000,-2.820822001,2.000000000,0.500000000,-2.900930405,-166.211068848,0.000000000,2.580008745,1.000000000,0.500000000,-0.179102898,-10.261840134,0.000000000,0.422322124,0.500000000,0.200000003,0.678968430,38.902025437,0.000000000,0.000104996,0.000000000,0.100000001
2026-07-07 00:10:35.308,1783354235.308001518,70.012183925,1,1,69.997726357,1,0.006905150,5,1,0.001033951,5,1,0,0,0,0,1,1,1,1,1,1,0.022010653,-1.650300614,1.710939417,1.647267315,1,69.996458551,12,1,12,1:-1.251:2.428|2:-0.428:2.425|3:0.392:2.424|4:1.223:2.419|5:1.228:1.589|6:0.405:1.588|7:-0.440:1.588|8:-1.261:1.589|9:-1.185:4.911|10:-0.390:4.902|11:0.375:4.903|12:1.182:4.901,1,24.708129730,ready,8,4,-1.685056000,1.809350000,1,24.708068914,1,received,0,-1.000000000,,0,-1.000000000,0,,1,0.037194252,2.131073663,0.021978378,-0.168498039,1,3.250644922,186.248234741,-0.002442360,-2.741880417,1,-2.892538071,-165.730223531,-0.002442360,2.564102173,1,-0.174525261,-9.999560869,-0.007326126,0.407814026,1,0.678968430,38.902025437,0.012210846,-0.003663063,0.021553040,1.234898202,0.000000000,-0.000000000,8.000000000,2.500000000,3.294896364,188.783655602,0.000000000,-2.820822001,2.000000000,0.500000000,-2.900930405,-166.211068848,0.000000000,2.580008745,1.000000000,0.500000000,-0.179102898,-10.261840134,0.000000000,0.422322124,0.500000000,0.200000003,0.678968430,38.902025437,0.000000000,0.000104996,0.000000000,0.100000001
2026-07-07 00:10:36.308,1783354236.307972431,71.012154609,1,1,70.997697041,1,0.006704246,5,1,0.001112104,5,1,0,0,0,0,1,1,1,1,1,1,0.022094606,-1.646751216,1.762814946,1.648247418,1,70.996429235,12,1,12,1:-1.251:2.428|2:-0.428:2.425|3:0.392:2.424|4:1.223:2.419|5:1.228:1.589|6:0.405:1.588|7:-0.440:1.588|8:-1.261:1.589|9:-1.185:4.911|10:-0.390:4.902|11:0.375:4.903|12:1.182:4.901,1,0.821587529,pickup,8,4,-1.685056000,1.809350000,1,0.821567633,1,received,0,-1.000000000,,0,-1.000000000,0,,1,-0.269512177,-15.441910242,-1.135530472,-0.217338562,1,2.938597918,168.369258362,-1.096459389,-4.724786758,1,-2.877660751,-164.877815922,0.065934181,4.642734528,1,-0.150110245,-8.600683486,0.124542236,0.715506554,1,0.487607002,27.937823290,-0.451770782,-0.035408974,-0.326019436,-18.679537729,-1.017610312,-0.281614691,13.000000000,2.200000048,2.837534666,162.578760587,-1.158621669,-3.414084911,20.000000000,8.000000000,-2.803561211,-160.632224976,0.249547288,3.093660355,20.000000000,6.500000000,-0.131605819,-7.540457980,0.120373197,0.500318766,12.000000000,3.200000048,0.511995733,29.335194617,-0.468296677,-0.052940417,0.500000000,0.100000001
2026-07-07 00:10:37.308,1783354237.307940006,72.012122344,1,1,71.997664776,1,0.006989244,5,1,0.001029033,5,1,0,0,0,0,1,1,1,1,1,1,0.021982876,-1.654783118,1.765013723,1.649411408,1,71.996396970,12,1,12,1:-1.251:2.428|2:-0.428:2.425|3:0.392:2.424|4:1.223:2.419|5:1.228:1.589|6:0.405:1.588|7:-0.440:1.588|8:-1.261:1.589|9:-1.185:4.911|10:-0.390:4.902|11:0.375:4.903|12:1.182:4.901,1,1.821555264,pickup,8,4,-1.685056000,1.809350000,1,1.821535368,1,received,0,-1.000000000,,0,-1.000000000,0,,1,-1.337643623,-76.641334111,-0.476190567,-0.012209892,1,1.711010337,98.033671006,-0.788766861,0.594871521,1,-2.587357521,-148.244666048,0.275946617,2.399999619,1,-0.031853676,-1.825081188,0.021978378,0.583638191,1,0.005560875,0.318614664,-0.231990814,-0.035408974,-1.345367432,-77.083875727,-0.519375861,-0.242938086,13.000000000,2.200000048,1.676934600,96.081275092,-0.591346323,0.634093642,20.000000000,8.000000000,-2.553587675,-146.309796400,0.127365887,2.027602434,20.000000000,6.500000000,-0.011027070,-0.631804558,0.061437007,0.335382789,12.000000000,3.200000048,0.042899422,2.457955844,-0.239012897,-0.051616628,0.500000000,0.100000001
2026-07-07 00:10:38.308,1783354238.307912588,73.012095034,1,1,72.997637466,1,0.006915054,5,1,0.001066607,5,1,0,0,0,0,1,1,1,1,1,1,0.021971925,-1.647179452,1.767645856,1.647739383,1,72.996369660,12,1,12,1:-1.251:2.428|2:-0.428:2.425|3:0.392:2.424|4:1.223:2.419|5:1.228:1.589|6:0.405:1.588|7:-0.440:1.588|8:-1.261:1.589|9:-1.185:4.911|10:-0.390:4.902|11:0.375:4.903|12:1.182:4.901,1,2.821527954,pickup,8,4,-1.685056000,1.809350000,1,2.821508058,1,received,0,-1.000000000,,0,-1.000000000,0,,1,-1.437209129,-82.346017388,-0.007326126,-0.041514397,1,1.522942901,87.258200647,-0.002442360,2.564102173,1,-2.544632912,-145.796726249,-0.002442360,1.894016266,1,-0.016975403,-0.972618938,-0.007326126,0.422466278,1,-0.023967743,-1.373250514,0.012210846,0.008546829,-1.438588023,-82.425022187,0.000000000,0.000000000,13.000000000,2.200000048,1.570796371,90.000002504,0.000000000,1.635578275,20.000000000,8.000000000,-2.530727386,-144.999998343,0.000000000,1.635365009,20.000000000,6.500000000,0.000000000,0.000000000,0.000000000,0.247735515,12.000000000,3.200000048,0.000000000,0.000000000,0.000000000,-0.000019584,0.500000000,0.100000001
2026-07-07 00:10:39.308,1783354239.307917595,74.012100065,1,1,73.997642497,1,0.006809316,5,1,0.001123121,5,1,0,0,0,0,1,1,1,1,1,1,0.022068031,-1.656892796,1.764305375,1.649866264,1,73.996374691,12,1,12,1:-1.251:2.428|2:-0.428:2.425|3:0.392:2.424|4:1.223:2.419|5:1.228:1.589|6:0.405:1.588|7:-0.440:1.588|8:-1.261:1.589|9:-1.185:4.911|10:-0.390:4.902|11:0.375:4.903|12:1.182:4.901,1,3.821532985,pickup,8,4,-1.685056000,1.809350000,1,3.821513089,1,received,0,-1.000000000,,0,-1.000000000,0,,1,-1.436827660,-82.324160783,-0.007326126,-0.046398163,1,1.522942901,87.258200647,-0.002442360,2.564102173,1,-2.544632912,-145.796726249,-0.007326126,1.880342484,1,-0.016975403,-0.972618938,-0.021978378,0.417582512,1,-0.023967743,-1.373250514,-0.012210846,0.008546829,-1.438588023,-82.425022187,0.000000000,0.000000000,13.000000000,2.200000048,1.570796371,90.000002504,0.000000000,1.635578275,20.000000000,8.000000000,-2.530727386,-144.999998343,0.000000000,1.635365009,20.000000000,6.500000000,0.000000000,0.000000000,0.000000000,0.247735515,12.000000000,3.200000048,0.000000000,0.000000000,0.000000000,-0.000019584,0.500000000,0.100000001
2026-07-07 00:10:40.308,1783354240.307875395,75.012057775,1,1,74.997600207,1,0.006766664,5,1,0.001047818,5,1,0,0,0,0,1,1,1,1,1,1,0.022071928,-1.651790991,1.760357365,1.649968171,1,74.996332401,12,1,12,1:-1.251:2.428|2:-0.428:2.425|3:0.392:2.424|4:1.223:2.419|5:1.228:1.589|6:0.405:1.588|7:-0.440:1.588|8:-1.261:1.589|9:-1.185:4.911|10:-0.390:4.902|11:0.375:4.903|12:1.182:4.901,1,4.821490695,pickup,8,4,-1.685056000,1.809350000,1,4.821470799,1,received,0,-1.000000000,,0,-1.000000000,0,,1,-1.437209129,-82.346017388,-0.007326126,-0.046398163,1,1.522942901,87.258200647,-0.002442360,2.564102173,1,-2.544632912,-145.796726249,-0.002442360,1.894016266,1,-0.016975403,-0.972618938,-0.007326126,0.417582512,1,-0.023967743,-1.373250514,-0.012210846,0.006104946,-1.438588023,-82.425022187,0.000000000,0.000000000,13.000000000,2.200000048,1.570796371,90.000002504,0.000000000,1.635578275,20.000000000,8.000000000,-2.530727386,-144.999998343,0.000000000,1.635365009,20.000000000,6.500000000,0.000000000,0.000000000,0.000000000,0.247735515,12.000000000,3.200000048,0.000000000,0.000000000,0.000000000,-0.000019584,0.500000000,0.100000001
2026-07-07 00:10:41.307,1783354241.307829857,76.012012237,1,1,75.997554669,1,0.006682881,5,1,0.001097434,5,1,0,0,0,0,1,1,1,1,1,1,0.022060221,-1.656412567,1.765628336,1.648878738,1,75.996286863,12,1,12,1:-1.251:2.428|2:-0.428:2.425|3:0.392:2.424|4:1.223:2.419|5:1.228:1.589|6:0.405:1.588|7:-0.440:1.588|8:-1.261:1.589|9:-1.185:4.911|10:-0.390:4.902|11:0.375:4.903|12:1.182:4.901,1,5.821445157,pickup,8,4,-1.685056000,1.809350000,1,5.821425261,1,received,0,-1.000000000,,0,-1.000000000,0,,1,-1.465819359,-83.985262789,-0.124542236,-0.227106094,1,1.530190825,87.673476149,0.105006218,3.070085526,1,-2.544632912,-145.796726249,-0.002442360,2.112819672,1,-0.010490417,-0.601056647,0.036630630,0.398046494,1,0.010929108,0.626191743,0.036628723,0.045176983,-1.469565988,-84.199928805,-0.067364290,-0.215080753,13.000000000,2.200000048,1.568079352,89.844328833,0.093970209,2.172707558,20.000000000,8.000000000,-2.531517029,-145.045241516,0.027306350,1.830326080,20.000000000,6.500000000,-0.000963806,-0.055222033,0.033334754,0.300647825,12.000000000,3.200000048,-0.001360808,-0.077968544,0.047065675,0.049999584,0.500000000,0.100000001
2026-07-07 00:10:42.307,1783354242.307806492,77.011988815,1,1,76.997531247,1,0.006931703,5,1,0.000865572,5,1,0,0,0,0,1,1,1,1,1,1,0.022071171,-1.655151126,1.766106049,1.649138617,1,76.996263441,12,1,12,1:-1.251:2.428|2:-0.428:2.425|3:0.392:2.424|4:1.223:2.419|5:1.228:1.589|6:0.405:1.588|7:-0.440:1.588|8:-1.261:1.589|9:-1.185:4.911|10:-0.390:4.902|11:0.375:4.903|12:1.182:4.901,1,6.821421735,pickup,8,4,-1.685056000,1.809350000,1,6.821401839,1,received,0,-1.000000000,,0,-1.000000000,0,,1,-1.470016479,-84.225740090,-0.021978378,-0.051281929,1,1.373785853,78.712131354,-0.476190567,2.632478714,1,-2.300107002,-131.786423658,0.891330719,2.290597916,1,-0.211146355,-12.097794982,-0.915750504,-0.129426003,1,0.003259659,0.186764693,0.012210846,-0.040293217,-1.470729828,-84.266611942,-0.001115122,-0.022195559,13.000000000,2.200000048,1.399974465,80.212628292,-0.443910807,1.862861991,20.000000000,8.000000000,-2.271614313,-130.153912824,0.917290807,2.270302534,20.000000000,6.500000000,-0.239186153,-13.704357074,-0.770937681,0.125011221,12.000000000,3.200000048,0.009833566,0.563421824,-0.013988610,-0.040470425,0.500000000,0.100000001
2026-07-07 00:10:43.307,1783354243.307764769,78.011947028,1,1,77.997489460,1,0.006468876,5,1,0.000999280,5,1,0,0,0,0,1,1,1,1,1,1,0.021996952,-1.650428480,1.762861114,1.646769892,1,77.996221654,12,1,12,1:-1.251:2.428|2:-0.428:2.425|3:0.392:2.424|4:1.223:2.419|5:1.228:1.589|6:0.405:1.588|7:-0.440:1.588|8:-1.261:1.589|9:-1.185:4.911|10:-0.390:4.902|11:0.375:4.903|12:1.182:4.901,1,7.821379948,pickup,8,4,-1.685056000,1.809350000,1,7.821360052,1,received,0,-1.000000000,,0,-1.000000000,0,,1,-1.468872070,-84.160170274,0.021978378,-0.109889984,1,1.003754497,57.510896321,-0.148962021,4.615383148,1,-1.663424492,-95.307202924,-0.002442360,1.634187698,1,-0.717364311,-41.101947406,0.315017700,0.241758347,1,0.003643036,0.208730581,0.012210846,-0.008546829,-1.471513629,-84.311520435,-0.000008539,-0.000111891,13.000000000,2.200000048,1.050479412,60.188036778,-0.264988959,3.868385792,20.000000000,8.000000000,-1.658632159,-95.032622489,-0.214641675,1.663544655,20.000000000,6.500000000,-0.711819530,-40.784254817,0.477352113,0.171231657,12.000000000,3.200000048,0.000001298,0.000074379,-0.000107117,-0.000436304,0.500000000,0.100000001
2026-07-07 00:10:44.307,1783354244.307697773,79.011879927,1,1,78.997422359,1,0.006851579,5,1,0.001004139,5,1,0,0,0,0,1,1,1,1,1,1,0.022041243,-1.649740370,1.761640075,1.650029739,1,78.996154553,12,1,12,1:-1.251:2.428|2:-0.428:2.425|3:0.392:2.424|4:1.223:2.419|5:1.228:1.589|6:0.405:1.588|7:-0.440:1.588|8:-1.261:1.589|9:-1.185:4.911|10:-0.390:4.902|11:0.375:4.903|12:1.182:4.901,1,8.821312847,pickup,8,4,-1.685056000,1.809350000,1,8.821292951,1,received,0,-1.000000000,,0,-1.000000000,0,,1,-1.466582298,-84.028976000,0.007326126,-0.095237732,1,0.854978859,48.986680218,-0.002442360,5.887180328,1,-1.749637604,-100.246850373,0.002442360,0.854700089,1,-0.446135521,-25.561682440,-0.007326126,0.236874580,1,0.003643036,0.208730581,-0.012210846,-0.006104946,-1.471513748,-84.311527266,0.000000000,0.000000000,13.000000000,2.200000048,0.898910284,51.503765437,0.000000000,5.029705524,20.000000000,8.000000000,-1.786948681,-102.384617621,0.000000000,1.627845526,20.000000000,6.500000000,-0.431961596,-24.749576363,0.000000000,0.107058421,12.000000000,3.200000048,0.000000000,0.000000000,0.000000000,-0.000008474,0.500000000,0.100000001
2026-07-07 00:10:45.307,1783354245.307811022,80.011993428,1,1,79.997535860,1,0.006955579,5,1,0.001055871,5,1,0,0,0,0,1,1,1,1,1,1,0.022146643,-1.642186573,1.760882697,1.649611573,1,79.996268054,12,1,12,1:-1.251:2.428|2:-0.428:2.425|3:0.392:2.424|4:1.223:2.419|5:1.228:1.589|6:0.405:1.588|7:-0.440:1.588|8:-1.261:1.589|9:-1.185:4.911|10:-0.390:4.902|11:0.375:4.903|12:1.182:4.901,1,9.821426348,pickup,8,4,-1.685056000,1.809350000,1,9.821406452,1,received,0,-1.000000000,,0,-1.000000000,0,,1,-1.463149071,-83.832266552,-0.007326126,-0.129426003,1,0.854978859,48.986680218,-0.002442360,5.873504639,1,-1.749637604,-100.246850373,-0.007326126,0.854700089,1,-0.446135521,-25.561682440,-0.007326126,0.236874580,1,0.003643036,0.208730581,0.012210846,-0.006104946,-1.471513748,-84.311527266,0.000000000,0.000000000,13.000000000,2.200000048,0.898910284,51.503765437,0.000000000,5.029705524,20.000000000,8.000000000,-1.786948681,-102.384617621,0.000000000,1.627845526,20.000000000,6.500000000,-0.431961596,-24.749576363,0.000000000,0.107058421,12.000000000,3.200000048,0.000000000,0.000000000,0.000000000,-0.000008474,0.500000000,0.100000001
2026-07-07 00:10:46.307,1783354246.307743788,81.011926124,1,1,80.997468556,1,0.006752669,5,1,0.001133609,5,1,0,0,0,0,1,1,1,1,1,1,0.022029425,-1.655074306,1.759442382,1.649212415,1,80.996200750,12,1,12,1:-1.251:2.428|2:-0.428:2.425|3:0.392:2.424|4:1.223:2.419|5:1.228:1.589|6:0.405:1.588|7:-0.440:1.588|8:-1.261:1.589|9:-1.185:4.911|10:-0.390:4.902|11:0.375:4.903|12:1.182:4.901,1,10.821359044,pickup,8,4,-1.685056000,1.809350000,1,10.821339148,1,received,0,-1.000000000,,0,-1.000000000,0,,1,-1.463149071,-83.832266552,-0.007326126,-0.129426003,1,0.854978859,48.986680218,-0.007326126,5.887180328,1,-1.749637604,-100.246850373,-0.007326126,0.854700089,1,-0.446135521,-25.561682440,-0.007326126,0.197802544,1,0.003643036,0.208730581,-0.012210846,-0.008546829,-1.471513748,-84.311527266,0.000000000,0.000000000,13.000000000,2.200000048,0.898910284,51.503765437,0.000000000,5.029705524,20.000000000,8.000000000,-1.786948681,-102.384617621,0.000000000,1.627845526,20.000000000,6.500000000,-0.431961596,-24.749576363,0.000000000,0.107058421,8.500000000,3.200000048,0.000000000,0.000000000,0.000000000,-0.000008474,0.800000012,0.200000003
2026-07-07 00:10:47.307,1783354247.307701588,82.011883945,1,1,81.997426377,1,0.006840434,5,1,0.001113855,5,1,0,0,0,0,1,1,1,1,1,1,0.021929817,-1.658730382,1.762833706,1.649163238,1,81.996158571,12,1,12,1:-1.251:2.428|2:-0.428:2.425|3:0.392:2.424|4:1.223:2.419|5:1.228:1.589|6:0.405:1.588|7:-0.440:1.588|8:-1.261:1.589|9:-1.185:4.911|10:-0.390:4.902|11:0.375:4.903|12:1.182:4.901,1,11.821316865,pickup,8,4,-1.685056000,1.809350000,1,11.821296969,1,received,1,0.853929935,grabbed,1,0.853506254,1,received,1,-1.194590569,-68.444997824,0.695970535,0.285714149,1,1.094927192,62.734706960,1.169718742,8.184616089,1,-1.838902473,-105.361350665,-0.432234764,1.087179184,1,-0.345045090,-19.769627383,0.183149338,0.510378838,1,0.003643036,0.208730581,-0.012210846,-0.010989189,-1.174772620,-67.309513025,0.804712474,0.210574925,13.000000000,2.200000048,1.288454890,73.823027304,1.209611654,4.856883049,20.000000000,8.000000000,-1.886385322,-108.081917464,-0.381593585,1.752506137,20.000000000,6.500000000,-0.323806107,-18.552723314,0.341359377,0.307323873,12.000000000,3.200000048,0.002925019,0.167591244,-0.002003621,-0.008003207,0.500000000,0.100000001
2026-07-07 00:10:48.307,1783354248.307774544,83.011956722,1,1,82.997499154,1,0.007136345,5,1,0.001183845,5,1,0,0,0,0,1,1,1,1,1,1,0.022211580,-1.650923341,1.762114352,1.649643123,1,82.996231348,12,1,12,1:-1.251:2.428|2:-0.428:2.425|3:0.392:2.424|4:1.223:2.419|5:1.228:1.589|6:0.405:1.588|7:-0.440:1.588|8:-1.261:1.589|9:-1.185:4.911|10:-0.390:4.902|11:0.375:4.903|12:1.182:4.901,1,12.821389642,pickup,8,4,-1.685056000,1.809350000,1,12.821369746,1,received,1,1.854002712,grabbed,1,1.853579031,1,received,1,-0.247386932,-14.174227132,0.783882141,0.256410599,1,2.718487024,155.757833154,1.824175835,-4.560684204,1,-2.302777290,-131.939419895,-0.202686310,1.470085144,1,0.060845375,3.486183194,0.490842819,0.456654549,1,0.003643036,0.208730581,-0.012210846,-0.013431072,-0.227056563,-13.009382765,0.721232891,0.271001309,13.000000000,2.200000048,2.713023901,155.444819245,1.084128499,-1.835538268,20.000000000,8.000000000,-2.335791111,-133.830972484,-0.342007697,2.148674726,20.000000000,6.500000000,0.078215435,4.481414327,0.305947304,0.443814903,12.000000000,3.200000048,0.000565339,0.032391538,-0.001795769,-0.007159519,0.500000000,0.100000001
2026-07-07 00:10:49.307,1783354249.307635784,84.011818147,1,1,83.997360579,1,0.006493040,5,1,0.001132592,5,1,0,0,0,0,1,1,1,1,1,1,0.021969211,-1.641138175,1.761599520,1.649957681,1,83.996092773,12,1,12,1:-1.251:2.428|2:-0.428:2.425|3:0.392:2.424|4:1.223:2.419|5:1.228:1.589|6:0.405:1.588|7:-0.440:1.588|8:-1.261:1.589|9:-1.185:4.911|10:-0.390:4.902|11:0.375:4.903|12:1.182:4.901,1,0.145367809,ready,6,6,-0.826725000,2.882473000,1,0.145331139,0,arm busy,1,0.147348411,completed,1,0.141133563,1,received,1,0.013923645,0.797766095,-0.021978378,-0.183150291,1,3.099581003,177.592909742,-0.002442360,-4.164102554,1,-2.401960373,-137.622191926,0.002442360,1.360683441,1,0.163462639,9.365719314,-0.021978378,0.368741989,1,0.003643036,0.208730581,-0.012210846,-0.008546829,0.000000000,0.000000000,0.000000000,0.000000000,13.000000000,2.200000048,3.054326296,175.000006008,0.000000000,-3.234629154,20.000000000,8.000000000,-2.443460941,-139.999999342,0.000000000,2.209447145,20.000000000,6.500000000,0.174532920,9.999999709,0.000000000,0.305777937,8.500000000,3.200000048,0.000000000,0.000000000,0.000000000,-0.000024143,0.800000012,0.200000003
2026-07-07 00:10:50.307,1783354250.307612419,85.011794799,1,1,84.997337231,1,0.006716745,5,1,0.001100463,5,1,0,0,0,0,1,1,1,1,1,1,0.022009211,-1.661215359,1.933112685,1.626123876,1,84.996069425,12,1,12,1:-1.251:2.428|2:-0.428:2.425|3:0.392:2.424|4:1.223:2.419|5:1.228:1.589|6:0.405:1.588|7:-0.440:1.588|8:-1.261:1.589|9:-1.185:4.911|10:-0.390:4.902|11:0.375:4.903|12:1.182:4.901,1,1.145344461,ready,6,6,-0.826725000,2.882473000,1,1.145307791,0,arm busy,1,1.147325063,completed,1,1.141110215,1,received,1,0.011634827,0.666626463,0.021978378,-0.197802544,1,3.099581003,177.592909742,-0.002442360,-4.177778244,1,-2.401960373,-137.622191926,-0.002442360,1.360683441,1,0.163462639,9.365719314,-0.007326126,0.368741989,1,0.003643036,0.208730581,-0.036628723,-0.008546829,0.000000000,0.000000000,0.000000000,0.000000000,13.000000000,2.200000048,3.054326296,175.000006008,0.000000000,-3.234629154,20.000000000,8.000000000,-2.443460941,-139.999999342,0.000000000,2.209447145,20.000000000,6.500000000,0.174532920,9.999999709,0.000000000,0.305777937,8.500000000,3.200000048,0.000000000,0.000000000,0.000000000,-0.000024143,0.800000012,0.200000003
2026-07-07 00:10:51.307,1783354251.307579041,86.011761545,1,1,85.997303977,1,0.006503795,5,1,0.000955430,5,1,0,0,0,0,1,1,1,1,1,1,0.022006774,-1.669547169,2.104391772,1.635372120,1,85.996036171,12,1,12,1:-1.251:2.428|2:-0.428:2.425|3:0.392:2.424|4:1.223:2.419|5:1.228:1.589|6:0.405:1.588|7:-0.440:1.588|8:-1.261:1.589|9:-1.185:4.911|10:-0.390:4.902|11:0.375:4.903|12:1.182:4.901,1,2.145311207,ready,6,6,-0.826725000,2.882473000,1,2.145274537,0,arm busy,1,2.147291809,completed,1,2.141076961,1,received,1,0.009346008,0.535486831,0.007326126,-0.100122452,1,3.099581003,177.592909742,-0.002442360,-4.164102554,1,-2.401960373,-137.622191926,-0.002442360,1.360683441,1,0.163462639,9.365719314,-0.007326126,0.393162727,1,0.003643036,0.208730581,-0.012210846,-0.008546829,0.000000000,0.000000000,0.000000000,0.000000000,13.000000000,2.200000048,3.054326296,175.000006008,0.000000000,-3.234629154,20.000000000,8.000000000,-2.443460941,-139.999999342,0.000000000,2.209447145,20.000000000,6.500000000,0.174532920,9.999999709,0.000000000,0.305777937,8.500000000,3.200000048,0.000000000,0.000000000,0.000000000,-0.000024143,0.800000012,0.200000003
2026-07-07 00:10:52.307,1783354252.307555914,87.011738305,1,1,86.997280737,1,0.006480221,5,1,0.001054035,5,1,0,0,0,0,1,1,1,1,1,1,0.022031927,-1.682648671,2.288120914,1.635285419,1,86.996012931,12,1,12,1:-1.251:2.428|2:-0.428:2.425|3:0.392:2.424|4:1.223:2.419|5:1.228:1.589|6:0.405:1.588|7:-0.440:1.588|8:-1.261:1.589|9:-1.185:4.911|10:-0.390:4.902|11:0.375:4.903|12:1.182:4.901,1,3.145287967,ready,6,6,-0.826725000,2.882473000,1,3.145251297,0,arm busy,1,3.147268569,completed,1,3.141053721,1,received,1,0.006675720,0.382490594,-0.036630630,-0.114773750,1,3.099581003,177.592909742,-0.002442360,-4.150426865,1,-2.401960373,-137.622191926,-0.002442360,1.360683441,1,0.163844109,9.387575920,-0.021978378,0.383394241,1,0.003643036,0.208730581,0.012210846,-0.008546829,0.000000000,0.000000000,0.000000000,0.000000000,13.000000000,2.200000048,3.054326296,175.000006008,0.000000000,-3.234629154,20.000000000,8.000000000,-2.443460941,-139.999999342,0.000000000,2.209447145,20.000000000,6.500000000,0.174532920,9.999999709,0.000000000,0.305777937,8.500000000,3.200000048,0.000000000,0.000000000,0.000000000,-0.000024143,0.800000012,0.200000003
2026-07-07 00:10:53.307,1783354253.307540417,88.011722761,1,1,87.997265193,1,0.006889515,5,1,0.001126915,5,1,0,0,0,0,1,1,1,1,1,1,0.022093149,-1.597850765,2.465843527,1.391415076,1,87.995997387,12,1,12,1:-1.251:2.428|2:-0.428:2.425|3:0.392:2.424|4:1.223:2.419|5:1.228:1.589|6:0.405:1.588|7:-0.440:1.588|8:-1.261:1.589|9:-1.185:4.911|10:-0.390:4.902|11:0.375:4.903|12:1.182:4.901,1,4.145272423,ready,6,6,-0.826725000,2.882473000,1,4.145235753,0,arm busy,1,4.147253025,completed,1,4.141038177,1,received,1,0.006675720,0.382490594,0.007326126,-0.109889984,1,3.099581003,177.592909742,-0.002442360,-4.177778244,1,-2.401960373,-137.622191926,-0.002442360,1.360683441,1,0.163844109,9.387575920,-0.007326126,0.393162727,1,0.003643036,0.208730581,-0.012210846,-0.008546829,0.000000000,0.000000000,0.000000000,0.000000000,13.000000000,2.200000048,3.054326296,175.000006008,0.000000000,-3.234629154,20.000000000,8.000000000,-2.443460941,-139.999999342,0.000000000,2.209447145,20.000000000,6.500000000,0.174532920,9.999999709,0.000000000,0.305777937,8.500000000,3.200000048,0.000000000,0.000000000,0.000000000,-0.000024143,0.800000012,0.200000003
2026-07-07 00:10:54.307,1783354254.307480335,89.011662660,1,1,88.997205092,1,0.006518189,5,1,0.001067240,5,1,0,0,0,0,1,1,1,1,1,1,0.022110433,-1.348702059,2.511915314,0.837343633,1,88.995937286,12,1,12,1:-1.251:2.428|2:-0.428:2.425|3:0.392:2.424|4:1.223:2.419|5:1.228:1.589|6:0.405:1.588|7:-0.440:1.588|8:-1.261:1.589|9:-1.185:4.911|10:-0.390:4.902|11:0.375:4.903|12:1.182:4.901,1,5.145212322,ready,6,6,-0.826725000,2.882473000,1,5.145175652,0,arm busy,1,5.147192924,completed,1,5.140978076,1,received,1,0.008201599,0.469917015,-0.021978378,-0.129426003,1,3.099581003,177.592909742,-0.002442360,-4.164102554,1,-2.401960373,-137.622191926,-0.002442360,1.360683441,1,0.163844109,9.387575920,-0.007326126,0.373626709,1,0.003643036,0.208730581,-0.012210846,-0.008546829,0.000000000,0.000000000,0.000000000,0.000000000,13.000000000,2.200000048,3.054326296,175.000006008,0.000000000,-3.234629154,20.000000000,8.000000000,-2.443460941,-139.999999342,0.000000000,2.209447145,20.000000000,6.500000000,0.174532920,9.999999709,0.000000000,0.305777937,8.500000000,3.200000048,0.000000000,0.000000000,0.000000000,-0.000024143,0.800000012,0.200000003
2026-07-07 00:10:55.307,1783354255.307441473,90.011623747,1,1,89.997166179,1,0.006607351,5,1,0.001111852,5,1,0,0,0,0,1,1,1,1,1,1,0.022015017,-1.193622404,2.599867117,0.700996533,1,89.995898373,12,1,12,1:-1.251:2.428|2:-0.428:2.425|3:0.392:2.424|4:1.223:2.419|5:1.228:1.589|6:0.405:1.588|7:-0.440:1.588|8:-1.261:1.589|9:-1.185:4.911|10:-0.390:4.902|11:0.375:4.903|12:1.182:4.901,1,6.145173409,ready,6,6,-0.826725000,2.882473000,1,6.145136739,0,arm busy,1,6.147154011,completed,1,6.140939163,1,received,1,0.008964539,0.513630226,-0.065933228,-0.061050415,1,3.099581003,177.592909742,-0.002442360,-4.164102554,1,-2.401960373,-137.622191926,-0.002442360,1.360683441,1,0.163844109,9.387575920,-0.007326126,0.363858223,1,0.003643036,0.208730581,-0.036628723,-0.008546829,0.000000000,0.000000000,0.000000000,0.000000000,13.000000000,2.200000048,3.054326296,175.000006008,0.000000000,-3.234629154,20.000000000,8.000000000,-2.443460941,-139.999999342,0.000000000,2.209447145,20.000000000,6.500000000,0.174532920,9.999999709,0.000000000,0.305777937,8.500000000,3.200000048,0.000000000,0.000000000,0.000000000,-0.000024143,0.800000012,0.200000003
2026-07-07 00:10:56.307,1783354256.307413578,91.011595986,1,1,90.997138418,1,0.006636215,5,1,0.001028596,5,1,0,0,0,0,1,1,1,1,1,1,0.022057217,-1.042511022,2.701941039,0.674458173,1,90.995870612,12,1,12,1:-1.251:2.428|2:-0.428:2.425|3:0.392:2.424|4:1.223:2.419|5:1.228:1.589|6:0.405:1.588|7:-0.440:1.588|8:-1.261:1.589|9:-1.185:4.911|10:-0.390:4.902|11:0.375:4.903|12:1.182:4.901,1,7.145145648,ready,6,6,-0.826725000,2.882473000,1,7.145108978,0,arm busy,1,7.147126250,completed,1,7.140911402,1,received,1,0.006294250,0.360633988,0.007326126,-0.100122452,1,3.099581003,177.592909742,-0.002442360,-4.177778244,1,-2.401960373,-137.622191926,-0.002442360,1.360683441,1,0.163844109,9.387575920,-0.007326126,0.363858223,1,0.003643036,0.208730581,-0.012210846,-0.008546829,0.000000000,0.000000000,0.000000000,0.000000000,13.000000000,2.200000048,3.054326296,175.000006008,0.000000000,-3.234629154,20.000000000,8.000000000,-2.443460941,-139.999999342,0.000000000,2.209447145,20.000000000,6.500000000,0.174532920,9.999999709,0.000000000,0.305777937,8.500000000,3.200000048,0.000000000,0.000000000,0.000000000,-0.000024143,0.800000012,0.200000003
2026-07-07 00:10:57.307,1783354257.307386637,92.011569052,1,1,91.997111484,1,0.006646422,5,1,0.001083523,5,1,0,0,0,0,1,1,1,1,1,1,0.022112930,-0.970466686,2.769883878,0.681959409,1,91.995843678,12,1,12,1:-1.251:2.428|2:-0.428:2.425|3:0.392:2.424|4:1.223:2.419|5:1.228:1.589|6:0.405:1.588|7:-0.440:1.588|8:-1.261:1.589|9:-1.185:4.911|10:-0.390:4.902|11:0.375:4.903|12:1.182:4.901,1,8.145118714,ready,6,6,-0.826725000,2.882473000,1,8.145082044,0,arm busy,1,8.147099316,completed,1,8.140884468,1,received,1,0.006675720,0.382490594,-0.021978378,-0.100122452,1,3.099581003,177.592909742,-0.002442360,-4.164102554,1,-2.401960373,-137.622191926,-0.002442360,1.374359131,1,0.163844109,9.387575920,-0.021978378,0.368741989,1,0.003643036,0.208730581,-0.012210846,-0.008546829,0.000000000,0.000000000,0.000000000,0.000000000,13.000000000,2.200000048,3.054326296,175.000006008,0.000000000,-3.234629154,20.000000000,8.000000000,-2.443460941,-139.999999342,0.000000000,2.209447145,20.000000000,6.500000000,0.174532920,9.999999709,0.000000000,0.305777937,8.500000000,3.200000048,0.000000000,0.000000000,0.000000000,-0.000024143,0.800000012,0.200000003
2026-07-07 00:10:58.307,1783354258.307389021,93.011571273,1,1,92.997113705,1,0.006339509,5,1,0.001103673,5,1,0,0,0,0,1,1,1,1,1,1,0.022009101,-0.967893556,2.770350861,0.680475009,1,92.995845899,12,1,12,1:-1.251:2.428|2:-0.428:2.425|3:0.392:2.424|4:1.223:2.419|5:1.228:1.589|6:0.405:1.588|7:-0.440:1.588|8:-1.261:1.589|9:-1.185:4.911|10:-0.390:4.902|11:0.375:4.903|12:1.182:4.901,1,9.145120935,ready,6,6,-0.826725000,2.882473000,1,9.145084265,0,arm busy,1,9.147101537,completed,1,9.140886689,1,received,1,0.007057190,0.404347199,-0.021978378,-0.124542236,1,3.099581003,177.592909742,-0.002442360,-4.164102554,1,-2.401960373,-137.622191926,0.002442360,1.360683441,1,0.163844109,9.387575920,-0.007326126,0.368741989,1,0.003643036,0.208730581,-0.012210846,-0.008546829,0.000000000,0.000000000,0.000000000,0.000000000,13.000000000,2.200000048,3.054326296,175.000006008,0.000000000,-3.234629154,20.000000000,8.000000000,-2.443460941,-139.999999342,0.000000000,2.209447145,20.000000000,6.500000000,0.174532920,9.999999709,0.000000000,0.305777937,8.500000000,3.200000048,0.000000000,0.000000000,0.000000000,-0.000024143,0.800000012,0.200000003
2026-07-07 00:10:59.307,1783354259.307369232,94.011551652,1,1,93.997094084,1,0.006457592,5,1,0.001136779,5,1,0,0,0,0,1,1,1,1,1,1,0.022013228,-0.968737315,2.775474498,0.681014127,1,93.995826278,12,1,12,1:-1.251:2.428|2:-0.428:2.425|3:0.392:2.424|4:1.223:2.419|5:1.228:1.589|6:0.405:1.588|7:-0.440:1.588|8:-1.261:1.589|9:-1.185:4.911|10:-0.390:4.902|11:0.375:4.903|12:1.182:4.901,1,10.145101314,ready,6,6,-0.826725000,2.882473000,1,10.145064644,0,arm busy,1,10.147081916,completed,1,10.140867068,1,received,1,0.007057190,0.404347199,-0.007326126,-0.119658470,1,3.099581003,177.592909742,-0.002442360,-4.164102554,1,-2.401960373,-137.622191926,-0.002442360,1.360683441,1,0.163844109,9.387575920,-0.007326126,0.363858223,1,0.003643036,0.208730581,-0.012210846,-0.008546829,0.000000000,0.000000000,0.000000000,0.000000000,13.000000000,2.200000048,3.054326296,175.000006008,0.000000000,-3.234629154,20.000000000,8.000000000,-2.443460941,-139.999999342,0.000000000,2.209447145,20.000000000,6.500000000,0.174532920,9.999999709,0.000000000,0.305777937,8.500000000,3.200000048,0.000000000,0.000000000,0.000000000,-0.000024143,0.800000012,0.200000003
2026-07-07 00:11:00.307,1783354260.307307720,95.011490183,1,1,94.997032615,1,0.006539163,5,1,0.001077403,5,1,0,0,0,0,1,1,1,1,1,1,0.021991257,-0.967963150,2.773783956,0.680103179,1,94.995764809,12,1,12,1:-1.251:2.428|2:-0.428:2.425|3:0.392:2.424|4:1.223:2.419|5:1.228:1.589|6:0.405:1.588|7:-0.440:1.588|8:-1.261:1.589|9:-1.185:4.911|10:-0.390:4.902|11:0.375:4.903|12:1.182:4.901,1,11.145039845,ready,6,6,-0.826725000,2.882473000,1,11.145003175,0,arm busy,1,11.147020447,completed,1,11.140805599,1,received,1,0.007057190,0.404347199,0.021978378,-0.114773750,1,3.099581003,177.592909742,-0.002442360,-4.164102554,1,-2.401960373,-137.622191926,0.002442360,1.360683441,1,0.163844109,9.387575920,-0.007326126,0.363858223,1,0.003643036,0.208730581,0.012210846,-0.008546829,0.000000000,0.000000000,0.000000000,0.000000000,13.000000000,2.200000048,3.054326296,175.000006008,0.000000000,-3.234629154,20.000000000,8.000000000,-2.443460941,-139.999999342,0.000000000,2.209447145,20.000000000,6.500000000,0.174532920,9.999999709,0.000000000,0.305777937,8.500000000,3.200000048,0.000000000,0.000000000,0.000000000,-0.000024143,0.800000012,0.200000003
2026-07-07 00:11:01.307,1783354261.307273388,96.011455879,1,1,95.996998311,1,0.006235700,5,1,0.001118637,5,1,0,0,0,0,1,1,1,1,1,1,0.022014515,-0.969563511,2.775827895,0.678751412,1,95.995730505,12,1,12,1:-1.251:2.428|2:-0.428:2.425|3:0.392:2.424|4:1.223:2.419|5:1.228:1.589|6:0.405:1.588|7:-0.440:1.588|8:-1.261:1.589|9:-1.185:4.911|10:-0.390:4.902|11:0.375:4.903|12:1.182:4.901,1,12.145005541,ready,6,6,-0.826725000,2.882473000,1,12.144968871,0,arm busy,1,12.146986143,completed,1,12.140771295,1,received,1,0.007057190,0.404347199,-0.007326126,-0.119658470,1,3.099581003,177.592909742,-0.002442360,-4.164102554,1,-2.401960373,-137.622191926,-0.002442360,1.360683441,1,0.163844109,9.387575920,0.007326126,0.368741989,1,0.003643036,0.208730581,-0.036628723,-0.008546829,0.000000000,0.000000000,0.000000000,0.000000000,13.000000000,2.200000048,3.054326296,175.000006008,0.000000000,-3.234629154,20.000000000,8.000000000,-2.443460941,-139.999999342,0.000000000,2.209447145,20.000000000,6.500000000,0.174532920,9.999999709,0.000000000,0.305777937,8.500000000,3.200000048,0.000000000,0.000000000,0.000000000,-0.000024143,0.800000012,0.200000003
2026-07-07 00:11:02.307,1783354262.307268620,97.011451025,1,1,96.996993457,1,0.006225486,5,1,0.001024395,5,1,0,0,0,0,1,1,1,1,1,1,0.021959741,-0.970298113,2.765485380,0.681588654,1,96.995725651,12,1,12,1:-1.251:2.428|2:-0.428:2.425|3:0.392:2.424|4:1.223:2.419|5:1.228:1.589|6:0.405:1.588|7:-0.440:1.588|8:-1.261:1.589|9:-1.185:4.911|10:-0.390:4.902|11:0.375:4.903|12:1.182:4.901,1,13.145000687,ready,6,6,-0.826725000,2.882473000,1,13.144964017,0,arm busy,1,13.146981289,completed,1,13.140766441,1,received,1,0.007057190,0.404347199,-0.007326126,-0.119658470,1,3.099581003,177.592909742,-0.002442360,-4.177778244,1,-2.401960373,-137.622191926,-0.002442360,1.360683441,1,0.163844109,9.387575920,-0.007326126,0.363858223,1,0.003643036,0.208730581,-0.036628723,-0.008546829,0.000000000,0.000000000,0.000000000,0.000000000,13.000000000,2.200000048,3.054326296,175.000006008,0.000000000,-3.234629154,20.000000000,8.000000000,-2.443460941,-139.999999342,0.000000000,2.209447145,20.000000000,6.500000000,0.174532920,9.999999709,0.000000000,0.305777937,8.500000000,3.200000048,0.000000000,0.000000000,0.000000000,-0.000024143,0.800000012,0.200000003
2026-07-07 00:11:03.307,1783354263.307245493,98.011427866,1,1,97.996970298,1,0.006280826,5,1,0.001085139,5,1,0,0,0,0,1,1,1,1,1,1,0.021981440,-0.968728274,2.771546249,0.680915275,1,97.995702492,12,1,12,1:-1.251:2.428|2:-0.428:2.425|3:0.392:2.424|4:1.223:2.419|5:1.228:1.589|6:0.405:1.588|7:-0.440:1.588|8:-1.261:1.589|9:-1.185:4.911|10:-0.390:4.902|11:0.375:4.903|12:1.182:4.901,1,14.144977528,ready,6,6,-0.826725000,2.882473000,1,14.144940858,0,arm busy,1,14.146958130,completed,1,14.140743282,1,received,1,0.007057190,0.404347199,-0.007326126,-0.119658470,1,3.099581003,177.592909742,-0.002442360,-4.164102554,1,-2.401960373,-137.622191926,-0.002442360,1.374359131,1,0.163844109,9.387575920,-0.021978378,0.368741989,1,0.003643036,0.208730581,-0.036628723,-0.006104946,0.000000000,0.000000000,0.000000000,0.000000000,13.000000000,2.200000048,3.054326296,175.000006008,0.000000000,-3.234629154,20.000000000,8.000000000,-2.443460941,-139.999999342,0.000000000,2.209447145,20.000000000,6.500000000,0.174532920,9.999999709,0.000000000,0.305777937,8.500000000,3.200000048,0.000000000,0.000000000,0.000000000,-0.000024143,0.800000012,0.200000003
2026-07-07 00:11:04.307,1783354264.307188272,99.011370637,1,1,98.996913069,1,0.006496500,5,1,0.001071878,5,1,0,0,0,0,1,1,1,1,1,1,0.022035228,-0.968239847,2.774633697,0.680171200,1,98.995645263,12,1,12,1:-1.251:2.428|2:-0.428:2.425|3:0.392:2.424|4:1.223:2.419|5:1.228:1.589|6:0.405:1.588|7:-0.440:1.588|8:-1.261:1.589|9:-1.185:4.911|10:-0.390:4.902|11:0.375:4.903|12:1.182:4.901,1,15.144920299,ready,6,6,-0.826725000,2.882473000,1,15.144883629,0,arm busy,1,15.146900901,completed,1,15.140686053,1,received,1,0.007057190,0.404347199,-0.021978378,-0.114773750,1,3.099581003,177.592909742,-0.002442360,-4.164102554,1,-2.401960373,-137.622191926,-0.002442360,1.360683441,1,0.163844109,9.387575920,-0.007326126,0.368741989,1,0.003643036,0.208730581,-0.012210846,-0.008546829,0.000000000,0.000000000,0.000000000,0.000000000,13.000000000,2.200000048,3.054326296,175.000006008,0.000000000,-3.234629154,20.000000000,8.000000000,-2.443460941,-139.999999342,0.000000000,2.209447145,20.000000000,6.500000000,0.174532920,9.999999709,0.000000000,0.305777937,8.500000000,3.200000048,0.000000000,0.000000000,0.000000000,-0.000024143,0.800000012,0.200000003
2026-07-07 00:11:05.307,1783354265.307159662,100.011341859,1,1,99.996884291,1,0.006332059,5,1,0.001068664,5,1,0,0,0,0,1,1,1,1,1,1,0.022053499,-0.969413554,2.768030273,0.680550436,1,99.995616485,12,1,12,1:-1.251:2.428|2:-0.428:2.425|3:0.392:2.424|4:1.223:2.419|5:1.228:1.589|6:0.405:1.588|7:-0.440:1.588|8:-1.261:1.589|9:-1.185:4.911|10:-0.390:4.902|11:0.375:4.903|12:1.182:4.901,1,16.144891521,ready,6,6,-0.826725000,2.882473000,1,16.144854851,0,arm busy,1,16.146872123,completed,1,16.140657275,1,received,1,0.007057190,0.404347199,-0.021978378,-0.119658470,1,3.099581003,177.592909742,-0.007326126,-4.164102554,1,-2.401960373,-137.622191926,0.002442360,1.360683441,1,0.163844109,9.387575920,-0.021978378,0.368741989,1,0.003643036,0.208730581,-0.012210846,-0.008546829,0.000000000,0.000000000,0.000000000,0.000000000,13.000000000,2.200000048,3.054326296,175.000006008,0.000000000,-3.234629154,20.000000000,8.000000000,-2.443460941,-139.999999342,0.000000000,2.209447145,20.000000000,6.500000000,0.174532920,9.999999709,0.000000000,0.305777937,8.500000000,3.200000048,0.000000000,0.000000000,0.000000000,-0.000024143,0.800000012,0.200000003
2026-07-07 00:11:06.307,1783354266.307167053,101.011349262,1,1,100.996891694,1,0.006134442,5,1,0.000965913,5,1,0,0,0,0,1,1,1,1,1,1,0.022114740,-0.972041653,2.773538125,0.680319035,1,100.995623888,12,1,12,1:-1.251:2.428|2:-0.428:2.425|3:0.392:2.424|4:1.223:2.419|5:1.228:1.589|6:0.405:1.588|7:-0.440:1.588|8:-1.261:1.589|9:-1.185:4.911|10:-0.390:4.902|11:0.375:4.903|12:1.182:4.901,1,17.144898924,ready,6,6,-0.826725000,2.882473000,1,17.144862254,0,arm busy,1,17.146879526,completed,1,17.140664678,1,received,1,0.007057190,0.404347199,-0.021978378,-0.119658470,1,3.099581003,177.592909742,-0.007326126,-4.177778244,1,-2.401960373,-137.622191926,-0.002442360,1.374359131,1,0.163844109,9.387575920,-0.007326126,0.368741989,1,0.003643036,0.208730581,-0.012210846,-0.008546829,0.000000000,0.000000000,0.000000000,0.000000000,13.000000000,2.200000048,3.054326296,175.000006008,0.000000000,-3.234629154,20.000000000,8.000000000,-2.443460941,-139.999999342,0.000000000,2.209447145,20.000000000,6.500000000,0.174532920,9.999999709,0.000000000,0.305777937,8.500000000,3.200000048,0.000000000,0.000000000,0.000000000,-0.000024143,0.800000012,0.200000003
2026-07-07 00:11:07.307,1783354267.307105064,102.011287504,1,1,101.996829936,1,0.006509490,5,1,0.001098845,5,1,0,0,0,0,1,1,1,1,1,1,0.021947721,-0.971710295,2.768191661,0.678249760,1,101.995562130,12,1,12,1:-1.251:2.428|2:-0.428:2.425|3:0.392:2.424|4:1.223:2.419|5:1.228:1.589|6:0.405:1.588|7:-0.440:1.588|8:-1.261:1.589|9:-1.185:4.911|10:-0.390:4.902|11:0.375:4.903|12:1.182:4.901,1,18.144837166,ready,6,6,-0.826725000,2.882473000,1,18.144800496,0,arm busy,1,18.146817768,completed,1,18.140602920,1,received,1,0.007057190,0.404347199,-0.007326126,-0.114773750,1,3.099581003,177.592909742,-0.002442360,-4.164102554,1,-2.401960373,-137.622191926,-0.002442360,1.347007751,1,0.163844109,9.387575920,-0.036630630,0.358974457,1,0.003643036,0.208730581,-0.012210846,-0.006104946,0.000000000,0.000000000,0.000000000,0.000000000,13.000000000,2.200000048,3.054326296,175.000006008,0.000000000,-3.234629154,20.000000000,8.000000000,-2.443460941,-139.999999342,0.000000000,2.209447145,20.000000000,6.500000000,0.174532920,9.999999709,0.000000000,0.305777937,8.500000000,3.200000048,0.000000000,0.000000000,0.000000000,-0.000024143,0.800000012,0.200000003
2026-07-07 00:11:08.307,1783354268.307076931,103.011259230,1,1,102.996801662,1,0.006160974,5,1,0.001105137,5,1,0,0,0,0,1,1,1,1,1,1,0.022000718,-0.966746766,2.774825594,0.679844167,1,102.995533856,12,1,12,1:-1.251:2.428|2:-0.428:2.425|3:0.392:2.424|4:1.223:2.419|5:1.228:1.589|6:0.405:1.588|7:-0.440:1.588|8:-1.261:1.589|9:-1.185:4.911|10:-0.390:4.902|11:0.375:4.903|12:1.182:4.901,1,19.144808892,ready,6,6,-0.826725000,2.882473000,1,19.144772222,0,arm busy,1,19.146789494,completed,1,19.140574646,1,received,1,0.007057190,0.404347199,0.007326126,-0.114773750,1,3.099581003,177.592909742,-0.002442360,-4.164102554,1,-2.401960373,-137.622191926,-0.007326126,1.360683441,1,0.163844109,9.387575920,0.007326126,0.373626709,1,0.003643036,0.208730581,-0.036628723,-0.008546829,0.000000000,0.000000000,0.000000000,0.000000000,13.000000000,2.200000048,3.054326296,175.000006008,0.000000000,-3.234629154,20.000000000,8.000000000,-2.443460941,-139.999999342,0.000000000,2.209447145,20.000000000,6.500000000,0.174532920,9.999999709,0.000000000,0.305777937,8.500000000,3.200000048,0.000000000,0.000000000,0.000000000,-0.000024143,0.800000012,0.200000003
2026-07-07 00:11:09.307,1783354269.307072878,104.011255240,1,1,103.996797672,1,0.006108476,5,1,0.001067606,5,1,0,0,0,0,1,1,1,1,1,1,0.022033033,-0.968749971,2.774355587,0.679640318,1,103.995529866,12,1,12,1:-1.251:2.428|2:-0.428:2.425|3:0.392:2.424|4:1.223:2.419|5:1.228:1.589|6:0.405:1.588|7:-0.440:1.588|8:-1.261:1.589|9:-1.185:4.911|10:-0.390:4.902|11:0.375:4.903|12:1.182:4.901,1,20.144804902,ready,6,6,-0.826725000,2.882473000,1,20.144768232,0,arm busy,1,20.146785504,completed,1,20.140570656,1,received,1,0.007057190,0.404347199,-0.007326126,-0.119658470,1,3.099581003,177.592909742,-0.002442360,-4.177778244,1,-2.401960373,-137.622191926,-0.002442360,1.360683441,1,0.163844109,9.387575920,-0.007326126,0.373626709,1,0.003643036,0.208730581,-0.012210846,-0.008546829,0.000000000,0.000000000,0.000000000,0.000000000,13.000000000,2.200000048,3.054326296,175.000006008,0.000000000,-3.234629154,20.000000000,8.000000000,-2.443460941,-139.999999342,0.000000000,2.209447145,20.000000000,6.500000000,0.174532920,9.999999709,0.000000000,0.305777937,8.500000000,3.200000048,0.000000000,0.000000000,0.000000000,-0.000024143,0.800000012,0.200000003
2026-07-07 00:11:10.307,1783354270.307029724,105.011212179,1,1,104.996754611,1,0.006343929,5,1,0.001119762,5,1,0,0,0,0,1,1,1,1,1,1,0.022086122,-0.966482637,2.767126657,0.680639845,1,104.995486805,12,1,12,1:-1.251:2.428|2:-0.428:2.425|3:0.392:2.424|4:1.223:2.419|5:1.228:1.589|6:0.405:1.588|7:-0.440:1.588|8:-1.261:1.589|9:-1.185:4.911|10:-0.390:4.902|11:0.375:4.903|12:1.182:4.901,1,21.144761841,ready,6,6,-0.826725000,2.882473000,1,21.144725171,0,arm busy,1,21.146742443,completed,1,21.140527595,1,received,1,0.007057190,0.404347199,0.007326126,-0.124542236,1,3.099581003,177.592909742,-0.002442360,-4.164102554,1,-2.401960373,-137.622191926,-0.002442360,1.360683441,1,0.163844109,9.387575920,-0.021978378,0.368741989,1,0.003643036,0.208730581,-0.012210846,-0.008546829,0.000000000,0.000000000,0.000000000,0.000000000,13.000000000,2.200000048,3.054326296,175.000006008,0.000000000,-3.234629154,20.000000000,8.000000000,-2.443460941,-139.999999342,0.000000000,2.209447145,20.000000000,6.500000000,0.174532920,9.999999709,0.000000000,0.305777937,8.500000000,3.200000048,0.000000000,0.000000000,0.000000000,-0.000024143,0.800000012,0.200000003
2026-07-07 00:11:11.307,1783354271.306984901,106.011167254,1,1,105.996709686,1,0.005927745,5,1,0.001114012,5,1,0,0,0,0,1,1,1,1,1,1,0.022106517,-0.969822442,2.764741123,0.680579755,1,105.995441880,12,1,12,1:-1.251:2.428|2:-0.428:2.425|3:0.392:2.424|4:1.223:2.419|5:1.228:1.589|6:0.405:1.588|7:-0.440:1.588|8:-1.261:1.589|9:-1.185:4.911|10:-0.390:4.902|11:0.375:4.903|12:1.182:4.901,1,22.144716916,ready,6,6,-0.826725000,2.882473000,1,22.144680246,0,arm busy,1,22.146697518,completed,1,22.140482670,1,received,1,0.007057190,0.404347199,-0.021978378,-0.119658470,1,3.099581003,177.592909742,-0.002442360,-4.177778244,1,-2.401960373,-137.622191926,-0.002442360,1.360683441,1,0.163844109,9.387575920,-0.007326126,0.368741989,1,0.003643036,0.208730581,0.012210846,-0.008546829,0.000000000,0.000000000,0.000000000,0.000000000,13.000000000,2.200000048,3.054326296,175.000006008,0.000000000,-3.234629154,20.000000000,8.000000000,-2.443460941,-139.999999342,0.000000000,2.209447145,20.000000000,6.500000000,0.174532920,9.999999709,0.000000000,0.305777937,8.500000000,3.200000048,0.000000000,0.000000000,0.000000000,-0.000024143,0.800000012,0.200000003
2026-07-07 00:11:12.307,1783354272.306971550,107.011153958,1,1,106.996696390,1,0.006483036,5,1,0.001107793,5,1,0,0,0,0,1,1,1,1,1,1,0.021934824,-0.969431139,2.771186692,0.680678893,1,106.995428584,12,1,12,1:-1.251:2.428|2:-0.428:2.425|3:0.392:2.424|4:1.223:2.419|5:1.228:1.589|6:0.405:1.588|7:-0.440:1.588|8:-1.261:1.589|9:-1.185:4.911|10:-0.390:4.902|11:0.375:4.903|12:1.182:4.901,1,23.144703620,ready,6,6,-0.826725000,2.882473000,1,23.144666950,0,arm busy,1,23.146684222,completed,1,23.140469374,1,received,1,0.007057190,0.404347199,0.007326126,-0.114773750,1,3.099581003,177.592909742,-0.002442360,-4.177778244,1,-2.401960373,-137.622191926,-0.002442360,1.374359131,1,0.163844109,9.387575920,-0.007326126,0.363858223,1,0.003643036,0.208730581,0.012210846,-0.008546829,0.000000000,0.000000000,0.000000000,0.000000000,13.000000000,2.200000048,3.054326296,175.000006008,0.000000000,-3.234629154,20.000000000,8.000000000,-2.443460941,-139.999999342,0.000000000,2.209447145,20.000000000,6.500000000,0.174532920,9.999999709,0.000000000,0.305777937,8.500000000,3.200000048,0.000000000,0.000000000,0.000000000,-0.000024143,0.800000012,0.200000003
2026-07-07 00:11:13.307,1783354273.306946516,108.011128876,1,1,107.996671308,1,0.006457071,5,1,0.001092916,5,1,0,0,0,0,1,1,1,1,1,1,0.022062020,-0.969148635,2.765058919,0.681627343,1,107.995403502,12,1,12,1:-1.251:2.428|2:-0.428:2.425|3:0.392:2.424|4:1.223:2.419|5:1.228:1.589|6:0.405:1.588|7:-0.440:1.588|8:-1.261:1.589|9:-1.185:4.911|10:-0.390:4.902|11:0.375:4.903|12:1.182:4.901,1,24.144678538,ready,6,6,-0.826725000,2.882473000,1,24.144641868,0,arm busy,1,24.146659140,completed,1,24.140444292,1,received,1,0.007057190,0.404347199,0.007326126,-0.114773750,1,3.099581003,177.592909742,-0.002442360,-4.177778244,1,-2.401960373,-137.622191926,-0.002442360,1.360683441,1,0.163844109,9.387575920,-0.021978378,0.368741989,1,0.003643036,0.208730581,-0.012210846,-0.008546829,0.000000000,0.000000000,0.000000000,0.000000000,13.000000000,2.200000048,3.054326296,175.000006008,0.000000000,-3.234629154,20.000000000,8.000000000,-2.443460941,-139.999999342,0.000000000,2.209447145,20.000000000,6.500000000,0.174532920,9.999999709,0.000000000,0.305777937,8.500000000,3.200000048,0.000000000,0.000000000,0.000000000,-0.000024143,0.800000012,0.200000003
2026-07-07 00:11:14.307,1783354274.306910515,109.011092792,1,1,108.996635224,1,0.006067523,5,1,0.000998590,5,1,0,0,0,0,1,1,1,1,1,1,0.022031564,-0.970046550,2.773702202,0.681296915,1,108.995367418,12,1,12,1:-1.251:2.428|2:-0.428:2.425|3:0.392:2.424|4:1.223:2.419|5:1.228:1.589|6:0.405:1.588|7:-0.440:1.588|8:-1.261:1.589|9:-1.185:4.911|10:-0.390:4.902|11:0.375:4.903|12:1.182:4.901,1,25.144642454,ready,6,6,-0.826725000,2.882473000,1,25.144605784,0,arm busy,1,25.146623056,completed,1,25.140408208,1,received,1,0.007057190,0.404347199,-0.021978378,-0.119658470,1,3.099581003,177.592909742,-0.007326126,-4.177778244,1,-2.401960373,-137.622191926,0.002442360,1.374359131,1,0.163844109,9.387575920,-0.021978378,0.373626709,1,0.003643036,0.208730581,-0.012210846,-0.008546829,0.000000000,0.000000000,0.000000000,0.000000000,13.000000000,2.200000048,3.054326296,175.000006008,0.000000000,-3.234629154,20.000000000,8.000000000,-2.443460941,-139.999999342,0.000000000,2.209447145,20.000000000,6.500000000,0.174532920,9.999999709,0.000000000,0.305777937,8.500000000,3.200000048,0.000000000,0.000000000,0.000000000,-0.000024143,0.800000012,0.200000003
2026-07-07 00:11:15.306,1783354275.306872606,110.011054834,1,1,109.996597266,1,0.006983239,5,1,0.000995104,5,1,0,0,0,0,1,1,1,1,1,1,0.022078486,-0.980686635,2.765893005,0.680651936,1,109.995329460,12,1,12,1:-1.251:2.428|2:-0.428:2.425|3:0.392:2.424|4:1.223:2.419|5:1.228:1.589|6:0.405:1.588|7:-0.440:1.588|8:-1.261:1.589|9:-1.185:4.911|10:-0.390:4.902|11:0.375:4.903|12:1.182:4.901,1,26.144604496,ready,6,6,-0.826725000,2.882473000,1,26.144567826,0,arm busy,1,26.146585098,completed,1,26.140370250,1,received,1,0.007057190,0.404347199,-0.007326126,-0.119658470,1,3.099581003,177.592909742,-0.002442360,-4.164102554,1,-2.401960373,-137.622191926,-0.007326126,1.360683441,1,0.163844109,9.387575920,-0.007326126,0.363858223,1,0.003643036,0.208730581,-0.036628723,-0.008546829,0.000000000,0.000000000,0.000000000,0.000000000,13.000000000,2.200000048,3.054326296,175.000006008,0.000000000,-3.234629154,20.000000000,8.000000000,-2.443460941,-139.999999342,0.000000000,2.209447145,20.000000000,6.500000000,0.174532920,9.999999709,0.000000000,0.305777937,8.500000000,3.200000048,0.000000000,0.000000000,0.000000000,-0.000024143,0.800000012,0.200000003
2026-07-07 00:11:16.306,1783354276.306863546,111.011046059,1,1,110.996588491,1,0.005992427,5,1,0.001033347,5,1,0,0,0,0,1,1,1,1,1,1,0.021824362,-0.971958383,2.768284055,0.680132028,1,110.995320685,12,1,12,1:-1.251:2.428|2:-0.428:2.425|3:0.392:2.424|4:1.223:2.419|5:1.228:1.589|6:0.405:1.588|7:-0.440:1.588|8:-1.261:1.589|9:-1.185:4.911|10:-0.390:4.902|11:0.375:4.903|12:1.182:4.901,1,27.144595721,ready,6,6,-0.826725000,2.882473000,1,27.144559051,0,arm busy,1,27.146576323,completed,1,27.140361475,1,received,1,0.007057190,0.404347199,-0.007326126,-0.119658470,1,3.099581003,177.592909742,-0.002442360,-4.164102554,1,-2.401960373,-137.622191926,-0.007326126,1.374359131,1,0.163844109,9.387575920,-0.021978378,0.363858223,1,0.003643036,0.208730581,-0.012210846,-0.006104946,0.000000000,0.000000000,0.000000000,0.000000000,13.000000000,2.200000048,3.054326296,175.000006008,0.000000000,-3.234629154,20.000000000,8.000000000,-2.443460941,-139.999999342,0.000000000,2.209447145,20.000000000,6.500000000,0.174532920,9.999999709,0.000000000,0.305777937,8.500000000,3.200000048,0.000000000,0.000000000,0.000000000,-0.000024143,0.800000012,0.200000003
2026-07-07 00:11:17.306,1783354277.306811810,112.010994238,1,1,111.996536670,1,0.006756638,5,1,0.001007676,5,1,0,0,0,0,1,1,1,1,1,1,0.022095316,-0.973641613,2.771724945,0.681873571,1,111.995268864,12,1,12,1:-1.251:2.428|2:-0.428:2.425|3:0.392:2.424|4:1.223:2.419|5:1.228:1.589|6:0.405:1.588|7:-0.440:1.588|8:-1.261:1.589|9:-1.185:4.911|10:-0.390:4.902|11:0.375:4.903|12:1.182:4.901,1,28.144543900,ready,6,6,-0.826725000,2.882473000,1,28.144507230,0,arm busy,1,28.146524502,completed,1,28.140309654,1,received,1,0.007057190,0.404347199,-0.021978378,-0.119658470,1,3.099581003,177.592909742,-0.002442360,-4.177778244,1,-2.401960373,-137.622191926,-0.002442360,1.374359131,1,0.163844109,9.387575920,0.007326126,0.368741989,1,0.003643036,0.208730581,-0.012210846,-0.008546829,0.000000000,0.000000000,0.000000000,0.000000000,13.000000000,2.200000048,3.054326296,175.000006008,0.000000000,-3.234629154,20.000000000,8.000000000,-2.443460941,-139.999999342,0.000000000,2.209447145,20.000000000,6.500000000,0.174532920,9.999999709,0.000000000,0.305777937,8.500000000,3.200000048,0.000000000,0.000000000,0.000000000,-0.000024143,0.800000012,0.200000003
2026-07-07 00:11:18.307,1783354278.306909323,113.011091699,1,1,112.996634131,1,0.006552526,5,1,0.001204868,5,1,0,0,0,0,1,1,1,1,1,1,0.022073524,-0.970560883,2.770040164,0.680792176,1,112.995366325,12,1,12,1:-1.251:2.428|2:-0.428:2.425|3:0.392:2.424|4:1.223:2.419|5:1.228:1.589|6:0.405:1.588|7:-0.440:1.588|8:-1.261:1.589|9:-1.185:4.911|10:-0.390:4.902|11:0.375:4.903|12:1.182:4.901,1,29.144641361,ready,6,6,-0.826725000,2.882473000,1,29.144604691,0,arm busy,1,29.146621963,completed,1,29.140407115,1,received,1,0.007057190,0.404347199,-0.007326126,-0.119658470,1,3.099581003,177.592909742,-0.002442360,-4.177778244,0,-2.401960373,-137.622191926,0.002442360,1.360683441,0,0.163844109,9.387575920,-0.007326126,0.363858223,1,0.003643036,0.208730581,-0.036628723,-0.008546829,0.000000000,0.000000000,0.000000000,0.000000000,13.000000000,2.200000048,3.054326296,175.000006008,0.000000000,-3.234629154,20.000000000,8.000000000,-2.443460941,-139.999999342,0.000000000,2.209447145,20.000000000,6.500000000,0.174532920,9.999999709,0.000000000,0.305777937,8.500000000,3.200000048,0.000000000,0.000000000,0.000000000,-0.000024143,0.800000012,0.200000003
2026-07-07 00:11:19.306,1783354279.306762695,114.010945031,1,1,113.996487463,1,0.006864044,5,1,0.001041132,5,1,0,0,0,0,1,1,1,1,1,1,0.022095473,-0.969147897,2.770710663,0.681178522,1,113.995219657,12,1,12,1:-1.251:2.428|2:-0.428:2.425|3:0.392:2.424|4:1.223:2.419|5:1.228:1.589|6:0.405:1.588|7:-0.440:1.588|8:-1.261:1.589|9:-1.185:4.911|10:-0.390:4.902|11:0.375:4.903|12:1.182:4.901,1,30.144494693,ready,6,6,-0.826725000,2.882473000,1,30.144458023,0,arm busy,1,30.146475295,completed,1,30.140260447,1,received,1,0.007057190,0.404347199,-0.007326126,-0.109889984,1,3.099581003,177.592909742,-0.002442360,-4.164102554,1,-2.401960373,-137.622191926,0.002442360,1.360683441,1,0.163844109,9.387575920,-0.007326126,0.368741989,1,0.003259659,0.186764693,-0.012210846,-0.008546829,0.000000000,0.000000000,0.000000000,0.000000000,13.000000000,2.200000048,3.054326296,175.000006008,0.000000000,-3.234629154,20.000000000,8.000000000,-2.443460941,-139.999999342,0.000000000,2.209447145,20.000000000,6.500000000,0.174532920,9.999999709,0.000000000,0.305777937,8.500000000,3.200000048,0.000000000,0.000000000,0.000000000,-0.000024143,0.800000012,0.200000003
2026-07-07 00:11:20.306,1783354280.306702614,115.010885025,1,1,114.996427457,1,0.007000663,5,1,0.001052518,5,1,0,0,0,0,1,1,1,1,1,1,0.021980914,-0.969005060,2.771245379,0.679867809,1,114.995159651,12,1,12,1:-1.251:2.428|2:-0.428:2.425|3:0.392:2.424|4:1.223:2.419|5:1.228:1.589|6:0.405:1.588|7:-0.440:1.588|8:-1.261:1.589|9:-1.185:4.911|10:-0.390:4.902|11:0.375:4.903|12:1.182:4.901,1,31.144434687,ready,6,6,-0.826725000,2.882473000,1,31.144398017,0,arm busy,1,31.146415289,completed,1,31.140200441,1,received,1,0.007057190,0.404347199,-0.007326126,-0.119658470,1,3.099581003,177.592909742,-0.002442360,-4.164102554,1,-2.401960373,-137.622191926,-0.002442360,1.360683441,1,0.163844109,9.387575920,-0.007326126,0.373626709,1,0.003643036,0.208730581,0.012210846,-0.006104946,0.000000000,0.000000000,0.000000000,0.000000000,13.000000000,2.200000048,3.054326296,175.000006008,0.000000000,-3.234629154,20.000000000,8.000000000,-2.443460941,-139.999999342,0.000000000,2.209447145,20.000000000,6.500000000,0.174532920,9.999999709,0.000000000,0.305777937,8.500000000,3.200000048,0.000000000,0.000000000,0.000000000,-0.000024143,0.800000012,0.200000003
2026-07-07 00:11:21.306,1783354281.306698322,116.010880690,1,1,115.996423122,1,0.006092810,5,1,0.001078625,5,1,0,0,0,0,1,1,1,1,1,1,0.021993937,-0.967943068,2.768751255,0.680050757,1,115.995155316,12,1,12,1:-1.251:2.428|2:-0.428:2.425|3:0.392:2.424|4:1.223:2.419|5:1.228:1.589|6:0.405:1.588|7:-0.440:1.588|8:-1.261:1.589|9:-1.185:4.911|10:-0.390:4.902|11:0.375:4.903|12:1.182:4.901,1,32.144430352,ready,6,6,-0.826725000,2.882473000,1,32.144393682,0,arm busy,1,32.146410954,completed,1,32.140196106,1,received,1,0.007057190,0.404347199,-0.007326126,-0.114773750,1,3.099581003,177.592909742,-0.002442360,-4.177778244,1,-2.401960373,-137.622191926,-0.007326126,1.374359131,1,0.163844109,9.387575920,0.007326126,0.368741989,1,0.003643036,0.208730581,0.012210846,-0.008546829,0.000000000,0.000000000,0.000000000,0.000000000,13.000000000,2.200000048,3.054326296,175.000006008,0.000000000,-3.234629154,20.000000000,8.000000000,-2.443460941,-139.999999342,0.000000000,2.209447145,20.000000000,6.500000000,0.174532920,9.999999709,0.000000000,0.305777937,8.500000000,3.200000048,0.000000000,0.000000000,0.000000000,-0.000024143,0.800000012,0.200000003
2026-07-07 00:11:22.306,1783354282.306654930,117.010837441,1,1,116.996379873,1,0.006790562,5,1,0.001018983,5,1,0,0,0,0,1,1,1,1,1,1,0.021832044,-0.971608501,2.766397407,0.680285581,1,116.995112067,12,1,12,1:-1.251:2.428|2:-0.428:2.425|3:0.392:2.424|4:1.223:2.419|5:1.228:1.589|6:0.405:1.588|7:-0.440:1.588|8:-1.261:1.589|9:-1.185:4.911|10:-0.390:4.902|11:0.375:4.903|12:1.182:4.901,1,33.144387103,ready,6,6,-0.826725000,2.882473000,1,33.144350433,0,arm busy,1,33.146367705,completed,1,33.140152857,1,received,1,0.007057190,0.404347199,-0.007326126,-0.119658470,1,3.099581003,177.592909742,0.002442360,-4.177778244,1,-2.401960373,-137.622191926,-0.002442360,1.360683441,1,0.163844109,9.387575920,-0.021978378,0.363858223,1,0.003643036,0.208730581,-0.036628723,-0.008546829,0.000000000,0.000000000,0.000000000,0.000000000,13.000000000,2.200000048,3.054326296,175.000006008,0.000000000,-3.234629154,20.000000000,8.000000000,-2.443460941,-139.999999342,0.000000000,2.209447145,20.000000000,6.500000000,0.174532920,9.999999709,0.000000000,0.305777937,8.500000000,3.200000048,0.000000000,0.000000000,0.000000000,-0.000024143,0.800000012,0.200000003
2026-07-07 00:11:23.306,1783354283.306695700,118.010878003,1,1,117.996420435,1,0.006880267,5,1,0.001106967,5,1,0,0,0,0,1,1,1,1,1,1,0.022122342,-0.970507874,2.773178149,0.679423168,1,117.995152629,12,1,12,1:-1.251:2.428|2:-0.428:2.425|3:0.392:2.424|4:1.223:2.419|5:1.228:1.589|6:0.405:1.588|7:-0.440:1.588|8:-1.261:1.589|9:-1.185:4.911|10:-0.390:4.902|11:0.375:4.903|12:1.182:4.901,1,34.144427665,ready,6,6,-0.826725000,2.882473000,1,34.144390995,0,arm busy,1,34.146408267,completed,1,34.140193419,1,received,1,0.007057190,0.404347199,-0.036630630,-0.119658470,1,3.099581003,177.592909742,-0.002442360,-4.177778244,1,-2.401960373,-137.622191926,-0.007326126,1.360683441,1,0.163844109,9.387575920,-0.021978378,0.368741989,1,0.003643036,0.208730581,-0.036628723,-0.008546829,0.000000000,0.000000000,0.000000000,0.000000000,13.000000000,2.200000048,3.054326296,175.000006008,0.000000000,-3.234629154,20.000000000,8.000000000,-2.443460941,-139.999999342,0.000000000,2.209447145,20.000000000,6.500000000,0.174532920,9.999999709,0.000000000,0.305777937,8.500000000,3.200000048,0.000000000,0.000000000,0.000000000,-0.000024143,0.800000012,0.200000003
2026-07-07 00:11:24.306,1783354284.306620598,119.010803155,1,1,118.996345587,1,0.007030649,5,1,0.001095363,5,1,0,0,0,0,1,1,1,1,1,1,0.022007515,-0.971842567,2.768120409,0.678847609,1,118.995077781,12,1,12,1:-1.251:2.428|2:-0.428:2.425|3:0.392:2.424|4:1.223:2.419|5:1.228:1.589|6:0.405:1.588|7:-0.440:1.588|8:-1.261:1.589|9:-1.185:4.911|10:-0.390:4.902|11:0.375:4.903|12:1.182:4.901,1,35.144352817,ready,6,6,-0.826725000,2.882473000,1,35.144316147,0,arm busy,1,35.146333419,completed,1,35.140118571,1,received,1,0.007057190,0.404347199,-0.007326126,-0.114773750,1,3.099581003,177.592909742,-0.002442360,-4.164102554,1,-2.401960373,-137.622191926,-0.002442360,1.374359131,1,0.163844109,9.387575920,-0.007326126,0.368741989,1,0.003643036,0.208730581,-0.036628723,-0.008546829,0.000000000,0.000000000,0.000000000,0.000000000,13.000000000,2.200000048,3.054326296,175.000006008,0.000000000,-3.234629154,20.000000000,8.000000000,-2.443460941,-139.999999342,0.000000000,2.209447145,20.000000000,6.500000000,0.174532920,9.999999709,0.000000000,0.305777937,8.500000000,3.200000048,0.000000000,0.000000000,0.000000000,-0.000024143,0.800000012,0.200000003
2026-07-07 00:11:25.306,1783354285.306639194,120.010821565,1,1,119.996363997,1,0.006727950,5,1,0.001183132,5,1,0,0,0,0,1,1,1,1,1,1,0.022006305,-0.967310690,2.765452190,0.679584049,1,119.995096191,12,1,12,1:-1.251:2.428|2:-0.428:2.425|3:0.392:2.424|4:1.223:2.419|5:1.228:1.589|6:0.405:1.588|7:-0.440:1.588|8:-1.261:1.589|9:-1.185:4.911|10:-0.390:4.902|11:0.375:4.903|12:1.182:4.901,1,36.144371227,ready,6,6,-0.826725000,2.882473000,1,36.144334557,0,arm busy,1,36.146351829,completed,1,36.140136981,1,received,1,0.007057190,0.404347199,-0.007326126,-0.114773750,1,3.099581003,177.592909742,-0.002442360,-4.164102554,1,-2.401960373,-137.622191926,-0.002442360,1.360683441,1,0.163844109,9.387575920,-0.021978378,0.368741989,1,0.003643036,0.208730581,-0.036628723,-0.008546829,0.000000000,0.000000000,0.000000000,0.000000000,13.000000000,2.200000048,3.054326296,175.000006008,0.000000000,-3.234629154,20.000000000,8.000000000,-2.443460941,-139.999999342,0.000000000,2.209447145,20.000000000,6.500000000,0.174532920,9.999999709,0.000000000,0.305777937,8.500000000,3.200000048,0.000000000,0.000000000,0.000000000,-0.000024143,0.800000012,0.200000003
2026-07-07 00:11:26.306,1783354286.306712627,121.010895053,1,1,120.996437485,1,0.006667045,5,1,0.001210397,5,1,0,0,0,0,1,1,1,1,1,1,0.022042000,-0.964735046,2.769919339,0.679937839,1,120.995169679,12,1,12,1:-1.251:2.428|2:-0.428:2.425|3:0.392:2.424|4:1.223:2.419|5:1.228:1.589|6:0.405:1.588|7:-0.440:1.588|8:-1.261:1.589|9:-1.185:4.911|10:-0.390:4.902|11:0.375:4.903|12:1.182:4.901,1,37.144444715,ready,6,6,-0.826725000,2.882473000,1,37.144408045,0,arm busy,1,37.146425317,completed,1,37.140210469,1,received,1,0.007057190,0.404347199,-0.036630630,-0.119658470,1,3.099581003,177.592909742,0.002442360,-4.164102554,1,-2.401960373,-137.622191926,0.002442360,1.360683441,1,0.163844109,9.387575920,-0.007326126,0.368741989,1,0.003643036,0.208730581,0.012210846,-0.008546829,0.000000000,0.000000000,0.000000000,0.000000000,13.000000000,2.200000048,3.054326296,175.000006008,0.000000000,-3.234629154,20.000000000,8.000000000,-2.443460941,-139.999999342,0.000000000,2.209447145,20.000000000,6.500000000,0.174532920,9.999999709,0.000000000,0.305777937,8.500000000,3.200000048,0.000000000,0.000000000,0.000000000,-0.000024143,0.800000012,0.200000003
2026-07-07 00:11:27.306,1783354287.306660414,122.010842671,1,1,121.996385103,1,0.007082208,5,1,0.001228232,5,1,0,0,0,0,1,1,1,1,1,1,0.022157764,-0.974092869,2.769046400,0.679213921,1,121.995117297,12,1,12,1:-1.251:2.428|2:-0.428:2.425|3:0.392:2.424|4:1.223:2.419|5:1.228:1.589|6:0.405:1.588|7:-0.440:1.588|8:-1.261:1.589|9:-1.185:4.911|10:-0.390:4.902|11:0.375:4.903|12:1.182:4.901,1,38.144392333,ready,6,6,-0.826725000,2.882473000,1,38.144355663,0,arm busy,1,38.146372935,completed,1,38.140158087,1,received,1,0.007057190,0.404347199,-0.007326126,-0.114773750,1,3.099581003,177.592909742,-0.002442360,-4.164102554,1,-2.401960373,-137.622191926,-0.007326126,1.374359131,1,0.163844109,9.387575920,0.007326126,0.373626709,1,0.003643036,0.208730581,-0.036628723,-0.008546829,0.000000000,0.000000000,0.000000000,0.000000000,13.000000000,2.200000048,3.054326296,175.000006008,0.000000000,-3.234629154,20.000000000,8.000000000,-2.443460941,-139.999999342,0.000000000,2.209447145,20.000000000,6.500000000,0.174532920,9.999999709,0.000000000,0.305777937,8.500000000,3.200000048,0.000000000,0.000000000,0.000000000,-0.000024143,0.800000012,0.200000003
2026-07-07 00:11:28.306,1783354288.306552649,123.010734940,1,1,122.996277372,1,0.006952745,5,1,0.001130152,5,1,0,0,0,0,1,1,1,1,1,1,0.022079315,-0.968511361,2.768747252,0.679127093,1,122.995009566,12,1,12,1:-1.251:2.428|2:-0.428:2.425|3:0.392:2.424|4:1.223:2.419|5:1.228:1.589|6:0.405:1.588|7:-0.440:1.588|8:-1.261:1.589|9:-1.185:4.911|10:-0.390:4.902|11:0.375:4.903|12:1.182:4.901,1,39.144284602,ready,6,6,-0.826725000,2.882473000,1,39.144247932,0,arm busy,1,39.146265204,completed,1,39.140050356,1,received,1,0.007057190,0.404347199,-0.007326126,-0.119658470,1,3.099581003,177.592909742,-0.002442360,-4.164102554,1,-2.401960373,-137.622191926,-0.002442360,1.360683441,1,0.163844109,9.387575920,-0.021978378,0.373626709,1,0.003643036,0.208730581,-0.036628723,-0.008546829,0.000000000,0.000000000,0.000000000,0.000000000,13.000000000,2.200000048,3.054326296,175.000006008,0.000000000,-3.234629154,20.000000000,8.000000000,-2.443460941,-139.999999342,0.000000000,2.209447145,20.000000000,6.500000000,0.174532920,9.999999709,0.000000000,0.305777937,8.500000000,3.200000048,0.000000000,0.000000000,0.000000000,-0.000024143,0.800000012,0.200000003
2026-07-07 00:11:29.306,1783354289.306517363,124.010699534,1,1,123.996241966,1,0.006704408,5,1,0.001143987,5,1,0,0,0,0,1,1,1,1,1,1,0.022082038,-0.972074164,2.771072435,0.680044303,1,123.994974160,12,1,12,1:-1.251:2.428|2:-0.428:2.425|3:0.392:2.424|4:1.223:2.419|5:1.228:1.589|6:0.405:1.588|7:-0.440:1.588|8:-1.261:1.589|9:-1.185:4.911|10:-0.390:4.902|11:0.375:4.903|12:1.182:4.901,1,40.144249196,ready,6,6,-0.826725000,2.882473000,1,40.144212526,0,arm busy,1,40.146229798,completed,1,40.140014950,1,received,1,0.007057190,0.404347199,0.007326126,-0.114773750,1,3.099581003,177.592909742,-0.002442360,-4.164102554,1,-2.401960373,-137.622191926,-0.002442360,1.360683441,1,0.163844109,9.387575920,-0.007326126,0.368741989,1,0.003643036,0.208730581,0.012210846,-0.008546829,0.000000000,0.000000000,0.000000000,0.000000000,13.000000000,2.200000048,3.054326296,175.000006008,0.000000000,-3.234629154,20.000000000,8.000000000,-2.443460941,-139.999999342,0.000000000,2.209447145,20.000000000,6.500000000,0.174532920,9.999999709,0.000000000,0.305777937,8.500000000,3.200000048,0.000000000,0.000000000,0.000000000,-0.000024143,0.800000012,0.200000003
2026-07-07 00:11:30.306,1783354290.306501389,125.010683835,1,1,124.996226267,1,0.006721994,5,1,0.001126383,5,1,0,0,0,0,1,1,1,1,1,1,0.022075493,-0.967191593,2.763309940,0.680605353,1,124.994958461,12,1,12,1:-1.251:2.428|2:-0.428:2.425|3:0.392:2.424|4:1.223:2.419|5:1.228:1.589|6:0.405:1.588|7:-0.440:1.588|8:-1.261:1.589|9:-1.185:4.911|10:-0.390:4.902|11:0.375:4.903|12:1.182:4.901,1,41.144233497,ready,6,6,-0.826725000,2.882473000,1,41.144196827,0,arm busy,1,41.146214099,completed,1,41.139999251,1,received,1,0.007057190,0.404347199,0.007326126,-0.114773750,1,3.099581003,177.592909742,-0.002442360,-4.164102554,1,-2.401960373,-137.622191926,-0.002442360,1.360683441,1,0.163844109,9.387575920,0.007326126,0.368741989,1,0.003643036,0.208730581,0.012210846,-0.008546829,0.000000000,0.000000000,0.000000000,0.000000000,13.000000000,2.200000048,3.054326296,175.000006008,0.000000000,-3.234629154,20.000000000,8.000000000,-2.443460941,-139.999999342,0.000000000,2.209447145,20.000000000,6.500000000,0.174532920,9.999999709,0.000000000,0.305777937,8.500000000,3.200000048,0.000000000,0.000000000,0.000000000,-0.000024143,0.800000012,0.200000003
2026-07-07 00:11:31.306,1783354291.306436062,126.010618533,1,1,125.996160965,1,0.006960117,5,1,0.001069140,5,1,0,0,0,0,1,1,1,1,1,1,0.022064638,-0.969238566,2.772068061,0.679985690,1,125.994893159,12,1,12,1:-1.251:2.428|2:-0.428:2.425|3:0.392:2.424|4:1.223:2.419|5:1.228:1.589|6:0.405:1.588|7:-0.440:1.588|8:-1.261:1.589|9:-1.185:4.911|10:-0.390:4.902|11:0.375:4.903|12:1.182:4.901,1,42.144168195,ready,6,6,-0.826725000,2.882473000,1,42.144131525,0,arm busy,1,42.146148797,completed,1,42.139933949,1,received,1,0.007057190,0.404347199,0.021978378,-0.119658470,1,3.099581003,177.592909742,-0.002442360,-4.164102554,1,-2.401960373,-137.622191926,0.002442360,1.374359131,1,0.163844109,9.387575920,-0.007326126,0.363858223,1,0.003643036,0.208730581,-0.012210846,-0.006104946,0.000000000,0.000000000,0.000000000,0.000000000,13.000000000,2.200000048,3.054326296,175.000006008,0.000000000,-3.234629154,20.000000000,8.000000000,-2.443460941,-139.999999342,0.000000000,2.209447145,20.000000000,6.500000000,0.174532920,9.999999709,0.000000000,0.305777937,8.500000000,3.200000048,0.000000000,0.000000000,0.000000000,-0.000024143,0.800000012,0.200000003
2026-07-07 00:11:32.306,1783354292.306398869,127.010581438,1,1,126.996123870,1,0.006905217,5,1,0.000926294,5,1,0,0,0,0,1,1,1,1,1,1,0.021944321,-0.967666550,2.769913249,0.679526146,1,126.994856064,12,1,12,1:-1.251:2.428|2:-0.428:2.425|3:0.392:2.424|4:1.223:2.419|5:1.228:1.589|6:0.405:1.588|7:-0.440:1.588|8:-1.261:1.589|9:-1.185:4.911|10:-0.390:4.902|11:0.375:4.903|12:1.182:4.901,1,43.144131100,ready,6,6,-0.826725000,2.882473000,1,43.144094430,0,arm busy,1,43.146111702,completed,1,43.139896854,1,received,1,0.007057190,0.404347199,-0.007326126,-0.114773750,1,3.099581003,177.592909742,-0.002442360,-4.164102554,1,-2.401960373,-137.622191926,-0.002442360,1.360683441,1,0.163844109,9.387575920,-0.007326126,0.373626709,1,0.003643036,0.208730581,-0.012210846,-0.008546829,0.000000000,0.000000000,0.000000000,0.000000000,13.000000000,2.200000048,3.054326296,175.000006008,0.000000000,-3.234629154,20.000000000,8.000000000,-2.443460941,-139.999999342,0.000000000,2.209447145,20.000000000,6.500000000,0.174532920,9.999999709,0.000000000,0.305777937,8.500000000,3.200000048,0.000000000,0.000000000,0.000000000,-0.000024143,0.800000012,0.200000003
2026-07-07 00:11:33.306,1783354293.306387186,128.010569646,1,1,127.996112078,1,0.007104356,5,1,0.001026488,5,1,0,0,0,0,1,1,1,1,1,1,0.022030913,-0.963909899,2.763460105,0.681076828,1,127.994844272,12,1,12,1:-1.251:2.428|2:-0.428:2.425|3:0.392:2.424|4:1.223:2.419|5:1.228:1.589|6:0.405:1.588|7:-0.440:1.588|8:-1.261:1.589|9:-1.185:4.911|10:-0.390:4.902|11:0.375:4.903|12:1.182:4.901,1,44.144119308,ready,6,6,-0.826725000,2.882473000,1,44.144082638,0,arm busy,1,44.146099910,completed,1,44.139885062,1,received,1,0.007057190,0.404347199,-0.021978378,-0.119658470,1,3.099581003,177.592909742,-0.002442360,-4.164102554,1,-2.401960373,-137.622191926,-0.007326126,1.360683441,1,0.163844109,9.387575920,0.007326126,0.368741989,1,0.003643036,0.208730581,0.012210846,-0.008546829,0.000000000,0.000000000,0.000000000,0.000000000,13.000000000,2.200000048,3.054326296,175.000006008,0.000000000,-3.234629154,20.000000000,8.000000000,-2.443460941,-139.999999342,0.000000000,2.209447145,20.000000000,6.500000000,0.174532920,9.999999709,0.000000000,0.305777937,8.500000000,3.200000048,0.000000000,0.000000000,0.000000000,-0.000024143,0.800000012,0.200000003
2026-07-07 00:11:34.306,1783354294.306388140,129.010570598,1,1,128.996113030,1,0.007128029,5,1,0.001115962,5,1,0,0,0,0,1,1,1,1,1,1,0.021942811,-0.971102704,2.766322787,0.682001449,1,128.994845224,12,1,12,1:-1.251:2.428|2:-0.428:2.425|3:0.392:2.424|4:1.223:2.419|5:1.228:1.589|6:0.405:1.588|7:-0.440:1.588|8:-1.261:1.589|9:-1.185:4.911|10:-0.390:4.902|11:0.375:4.903|12:1.182:4.901,1,45.144120260,ready,6,6,-0.826725000,2.882473000,1,45.144083590,0,arm busy,1,45.146100862,completed,1,45.139886014,1,received,1,0.007057190,0.404347199,-0.007326126,-0.119658470,1,3.099581003,177.592909742,-0.002442360,-4.164102554,1,-2.401960373,-137.622191926,-0.002442360,1.374359131,1,0.163844109,9.387575920,-0.007326126,0.368741989,1,0.003643036,0.208730581,-0.012210846,-0.008546829,0.000000000,0.000000000,0.000000000,0.000000000,13.000000000,2.200000048,3.054326296,175.000006008,0.000000000,-3.234629154,20.000000000,8.000000000,-2.443460941,-139.999999342,0.000000000,2.209447145,20.000000000,6.500000000,0.174532920,9.999999709,0.000000000,0.305777937,8.500000000,3.200000048,0.000000000,0.000000000,0.000000000,-0.000024143,0.800000012,0.200000003
2026-07-07 00:11:35.306,1783354295.306355715,130.010538083,1,1,129.996080515,1,0.006876445,5,1,0.001114668,5,1,0,0,0,0,1,1,1,1,1,1,0.022055671,-0.970738903,2.765800445,0.680867335,1,129.994812709,12,1,12,1:-1.251:2.428|2:-0.428:2.425|3:0.392:2.424|4:1.223:2.419|5:1.228:1.589|6:0.405:1.588|7:-0.440:1.588|8:-1.261:1.589|9:-1.185:4.911|10:-0.390:4.902|11:0.375:4.903|12:1.182:4.901,1,46.144087745,ready,6,6,-0.826725000,2.882473000,1,46.144051075,0,arm busy,1,46.146068347,completed,1,46.139853499,1,received,1,0.007057190,0.404347199,0.007326126,-0.114773750,1,3.099581003,177.592909742,-0.002442360,-4.164102554,1,-2.401960373,-137.622191926,-0.002442360,1.360683441,1,0.163844109,9.387575920,0.007326126,0.368741989,1,0.003643036,0.208730581,0.012210846,-0.006104946,0.000000000,0.000000000,0.000000000,0.000000000,13.000000000,2.200000048,3.054326296,175.000006008,0.000000000,-3.234629154,20.000000000,8.000000000,-2.443460941,-139.999999342,0.000000000,2.209447145,20.000000000,6.500000000,0.174532920,9.999999709,0.000000000,0.305777937,8.500000000,3.200000048,0.000000000,0.000000000,0.000000000,-0.000024143,0.800000012,0.200000003
2026-07-07 00:11:36.306,1783354296.306286097,131.010468483,1,1,130.996010915,1,0.006867855,5,1,0.001054320,5,1,0,0,0,0,1,1,1,1,1,1,0.022022155,-0.967128100,2.770938328,0.679793304,1,130.994743109,12,1,12,1:-1.251:2.428|2:-0.428:2.425|3:0.392:2.424|4:1.223:2.419|5:1.228:1.589|6:0.405:1.588|7:-0.440:1.588|8:-1.261:1.589|9:-1.185:4.911|10:-0.390:4.902|11:0.375:4.903|12:1.182:4.901,1,47.144018145,ready,6,6,-0.826725000,2.882473000,1,47.143981475,0,arm busy,1,47.145998747,completed,1,47.139783899,1,received,1,0.007057190,0.404347199,-0.007326126,-0.119658470,1,3.099581003,177.592909742,-0.002442360,-4.164102554,1,-2.401960373,-137.622191926,-0.007326126,1.360683441,1,0.163844109,9.387575920,-0.007326126,0.358974457,1,0.003643036,0.208730581,-0.012210846,-0.008546829,0.000000000,0.000000000,0.000000000,0.000000000,13.000000000,2.200000048,3.054326296,175.000006008,0.000000000,-3.234629154,20.000000000,8.000000000,-2.443460941,-139.999999342,0.000000000,2.209447145,20.000000000,6.500000000,0.174532920,9.999999709,0.000000000,0.305777937,8.500000000,3.200000048,0.000000000,0.000000000,0.000000000,-0.000024143,0.800000012,0.200000003
2026-07-07 00:11:37.306,1783354297.306267977,132.010450371,1,1,131.995992803,1,0.007099993,5,1,0.001081983,5,1,0,0,0,0,1,1,1,1,1,1,0.022052070,-0.964240987,2.779493192,0.679325290,1,131.994724997,12,1,12,1:-1.251:2.428|2:-0.428:2.425|3:0.392:2.424|4:1.223:2.419|5:1.228:1.589|6:0.405:1.588|7:-0.440:1.588|8:-1.261:1.589|9:-1.185:4.911|10:-0.390:4.902|11:0.375:4.903|12:1.182:4.901,1,48.144000033,ready,6,6,-0.826725000,2.882473000,1,48.143963363,0,arm busy,1,48.145980635,completed,1,48.139765787,1,received,1,0.007057190,0.404347199,0.007326126,-0.119658470,1,3.099581003,177.592909742,-0.002442360,-4.164102554,1,-2.401960373,-137.622191926,0.002442360,1.360683441,1,0.163844109,9.387575920,0.007326126,0.373626709,1,0.003643036,0.208730581,-0.012210846,-0.008546829,0.000000000,0.000000000,0.000000000,0.000000000,13.000000000,2.200000048,3.054326296,175.000006008,0.000000000,-3.234629154,20.000000000,8.000000000,-2.443460941,-139.999999342,0.000000000,2.209447145,20.000000000,6.500000000,0.174532920,9.999999709,0.000000000,0.305777937,8.500000000,3.200000048,0.000000000,0.000000000,0.000000000,-0.000024143,0.800000012,0.200000003
2026-07-07 00:11:38.306,1783354298.306268930,133.010451281,1,1,132.995993713,1,0.006999599,5,1,0.001010496,5,1,0,0,0,0,1,1,1,1,1,1,0.022073410,-0.967811774,2.771990964,0.679266881,1,132.994725907,12,1,12,1:-1.251:2.428|2:-0.428:2.425|3:0.392:2.424|4:1.223:2.419|5:1.228:1.589|6:0.405:1.588|7:-0.440:1.588|8:-1.261:1.589|9:-1.185:4.911|10:-0.390:4.902|11:0.375:4.903|12:1.182:4.901,1,49.144000943,ready,6,6,-0.826725000,2.882473000,1,49.143964273,0,arm busy,1,49.145981545,completed,1,49.139766697,1,received,1,0.007057190,0.404347199,-0.007326126,-0.119658470,1,3.099581003,177.592909742,0.002442360,-4.177778244,1,-2.401960373,-137.622191926,-0.007326126,1.360683441,1,0.163844109,9.387575920,-0.007326126,0.368741989,1,0.003643036,0.208730581,0.012210846,-0.006104946,0.000000000,0.000000000,0.000000000,0.000000000,13.000000000,2.200000048,3.054326296,175.000006008,0.000000000,-3.234629154,20.000000000,8.000000000,-2.443460941,-139.999999342,0.000000000,2.209447145,20.000000000,6.500000000,0.174532920,9.999999709,0.000000000,0.305777937,8.500000000,3.200000048,0.000000000,0.000000000,0.000000000,-0.000024143,0.800000012,0.200000003
2026-07-07 00:11:39.306,1783354299.306244135,134.010426435,1,1,133.995968867,1,0.007045756,5,1,0.001043743,5,1,0,0,0,0,1,1,1,1,1,1,0.022067809,-0.972968022,2.770846943,0.678710542,1,133.994701061,12,1,12,1:-1.251:2.428|2:-0.428:2.425|3:0.392:2.424|4:1.223:2.419|5:1.228:1.589|6:0.405:1.588|7:-0.440:1.588|8:-1.261:1.589|9:-1.185:4.911|10:-0.390:4.902|11:0.375:4.903|12:1.182:4.901,1,50.143976097,ready,6,6,-0.826725000,2.882473000,1,50.143939427,0,arm busy,1,50.145956699,completed,1,50.139741851,1,received,1,0.007057190,0.404347199,0.021978378,-0.114773750,1,3.099581003,177.592909742,-0.002442360,-4.164102554,1,-2.401960373,-137.622191926,-0.002442360,1.360683441,1,0.163844109,9.387575920,-0.007326126,0.358974457,1,0.003643036,0.208730581,-0.012210846,-0.008546829,0.000000000,0.000000000,0.000000000,0.000000000,13.000000000,2.200000048,3.054326296,175.000006008,0.000000000,-3.234629154,20.000000000,8.000000000,-2.443460941,-139.999999342,0.000000000,2.209447145,20.000000000,6.500000000,0.174532920,9.999999709,0.000000000,0.305777937,8.500000000,3.200000048,0.000000000,0.000000000,0.000000000,-0.000024143,0.800000012,0.200000003
2026-07-07 00:11:40.306,1783354300.306183338,135.010365689,1,1,134.995908121,1,0.006814867,5,1,0.001043188,5,1,0,0,0,0,1,1,1,1,1,1,0.022076192,-0.969503326,2.772235216,0.679959537,1,134.994640315,12,1,12,1:-1.251:2.428|2:-0.428:2.425|3:0.392:2.424|4:1.223:2.419|5:1.228:1.589|6:0.405:1.588|7:-0.440:1.588|8:-1.261:1.589|9:-1.185:4.911|10:-0.390:4.902|11:0.375:4.903|12:1.182:4.901,1,51.143915351,ready,6,6,-0.826725000,2.882473000,1,51.143878681,0,arm busy,1,51.145895953,completed,1,51.139681105,1,received,1,0.007057190,0.404347199,-0.021978378,-0.119658470,1,3.099581003,177.592909742,-0.002442360,-4.164102554,1,-2.401960373,-137.622191926,-0.002442360,1.360683441,1,0.163844109,9.387575920,0.007326126,0.368741989,1,0.003643036,0.208730581,-0.036628723,-0.008546829,0.000000000,0.000000000,0.000000000,0.000000000,13.000000000,2.200000048,3.054326296,175.000006008,0.000000000,-3.234629154,20.000000000,8.000000000,-2.443460941,-139.999999342,0.000000000,2.209447145,20.000000000,6.500000000,0.174532920,9.999999709,0.000000000,0.305777937,8.500000000,3.200000048,0.000000000,0.000000000,0.000000000,-0.000024143,0.800000012,0.200000003
2026-07-07 00:11:41.306,1783354301.306165695,136.010348045,1,1,135.995890477,1,0.006898486,5,1,0.001035791,5,1,0,0,0,0,1,1,1,1,1,1,0.021899627,-0.972776258,2.770023640,0.679441500,1,135.994622671,12,1,12,1:-1.251:2.428|2:-0.428:2.425|3:0.392:2.424|4:1.223:2.419|5:1.228:1.589|6:0.405:1.588|7:-0.440:1.588|8:-1.261:1.589|9:-1.185:4.911|10:-0.390:4.902|11:0.375:4.903|12:1.182:4.901,1,52.143897707,ready,6,6,-0.826725000,2.882473000,1,52.143861037,0,arm busy,1,52.145878309,completed,1,52.139663461,1,received,1,0.007057190,0.404347199,-0.021978378,-0.114773750,1,3.099581003,177.592909742,-0.002442360,-4.164102554,1,-2.401960373,-137.622191926,-0.002442360,1.374359131,1,0.163844109,9.387575920,-0.021978378,0.373626709,1,0.003643036,0.208730581,0.012210846,-0.008546829,0.000000000,0.000000000,0.000000000,0.000000000,13.000000000,2.200000048,3.054326296,175.000006008,0.000000000,-3.234629154,20.000000000,8.000000000,-2.443460941,-139.999999342,0.000000000,2.209447145,20.000000000,6.500000000,0.174532920,9.999999709,0.000000000,0.305777937,8.500000000,3.200000048,0.000000000,0.000000000,0.000000000,-0.000024143,0.800000012,0.200000003
2026-07-07 00:11:42.306,1783354302.306155920,137.010338471,1,1,136.995880903,1,0.007067737,5,1,0.001101006,5,1,0,0,0,0,1,1,1,1,1,1,0.022072198,-0.965235158,2.774614118,0.678952874,1,136.994613097,12,1,12,1:-1.251:2.428|2:-0.428:2.425|3:0.392:2.424|4:1.223:2.419|5:1.228:1.589|6:0.405:1.588|7:-0.440:1.588|8:-1.261:1.589|9:-1.185:4.911|10:-0.390:4.902|11:0.375:4.903|12:1.182:4.901,1,53.143888133,ready,6,6,-0.826725000,2.882473000,1,53.143851463,0,arm busy,1,53.145868735,completed,1,53.139653887,1,received,1,0.007057190,0.404347199,-0.007326126,-0.114773750,1,3.099581003,177.592909742,-0.002442360,-4.177778244,1,-2.401960373,-137.622191926,-0.007326126,1.360683441,1,0.163844109,9.387575920,-0.007326126,0.368741989,1,0.003643036,0.208730581,-0.012210846,-0.008546829,0.000000000,0.000000000,0.000000000,0.000000000,13.000000000,2.200000048,3.054326296,175.000006008,0.000000000,-3.234629154,20.000000000,8.000000000,-2.443460941,-139.999999342,0.000000000,2.209447145,20.000000000,6.500000000,0.174532920,9.999999709,0.000000000,0.305777937,8.500000000,3.200000048,0.000000000,0.000000000,0.000000000,-0.000024143,0.800000012,0.200000003
2026-07-07 00:11:43.306,1783354303.306097984,138.010280214,1,1,137.995822646,1,0.007087284,5,1,0.001034746,5,1,0,0,0,0,1,1,1,1,1,1,0.022036717,-0.965863226,2.771274438,0.679078261,1,137.994554840,12,1,12,1:-1.251:2.428|2:-0.428:2.425|3:0.392:2.424|4:1.223:2.419|5:1.228:1.589|6:0.405:1.588|7:-0.440:1.588|8:-1.261:1.589|9:-1.185:4.911|10:-0.390:4.902|11:0.375:4.903|12:1.182:4.901,1,54.143829876,ready,6,6,-0.826725000,2.882473000,1,54.143793206,0,arm busy,1,54.145810478,completed,1,54.139595630,1,received,1,0.007057190,0.404347199,-0.021978378,-0.119658470,1,3.099581003,177.592909742,-0.007326126,-4.164102554,1,-2.401960373,-137.622191926,0.002442360,1.360683441,1,0.163844109,9.387575920,0.007326126,0.373626709,1,0.003643036,0.208730581,-0.012210846,-0.008546829,0.000000000,0.000000000,0.000000000,0.000000000,13.000000000,2.200000048,3.054326296,175.000006008,0.000000000,-3.234629154,20.000000000,8.000000000,-2.443460941,-139.999999342,0.000000000,2.209447145,20.000000000,6.500000000,0.174532920,9.999999709,0.000000000,0.305777937,8.500000000,3.200000048,0.000000000,0.000000000,0.000000000,-0.000024143,0.800000012,0.200000003
2026-07-07 00:11:44.306,1783354304.306083679,139.010266036,1,1,138.995808468,1,0.006943700,5,1,0.000943181,5,1,0,0,0,0,1,1,1,1,1,1,0.021862106,-0.974822000,2.766397545,0.679872806,1,138.994540662,12,1,12,1:-1.251:2.428|2:-0.428:2.425|3:0.392:2.424|4:1.223:2.419|5:1.228:1.589|6:0.405:1.588|7:-0.440:1.588|8:-1.261:1.589|9:-1.185:4.911|10:-0.390:4.902|11:0.375:4.903|12:1.182:4.901,1,55.143815698,ready,6,6,-0.826725000,2.882473000,1,55.143779028,0,arm busy,1,55.145796300,completed,1,55.139581452,1,received,1,0.007057190,0.404347199,-0.021978378,-0.119658470,1,3.099581003,177.592909742,-0.002442360,-4.164102554,1,-2.401960373,-137.622191926,-0.002442360,1.360683441,1,0.163844109,9.387575920,-0.007326126,0.368741989,1,0.003643036,0.208730581,0.012210846,-0.008546829,0.000000000,0.000000000,0.000000000,0.000000000,13.000000000,2.200000048,3.054326296,175.000006008,0.000000000,-3.234629154,20.000000000,8.000000000,-2.443460941,-139.999999342,0.000000000,2.209447145,20.000000000,6.500000000,0.174532920,9.999999709,0.000000000,0.305777937,8.500000000,3.200000048,0.000000000,0.000000000,0.000000000,-0.000024143,0.800000012,0.200000003
2026-07-07 00:11:45.306,1783354305.306078434,140.010260910,1,1,139.995803342,1,0.007088346,5,1,0.001034102,5,1,0,0,0,0,1,1,1,1,1,1,0.021940273,-0.964705797,2.767933619,0.679962741,1,139.994535536,12,1,12,1:-1.251:2.428|2:-0.428:2.425|3:0.392:2.424|4:1.223:2.419|5:1.228:1.589|6:0.405:1.588|7:-0.440:1.588|8:-1.261:1.589|9:-1.185:4.911|10:-0.390:4.902|11:0.375:4.903|12:1.182:4.901,1,56.143810572,ready,6,6,-0.826725000,2.882473000,1,56.143773902,0,arm busy,1,56.145791174,completed,1,56.139576326,1,received,1,0.007057190,0.404347199,-0.007326126,-0.114773750,1,3.099581003,177.592909742,-0.002442360,-4.164102554,1,-2.401960373,-137.622191926,-0.002442360,1.374359131,1,0.163844109,9.387575920,0.007326126,0.368741989,1,0.003643036,0.208730581,-0.036628723,-0.008546829,0.000000000,0.000000000,0.000000000,0.000000000,13.000000000,2.200000048,3.054326296,175.000006008,0.000000000,-3.234629154,20.000000000,8.000000000,-2.443460941,-139.999999342,0.000000000,2.209447145,20.000000000,6.500000000,0.174532920,9.999999709,0.000000000,0.305777937,8.500000000,3.200000048,0.000000000,0.000000000,0.000000000,-0.000024143,0.800000012,0.200000003
2026-07-07 00:11:46.306,1783354306.306019306,141.010201585,1,1,140.995744017,1,0.006916944,5,1,0.001065631,5,1,0,0,0,0,1,1,1,1,1,1,0.021949971,-0.970460699,2.770330215,0.678926381,1,140.994476211,12,1,12,1:-1.251:2.428|2:-0.428:2.425|3:0.392:2.424|4:1.223:2.419|5:1.228:1.589|6:0.405:1.588|7:-0.440:1.588|8:-1.261:1.589|9:-1.185:4.911|10:-0.390:4.902|11:0.375:4.903|12:1.182:4.901,1,57.143751247,ready,6,6,-0.826725000,2.882473000,1,57.143714577,0,arm busy,1,57.145731849,completed,1,57.139517001,1,received,1,0.007057190,0.404347199,0.007326126,-0.119658470,1,3.099581003,177.592909742,-0.002442360,-4.164102554,1,-2.401960373,-137.622191926,-0.002442360,1.360683441,1,0.163844109,9.387575920,-0.021978378,0.363858223,1,0.003643036,0.208730581,-0.036628723,-0.008546829,0.000000000,0.000000000,0.000000000,0.000000000,13.000000000,2.200000048,3.054326296,175.000006008,0.000000000,-3.234629154,20.000000000,8.000000000,-2.443460941,-139.999999342,0.000000000,2.209447145,20.000000000,6.500000000,0.174532920,9.999999709,0.000000000,0.305777937,8.500000000,3.200000048,0.000000000,0.000000000,0.000000000,-0.000024143,0.800000012,0.200000003
2026-07-07 00:11:47.306,1783354307.305986881,142.010169076,1,1,141.995711508,1,0.006798170,5,1,0.000985680,5,1,0,0,0,0,1,1,1,1,1,1,0.022009128,-0.968979718,2.774960145,0.678624134,1,141.994443702,12,1,12,1:-1.251:2.428|2:-0.428:2.425|3:0.392:2.424|4:1.223:2.419|5:1.228:1.589|6:0.405:1.588|7:-0.440:1.588|8:-1.261:1.589|9:-1.185:4.911|10:-0.390:4.902|11:0.375:4.903|12:1.182:4.901,1,58.143718738,ready,6,6,-0.826725000,2.882473000,1,58.143682068,0,arm busy,1,58.145699340,completed,1,58.139484492,1,received,1,0.007057190,0.404347199,-0.007326126,-0.114773750,1,3.099581003,177.592909742,-0.002442360,-4.164102554,1,-2.401960373,-137.622191926,-0.007326126,1.360683441,1,0.163844109,9.387575920,-0.007326126,0.363858223,1,0.003643036,0.208730581,-0.012210846,-0.008546829,0.000000000,0.000000000,0.000000000,0.000000000,13.000000000,2.200000048,3.054326296,175.000006008,0.000000000,-3.234629154,20.000000000,8.000000000,-2.443460941,-139.999999342,0.000000000,2.209447145,20.000000000,6.500000000,0.174532920,9.999999709,0.000000000,0.305777937,8.500000000,3.200000048,0.000000000,0.000000000,0.000000000,-0.000024143,0.800000012,0.200000003
2026-07-07 00:11:48.306,1783354308.305969954,143.010152284,1,1,142.995694716,1,0.006943034,5,1,0.000953688,5,1,0,0,0,0,1,1,1,1,1,1,0.021995181,-0.965219414,2.776501161,0.678984101,1,142.994426910,12,1,12,1:-1.251:2.428|2:-0.428:2.425|3:0.392:2.424|4:1.223:2.419|5:1.228:1.589|6:0.405:1.588|7:-0.440:1.588|8:-1.261:1.589|9:-1.185:4.911|10:-0.390:4.902|11:0.375:4.903|12:1.182:4.901,1,59.143701946,ready,6,6,-0.826725000,2.882473000,1,59.143665276,0,arm busy,1,59.145682548,completed,1,59.139467700,1,received,1,0.007057190,0.404347199,-0.007326126,-0.119658470,1,3.099581003,177.592909742,0.002442360,-4.164102554,1,-2.401960373,-137.622191926,-0.002442360,1.360683441,1,0.163844109,9.387575920,0.007326126,0.368741989,1,0.003643036,0.208730581,-0.036628723,-0.008546829,0.000000000,0.000000000,0.000000000,0.000000000,13.000000000,2.200000048,3.054326296,175.000006008,0.000000000,-3.234629154,20.000000000,8.000000000,-2.443460941,-139.999999342,0.000000000,2.209447145,20.000000000,6.500000000,0.174532920,9.999999709,0.000000000,0.305777937,8.500000000,3.200000048,0.000000000,0.000000000,0.000000000,-0.000024143,0.800000012,0.200000003
2026-07-07 00:11:49.306,1783354309.305928469,144.010110938,1,1,143.995653370,1,0.007003651,5,1,0.000867230,5,1,0,0,0,0,1,1,1,1,1,1,0.021954641,-0.971185635,2.767919757,0.679791929,1,143.994385564,12,1,12,1:-1.251:2.428|2:-0.428:2.425|3:0.392:2.424|4:1.223:2.419|5:1.228:1.589|6:0.405:1.588|7:-0.440:1.588|8:-1.261:1.589|9:-1.185:4.911|10:-0.390:4.902|11:0.375:4.903|12:1.182:4.901,1,60.143660600,ready,6,6,-0.826725000,2.882473000,1,60.143623930,0,arm busy,1,60.145641202,completed,1,60.139426354,1,received,1,0.007057190,0.404347199,0.021978378,-0.114773750,1,3.099581003,177.592909742,-0.002442360,-4.164102554,1,-2.401960373,-137.622191926,-0.002442360,1.360683441,1,0.163844109,9.387575920,-0.007326126,0.373626709,1,0.003643036,0.208730581,0.036628723,-0.008546829,0.000000000,0.000000000,0.000000000,0.000000000,13.000000000,2.200000048,3.054326296,175.000006008,0.000000000,-3.234629154,20.000000000,8.000000000,-2.443460941,-139.999999342,0.000000000,2.209447145,20.000000000,6.500000000,0.174532920,9.999999709,0.000000000,0.305777937,8.500000000,3.200000048,0.000000000,0.000000000,0.000000000,-0.000024143,0.800000012,0.200000003
2026-07-07 00:11:50.306,1783354310.305908680,145.010091060,1,1,144.995633492,1,0.006878485,5,1,0.001098241,5,1,0,0,0,0,1,1,1,1,1,1,0.022039750,-0.968795665,2.771728399,0.679574585,1,144.994365686,12,1,12,1:-1.251:2.428|2:-0.428:2.425|3:0.392:2.424|4:1.223:2.419|5:1.228:1.589|6:0.405:1.588|7:-0.440:1.588|8:-1.261:1.589|9:-1.185:4.911|10:-0.390:4.902|11:0.375:4.903|12:1.182:4.901,1,61.143640722,ready,6,6,-0.826725000,2.882473000,1,61.143604052,0,arm busy,1,61.145621324,completed,1,61.139406476,1,received,1,0.007057190,0.404347199,0.007326126,-0.114773750,1,3.099581003,177.592909742,-0.007326126,-4.164102554,1,-2.401960373,-137.622191926,-0.002442360,1.360683441,1,0.163844109,9.387575920,-0.007326126,0.363858223,1,0.003643036,0.208730581,-0.012210846,-0.008546829,0.000000000,0.000000000,0.000000000,0.000000000,13.000000000,2.200000048,3.054326296,175.000006008,0.000000000,-3.234629154,20.000000000,8.000000000,-2.443460941,-139.999999342,0.000000000,2.209447145,20.000000000,6.500000000,0.174532920,9.999999709,0.000000000,0.305777937,8.500000000,3.200000048,0.000000000,0.000000000,0.000000000,-0.000024143,0.800000012,0.200000003
2026-07-07 00:11:51.305,1783354311.305879116,146.010061479,1,1,145.995603911,1,0.006995861,5,1,0.001086461,5,1,0,0,0,0,1,1,1,1,1,1,0.021860306,-0.973985556,2.767959014,0.678985385,1,145.994336105,12,1,12,1:-1.251:2.428|2:-0.428:2.425|3:0.392:2.424|4:1.223:2.419|5:1.228:1.589|6:0.405:1.588|7:-0.440:1.588|8:-1.261:1.589|9:-1.185:4.911|10:-0.390:4.902|11:0.375:4.903|12:1.182:4.901,1,62.143611141,ready,6,6,-0.826725000,2.882473000,1,62.143574471,0,arm busy,1,62.145591743,completed,1,62.139376895,1,received,1,0.007057190,0.404347199,-0.021978378,-0.114773750,1,3.099581003,177.592909742,-0.002442360,-4.164102554,1,-2.401960373,-137.622191926,-0.002442360,1.374359131,1,0.163844109,9.387575920,0.007326126,0.368741989,1,0.003643036,0.208730581,0.012210846,-0.008546829,0.000000000,0.000000000,0.000000000,0.000000000,13.000000000,2.200000048,3.054326296,175.000006008,0.000000000,-3.234629154,20.000000000,8.000000000,-2.443460941,-139.999999342,0.000000000,2.209447145,20.000000000,6.500000000,0.174532920,9.999999709,0.000000000,0.305777937,8.500000000,3.200000048,0.000000000,0.000000000,0.000000000,-0.000024143,0.800000012,0.200000003
2026-07-07 00:11:52.305,1783354312.305851936,147.010034343,1,1,146.995576775,1,0.007074857,5,1,0.000993636,5,1,0,0,0,0,1,1,1,1,1,1,0.021925662,-0.968760307,2.774130222,0.678492769,1,146.994308969,12,1,12,1:-1.251:2.428|2:-0.428:2.425|3:0.392:2.424|4:1.223:2.419|5:1.228:1.589|6:0.405:1.588|7:-0.440:1.588|8:-1.261:1.589|9:-1.185:4.911|10:-0.390:4.902|11:0.375:4.903|12:1.182:4.901,1,63.143584005,ready,6,6,-0.826725000,2.882473000,1,63.143547335,0,arm busy,1,63.145564607,completed,1,63.139349759,1,received,1,0.007057190,0.404347199,0.007326126,-0.114773750,1,3.099581003,177.592909742,-0.002442360,-4.177778244,1,-2.401960373,-137.622191926,-0.002442360,1.360683441,1,0.163844109,9.387575920,-0.021978378,0.378510475,1,0.004026413,0.230696469,0.036628723,-0.008546829,0.000000000,0.000000000,0.000000000,0.000000000,13.000000000,2.200000048,3.054326296,175.000006008,0.000000000,-3.234629154,20.000000000,8.000000000,-2.443460941,-139.999999342,0.000000000,2.209447145,20.000000000,6.500000000,0.174532920,9.999999709,0.000000000,0.305777937,8.500000000,3.200000048,0.000000000,0.000000000,0.000000000,-0.000024143,0.800000012,0.200000003
2026-07-07 00:11:53.305,1783354313.305838108,148.010020328,1,1,147.995562760,1,0.006959538,5,1,0.001063601,5,1,0,0,0,0,1,1,1,1,1,1,0.021871546,-0.968847882,2.780302897,0.679243170,1,147.994294954,12,1,12,1:-1.251:2.428|2:-0.428:2.425|3:0.392:2.424|4:1.223:2.419|5:1.228:1.589|6:0.405:1.588|7:-0.440:1.588|8:-1.261:1.589|9:-1.185:4.911|10:-0.390:4.902|11:0.375:4.903|12:1.182:4.901,1,64.143569990,ready,6,6,-0.826725000,2.882473000,1,64.143533320,0,arm busy,1,64.145550592,completed,1,64.139335744,1,received,1,0.007057190,0.404347199,-0.007326126,-0.114773750,1,3.099581003,177.592909742,-0.007326126,-4.164102554,1,-2.401960373,-137.622191926,-0.002442360,1.360683441,1,0.163844109,9.387575920,0.007326126,0.373626709,1,0.003643036,0.208730581,-0.036628723,-0.008546829,0.000000000,0.000000000,0.000000000,0.000000000,13.000000000,2.200000048,3.054326296,175.000006008,0.000000000,-3.234629154,20.000000000,8.000000000,-2.443460941,-139.999999342,0.000000000,2.209447145,20.000000000,6.500000000,0.174532920,9.999999709,0.000000000,0.305777937,8.500000000,3.200000048,0.000000000,0.000000000,0.000000000,-0.000024143,0.800000012,0.200000003
2026-07-07 00:11:54.305,1783354314.305794954,149.009977354,1,1,148.995519786,1,0.006738770,5,1,0.001087226,5,1,0,0,0,0,1,1,1,1,1,1,0.022034219,-0.971023772,2.770897705,0.680466152,1,148.994251980,12,1,12,1:-1.251:2.428|2:-0.428:2.425|3:0.392:2.424|4:1.223:2.419|5:1.228:1.589|6:0.405:1.588|7:-0.440:1.588|8:-1.261:1.589|9:-1.185:4.911|10:-0.390:4.902|11:0.375:4.903|12:1.182:4.901,1,65.143527016,ready,6,6,-0.826725000,2.882473000,1,65.143490346,0,arm busy,1,65.145507618,completed,1,65.139292770,1,received,1,0.007057190,0.404347199,-0.007326126,-0.119658470,1,3.099581003,177.592909742,0.002442360,-4.164102554,1,-2.401960373,-137.622191926,-0.007326126,1.360683441,1,0.163844109,9.387575920,0.007326126,0.368741989,1,0.003643036,0.208730581,-0.012210846,-0.008546829,0.000000000,0.000000000,0.000000000,0.000000000,13.000000000,2.200000048,3.054326296,175.000006008,0.000000000,-3.234629154,20.000000000,8.000000000,-2.443460941,-139.999999342,0.000000000,2.209447145,20.000000000,6.500000000,0.174532920,9.999999709,0.000000000,0.305777937,8.500000000,3.200000048,0.000000000,0.000000000,0.000000000,-0.000024143,0.800000012,0.200000003
2026-07-07 00:11:55.305,1783354315.305758238,150.009940460,1,1,149.995482892,1,0.006931892,5,1,0.001005410,5,1,0,0,0,0,1,1,1,1,1,1,0.021953680,-0.965530571,2.778202358,0.678336704,1,149.994215086,12,1,12,1:-1.251:2.428|2:-0.428:2.425|3:0.392:2.424|4:1.223:2.419|5:1.228:1.589|6:0.405:1.588|7:-0.440:1.588|8:-1.261:1.589|9:-1.185:4.911|10:-0.390:4.902|11:0.375:4.903|12:1.182:4.901,1,66.143490122,ready,6,6,-0.826725000,2.882473000,1,66.143453452,0,arm busy,1,66.145470724,completed,1,66.139255876,1,received,1,0.007057190,0.404347199,-0.021978378,-0.119658470,1,3.099581003,177.592909742,-0.007326126,-4.164102554,1,-2.401960373,-137.622191926,-0.002442360,1.360683441,1,0.163844109,9.387575920,-0.007326126,0.368741989,1,0.003643036,0.208730581,-0.036628723,-0.008546829,0.000000000,0.000000000,0.000000000,0.000000000,13.000000000,2.200000048,3.054326296,175.000006008,0.000000000,-3.234629154,20.000000000,8.000000000,-2.443460941,-139.999999342,0.000000000,2.209447145,20.000000000,6.500000000,0.174532920,9.999999709,0.000000000,0.305777937,8.500000000,3.200000048,0.000000000,0.000000000,0.000000000,-0.000024143,0.800000012,0.200000003
2026-07-07 00:11:56.305,1783354316.305704594,151.009887173,1,1,150.995429605,1,0.007055103,5,1,0.000987239,5,1,0,0,0,0,1,1,1,1,1,1,0.021758974,-0.974304395,2.764672187,0.680485339,1,150.994161799,12,1,12,1:-1.251:2.428|2:-0.428:2.425|3:0.392:2.424|4:1.223:2.419|5:1.228:1.589|6:0.405:1.588|7:-0.440:1.588|8:-1.261:1.589|9:-1.185:4.911|10:-0.390:4.902|11:0.375:4.903|12:1.182:4.901,1,67.143436835,ready,6,6,-0.826725000,2.882473000,1,67.143400165,0,arm busy,1,67.145417437,completed,1,67.139202589,1,received,1,0.007057190,0.404347199,0.007326126,-0.119658470,1,3.099581003,177.592909742,-0.007326126,-4.177778244,1,-2.401960373,-137.622191926,-0.002442360,1.360683441,1,0.163844109,9.387575920,-0.007326126,0.378510475,1,0.003643036,0.208730581,-0.012210846,-0.008546829,0.000000000,0.000000000,0.000000000,0.000000000,13.000000000,2.200000048,3.054326296,175.000006008,0.000000000,-3.234629154,20.000000000,8.000000000,-2.443460941,-139.999999342,0.000000000,2.209447145,20.000000000,6.500000000,0.174532920,9.999999709,0.000000000,0.305777937,8.500000000,3.200000048,0.000000000,0.000000000,0.000000000,-0.000024143,0.800000012,0.200000003
2026-07-07 00:11:57.305,1783354317.305713177,152.009895651,1,1,151.995438083,1,0.006729800,5,1,0.001072310,5,1,0,0,0,0,1,1,1,1,1,1,0.021926102,-0.970037882,2.760586534,0.681693030,1,151.994170277,12,1,12,1:-1.251:2.428|2:-0.428:2.425|3:0.392:2.424|4:1.223:2.419|5:1.228:1.589|6:0.405:1.588|7:-0.440:1.588|8:-1.261:1.589|9:-1.185:4.911|10:-0.390:4.902|11:0.375:4.903|12:1.182:4.901,1,68.143445313,ready,6,6,-0.826725000,2.882473000,1,68.143408643,0,arm busy,1,68.145425915,completed,1,68.139211067,1,received,1,0.007057190,0.404347199,-0.007326126,-0.114773750,1,3.099581003,177.592909742,-0.002442360,-4.164102554,1,-2.401960373,-137.622191926,-0.007326126,1.360683441,1,0.163844109,9.387575920,-0.021978378,0.368741989,1,0.003643036,0.208730581,0.036628723,-0.008546829,0.000000000,0.000000000,0.000000000,0.000000000,13.000000000,2.200000048,3.054326296,175.000006008,0.000000000,-3.234629154,20.000000000,8.000000000,-2.443460941,-139.999999342,0.000000000,2.209447145,20.000000000,6.500000000,0.174532920,9.999999709,0.000000000,0.305777937,8.500000000,3.200000048,0.000000000,0.000000000,0.000000000,-0.000024143,0.800000012,0.200000003
2026-07-07 00:11:58.305,1783354318.305694818,153.009877171,1,1,152.995419603,1,0.006954123,5,1,0.000914221,5,1,0,0,0,0,1,1,1,1,1,1,0.022059542,-0.964223870,2.773775333,0.678583181,1,152.994151797,12,1,12,1:-1.251:2.428|2:-0.428:2.425|3:0.392:2.424|4:1.223:2.419|5:1.228:1.589|6:0.405:1.588|7:-0.440:1.588|8:-1.261:1.589|9:-1.185:4.911|10:-0.390:4.902|11:0.375:4.903|12:1.182:4.901,1,69.143426833,ready,6,6,-0.826725000,2.882473000,1,69.143390163,0,arm busy,1,69.145407435,completed,1,69.139192587,1,received,1,0.007057190,0.404347199,-0.021978378,-0.119658470,1,3.099581003,177.592909742,-0.002442360,-4.177778244,1,-2.401960373,-137.622191926,-0.002442360,1.360683441,1,0.163844109,9.387575920,0.007326126,0.368741989,1,0.003643036,0.208730581,-0.012210846,-0.008546829,0.000000000,0.000000000,0.000000000,0.000000000,13.000000000,2.200000048,3.054326296,175.000006008,0.000000000,-3.234629154,20.000000000,8.000000000,-2.443460941,-139.999999342,0.000000000,2.209447145,20.000000000,6.500000000,0.174532920,9.999999709,0.000000000,0.305777937,8.500000000,3.200000048,0.000000000,0.000000000,0.000000000,-0.000024143,0.800000012,0.200000003
2026-07-07 00:11:59.305,1783354319.305627346,154.009809674,1,1,153.995352106,1,0.007304468,5,1,0.001109873,5,1,0,0,0,0,1,1,1,1,1,1,0.021946654,-0.974541617,2.765283337,0.679443445,1,153.994084300,12,1,12,1:-1.251:2.428|2:-0.428:2.425|3:0.392:2.424|4:1.223:2.419|5:1.228:1.589|6:0.405:1.588|7:-0.440:1.588|8:-1.261:1.589|9:-1.185:4.911|10:-0.390:4.902|11:0.375:4.903|12:1.182:4.901,1,70.143359336,ready,6,6,-0.826725000,2.882473000,1,70.143322666,0,arm busy,1,70.145339938,completed,1,70.139125090,1,received,1,0.007057190,0.404347199,-0.007326126,-0.119658470,1,3.099581003,177.592909742,-0.007326126,-4.164102554,1,-2.401960373,-137.622191926,0.002442360,1.360683441,1,0.163844109,9.387575920,0.007326126,0.373626709,1,0.003643036,0.208730581,-0.036628723,-0.008546829,0.000000000,0.000000000,0.000000000,0.000000000,13.000000000,2.200000048,3.054326296,175.000006008,0.000000000,-3.234629154,20.000000000,8.000000000,-2.443460941,-139.999999342,0.000000000,2.209447145,20.000000000,6.500000000,0.174532920,9.999999709,0.000000000,0.305777937,8.500000000,3.200000048,0.000000000,0.000000000,0.000000000,-0.000024143,0.800000012,0.200000003
2026-07-07 00:12:00.305,1783354320.305638313,155.009820725,1,1,154.995363157,1,0.007021743,5,1,0.001127818,5,1,0,0,0,0,1,1,1,1,1,1,0.022127819,-0.965694910,2.775195086,0.678848849,1,154.994095351,12,1,12,1:-1.251:2.428|2:-0.428:2.425|3:0.392:2.424|4:1.223:2.419|5:1.228:1.589|6:0.405:1.588|7:-0.440:1.588|8:-1.261:1.589|9:-1.185:4.911|10:-0.390:4.902|11:0.375:4.903|12:1.182:4.901,1,71.143370387,ready,6,6,-0.826725000,2.882473000,1,71.143333717,0,arm busy,1,71.145350989,completed,1,71.139136141,1,received,1,0.007057190,0.404347199,0.007326126,-0.119658470,1,3.099581003,177.592909742,-0.002442360,-4.164102554,1,-2.401960373,-137.622191926,-0.002442360,1.360683441,1,0.163844109,9.387575920,-0.007326126,0.363858223,1,0.003643036,0.208730581,0.012210846,-0.008546829,0.000000000,0.000000000,0.000000000,0.000000000,13.000000000,2.200000048,3.054326296,175.000006008,0.000000000,-3.234629154,20.000000000,8.000000000,-2.443460941,-139.999999342,0.000000000,2.209447145,20.000000000,6.500000000,0.174532920,9.999999709,0.000000000,0.305777937,8.500000000,3.200000048,0.000000000,0.000000000,0.000000000,-0.000024143,0.800000012,0.200000003
2026-07-07 00:12:01.305,1783354321.305610895,156.009793468,1,1,155.995335900,1,0.006964836,5,1,0.000983715,5,1,0,0,0,0,1,1,1,1,1,1,0.021998352,-0.970401964,2.768927209,0.679949170,1,155.994068094,12,1,12,1:-1.251:2.428|2:-0.428:2.425|3:0.392:2.424|4:1.223:2.419|5:1.228:1.589|6:0.405:1.588|7:-0.440:1.588|8:-1.261:1.589|9:-1.185:4.911|10:-0.390:4.902|11:0.375:4.903|12:1.182:4.901,1,72.143343130,ready,6,6,-0.826725000,2.882473000,1,72.143306460,0,arm busy,1,72.145323732,completed,1,72.139108884,1,received,1,0.007057190,0.404347199,-0.007326126,-0.119658470,1,3.099581003,177.592909742,-0.002442360,-4.164102554,1,-2.401960373,-137.622191926,-0.002442360,1.374359131,1,0.163844109,9.387575920,-0.021978378,0.373626709,1,0.003643036,0.208730581,-0.012210846,-0.008546829,0.000000000,0.000000000,0.000000000,0.000000000,13.000000000,2.200000048,3.054326296,175.000006008,0.000000000,-3.234629154,20.000000000,8.000000000,-2.443460941,-139.999999342,0.000000000,2.209447145,20.000000000,6.500000000,0.174532920,9.999999709,0.000000000,0.305777937,8.500000000,3.200000048,0.000000000,0.000000000,0.000000000,-0.000024143,0.800000012,0.200000003
2026-07-07 00:12:02.305,1783354322.305560112,157.009742450,1,1,156.995284882,1,0.006780677,5,1,0.000951426,5,1,0,0,0,0,1,1,1,1,1,1,0.022077511,-0.969764999,2.764139375,0.679617250,1,156.994017076,12,1,12,1:-1.251:2.428|2:-0.428:2.425|3:0.392:2.424|4:1.223:2.419|5:1.228:1.589|6:0.405:1.588|7:-0.440:1.588|8:-1.261:1.589|9:-1.185:4.911|10:-0.390:4.902|11:0.375:4.903|12:1.182:4.901,1,73.143292112,ready,6,6,-0.826725000,2.882473000,1,73.143255442,0,arm busy,1,73.145272714,completed,1,73.139057866,1,received,1,0.007057190,0.404347199,0.007326126,-0.119658470,1,3.099581003,177.592909742,-0.007326126,-4.177778244,1,-2.401960373,-137.622191926,-0.002442360,1.360683441,1,0.163844109,9.387575920,-0.007326126,0.373626709,1,0.003643036,0.208730581,0.012210846,-0.008546829,0.000000000,0.000000000,0.000000000,0.000000000,13.000000000,2.200000048,3.054326296,175.000006008,0.000000000,-3.234629154,20.000000000,8.000000000,-2.443460941,-139.999999342,0.000000000,2.209447145,20.000000000,6.500000000,0.174532920,9.999999709,0.000000000,0.305777937,8.500000000,3.200000048,0.000000000,0.000000000,0.000000000,-0.000024143,0.800000012,0.200000003
2026-07-07 00:12:03.305,1783354323.305546045,158.009728415,1,1,157.995270847,1,0.007036470,5,1,0.001080871,5,1,0,0,0,0,1,1,1,1,1,1,0.022025298,-0.966138897,2.776954899,0.679682987,1,157.994003041,12,1,12,1:-1.251:2.428|2:-0.428:2.425|3:0.392:2.424|4:1.223:2.419|5:1.228:1.589|6:0.405:1.588|7:-0.440:1.588|8:-1.261:1.589|9:-1.185:4.911|10:-0.390:4.902|11:0.375:4.903|12:1.182:4.901,1,74.143278077,ready,6,6,-0.826725000,2.882473000,1,74.143241407,0,arm busy,1,74.145258679,completed,1,74.139043831,1,received,1,0.007057190,0.404347199,0.007326126,-0.119658470,1,3.099581003,177.592909742,-0.002442360,-4.164102554,1,-2.401960373,-137.622191926,-0.002442360,1.360683441,1,0.163844109,9.387575920,-0.021978378,0.358974457,1,0.003643036,0.208730581,-0.012210846,-0.008546829,0.000000000,0.000000000,0.000000000,0.000000000,13.000000000,2.200000048,3.054326296,175.000006008,0.000000000,-3.234629154,20.000000000,8.000000000,-2.443460941,-139.999999342,0.000000000,2.209447145,20.000000000,6.500000000,0.174532920,9.999999709,0.000000000,0.305777937,8.500000000,3.200000048,0.000000000,0.000000000,0.000000000,-0.000024143,0.800000012,0.200000003
2026-07-07 00:12:04.305,1783354324.305526018,159.009708395,1,1,158.995250827,1,0.007054583,5,1,0.001035397,5,1,0,0,0,0,1,1,1,1,1,1,0.022093225,-0.970794606,2.774964783,0.677838674,1,158.993983021,12,1,12,1:-1.251:2.428|2:-0.428:2.425|3:0.392:2.424|4:1.223:2.419|5:1.228:1.589|6:0.405:1.588|7:-0.440:1.588|8:-1.261:1.589|9:-1.185:4.911|10:-0.390:4.902|11:0.375:4.903|12:1.182:4.901,1,75.143258057,ready,6,6,-0.826725000,2.882473000,1,75.143221387,0,arm busy,1,75.145238659,completed,1,75.139023811,1,received,1,0.007057190,0.404347199,-0.007326126,-0.114773750,1,3.099581003,177.592909742,-0.007326126,-4.164102554,1,-2.401960373,-137.622191926,-0.002442360,1.360683441,1,0.163844109,9.387575920,-0.021978378,0.363858223,1,0.003643036,0.208730581,-0.012210846,-0.008546829,0.000000000,0.000000000,0.000000000,0.000000000,13.000000000,2.200000048,3.054326296,175.000006008,0.000000000,-3.234629154,20.000000000,8.000000000,-2.443460941,-139.999999342,0.000000000,2.209447145,20.000000000,6.500000000,0.174532920,9.999999709,0.000000000,0.305777937,8.500000000,3.200000048,0.000000000,0.000000000,0.000000000,-0.000024143,0.800000012,0.200000003
2026-07-07 00:12:05.305,1783354325.305485725,160.009668126,1,1,159.995210558,1,0.007036201,5,1,0.001081008,5,1,0,0,0,0,1,1,1,1,1,1,0.022025365,-0.968522306,2.772333413,0.679370349,1,159.993942752,12,1,12,1:-1.251:2.428|2:-0.428:2.425|3:0.392:2.424|4:1.223:2.419|5:1.228:1.589|6:0.405:1.588|7:-0.440:1.588|8:-1.261:1.589|9:-1.185:4.911|10:-0.390:4.902|11:0.375:4.903|12:1.182:4.901,1,76.143217788,ready,6,6,-0.826725000,2.882473000,1,76.143181118,0,arm busy,1,76.145198390,completed,1,76.138983542,1,received,1,0.007057190,0.404347199,0.007326126,-0.114773750,1,3.099581003,177.592909742,0.002442360,-4.177778244,1,-2.401960373,-137.622191926,0.002442360,1.360683441,1,0.163844109,9.387575920,-0.007326126,0.363858223,1,0.003643036,0.208730581,-0.036628723,-0.008546829,0.000000000,0.000000000,0.000000000,0.000000000,13.000000000,2.200000048,3.054326296,175.000006008,0.000000000,-3.234629154,20.000000000,8.000000000,-2.443460941,-139.999999342,0.000000000,2.209447145,20.000000000,6.500000000,0.174532920,9.999999709,0.000000000,0.305777937,8.500000000,3.200000048,0.000000000,0.000000000,0.000000000,-0.000024143,0.800000012,0.200000003
2026-07-07 00:12:06.305,1783354326.305465698,161.009647951,1,1,160.995190383,1,0.007010907,5,1,0.001019040,5,1,0,0,0,0,1,1,1,1,1,1,0.022110434,-0.973626620,2.773679656,0.679503360,1,160.993922577,12,1,12,1:-1.251:2.428|2:-0.428:2.425|3:0.392:2.424|4:1.223:2.419|5:1.228:1.589|6:0.405:1.588|7:-0.440:1.588|8:-1.261:1.589|9:-1.185:4.911|10:-0.390:4.902|11:0.375:4.903|12:1.182:4.901,1,77.143197613,ready,6,6,-0.826725000,2.882473000,1,77.143160943,0,arm busy,1,77.145178215,completed,1,77.138963367,1,received,1,0.007057190,0.404347199,-0.021978378,-0.119658470,1,3.099581003,177.592909742,-0.002442360,-4.164102554,1,-2.401960373,-137.622191926,-0.002442360,1.360683441,1,0.163844109,9.387575920,-0.007326126,0.368741989,1,0.003643036,0.208730581,0.012210846,-0.008546829,0.000000000,0.000000000,0.000000000,0.000000000,13.000000000,2.200000048,3.054326296,175.000006008,0.000000000,-3.234629154,20.000000000,8.000000000,-2.443460941,-139.999999342,0.000000000,2.209447145,20.000000000,6.500000000,0.174532920,9.999999709,0.000000000,0.305777937,8.500000000,3.200000048,0.000000000,0.000000000,0.000000000,-0.000024143,0.800000012,0.200000003
2026-07-07 00:12:07.305,1783354327.305432081,162.009614564,1,1,161.995156996,1,0.007088424,5,1,0.001022826,5,1,0,0,0,0,1,1,1,1,1,1,0.022047366,-0.972104788,2.770709516,0.680641959,1,161.993889190,12,1,12,1:-1.251:2.428|2:-0.428:2.425|3:0.392:2.424|4:1.223:2.419|5:1.228:1.589|6:0.405:1.588|7:-0.440:1.588|8:-1.261:1.589|9:-1.185:4.911|10:-0.390:4.902|11:0.375:4.903|12:1.182:4.901,1,78.143164226,ready,6,6,-0.826725000,2.882473000,1,78.143127556,0,arm busy,1,78.145144828,completed,1,78.138929980,1,received,1,0.007057190,0.404347199,-0.021978378,-0.119658470,1,3.099581003,177.592909742,-0.002442360,-4.177778244,1,-2.401960373,-137.622191926,-0.007326126,1.360683441,1,0.163844109,9.387575920,-0.021978378,0.373626709,1,0.003643036,0.208730581,0.012210846,-0.008546829,0.000000000,0.000000000,0.000000000,0.000000000,13.000000000,2.200000048,3.054326296,175.000006008,0.000000000,-3.234629154,20.000000000,8.000000000,-2.443460941,-139.999999342,0.000000000,2.209447145,20.000000000,6.500000000,0.174532920,9.999999709,0.000000000,0.305777937,8.500000000,3.200000048,0.000000000,0.000000000,0.000000000,-0.000024143,0.800000012,0.200000003
2026-07-07 00:12:08.305,1783354328.305410385,163.009592687,1,1,162.995135119,1,0.007118148,5,1,0.001042173,5,1,0,0,0,0,1,1,1,1,1,1,0.022047617,-0.972228689,2.771418320,0.679650963,1,162.993867313,12,1,12,1:-1.251:2.428|2:-0.428:2.425|3:0.392:2.424|4:1.223:2.419|5:1.228:1.589|6:0.405:1.588|7:-0.440:1.588|8:-1.261:1.589|9:-1.185:4.911|10:-0.390:4.902|11:0.375:4.903|12:1.182:4.901,1,79.143142349,ready,6,6,-0.826725000,2.882473000,1,79.143105679,0,arm busy,1,79.145122951,completed,1,79.138908103,1,received,1,0.007057190,0.404347199,-0.007326126,-0.124542236,1,3.099581003,177.592909742,-0.002442360,-4.177778244,1,-2.401960373,-137.622191926,-0.002442360,1.360683441,1,0.163844109,9.387575920,-0.007326126,0.373626709,1,0.004026413,0.230696469,0.012210846,-0.008546829,0.000000000,0.000000000,0.000000000,0.000000000,13.000000000,2.200000048,3.054326296,175.000006008,0.000000000,-3.234629154,20.000000000,8.000000000,-2.443460941,-139.999999342,0.000000000,2.209447145,20.000000000,6.500000000,0.174532920,9.999999709,0.000000000,0.305777937,8.500000000,3.200000048,0.000000000,0.000000000,0.000000000,-0.000024143,0.800000012,0.200000003
2026-07-07 00:12:09.305,1783354329.305362940,164.009545393,1,1,163.995087825,1,0.006937096,5,1,0.000946807,5,1,0,0,0,0,1,1,1,1,1,1,0.022080884,-0.973808817,2.770502505,0.678762097,1,163.993820019,12,1,12,1:-1.251:2.428|2:-0.428:2.425|3:0.392:2.424|4:1.223:2.419|5:1.228:1.589|6:0.405:1.588|7:-0.440:1.588|8:-1.261:1.589|9:-1.185:4.911|10:-0.390:4.902|11:0.375:4.903|12:1.182:4.901,1,80.143095055,ready,6,6,-0.826725000,2.882473000,1,80.143058385,0,arm busy,1,80.145075657,completed,1,80.138860809,1,received,1,0.007057190,0.404347199,-0.007326126,-0.114773750,1,3.099581003,177.592909742,-0.002442360,-4.177778244,1,-2.401960373,-137.622191926,-0.002442360,1.360683441,1,0.163844109,9.387575920,-0.007326126,0.358974457,1,0.003643036,0.208730581,0.012210846,-0.008546829,0.000000000,0.000000000,0.000000000,0.000000000,13.000000000,2.200000048,3.054326296,175.000006008,0.000000000,-3.234629154,20.000000000,8.000000000,-2.443460941,-139.999999342,0.000000000,2.209447145,20.000000000,6.500000000,0.174532920,9.999999709,0.000000000,0.305777937,8.500000000,3.200000048,0.000000000,0.000000000,0.000000000,-0.000024143,0.800000012,0.200000003
2026-07-07 00:12:10.305,1783354330.305432796,165.009615178,1,1,164.995157610,1,0.007150765,5,1,0.001006379,5,1,0,0,0,0,1,1,1,1,1,1,0.022034569,-0.971002830,2.767816503,0.678880066,1,164.993889804,12,1,12,1:-1.251:2.428|2:-0.428:2.425|3:0.392:2.424|4:1.223:2.419|5:1.228:1.589|6:0.405:1.588|7:-0.440:1.588|8:-1.261:1.589|9:-1.185:4.911|10:-0.390:4.902|11:0.375:4.903|12:1.182:4.901,1,81.143164840,ready,6,6,-0.826725000,2.882473000,1,81.143128170,0,arm busy,1,81.145145442,completed,1,81.138930594,1,received,1,0.007057190,0.404347199,-0.007326126,-0.119658470,1,3.099581003,177.592909742,-0.002442360,-4.164102554,1,-2.401960373,-137.622191926,0.002442360,1.360683441,1,0.163844109,9.387575920,-0.007326126,0.373626709,1,0.003643036,0.208730581,-0.036628723,-0.008546829,0.000000000,0.000000000,0.000000000,0.000000000,13.000000000,2.200000048,3.054326296,175.000006008,0.000000000,-3.234629154,20.000000000,8.000000000,-2.443460941,-139.999999342,0.000000000,2.209447145,20.000000000,6.500000000,0.174532920,9.999999709,0.000000000,0.305777937,8.500000000,3.200000048,0.000000000,0.000000000,0.000000000,-0.000024143,0.800000012,0.200000003
2026-07-07 00:12:11.305,1783354331.305318356,166.009500847,1,1,165.995043279,1,0.006889030,5,1,0.001093503,5,1,0,0,0,0,1,1,1,1,1,1,0.022052475,-0.972511129,2.769437200,0.679913534,1,165.993775473,12,1,12,1:-1.251:2.428|2:-0.428:2.425|3:0.392:2.424|4:1.223:2.419|5:1.228:1.589|6:0.405:1.588|7:-0.440:1.588|8:-1.261:1.589|9:-1.185:4.911|10:-0.390:4.902|11:0.375:4.903|12:1.182:4.901,1,82.143050509,ready,6,6,-0.826725000,2.882473000,1,82.143013839,0,arm busy,1,82.145031111,completed,1,82.138816263,1,received,1,0.007057190,0.404347199,0.007326126,-0.119658470,1,3.099581003,177.592909742,-0.002442360,-4.164102554,1,-2.401960373,-137.622191926,0.002442360,1.360683441,1,0.163844109,9.387575920,-0.007326126,0.363858223,1,0.003643036,0.208730581,-0.036628723,-0.008546829,0.000000000,0.000000000,0.000000000,0.000000000,13.000000000,2.200000048,3.054326296,175.000006008,0.000000000,-3.234629154,20.000000000,8.000000000,-2.443460941,-139.999999342,0.000000000,2.209447145,20.000000000,6.500000000,0.174532920,9.999999709,0.000000000,0.305777937,8.500000000,3.200000048,0.000000000,0.000000000,0.000000000,-0.000024143,0.800000012,0.200000003
2026-07-07 00:12:12.305,1783354332.305311918,167.009494297,1,1,166.995036729,1,0.007090980,5,1,0.001029482,5,1,0,0,0,0,1,1,1,1,1,1,0.022077287,-0.965660150,2.772267909,0.678491370,1,166.993768923,12,1,12,1:-1.251:2.428|2:-0.428:2.425|3:0.392:2.424|4:1.223:2.419|5:1.228:1.589|6:0.405:1.588|7:-0.440:1.588|8:-1.261:1.589|9:-1.185:4.911|10:-0.390:4.902|11:0.375:4.903|12:1.182:4.901,1,83.143043959,ready,6,6,-0.826725000,2.882473000,1,83.143007289,0,arm busy,1,83.145024561,completed,1,83.138809713,1,received,1,0.007057190,0.404347199,-0.007326126,-0.119658470,1,3.099581003,177.592909742,-0.002442360,-4.164102554,1,-2.401960373,-137.622191926,-0.002442360,1.374359131,1,0.163844109,9.387575920,0.007326126,0.368741989,1,0.003643036,0.208730581,-0.012210846,-0.008546829,0.000000000,0.000000000,0.000000000,0.000000000,13.000000000,2.200000048,3.054326296,175.000006008,0.000000000,-3.234629154,20.000000000,8.000000000,-2.443460941,-139.999999342,0.000000000,2.209447145,20.000000000,6.500000000,0.174532920,9.999999709,0.000000000,0.305777937,8.500000000,3.200000048,0.000000000,0.000000000,0.000000000,-0.000024143,0.800000012,0.200000003
2026-07-07 00:12:13.305,1783354333.305303574,168.009485819,1,1,167.995028251,1,0.007045451,5,1,0.001102121,5,1,0,0,0,0,1,1,1,1,1,1,0.022105232,-0.970247181,2.769602483,0.678163642,1,167.993760445,12,1,12,1:-1.251:2.428|2:-0.428:2.425|3:0.392:2.424|4:1.223:2.419|5:1.228:1.589|6:0.405:1.588|7:-0.440:1.588|8:-1.261:1.589|9:-1.185:4.911|10:-0.390:4.902|11:0.375:4.903|12:1.182:4.901,1,84.143035481,ready,6,6,-0.826725000,2.882473000,1,84.142998811,0,arm busy,1,84.145016083,completed,1,84.138801235,1,received,1,0.007057190,0.404347199,-0.007326126,-0.114773750,1,3.099581003,177.592909742,-0.002442360,-4.164102554,1,-2.401960373,-137.622191926,-0.002442360,1.360683441,1,0.163844109,9.387575920,-0.021978378,0.373626709,1,0.003643036,0.208730581,-0.012210846,-0.008546829,0.000000000,0.000000000,0.000000000,0.000000000,13.000000000,2.200000048,3.054326296,175.000006008,0.000000000,-3.234629154,20.000000000,8.000000000,-2.443460941,-139.999999342,0.000000000,2.209447145,20.000000000,6.500000000,0.174532920,9.999999709,0.000000000,0.305777937,8.500000000,3.200000048,0.000000000,0.000000000,0.000000000,-0.000024143,0.800000012,0.200000003
2026-07-07 00:12:14.305,1783354334.305233240,169.009415628,1,1,168.994958060,1,0.006814705,5,1,0.000976004,5,1,0,0,0,0,1,1,1,1,1,1,0.022045062,-0.966056878,2.770712048,0.679330763,1,168.993690254,12,1,12,1:-1.251:2.428|2:-0.428:2.425|3:0.392:2.424|4:1.223:2.419|5:1.228:1.589|6:0.405:1.588|7:-0.440:1.588|8:-1.261:1.589|9:-1.185:4.911|10:-0.390:4.902|11:0.375:4.903|12:1.182:4.901,1,85.142965290,ready,6,6,-0.826725000,2.882473000,1,85.142928620,0,arm busy,1,85.144945892,completed,1,85.138731044,1,received,1,0.007057190,0.404347199,-0.007326126,-0.119658470,1,3.099581003,177.592909742,-0.002442360,-4.164102554,1,-2.401960373,-137.622191926,-0.002442360,1.374359131,1,0.163844109,9.387575920,-0.007326126,0.368741989,1,0.003643036,0.208730581,-0.012210846,-0.008546829,0.000000000,0.000000000,0.000000000,0.000000000,13.000000000,2.200000048,3.054326296,175.000006008,0.000000000,-3.234629154,20.000000000,8.000000000,-2.443460941,-139.999999342,0.000000000,2.209447145,20.000000000,6.500000000,0.174532920,9.999999709,0.000000000,0.305777937,8.500000000,3.200000048,0.000000000,0.000000000,0.000000000,-0.000024143,0.800000012,0.200000003
2026-07-07 00:12:15.305,1783354335.305255413,170.009437703,1,1,169.994980135,1,0.007331305,5,1,0.001125004,5,1,0,0,0,0,1,1,1,1,1,1,0.022075809,-0.963434735,2.782274612,0.678076506,1,169.993712329,12,1,12,1:-1.251:2.428|2:-0.428:2.425|3:0.392:2.424|4:1.223:2.419|5:1.228:1.589|6:0.405:1.588|7:-0.440:1.588|8:-1.261:1.589|9:-1.185:4.911|10:-0.390:4.902|11:0.375:4.903|12:1.182:4.901,1,86.142987365,ready,6,6,-0.826725000,2.882473000,1,86.142950695,0,arm busy,1,86.144967967,completed,1,86.138753119,1,received,1,0.007057190,0.404347199,-0.007326126,-0.114773750,1,3.099581003,177.592909742,-0.007326126,-4.164102554,1,-2.401960373,-137.622191926,-0.002442360,1.360683441,1,0.163844109,9.387575920,0.007326126,0.368741989,1,0.003643036,0.208730581,-0.012210846,-0.008546829,0.000000000,0.000000000,0.000000000,0.000000000,13.000000000,2.200000048,3.054326296,175.000006008,0.000000000,-3.234629154,20.000000000,8.000000000,-2.443460941,-139.999999342,0.000000000,2.209447145,20.000000000,6.500000000,0.174532920,9.999999709,0.000000000,0.305777937,8.500000000,3.200000048,0.000000000,0.000000000,0.000000000,-0.000024143,0.800000012,0.200000003
2026-07-07 00:12:16.305,1783354336.305178165,171.009360566,1,1,170.994902998,1,0.007039933,5,1,0.001107322,5,1,0,0,0,0,1,1,1,1,1,1,0.021989277,-0.972958430,2.763523231,0.680475545,1,170.993635192,12,1,12,1:-1.251:2.428|2:-0.428:2.425|3:0.392:2.424|4:1.223:2.419|5:1.228:1.589|6:0.405:1.588|7:-0.440:1.588|8:-1.261:1.589|9:-1.185:4.911|10:-0.390:4.902|11:0.375:4.903|12:1.182:4.901,1,87.142910228,ready,6,6,-0.826725000,2.882473000,1,87.142873558,0,arm busy,1,87.144890830,completed,1,87.138675982,1,received,1,0.007057190,0.404347199,-0.007326126,-0.119658470,1,3.099581003,177.592909742,-0.002442360,-4.177778244,1,-2.401960373,-137.622191926,-0.002442360,1.360683441,1,0.163844109,9.387575920,-0.021978378,0.368741989,1,0.003643036,0.208730581,0.012210846,-0.008546829,0.000000000,0.000000000,0.000000000,0.000000000,13.000000000,2.200000048,3.054326296,175.000006008,0.000000000,-3.234629154,20.000000000,8.000000000,-2.443460941,-139.999999342,0.000000000,2.209447145,20.000000000,6.500000000,0.174532920,9.999999709,0.000000000,0.305777937,8.500000000,3.200000048,0.000000000,0.000000000,0.000000000,-0.000024143,0.800000012,0.200000003
2026-07-07 00:12:17.305,1783354337.305189133,172.009371367,1,1,171.994913799,1,0.007026194,5,1,0.001089293,5,1,0,0,0,0,1,1,1,1,1,1,0.021977583,-0.968313157,2.772720363,0.679085416,1,171.993645993,12,1,12,1:-1.251:2.428|2:-0.428:2.425|3:0.392:2.424|4:1.223:2.419|5:1.228:1.589|6:0.405:1.588|7:-0.440:1.588|8:-1.261:1.589|9:-1.185:4.911|10:-0.390:4.902|11:0.375:4.903|12:1.182:4.901,1,88.142921029,ready,6,6,-0.826725000,2.882473000,1,88.142884359,0,arm busy,1,88.144901631,completed,1,88.138686783,1,received,1,0.007057190,0.404347199,-0.007326126,-0.114773750,1,3.099581003,177.592909742,-0.002442360,-4.164102554,1,-2.401960373,-137.622191926,0.002442360,1.360683441,1,0.163844109,9.387575920,-0.007326126,0.368741989,1,0.003643036,0.208730581,-0.036628723,-0.008546829,0.000000000,0.000000000,0.000000000,0.000000000,13.000000000,2.200000048,3.054326296,175.000006008,0.000000000,-3.234629154,20.000000000,8.000000000,-2.443460941,-139.999999342,0.000000000,2.209447145,20.000000000,6.500000000,0.174532920,9.999999709,0.000000000,0.305777937,8.500000000,3.200000048,0.000000000,0.000000000,0.000000000,-0.000024143,0.800000012,0.200000003
2026-07-07 00:12:18.305,1783354338.305125475,173.009307640,1,1,172.994850072,1,0.006963585,5,1,0.000927644,5,1,0,0,0,0,1,1,1,1,1,1,0.022003673,-0.965408971,2.765463324,0.679577025,1,172.993582266,12,1,12,1:-1.251:2.428|2:-0.428:2.425|3:0.392:2.424|4:1.223:2.419|5:1.228:1.589|6:0.405:1.588|7:-0.440:1.588|8:-1.261:1.589|9:-1.185:4.911|10:-0.390:4.902|11:0.375:4.903|12:1.182:4.901,1,89.142857302,ready,6,6,-0.826725000,2.882473000,1,89.142820632,0,arm busy,1,89.144837904,completed,1,89.138623056,1,received,1,0.007057190,0.404347199,0.007326126,-0.114773750,1,3.099581003,177.592909742,-0.007326126,-4.164102554,1,-2.401960373,-137.622191926,0.002442360,1.360683441,1,0.163844109,9.387575920,-0.007326126,0.368741989,1,0.003643036,0.208730581,0.012210846,-0.008546829,0.000000000,0.000000000,0.000000000,0.000000000,13.000000000,2.200000048,3.054326296,175.000006008,0.000000000,-3.234629154,20.000000000,8.000000000,-2.443460941,-139.999999342,0.000000000,2.209447145,20.000000000,6.500000000,0.174532920,9.999999709,0.000000000,0.305777937,8.500000000,3.200000048,0.000000000,0.000000000,0.000000000,-0.000024143,0.800000012,0.200000003
2026-07-07 00:12:19.305,1783354339.305127382,174.009309852,1,1,173.994852284,1,0.007224801,5,1,0.001107830,5,1,0,0,0,0,1,1,1,1,1,1,0.022070301,-0.963191718,2.776769907,0.677800409,1,173.993584478,12,1,12,1:-1.251:2.428|2:-0.428:2.425|3:0.392:2.424|4:1.223:2.419|5:1.228:1.589|6:0.405:1.588|7:-0.440:1.588|8:-1.261:1.589|9:-1.185:4.911|10:-0.390:4.902|11:0.375:4.903|12:1.182:4.901,1,90.142859514,ready,6,6,-0.826725000,2.882473000,1,90.142822844,0,arm busy,1,90.144840116,completed,1,90.138625268,1,received,1,0.007057190,0.404347199,-0.021978378,-0.114773750,1,3.099581003,177.592909742,-0.002442360,-4.164102554,1,-2.401960373,-137.622191926,-0.002442360,1.374359131,1,0.163844109,9.387575920,0.007326126,0.363858223,1,0.003643036,0.208730581,-0.036628723,-0.008546829,0.000000000,0.000000000,0.000000000,0.000000000,13.000000000,2.200000048,3.054326296,175.000006008,0.000000000,-3.234629154,20.000000000,8.000000000,-2.443460941,-139.999999342,0.000000000,2.209447145,20.000000000,6.500000000,0.174532920,9.999999709,0.000000000,0.305777937,8.500000000,3.200000048,0.000000000,0.000000000,0.000000000,-0.000024143,0.800000012,0.200000003
2026-07-07 00:12:20.305,1783354340.305092573,175.009275106,1,1,174.994817538,1,0.006996975,5,1,0.001130307,5,1,0,0,0,0,1,1,1,1,1,1,0.022084458,-0.963788132,2.773068678,0.679413792,1,174.993549732,12,1,12,1:-1.251:2.428|2:-0.428:2.425|3:0.392:2.424|4:1.223:2.419|5:1.228:1.589|6:0.405:1.588|7:-0.440:1.588|8:-1.261:1.589|9:-1.185:4.911|10:-0.390:4.902|11:0.375:4.903|12:1.182:4.901,1,91.142824768,ready,6,6,-0.826725000,2.882473000,1,91.142788098,0,arm busy,1,91.144805370,completed,1,91.138590522,1,received,1,0.007057190,0.404347199,-0.007326126,-0.119658470,1,3.099581003,177.592909742,-0.002442360,-4.164102554,1,-2.401960373,-137.622191926,-0.002442360,1.360683441,1,0.163844109,9.387575920,0.007326126,0.368741989,1,0.003643036,0.208730581,-0.012210846,-0.008546829,0.000000000,0.000000000,0.000000000,0.000000000,13.000000000,2.200000048,3.054326296,175.000006008,0.000000000,-3.234629154,20.000000000,8.000000000,-2.443460941,-139.999999342,0.000000000,2.209447145,20.000000000,6.500000000,0.174532920,9.999999709,0.000000000,0.305777937,8.500000000,3.200000048,0.000000000,0.000000000,0.000000000,-0.000024143,0.800000012,0.200000003
2026-07-07 00:12:21.305,1783354341.305038691,176.009220868,1,1,175.994763300,1,0.007136000,5,1,0.001081418,5,1,0,0,0,0,1,1,1,1,1,1,0.022084282,-0.973059101,2.772739943,0.679010959,1,175.993495494,12,1,12,1:-1.251:2.428|2:-0.428:2.425|3:0.392:2.424|4:1.223:2.419|5:1.228:1.589|6:0.405:1.588|7:-0.440:1.588|8:-1.261:1.589|9:-1.185:4.911|10:-0.390:4.902|11:0.375:4.903|12:1.182:4.901,1,92.142770530,ready,6,6,-0.826725000,2.882473000,1,92.142733860,0,arm busy,1,92.144751132,completed,1,92.138536284,1,received,1,0.007057190,0.404347199,0.007326126,-0.114773750,1,3.099581003,177.592909742,0.002442360,-4.164102554,1,-2.401960373,-137.622191926,-0.002442360,1.360683441,1,0.163844109,9.387575920,0.007326126,0.368741989,1,0.003643036,0.208730581,-0.036628723,-0.008546829,0.000000000,0.000000000,0.000000000,0.000000000,13.000000000,2.200000048,3.054326296,175.000006008,0.000000000,-3.234629154,20.000000000,8.000000000,-2.443460941,-139.999999342,0.000000000,2.209447145,20.000000000,6.500000000,0.174532920,9.999999709,0.000000000,0.305777937,8.500000000,3.200000048,0.000000000,0.000000000,0.000000000,-0.000024143,0.800000012,0.200000003
2026-07-07 00:12:22.305,1783354342.304995060,177.009177377,1,1,176.994719809,1,0.007209425,5,1,0.001032798,5,1,0,0,0,0,1,1,1,1,1,1,0.021961984,-0.960497166,2.773178004,0.679199532,1,176.993452003,12,1,12,1:-1.251:2.428|2:-0.428:2.425|3:0.392:2.424|4:1.223:2.419|5:1.228:1.589|6:0.405:1.588|7:-0.440:1.588|8:-1.261:1.589|9:-1.185:4.911|10:-0.390:4.902|11:0.375:4.903|12:1.182:4.901,1,93.142727039,ready,6,6,-0.826725000,2.882473000,1,93.142690369,0,arm busy,1,93.144707641,completed,1,93.138492793,1,received,1,0.007057190,0.404347199,-0.007326126,-0.114773750,1,3.099581003,177.592909742,-0.007326126,-4.164102554,1,-2.401960373,-137.622191926,-0.007326126,1.360683441,1,0.163844109,9.387575920,-0.007326126,0.363858223,1,0.003643036,0.208730581,0.012210846,-0.008546829,0.000000000,0.000000000,0.000000000,0.000000000,13.000000000,2.200000048,3.054326296,175.000006008,0.000000000,-3.234629154,20.000000000,8.000000000,-2.443460941,-139.999999342,0.000000000,2.209447145,20.000000000,6.500000000,0.174532920,9.999999709,0.000000000,0.305777937,8.500000000,3.200000048,0.000000000,0.000000000,0.000000000,-0.000024143,0.800000012,0.200000003
2026-07-07 00:12:23.305,1783354343.305001736,178.009183983,1,1,177.994726415,1,0.007040805,5,1,0.001033034,5,1,0,0,0,0,1,1,1,1,1,1,0.022050190,-0.973956647,2.763518050,0.679867672,1,177.993458609,12,1,12,1:-1.251:2.428|2:-0.428:2.425|3:0.392:2.424|4:1.223:2.419|5:1.228:1.589|6:0.405:1.588|7:-0.440:1.588|8:-1.261:1.589|9:-1.185:4.911|10:-0.390:4.902|11:0.375:4.903|12:1.182:4.901,1,94.142733645,ready,6,6,-0.826725000,2.882473000,1,94.142696975,0,arm busy,1,94.144714247,completed,1,94.138499399,1,received,1,0.007057190,0.404347199,-0.007326126,-0.124542236,1,3.099581003,177.592909742,-0.002442360,-4.177778244,1,-2.401960373,-137.622191926,-0.002442360,1.360683441,1,0.163844109,9.387575920,-0.007326126,0.363858223,1,0.003643036,0.208730581,-0.036628723,-0.008546829,0.000000000,0.000000000,0.000000000,0.000000000,13.000000000,2.200000048,3.054326296,175.000006008,0.000000000,-3.234629154,20.000000000,8.000000000,-2.443460941,-139.999999342,0.000000000,2.209447145,20.000000000,6.500000000,0.174532920,9.999999709,0.000000000,0.305777937,8.500000000,3.200000048,0.000000000,0.000000000,0.000000000,-0.000024143,0.800000012,0.200000003
2026-07-07 00:12:24.305,1783354344.304958105,179.009140675,1,1,178.994683107,1,0.006952345,5,1,0.000994070,5,1,0,0,0,0,1,1,1,1,1,1,0.022019913,-0.971016139,2.763912000,0.679630967,1,178.993415301,12,1,12,1:-1.251:2.428|2:-0.428:2.425|3:0.392:2.424|4:1.223:2.419|5:1.228:1.589|6:0.405:1.588|7:-0.440:1.588|8:-1.261:1.589|9:-1.185:4.911|10:-0.390:4.902|11:0.375:4.903|12:1.182:4.901,1,95.142690337,ready,6,6,-0.826725000,2.882473000,1,95.142653667,0,arm busy,1,95.144670939,completed,1,95.138456091,1,received,1,0.007057190,0.404347199,-0.007326126,-0.114773750,1,3.099581003,177.592909742,-0.002442360,-4.177778244,1,-2.401960373,-137.622191926,-0.002442360,1.360683441,1,0.163844109,9.387575920,-0.021978378,0.368741989,1,0.003643036,0.208730581,-0.036628723,-0.008546829,0.000000000,0.000000000,0.000000000,0.000000000,13.000000000,2.200000048,3.054326296,175.000006008,0.000000000,-3.234629154,20.000000000,8.000000000,-2.443460941,-139.999999342,0.000000000,2.209447145,20.000000000,6.500000000,0.174532920,9.999999709,0.000000000,0.305777937,8.500000000,3.200000048,0.000000000,0.000000000,0.000000000,-0.000024143,0.800000012,0.200000003
2026-07-07 00:12:25.304,1783354345.304900408,180.009082605,1,1,179.994625037,1,0.006927214,5,1,0.000907956,5,1,0,0,0,0,1,1,1,1,1,1,0.021933403,-0.964105678,2.769537877,0.679440233,1,179.993357231,12,1,12,1:-1.251:2.428|2:-0.428:2.425|3:0.392:2.424|4:1.223:2.419|5:1.228:1.589|6:0.405:1.588|7:-0.440:1.588|8:-1.261:1.589|9:-1.185:4.911|10:-0.390:4.902|11:0.375:4.903|12:1.182:4.901,1,96.142632267,ready,6,6,-0.826725000,2.882473000,1,96.142595597,0,arm busy,1,96.144612869,completed,1,96.138398021,1,received,1,0.007057190,0.404347199,-0.007326126,-0.119658470,1,3.099581003,177.592909742,-0.007326126,-4.164102554,1,-2.401960373,-137.622191926,-0.002442360,1.360683441,1,0.163844109,9.387575920,-0.007326126,0.368741989,1,0.003643036,0.208730581,-0.012210846,-0.008546829,0.000000000,0.000000000,0.000000000,0.000000000,13.000000000,2.200000048,3.054326296,175.000006008,0.000000000,-3.234629154,20.000000000,8.000000000,-2.443460941,-139.999999342,0.000000000,2.209447145,20.000000000,6.500000000,0.174532920,9.999999709,0.000000000,0.305777937,8.500000000,3.200000048,0.000000000,0.000000000,0.000000000,-0.000024143,0.800000012,0.200000003
2026-07-07 00:12:26.305,1783354346.304892063,181.009074650,1,1,180.994617082,1,0.007135613,5,1,0.001075778,5,1,0,0,0,0,1,1,1,1,1,1,0.022091008,-0.974832979,2.759848822,0.680375575,1,180.993349276,12,1,12,1:-1.251:2.428|2:-0.428:2.425|3:0.392:2.424|4:1.223:2.419|5:1.228:1.589|6:0.405:1.588|7:-0.440:1.588|8:-1.261:1.589|9:-1.185:4.911|10:-0.390:4.902|11:0.375:4.903|12:1.182:4.901,1,97.142624312,ready,6,6,-0.826725000,2.882473000,1,97.142587642,0,arm busy,1,97.144604914,completed,1,97.138390066,1,received,1,0.007057190,0.404347199,-0.007326126,-0.114773750,1,3.099581003,177.592909742,-0.002442360,-4.164102554,1,-2.401960373,-137.622191926,-0.002442360,1.360683441,1,0.163844109,9.387575920,-0.007326126,0.358974457,1,0.003643036,0.208730581,-0.012210846,-0.008546829,0.000000000,0.000000000,0.000000000,0.000000000,13.000000000,2.200000048,3.054326296,175.000006008,0.000000000,-3.234629154,20.000000000,8.000000000,-2.443460941,-139.999999342,0.000000000,2.209447145,20.000000000,6.500000000,0.174532920,9.999999709,0.000000000,0.305777937,8.500000000,3.200000048,0.000000000,0.000000000,0.000000000,-0.000024143,0.800000012,0.200000003
2026-07-07 00:12:27.305,1783354347.304909229,182.009091666,1,1,181.994634098,1,0.006908661,5,1,0.001082896,5,1,0,0,0,0,1,1,1,1,1,1,0.022061137,-0.969927351,2.769638244,0.679757936,1,181.993366292,12,1,12,1:-1.251:2.428|2:-0.428:2.425|3:0.392:2.424|4:1.223:2.419|5:1.228:1.589|6:0.405:1.588|7:-0.440:1.588|8:-1.261:1.589|9:-1.185:4.911|10:-0.390:4.902|11:0.375:4.903|12:1.182:4.901,1,98.142641328,ready,6,6,-0.826725000,2.882473000,1,98.142604658,0,arm busy,1,98.144621930,completed,1,98.138407082,1,received,1,0.007057190,0.404347199,-0.007326126,-0.119658470,1,3.099581003,177.592909742,0.002442360,-4.150426865,1,-2.401960373,-137.622191926,-0.002442360,1.360683441,1,0.163844109,9.387575920,-0.021978378,0.368741989,1,0.003643036,0.208730581,-0.012210846,-0.008546829,0.000000000,0.000000000,0.000000000,0.000000000,13.000000000,2.200000048,3.054326296,175.000006008,0.000000000,-3.234629154,20.000000000,8.000000000,-2.443460941,-139.999999342,0.000000000,2.209447145,20.000000000,6.500000000,0.174532920,9.999999709,0.000000000,0.305777937,8.500000000,3.200000048,0.000000000,0.000000000,0.000000000,-0.000024143,0.800000012,0.200000003
2026-07-07 00:12:28.304,1783354348.304847956,183.009030218,1,1,182.994572650,1,0.007054639,5,1,0.001046666,5,1,0,0,0,0,1,1,1,1,1,1,0.021944116,-0.967635280,2.768904727,0.679274978,1,182.993304844,12,1,12,1:-1.251:2.428|2:-0.428:2.425|3:0.392:2.424|4:1.223:2.419|5:1.228:1.589|6:0.405:1.588|7:-0.440:1.588|8:-1.261:1.589|9:-1.185:4.911|10:-0.390:4.902|11:0.375:4.903|12:1.182:4.901,1,99.142579880,ready,6,6,-0.826725000,2.882473000,1,99.142543210,0,arm busy,1,99.144560482,completed,1,99.138345634,1,received,1,0.007057190,0.404347199,-0.007326126,-0.119658470,1,3.099581003,177.592909742,-0.007326126,-4.164102554,1,-2.401960373,-137.622191926,-0.002442360,1.360683441,1,0.163844109,9.387575920,-0.007326126,0.368741989,1,0.003643036,0.208730581,0.012210846,-0.008546829,0.000000000,0.000000000,0.000000000,0.000000000,13.000000000,2.200000048,3.054326296,175.000006008,0.000000000,-3.234629154,20.000000000,8.000000000,-2.443460941,-139.999999342,0.000000000,2.209447145,20.000000000,6.500000000,0.174532920,9.999999709,0.000000000,0.305777937,8.500000000,3.200000048,0.000000000,0.000000000,0.000000000,-0.000024143,0.800000012,0.200000003
2026-07-07 00:12:29.304,1783354349.304784536,184.008966903,1,1,183.994509335,1,0.006981665,5,1,0.000978927,5,1,0,0,0,0,1,1,1,1,1,1,0.021986892,-0.966137854,2.769707103,0.678950992,1,183.993241529,12,1,12,1:-1.251:2.428|2:-0.428:2.425|3:0.392:2.424|4:1.223:2.419|5:1.228:1.589|6:0.405:1.588|7:-0.440:1.588|8:-1.261:1.589|9:-1.185:4.911|10:-0.390:4.902|11:0.375:4.903|12:1.182:4.901,1,100.142516565,ready,6,6,-0.826725000,2.882473000,1,100.142479895,0,arm busy,1,100.144497167,completed,1,100.138282319,1,received,1,0.007057190,0.404347199,-0.007326126,-0.119658470,1,3.099581003,177.592909742,0.002442360,-4.164102554,1,-2.401960373,-137.622191926,0.002442360,1.360683441,1,0.163844109,9.387575920,-0.007326126,0.368741989,1,0.003259659,0.186764693,-0.012210846,-0.008546829,0.000000000,0.000000000,0.000000000,0.000000000,13.000000000,2.200000048,3.054326296,175.000006008,0.000000000,-3.234629154,20.000000000,8.000000000,-2.443460941,-139.999999342,0.000000000,2.209447145,20.000000000,6.500000000,0.174532920,9.999999709,0.000000000,0.305777937,8.500000000,3.200000048,0.000000000,0.000000000,0.000000000,-0.000024143,0.800000012,0.200000003
2026-07-07 00:12:30.304,1783354350.304778337,185.008960670,1,1,184.994503102,1,0.006753476,5,1,0.001070466,5,1,0,0,0,0,1,1,1,1,1,1,0.022056338,-0.963941859,2.770987902,0.678981488,1,184.993235296,12,1,12,1:-1.251:2.428|2:-0.428:2.425|3:0.392:2.424|4:1.223:2.419|5:1.228:1.589|6:0.405:1.588|7:-0.440:1.588|8:-1.261:1.589|9:-1.185:4.911|10:-0.390:4.902|11:0.375:4.903|12:1.182:4.901,1,101.142510332,ready,6,6,-0.826725000,2.882473000,1,101.142473662,0,arm busy,1,101.144490934,completed,1,101.138276086,1,received,1,0.007057190,0.404347199,-0.036630630,-0.119658470,1,3.099581003,177.592909742,-0.002442360,-4.164102554,1,-2.401960373,-137.622191926,-0.002442360,1.360683441,1,0.163844109,9.387575920,-0.007326126,0.368741989,1,0.003643036,0.208730581,0.036628723,-0.006104946,0.000000000,0.000000000,0.000000000,0.000000000,13.000000000,2.200000048,3.054326296,175.000006008,0.000000000,-3.234629154,20.000000000,8.000000000,-2.443460941,-139.999999342,0.000000000,2.209447145,20.000000000,6.500000000,0.174532920,9.999999709,0.000000000,0.305777937,8.500000000,3.200000048,0.000000000,0.000000000,0.000000000,-0.000024143,0.800000012,0.200000003
2026-07-07 00:12:31.304,1783354351.304762363,186.008944635,1,1,185.994487067,1,0.006959165,5,1,0.000903290,5,1,0,0,0,0,1,1,1,1,1,1,0.021905384,-0.967679512,2.769577844,0.678961463,1,185.993219261,12,1,12,1:-1.251:2.428|2:-0.428:2.425|3:0.392:2.424|4:1.223:2.419|5:1.228:1.589|6:0.405:1.588|7:-0.440:1.588|8:-1.261:1.589|9:-1.185:4.911|10:-0.390:4.902|11:0.375:4.903|12:1.182:4.901,1,102.142494297,ready,6,6,-0.826725000,2.882473000,1,102.142457627,0,arm busy,1,102.144474899,completed,1,102.138260051,1,received,1,0.007057190,0.404347199,0.007326126,-0.114773750,1,3.099581003,177.592909742,-0.002442360,-4.177778244,1,-2.401960373,-137.622191926,-0.002442360,1.360683441,1,0.163844109,9.387575920,0.021978378,0.373626709,1,0.003643036,0.208730581,-0.012210846,-0.008546829,0.000000000,0.000000000,0.000000000,0.000000000,13.000000000,2.200000048,3.054326296,175.000006008,0.000000000,-3.234629154,20.000000000,8.000000000,-2.443460941,-139.999999342,0.000000000,2.209447145,20.000000000,6.500000000,0.174532920,9.999999709,0.000000000,0.305777937,8.500000000,3.200000048,0.000000000,0.000000000,0.000000000,-0.000024143,0.800000012,0.200000003
2026-07-07 00:12:32.304,1783354352.304753304,187.008935695,1,1,186.994478127,1,0.006780927,5,1,0.000972784,5,1,0,0,0,0,1,1,1,1,1,1,0.022114310,-0.969814676,2.773760998,0.677669694,1,186.993210321,12,1,12,1:-1.251:2.428|2:-0.428:2.425|3:0.392:2.424|4:1.223:2.419|5:1.228:1.589|6:0.405:1.588|7:-0.440:1.588|8:-1.261:1.589|9:-1.185:4.911|10:-0.390:4.902|11:0.375:4.903|12:1.182:4.901,1,103.142485357,ready,6,6,-0.826725000,2.882473000,1,103.142448687,0,arm busy,1,103.144465959,completed,1,103.138251111,1,received,1,0.007057190,0.404347199,0.007326126,-0.114773750,1,3.099581003,177.592909742,-0.002442360,-4.177778244,1,-2.401960373,-137.622191926,-0.002442360,1.360683441,1,0.163844109,9.387575920,-0.007326126,0.373626709,1,0.003643036,0.208730581,0.012210846,-0.008546829,0.000000000,0.000000000,0.000000000,0.000000000,13.000000000,2.200000048,3.054326296,175.000006008,0.000000000,-3.234629154,20.000000000,8.000000000,-2.443460941,-139.999999342,0.000000000,2.209447145,20.000000000,6.500000000,0.174532920,9.999999709,0.000000000,0.305777937,8.500000000,3.200000048,0.000000000,0.000000000,0.000000000,-0.000024143,0.800000012,0.200000003
2026-07-07 00:12:33.304,1783354353.304697275,188.008879606,1,1,187.994422038,1,0.006771090,5,1,0.001125196,5,1,0,0,0,0,1,1,1,1,1,1,0.022050736,-0.969589280,2.773335744,0.679953075,1,187.993154232,12,1,12,1:-1.251:2.428|2:-0.428:2.425|3:0.392:2.424|4:1.223:2.419|5:1.228:1.589|6:0.405:1.588|7:-0.440:1.588|8:-1.261:1.589|9:-1.185:4.911|10:-0.390:4.902|11:0.375:4.903|12:1.182:4.901,1,104.142429268,ready,6,6,-0.826725000,2.882473000,1,104.142392598,0,arm busy,1,104.144409870,completed,1,104.138195022,1,received,1,0.007057190,0.404347199,-0.007326126,-0.114773750,1,3.099581003,177.592909742,0.002442360,-4.164102554,1,-2.401960373,-137.622191926,-0.002442360,1.360683441,1,0.163844109,9.387575920,0.021978378,0.373626709,1,0.003643036,0.208730581,-0.036628723,-0.008546829,0.000000000,0.000000000,0.000000000,0.000000000,13.000000000,2.200000048,3.054326296,175.000006008,0.000000000,-3.234629154,20.000000000,8.000000000,-2.443460941,-139.999999342,0.000000000,2.209447145,20.000000000,6.500000000,0.174532920,9.999999709,0.000000000,0.305777937,8.500000000,3.200000048,0.000000000,0.000000000,0.000000000,-0.000024143,0.800000012,0.200000003
2026-07-07 00:12:34.304,1783354354.304658413,189.008840740,1,1,188.994383172,1,0.007039097,5,1,0.000973772,5,1,0,0,0,0,1,1,1,1,1,1,0.022068506,-0.964505717,2.772034620,0.679252250,1,188.993115366,12,1,12,1:-1.251:2.428|2:-0.428:2.425|3:0.392:2.424|4:1.223:2.419|5:1.228:1.589|6:0.405:1.588|7:-0.440:1.588|8:-1.261:1.589|9:-1.185:4.911|10:-0.390:4.902|11:0.375:4.903|12:1.182:4.901,1,105.142390402,ready,6,6,-0.826725000,2.882473000,1,105.142353732,0,arm busy,1,105.144371004,completed,1,105.138156156,1,received,1,0.007057190,0.404347199,0.007326126,-0.119658470,1,3.099581003,177.592909742,-0.002442360,-4.164102554,1,-2.401960373,-137.622191926,-0.007326126,1.360683441,1,0.163844109,9.387575920,0.007326126,0.368741989,1,0.003643036,0.208730581,-0.036628723,-0.006104946,0.000000000,0.000000000,0.000000000,0.000000000,13.000000000,2.200000048,3.054326296,175.000006008,0.000000000,-3.234629154,20.000000000,8.000000000,-2.443460941,-139.999999342,0.000000000,2.209447145,20.000000000,6.500000000,0.174532920,9.999999709,0.000000000,0.305777937,8.500000000,3.200000048,0.000000000,0.000000000,0.000000000,-0.000024143,0.800000012,0.200000003
2026-07-07 00:12:35.304,1783354355.304796457,190.008978790,1,1,189.994521222,1,0.007153790,5,1,0.001123141,5,1,0,0,0,0,1,1,1,1,1,1,0.022204916,-0.970414106,2.764779301,0.680318643,1,189.993253416,12,1,12,1:-1.251:2.428|2:-0.428:2.425|3:0.392:2.424|4:1.223:2.419|5:1.228:1.589|6:0.405:1.588|7:-0.440:1.588|8:-1.261:1.589|9:-1.185:4.911|10:-0.390:4.902|11:0.375:4.903|12:1.182:4.901,1,106.142528452,ready,6,6,-0.826725000,2.882473000,1,106.142491782,0,arm busy,1,106.144509054,completed,1,106.138294206,1,received,1,0.007057190,0.404347199,-0.007326126,-0.119658470,1,3.099581003,177.592909742,-0.007326126,-4.164102554,1,-2.401960373,-137.622191926,0.002442360,1.360683441,1,0.163844109,9.387575920,-0.007326126,0.368741989,1,0.003643036,0.208730581,0.012210846,-0.008546829,0.000000000,0.000000000,0.000000000,0.000000000,13.000000000,2.200000048,3.054326296,175.000006008,0.000000000,-3.234629154,20.000000000,8.000000000,-2.443460941,-139.999999342,0.000000000,2.209447145,20.000000000,6.500000000,0.174532920,9.999999709,0.000000000,0.305777937,8.500000000,3.200000048,0.000000000,0.000000000,0.000000000,-0.000024143,0.800000012,0.200000003
2026-07-07 00:12:36.304,1783354356.304610252,191.008792716,1,1,190.994335148,1,0.007268370,5,1,0.001084496,5,1,0,0,0,0,1,1,1,1,1,1,0.022031951,-0.971773788,2.769904473,0.680213608,1,190.993067342,12,1,12,1:-1.251:2.428|2:-0.428:2.425|3:0.392:2.424|4:1.223:2.419|5:1.228:1.589|6:0.405:1.588|7:-0.440:1.588|8:-1.261:1.589|9:-1.185:4.911|10:-0.390:4.902|11:0.375:4.903|12:1.182:4.901,1,107.142342378,ready,6,6,-0.826725000,2.882473000,1,107.142305708,0,arm busy,1,107.144322980,completed,1,107.138108132,1,received,1,0.007057190,0.404347199,-0.021978378,-0.114773750,1,3.099581003,177.592909742,-0.002442360,-4.177778244,1,-2.401960373,-137.622191926,0.002442360,1.360683441,1,0.163844109,9.387575920,-0.007326126,0.358974457,1,0.003643036,0.208730581,0.012210846,-0.008546829,0.000000000,0.000000000,0.000000000,0.000000000,13.000000000,2.200000048,3.054326296,175.000006008,0.000000000,-3.234629154,20.000000000,8.000000000,-2.443460941,-139.999999342,0.000000000,2.209447145,20.000000000,6.500000000,0.174532920,9.999999709,0.000000000,0.305777937,8.500000000,3.200000048,0.000000000,0.000000000,0.000000000,-0.000024143,0.800000012,0.200000003
2026-07-07 00:12:37.304,1783354357.304583073,192.008765432,1,1,191.994307864,1,0.006951779,5,1,0.001075864,5,1,0,0,0,0,1,1,1,1,1,1,0.022105961,-0.968999029,2.777482020,0.677581835,1,191.993040058,12,1,12,1:-1.251:2.428|2:-0.428:2.425|3:0.392:2.424|4:1.223:2.419|5:1.228:1.589|6:0.405:1.588|7:-0.440:1.588|8:-1.261:1.589|9:-1.185:4.911|10:-0.390:4.902|11:0.375:4.903|12:1.182:4.901,1,108.142315094,ready,6,6,-0.826725000,2.882473000,1,108.142278424,0,arm busy,1,108.144295696,completed,1,108.138080848,1,received,1,0.007057190,0.404347199,-0.007326126,-0.114773750,1,3.099581003,177.592909742,-0.002442360,-4.164102554,1,-2.401960373,-137.622191926,-0.007326126,1.360683441,1,0.163844109,9.387575920,0.007326126,0.383394241,1,0.003259659,0.186764693,-0.036628723,-0.008546829,0.000000000,0.000000000,0.000000000,0.000000000,13.000000000,2.200000048,3.054326296,175.000006008,0.000000000,-3.234629154,20.000000000,8.000000000,-2.443460941,-139.999999342,0.000000000,2.209447145,20.000000000,6.500000000,0.174532920,9.999999709,0.000000000,0.305777937,8.500000000,3.200000048,0.000000000,0.000000000,0.000000000,-0.000024143,0.800000012,0.200000003
2026-07-07 00:12:38.304,1783354358.304556370,193.008738739,1,1,192.994281171,1,0.006938777,5,1,0.001038903,5,1,0,0,0,0,1,1,1,1,1,1,0.022015058,-0.969341726,2.772604488,0.678995197,1,192.993013365,12,1,12,1:-1.251:2.428|2:-0.428:2.425|3:0.392:2.424|4:1.223:2.419|5:1.228:1.589|6:0.405:1.588|7:-0.440:1.588|8:-1.261:1.589|9:-1.185:4.911|10:-0.390:4.902|11:0.375:4.903|12:1.182:4.901,1,109.142288401,ready,6,6,-0.826725000,2.882473000,1,109.142251731,0,arm busy,1,109.144269003,completed,1,109.138054155,1,received,1,0.007057190,0.404347199,-0.007326126,-0.114773750,1,3.099581003,177.592909742,-0.007326126,-4.164102554,1,-2.401960373,-137.622191926,-0.002442360,1.360683441,1,0.163844109,9.387575920,-0.007326126,0.368741989,1,0.003643036,0.208730581,-0.012210846,-0.008546829,0.000000000,0.000000000,0.000000000,0.000000000,13.000000000,2.200000048,3.054326296,175.000006008,0.000000000,-3.234629154,20.000000000,8.000000000,-2.443460941,-139.999999342,0.000000000,2.209447145,20.000000000,6.500000000,0.174532920,9.999999709,0.000000000,0.305777937,8.500000000,3.200000048,0.000000000,0.000000000,0.000000000,-0.000024143,0.800000012,0.200000003
2026-07-07 00:12:39.304,1783354359.304524899,194.008707082,1,1,193.994249514,1,0.006926077,5,1,0.001068916,5,1,0,0,0,0,1,1,1,1,1,1,0.022059726,-0.978760363,2.771715602,0.680195360,1,193.992981708,12,1,12,1:-1.251:2.428|2:-0.428:2.425|3:0.392:2.424|4:1.223:2.419|5:1.228:1.589|6:0.405:1.588|7:-0.440:1.588|8:-1.261:1.589|9:-1.185:4.911|10:-0.390:4.902|11:0.375:4.903|12:1.182:4.901,1,110.142256744,ready,6,6,-0.826725000,2.882473000,1,110.142220074,0,arm busy,1,110.144237346,completed,1,110.138022498,1,received,1,0.007057190,0.404347199,0.007326126,-0.114773750,1,3.099581003,177.592909742,-0.002442360,-4.150426865,1,-2.401960373,-137.622191926,-0.007326126,1.374359131,1,0.163844109,9.387575920,-0.007326126,0.373626709,1,0.003643036,0.208730581,-0.036628723,-0.008546829,0.000000000,0.000000000,0.000000000,0.000000000,13.000000000,2.200000048,3.054326296,175.000006008,0.000000000,-3.234629154,20.000000000,8.000000000,-2.443460941,-139.999999342,0.000000000,2.209447145,20.000000000,6.500000000,0.174532920,9.999999709,0.000000000,0.305777937,8.500000000,3.200000048,0.000000000,0.000000000,0.000000000,-0.000024143,0.800000012,0.200000003
2026-07-07 00:12:40.304,1783354360.304528236,195.008710567,1,1,194.994252999,1,0.007035677,5,1,0.001092867,5,1,0,0,0,0,1,1,1,1,1,1,0.022009113,-0.970123405,2.766060774,0.679819645,1,194.992985193,12,1,12,1:-1.251:2.428|2:-0.428:2.425|3:0.392:2.424|4:1.223:2.419|5:1.228:1.589|6:0.405:1.588|7:-0.440:1.588|8:-1.261:1.589|9:-1.185:4.911|10:-0.390:4.902|11:0.375:4.903|12:1.182:4.901,1,111.142260229,ready,6,6,-0.826725000,2.882473000,1,111.142223559,0,arm busy,1,111.144240831,completed,1,111.138025983,1,received,1,0.007057190,0.404347199,-0.021978378,-0.114773750,1,3.099581003,177.592909742,0.002442360,-4.177778244,1,-2.401960373,-137.622191926,-0.002442360,1.360683441,1,0.163844109,9.387575920,-0.007326126,0.368741989,1,0.003643036,0.208730581,-0.036628723,-0.008546829,0.000000000,0.000000000,0.000000000,0.000000000,13.000000000,2.200000048,3.054326296,175.000006008,0.000000000,-3.234629154,20.000000000,8.000000000,-2.443460941,-139.999999342,0.000000000,2.209447145,20.000000000,6.500000000,0.174532920,9.999999709,0.000000000,0.305777937,8.500000000,3.200000048,0.000000000,0.000000000,0.000000000,-0.000024143,0.800000012,0.200000003
2026-07-07 00:12:41.304,1783354361.304466009,196.008648328,1,1,195.994190760,1,0.007115113,5,1,0.001083696,5,1,0,0,0,0,1,1,1,1,1,1,0.022042579,-0.967796122,2.770519147,0.679609380,1,195.992922954,12,1,12,1:-1.251:2.428|2:-0.428:2.425|3:0.392:2.424|4:1.223:2.419|5:1.228:1.589|6:0.405:1.588|7:-0.440:1.588|8:-1.261:1.589|9:-1.185:4.911|10:-0.390:4.902|11:0.375:4.903|12:1.182:4.901,1,112.142197990,ready,6,6,-0.826725000,2.882473000,1,112.142161320,0,arm busy,1,112.144178592,completed,1,112.137963744,1,received,1,0.007057190,0.404347199,-0.007326126,-0.119658470,1,3.099581003,177.592909742,-0.002442360,-4.164102554,1,-2.401960373,-137.622191926,-0.002442360,1.374359131,1,0.163844109,9.387575920,0.007326126,0.368741989,1,0.003643036,0.208730581,-0.012210846,-0.008546829,0.000000000,0.000000000,0.000000000,0.000000000,13.000000000,2.200000048,3.054326296,175.000006008,0.000000000,-3.234629154,20.000000000,8.000000000,-2.443460941,-139.999999342,0.000000000,2.209447145,20.000000000,6.500000000,0.174532920,9.999999709,0.000000000,0.305777937,8.500000000,3.200000048,0.000000000,0.000000000,0.000000000,-0.000024143,0.800000012,0.200000003
2026-07-07 00:12:42.304,1783354362.304472685,197.008654981,1,1,196.994197413,1,0.006868587,5,1,0.001033717,5,1,0,0,0,0,1,1,1,1,1,1,0.022018064,-0.966183411,2.771841243,0.678841200,1,196.992929607,12,1,12,1:-1.251:2.428|2:-0.428:2.425|3:0.392:2.424|4:1.223:2.419|5:1.228:1.589|6:0.405:1.588|7:-0.440:1.588|8:-1.261:1.589|9:-1.185:4.911|10:-0.390:4.902|11:0.375:4.903|12:1.182:4.901,1,113.142204643,ready,6,6,-0.826725000,2.882473000,1,113.142167973,0,arm busy,1,113.144185245,completed,1,113.137970397,1,received,1,0.007057190,0.404347199,0.007326126,-0.114773750,1,3.099581003,177.592909742,-0.002442360,-4.164102554,1,-2.401960373,-137.622191926,-0.002442360,1.360683441,1,0.163844109,9.387575920,-0.021978378,0.373626709,1,0.003259659,0.186764693,-0.061050415,-0.008546829,0.000000000,0.000000000,0.000000000,0.000000000,13.000000000,2.200000048,3.054326296,175.000006008,0.000000000,-3.234629154,20.000000000,8.000000000,-2.443460941,-139.999999342,0.000000000,2.209447145,20.000000000,6.500000000,0.174532920,9.999999709,0.000000000,0.305777937,8.500000000,3.200000048,0.000000000,0.000000000,0.000000000,-0.000024143,0.800000012,0.200000003
2026-07-07 00:12:43.304,1783354363.304422855,198.008605310,1,1,197.994147742,1,0.007108450,5,1,0.000964774,5,1,0,0,0,0,1,1,1,1,1,1,0.021950360,-0.975070940,2.773518238,0.679199645,1,197.992879936,12,1,12,1:-1.251:2.428|2:-0.428:2.425|3:0.392:2.424|4:1.223:2.419|5:1.228:1.589|6:0.405:1.588|7:-0.440:1.588|8:-1.261:1.589|9:-1.185:4.911|10:-0.390:4.902|11:0.375:4.903|12:1.182:4.901,1,114.142154972,ready,6,6,-0.826725000,2.882473000,1,114.142118302,0,arm busy,1,114.144135574,completed,1,114.137920726,1,received,1,0.007057190,0.404347199,0.007326126,-0.119658470,1,3.099581003,177.592909742,-0.002442360,-4.164102554,1,-2.401960373,-137.622191926,0.002442360,1.374359131,1,0.163844109,9.387575920,-0.007326126,0.363858223,1,0.003643036,0.208730581,0.012210846,-0.008546829,0.000000000,0.000000000,0.000000000,0.000000000,13.000000000,2.200000048,3.054326296,175.000006008,0.000000000,-3.234629154,20.000000000,8.000000000,-2.443460941,-139.999999342,0.000000000,2.209447145,20.000000000,6.500000000,0.174532920,9.999999709,0.000000000,0.305777937,8.500000000,3.200000048,0.000000000,0.000000000,0.000000000,-0.000024143,0.800000012,0.200000003
2026-07-07 00:12:44.304,1783354364.304384470,199.008566822,1,1,198.994109254,1,0.007052067,5,1,0.001044899,5,1,0,0,0,0,1,1,1,1,1,1,0.022090465,-0.969057494,2.769662944,0.679750897,1,198.992841448,12,1,12,1:-1.251:2.428|2:-0.428:2.425|3:0.392:2.424|4:1.223:2.419|5:1.228:1.589|6:0.405:1.588|7:-0.440:1.588|8:-1.261:1.589|9:-1.185:4.911|10:-0.390:4.902|11:0.375:4.903|12:1.182:4.901,1,115.142116484,ready,6,6,-0.826725000,2.882473000,1,115.142079814,0,arm busy,1,115.144097086,completed,1,115.137882238,1,received,1,0.007057190,0.404347199,-0.021978378,-0.114773750,1,3.099581003,177.592909742,-0.002442360,-4.177778244,1,-2.401960373,-137.622191926,-0.007326126,1.360683441,1,0.163844109,9.387575920,-0.007326126,0.368741989,1,0.003643036,0.208730581,0.012210846,-0.008546829,0.000000000,0.000000000,0.000000000,0.000000000,13.000000000,2.200000048,3.054326296,175.000006008,0.000000000,-3.234629154,20.000000000,8.000000000,-2.443460941,-139.999999342,0.000000000,2.209447145,20.000000000,6.500000000,0.174532920,9.999999709,0.000000000,0.305777937,8.500000000,3.200000048,0.000000000,0.000000000,0.000000000,-0.000024143,0.800000012,0.200000003
2026-07-07 00:12:45.304,1783354365.304374218,200.008556759,1,1,199.994099191,1,0.006983355,5,1,0.001000064,5,1,0,0,0,0,1,1,1,1,1,1,0.022109505,-0.964236568,2.771714678,0.678753710,1,199.992831385,12,1,12,1:-1.251:2.428|2:-0.428:2.425|3:0.392:2.424|4:1.223:2.419|5:1.228:1.589|6:0.405:1.588|7:-0.440:1.588|8:-1.261:1.589|9:-1.185:4.911|10:-0.390:4.902|11:0.375:4.903|12:1.182:4.901,1,116.142106421,ready,6,6,-0.826725000,2.882473000,1,116.142069751,0,arm busy,1,116.144087023,completed,1,116.137872175,1,received,1,0.007057190,0.404347199,-0.007326126,-0.114773750,1,3.099581003,177.592909742,0.002442360,-4.177778244,1,-2.401960373,-137.622191926,0.002442360,1.360683441,1,0.163844109,9.387575920,-0.007326126,0.368741989,1,0.003643036,0.208730581,-0.012210846,-0.008546829,0.000000000,0.000000000,0.000000000,0.000000000,13.000000000,2.200000048,3.054326296,175.000006008,0.000000000,-3.234629154,20.000000000,8.000000000,-2.443460941,-139.999999342,0.000000000,2.209447145,20.000000000,6.500000000,0.174532920,9.999999709,0.000000000,0.305777937,8.500000000,3.200000048,0.000000000,0.000000000,0.000000000,-0.000024143,0.800000012,0.200000003
2026-07-07 00:12:46.304,1783354366.304325581,201.008507891,1,1,200.994050323,1,0.006895934,5,1,0.000975629,5,1,0,0,0,0,1,1,1,1,1,1,0.021916622,-0.971671670,2.769309032,0.679159930,1,200.992782517,12,1,12,1:-1.251:2.428|2:-0.428:2.425|3:0.392:2.424|4:1.223:2.419|5:1.228:1.589|6:0.405:1.588|7:-0.440:1.588|8:-1.261:1.589|9:-1.185:4.911|10:-0.390:4.902|11:0.375:4.903|12:1.182:4.901,1,117.142057553,ready,6,6,-0.826725000,2.882473000,1,117.142020883,0,arm busy,1,117.144038155,completed,1,117.137823307,1,received,1,0.007057190,0.404347199,-0.007326126,-0.114773750,1,3.099581003,177.592909742,-0.007326126,-4.164102554,1,-2.401960373,-137.622191926,-0.002442360,1.374359131,1,0.163844109,9.387575920,-0.021978378,0.358974457,1,0.003643036,0.208730581,-0.012210846,-0.008546829,0.000000000,0.000000000,0.000000000,0.000000000,13.000000000,2.200000048,3.054326296,175.000006008,0.000000000,-3.234629154,20.000000000,8.000000000,-2.443460941,-139.999999342,0.000000000,2.209447145,20.000000000,6.500000000,0.174532920,9.999999709,0.000000000,0.305777937,8.500000000,3.200000048,0.000000000,0.000000000,0.000000000,-0.000024143,0.800000012,0.200000003
2026-07-07 00:12:47.304,1783354367.304291487,202.008473841,1,1,201.994016273,1,0.006299382,5,1,0.001033178,5,1,0,0,0,0,1,1,1,1,1,1,0.022009014,-0.959992454,2.773841641,0.679158465,1,201.992748467,12,1,12,1:-1.251:2.428|2:-0.428:2.425|3:0.392:2.424|4:1.223:2.419|5:1.228:1.589|6:0.405:1.588|7:-0.440:1.588|8:-1.261:1.589|9:-1.185:4.911|10:-0.390:4.902|11:0.375:4.903|12:1.182:4.901,1,118.142023503,ready,6,6,-0.826725000,2.882473000,1,118.141986833,0,arm busy,1,118.144004105,completed,1,118.137789257,1,received,1,0.007057190,0.404347199,-0.021978378,-0.119658470,1,3.099581003,177.592909742,0.002442360,-4.177778244,1,-2.401960373,-137.622191926,0.002442360,1.360683441,1,0.163844109,9.387575920,-0.021978378,0.363858223,1,0.003643036,0.208730581,-0.036628723,-0.008546829,0.000000000,0.000000000,0.000000000,0.000000000,13.000000000,2.200000048,3.054326296,175.000006008,0.000000000,-3.234629154,20.000000000,8.000000000,-2.443460941,-139.999999342,0.000000000,2.209447145,20.000000000,6.500000000,0.174532920,9.999999709,0.000000000,0.305777937,8.500000000,3.200000048,0.000000000,0.000000000,0.000000000,-0.000024143,0.800000012,0.200000003
2026-07-07 00:12:48.304,1783354368.304261684,203.008443980,1,1,202.993986412,1,0.006826176,5,1,0.000935475,5,1,0,0,0,0,1,1,1,1,1,1,0.022019332,-0.974199445,2.770046629,0.680791083,1,202.992718606,12,1,12,1:-1.251:2.428|2:-0.428:2.425|3:0.392:2.424|4:1.223:2.419|5:1.228:1.589|6:0.405:1.588|7:-0.440:1.588|8:-1.261:1.589|9:-1.185:4.911|10:-0.390:4.902|11:0.375:4.903|12:1.182:4.901,1,119.141993642,ready,6,6,-0.826725000,2.882473000,1,119.141956972,0,arm busy,1,119.143974244,completed,1,119.137759396,1,received,1,0.007057190,0.404347199,-0.021978378,-0.119658470,1,3.099581003,177.592909742,-0.002442360,-4.177778244,1,-2.401960373,-137.622191926,0.002442360,1.360683441,1,0.163844109,9.387575920,-0.021978378,0.363858223,1,0.003643036,0.208730581,0.012210846,-0.008546829,0.000000000,0.000000000,0.000000000,0.000000000,13.000000000,2.200000048,3.054326296,175.000006008,0.000000000,-3.234629154,20.000000000,8.000000000,-2.443460941,-139.999999342,0.000000000,2.209447145,20.000000000,6.500000000,0.174532920,9.999999709,0.000000000,0.305777937,8.500000000,3.200000048,0.000000000,0.000000000,0.000000000,-0.000024143,0.800000012,0.200000003
2026-07-07 00:12:49.304,1783354369.304243565,204.008425792,1,1,203.993968224,1,0.007106614,5,1,0.001072210,5,1,0,0,0,0,1,1,1,1,1,1,0.022093625,-0.969066779,2.771400160,0.679647536,1,203.992700418,12,1,12,1:-1.251:2.428|2:-0.428:2.425|3:0.392:2.424|4:1.223:2.419|5:1.228:1.589|6:0.405:1.588|7:-0.440:1.588|8:-1.261:1.589|9:-1.185:4.911|10:-0.390:4.902|11:0.375:4.903|12:1.182:4.901,1,120.141975454,ready,6,6,-0.826725000,2.882473000,1,120.141938784,0,arm busy,1,120.143956056,completed,1,120.137741208,1,received,1,0.007057190,0.404347199,-0.021978378,-0.119658470,1,3.099581003,177.592909742,-0.007326126,-4.164102554,1,-2.401960373,-137.622191926,-0.002442360,1.360683441,1,0.163844109,9.387575920,-0.007326126,0.373626709,1,0.003643036,0.208730581,-0.012210846,-0.008546829,0.000000000,0.000000000,0.000000000,0.000000000,13.000000000,2.200000048,3.054326296,175.000006008,0.000000000,-3.234629154,20.000000000,8.000000000,-2.443460941,-139.999999342,0.000000000,2.209447145,20.000000000,6.500000000,0.174532920,9.999999709,0.000000000,0.305777937,8.500000000,3.200000048,0.000000000,0.000000000,0.000000000,-0.000024143,0.800000012,0.200000003
2026-07-07 00:12:50.304,1783354370.304207563,205.008390068,1,1,204.993932500,1,0.007018822,5,1,0.001102712,5,1,0,0,0,0,1,1,1,1,1,1,0.022006990,-0.964825984,2.767312716,0.681132599,1,204.992664694,12,1,12,1:-1.251:2.428|2:-0.428:2.425|3:0.392:2.424|4:1.223:2.419|5:1.228:1.589|6:0.405:1.588|7:-0.440:1.588|8:-1.261:1.589|9:-1.185:4.911|10:-0.390:4.902|11:0.375:4.903|12:1.182:4.901,1,121.141939730,ready,6,6,-0.826725000,2.882473000,1,121.141903060,0,arm busy,1,121.143920332,completed,1,121.137705484,1,received,1,0.007057190,0.404347199,-0.007326126,-0.109889984,1,3.099581003,177.592909742,0.002442360,-4.150426865,1,-2.401960373,-137.622191926,-0.002442360,1.360683441,1,0.163844109,9.387575920,-0.007326126,0.373626709,1,0.003643036,0.208730581,-0.061050415,-0.008546829,0.000000000,0.000000000,0.000000000,0.000000000,13.000000000,2.200000048,3.054326296,175.000006008,0.000000000,-3.234629154,20.000000000,8.000000000,-2.443460941,-139.999999342,0.000000000,2.209447145,20.000000000,6.500000000,0.174532920,9.999999709,0.000000000,0.305777937,8.500000000,3.200000048,0.000000000,0.000000000,0.000000000,-0.000024143,0.800000012,0.200000003
2026-07-07 00:12:51.304,1783354371.304209471,206.008391798,1,1,205.993934230,1,0.006800907,5,1,0.001115470,5,1,0,0,0,0,1,1,1,1,1,1,0.021880664,-0.967148865,2.774014095,0.679371376,1,205.992666424,12,1,12,1:-1.251:2.428|2:-0.428:2.425|3:0.392:2.424|4:1.223:2.419|5:1.228:1.589|6:0.405:1.588|7:-0.440:1.588|8:-1.261:1.589|9:-1.185:4.911|10:-0.390:4.902|11:0.375:4.903|12:1.182:4.901,1,122.141941460,ready,6,6,-0.826725000,2.882473000,1,122.141904790,0,arm busy,1,122.143922062,completed,1,122.137707214,1,received,1,0.007057190,0.404347199,-0.007326126,-0.114773750,1,3.099581003,177.592909742,-0.007326126,-4.164102554,1,-2.401960373,-137.622191926,0.002442360,1.374359131,1,0.163844109,9.387575920,-0.007326126,0.363858223,1,0.003643036,0.208730581,-0.036628723,-0.006104946,0.000000000,0.000000000,0.000000000,0.000000000,13.000000000,2.200000048,3.054326296,175.000006008,0.000000000,-3.234629154,20.000000000,8.000000000,-2.443460941,-139.999999342,0.000000000,2.209447145,20.000000000,6.500000000,0.174532920,9.999999709,0.000000000,0.305777937,8.500000000,3.200000048,0.000000000,0.000000000,0.000000000,-0.000024143,0.800000012,0.200000003
2026-07-07 00:12:52.304,1783354372.304162741,207.008345246,1,1,206.993887678,1,0.007132785,5,1,0.001047360,5,1,0,0,0,0,1,1,1,1,1,1,0.022060956,-0.964080469,2.771235837,0.679929978,1,206.992619872,12,1,12,1:-1.251:2.428|2:-0.428:2.425|3:0.392:2.424|4:1.223:2.419|5:1.228:1.589|6:0.405:1.588|7:-0.440:1.588|8:-1.261:1.589|9:-1.185:4.911|10:-0.390:4.902|11:0.375:4.903|12:1.182:4.901,1,123.141894908,ready,6,6,-0.826725000,2.882473000,1,123.141858238,0,arm busy,1,123.143875510,completed,1,123.137660662,1,received,1,0.007057190,0.404347199,0.007326126,-0.114773750,1,3.099581003,177.592909742,-0.002442360,-4.164102554,1,-2.401960373,-137.622191926,0.002442360,1.360683441,1,0.163844109,9.387575920,-0.007326126,0.363858223,1,0.003643036,0.208730581,-0.036628723,-0.008546829,0.000000000,0.000000000,0.000000000,0.000000000,13.000000000,2.200000048,3.054326296,175.000006008,0.000000000,-3.234629154,20.000000000,8.000000000,-2.443460941,-139.999999342,0.000000000,2.209447145,20.000000000,6.500000000,0.174532920,9.999999709,0.000000000,0.305777937,8.500000000,3.200000048,0.000000000,0.000000000,0.000000000,-0.000024143,0.800000012,0.200000003
2026-07-07 00:12:53.304,1783354373.304142952,208.008325329,1,1,207.993867761,1,0.007074378,5,1,0.001045374,5,1,0,0,0,0,1,1,1,1,1,1,0.022067506,-0.969438080,2.767790259,0.680871592,1,207.992599955,12,1,12,1:-1.251:2.428|2:-0.428:2.425|3:0.392:2.424|4:1.223:2.419|5:1.228:1.589|6:0.405:1.588|7:-0.440:1.588|8:-1.261:1.589|9:-1.185:4.911|10:-0.390:4.902|11:0.375:4.903|12:1.182:4.901,1,124.141874991,ready,6,6,-0.826725000,2.882473000,1,124.141838321,0,arm busy,1,124.143855593,completed,1,124.137640745,1,received,1,0.007057190,0.404347199,-0.007326126,-0.119658470,1,3.099581003,177.592909742,-0.007326126,-4.177778244,1,-2.401960373,-137.622191926,-0.002442360,1.360683441,1,0.163844109,9.387575920,0.007326126,0.378510475,1,0.003643036,0.208730581,0.012210846,-0.006104946,0.000000000,0.000000000,0.000000000,0.000000000,13.000000000,2.200000048,3.054326296,175.000006008,0.000000000,-3.234629154,20.000000000,8.000000000,-2.443460941,-139.999999342,0.000000000,2.209447145,20.000000000,6.500000000,0.174532920,9.999999709,0.000000000,0.305777937,8.500000000,3.200000048,0.000000000,0.000000000,0.000000000,-0.000024143,0.800000012,0.200000003
2026-07-07 00:12:54.304,1783354374.304105759,209.008288034,1,1,208.993830466,1,0.007034588,5,1,0.001145524,5,1,0,0,0,0,1,1,1,1,1,1,0.022043056,-0.966544291,2.772800728,0.679587644,1,208.992562660,12,1,12,1:-1.251:2.428|2:-0.428:2.425|3:0.392:2.424|4:1.223:2.419|5:1.228:1.589|6:0.405:1.588|7:-0.440:1.588|8:-1.261:1.589|9:-1.185:4.911|10:-0.390:4.902|11:0.375:4.903|12:1.182:4.901,1,125.141837696,ready,6,6,-0.826725000,2.882473000,1,125.141801026,0,arm busy,1,125.143818298,completed,1,125.137603450,1,received,1,0.007057190,0.404347199,-0.007326126,-0.119658470,1,3.099581003,177.592909742,-0.002442360,-4.164102554,1,-2.401960373,-137.622191926,-0.002442360,1.360683441,1,0.163844109,9.387575920,-0.021978378,0.368741989,1,0.003643036,0.208730581,-0.036628723,-0.006104946,0.000000000,0.000000000,0.000000000,0.000000000,13.000000000,2.200000048,3.054326296,175.000006008,0.000000000,-3.234629154,20.000000000,8.000000000,-2.443460941,-139.999999342,0.000000000,2.209447145,20.000000000,6.500000000,0.174532920,9.999999709,0.000000000,0.305777937,8.500000000,3.200000048,0.000000000,0.000000000,0.000000000,-0.000024143,0.800000012,0.200000003
2026-07-07 00:12:55.304,1783354375.304111242,210.008293676,1,1,209.993836108,1,0.007146707,5,1,0.001062986,5,1,0,0,0,0,1,1,1,1,1,1,0.021996646,-0.969675015,2.768408984,0.678904447,1,209.992568302,12,1,12,1:-1.251:2.428|2:-0.428:2.425|3:0.392:2.424|4:1.223:2.419|5:1.228:1.589|6:0.405:1.588|7:-0.440:1.588|8:-1.261:1.589|9:-1.185:4.911|10:-0.390:4.902|11:0.375:4.903|12:1.182:4.901,1,126.141843338,ready,6,6,-0.826725000,2.882473000,1,126.141806668,0,arm busy,1,126.143823940,completed,1,126.137609092,1,received,1,0.007057190,0.404347199,0.007326126,-0.114773750,1,3.099581003,177.592909742,-0.002442360,-4.164102554,1,-2.401960373,-137.622191926,-0.002442360,1.360683441,1,0.163844109,9.387575920,-0.007326126,0.368741989,1,0.003643036,0.208730581,0.012210846,-0.008546829,0.000000000,0.000000000,0.000000000,0.000000000,13.000000000,2.200000048,3.054326296,175.000006008,0.000000000,-3.234629154,20.000000000,8.000000000,-2.443460941,-139.999999342,0.000000000,2.209447145,20.000000000,6.500000000,0.174532920,9.999999709,0.000000000,0.305777937,8.500000000,3.200000048,0.000000000,0.000000000,0.000000000,-0.000024143,0.800000012,0.200000003
2026-07-07 00:12:56.304,1783354376.304060936,211.008243397,1,1,210.993785829,1,0.007064391,5,1,0.001078734,5,1,0,0,0,0,1,1,1,1,1,1,0.022076215,-0.965842729,2.771787156,0.677754693,1,210.992518023,12,1,12,1:-1.251:2.428|2:-0.428:2.425|3:0.392:2.424|4:1.223:2.419|5:1.228:1.589|6:0.405:1.588|7:-0.440:1.588|8:-1.261:1.589|9:-1.185:4.911|10:-0.390:4.902|11:0.375:4.903|12:1.182:4.901,1,127.141793059,ready,6,6,-0.826725000,2.882473000,1,127.141756389,0,arm busy,1,127.143773661,completed,1,127.137558813,1,received,1,0.007057190,0.404347199,-0.007326126,-0.119658470,1,3.099581003,177.592909742,-0.002442360,-4.164102554,1,-2.401960373,-137.622191926,-0.007326126,1.360683441,1,0.163844109,9.387575920,-0.021978378,0.368741989,1,0.003643036,0.208730581,-0.036628723,-0.008546829,0.000000000,0.000000000,0.000000000,0.000000000,13.000000000,2.200000048,3.054326296,175.000006008,0.000000000,-3.234629154,20.000000000,8.000000000,-2.443460941,-139.999999342,0.000000000,2.209447145,20.000000000,6.500000000,0.174532920,9.999999709,0.000000000,0.305777937,8.500000000,3.200000048,0.000000000,0.000000000,0.000000000,-0.000024143,0.800000012,0.200000003
2026-07-07 00:12:57.304,1783354377.304039717,212.008222134,1,1,211.993764566,1,0.006859049,5,1,0.001148912,5,1,0,0,0,0,1,1,1,1,1,1,0.022067186,-0.961654307,2.780613692,0.678284014,1,211.992496760,12,1,12,1:-1.251:2.428|2:-0.428:2.425|3:0.392:2.424|4:1.223:2.419|5:1.228:1.589|6:0.405:1.588|7:-0.440:1.588|8:-1.261:1.589|9:-1.185:4.911|10:-0.390:4.902|11:0.375:4.903|12:1.182:4.901,1,128.141771796,ready,6,6,-0.826725000,2.882473000,1,128.141735126,0,arm busy,1,128.143752398,completed,1,128.137537550,1,received,1,0.007057190,0.404347199,-0.007326126,-0.119658470,1,3.099581003,177.592909742,-0.007326126,-4.177778244,1,-2.401960373,-137.622191926,-0.007326126,1.360683441,1,0.163844109,9.387575920,-0.007326126,0.363858223,1,0.003643036,0.208730581,0.012210846,-0.008546829,0.000000000,0.000000000,0.000000000,0.000000000,13.000000000,2.200000048,3.054326296,175.000006008,0.000000000,-3.234629154,20.000000000,8.000000000,-2.443460941,-139.999999342,0.000000000,2.209447145,20.000000000,6.500000000,0.174532920,9.999999709,0.000000000,0.305777937,8.500000000,3.200000048,0.000000000,0.000000000,0.000000000,-0.000024143,0.800000012,0.200000003
2026-07-07 00:12:58.304,1783354378.303985834,213.008168258,1,1,212.993710690,1,0.007000816,5,1,0.000933225,5,1,0,0,0,0,1,1,1,1,1,1,0.022085417,-0.974153684,2.779305377,0.679225307,1,212.992442884,12,1,12,1:-1.251:2.428|2:-0.428:2.425|3:0.392:2.424|4:1.223:2.419|5:1.228:1.589|6:0.405:1.588|7:-0.440:1.588|8:-1.261:1.589|9:-1.185:4.911|10:-0.390:4.902|11:0.375:4.903|12:1.182:4.901,1,129.141717920,ready,6,6,-0.826725000,2.882473000,1,129.141681250,0,arm busy,1,129.143698522,completed,1,129.137483674,1,received,1,0.007057190,0.404347199,-0.007326126,-0.114773750,1,3.099581003,177.592909742,-0.002442360,-4.164102554,1,-2.401960373,-137.622191926,-0.002442360,1.374359131,1,0.163844109,9.387575920,-0.021978378,0.358974457,1,0.003643036,0.208730581,-0.036628723,-0.008546829,0.000000000,0.000000000,0.000000000,0.000000000,13.000000000,2.200000048,3.054326296,175.000006008,0.000000000,-3.234629154,20.000000000,8.000000000,-2.443460941,-139.999999342,0.000000000,2.209447145,20.000000000,6.500000000,0.174532920,9.999999709,0.000000000,0.305777937,8.500000000,3.200000048,0.000000000,0.000000000,0.000000000,-0.000024143,0.800000012,0.200000003
2026-07-07 00:12:59.304,1783354379.303960085,214.008142461,1,1,213.993684893,1,0.006981520,5,1,0.001061133,5,1,0,0,0,0,1,1,1,1,1,1,0.022029176,-0.969804411,2.774931905,0.678435418,1,213.992417087,12,1,12,1:-1.251:2.428|2:-0.428:2.425|3:0.392:2.424|4:1.223:2.419|5:1.228:1.589|6:0.405:1.588|7:-0.440:1.588|8:-1.261:1.589|9:-1.185:4.911|10:-0.390:4.902|11:0.375:4.903|12:1.182:4.901,1,130.141692123,ready,6,6,-0.826725000,2.882473000,1,130.141655453,0,arm busy,1,130.143672725,completed,1,130.137457877,1,received,1,0.007057190,0.404347199,-0.007326126,-0.119658470,1,3.099581003,177.592909742,-0.007326126,-4.164102554,1,-2.401960373,-137.622191926,-0.002442360,1.360683441,1,0.163844109,9.387575920,-0.007326126,0.363858223,1,0.003643036,0.208730581,-0.012210846,-0.006104946,0.000000000,0.000000000,0.000000000,0.000000000,13.000000000,2.200000048,3.054326296,175.000006008,0.000000000,-3.234629154,20.000000000,8.000000000,-2.443460941,-139.999999342,0.000000000,2.209447145,20.000000000,6.500000000,0.174532920,9.999999709,0.000000000,0.305777937,8.500000000,3.200000048,0.000000000,0.000000000,0.000000000,-0.000024143,0.800000012,0.200000003
2026-07-07 00:13:00.304,1783354380.303936481,215.008118817,1,1,214.993661249,1,0.007027027,5,1,0.001011761,5,1,0,0,0,0,1,1,1,1,1,1,0.022050728,-0.962369296,2.774971784,0.678584231,1,214.992393443,12,1,12,1:-1.251:2.428|2:-0.428:2.425|3:0.392:2.424|4:1.223:2.419|5:1.228:1.589|6:0.405:1.588|7:-0.440:1.588|8:-1.261:1.589|9:-1.185:4.911|10:-0.390:4.902|11:0.375:4.903|12:1.182:4.901,1,131.141668479,ready,6,6,-0.826725000,2.882473000,1,131.141631809,0,arm busy,1,131.143649081,completed,1,131.137434233,1,received,1,0.007057190,0.404347199,-0.007326126,-0.114773750,1,3.099581003,177.592909742,-0.002442360,-4.177778244,1,-2.401960373,-137.622191926,-0.002442360,1.374359131,1,0.163844109,9.387575920,0.007326126,0.373626709,1,0.003643036,0.208730581,-0.012210846,-0.008546829,0.000000000,0.000000000,0.000000000,0.000000000,13.000000000,2.200000048,3.054326296,175.000006008,0.000000000,-3.234629154,20.000000000,8.000000000,-2.443460941,-139.999999342,0.000000000,2.209447145,20.000000000,6.500000000,0.174532920,9.999999709,0.000000000,0.305777937,8.500000000,3.200000048,0.000000000,0.000000000,0.000000000,-0.000024143,0.800000012,0.200000003
2026-07-07 00:13:01.304,1783354381.303909779,216.008092156,1,1,215.993634588,1,0.006780564,5,1,0.001078463,5,1,0,0,0,0,1,1,1,1,1,1,0.022046403,-0.976546321,2.772795570,0.678675412,1,215.992366782,12,1,12,1:-1.251:2.428|2:-0.428:2.425|3:0.392:2.424|4:1.223:2.419|5:1.228:1.589|6:0.405:1.588|7:-0.440:1.588|8:-1.261:1.589|9:-1.185:4.911|10:-0.390:4.902|11:0.375:4.903|12:1.182:4.901,1,132.141641818,ready,6,6,-0.826725000,2.882473000,1,132.141605148,0,arm busy,1,132.143622420,completed,1,132.137407572,1,received,1,0.007057190,0.404347199,-0.007326126,-0.114773750,1,3.099581003,177.592909742,-0.002442360,-4.177778244,1,-2.401960373,-137.622191926,0.002442360,1.360683441,1,0.163844109,9.387575920,-0.021978378,0.363858223,1,0.003643036,0.208730581,0.012210846,-0.008546829,0.000000000,0.000000000,0.000000000,0.000000000,13.000000000,2.200000048,3.054326296,175.000006008,0.000000000,-3.234629154,20.000000000,8.000000000,-2.443460941,-139.999999342,0.000000000,2.209447145,20.000000000,6.500000000,0.174532920,9.999999709,0.000000000,0.305777937,8.500000000,3.200000048,0.000000000,0.000000000,0.000000000,-0.000024143,0.800000012,0.200000003
2026-07-07 00:13:02.303,1783354382.303874254,217.008056715,1,1,216.993599147,1,0.007282789,5,1,0.001059988,5,1,0,0,0,0,1,1,1,1,1,1,0.021983602,-0.964919190,2.770947097,0.679322644,1,216.992331341,12,1,12,1:-1.251:2.428|2:-0.428:2.425|3:0.392:2.424|4:1.223:2.419|5:1.228:1.589|6:0.405:1.588|7:-0.440:1.588|8:-1.261:1.589|9:-1.185:4.911|10:-0.390:4.902|11:0.375:4.903|12:1.182:4.901,1,133.141606377,ready,6,6,-0.826725000,2.882473000,1,133.141569707,0,arm busy,1,133.143586979,completed,1,133.137372131,1,received,1,0.007057190,0.404347199,0.007326126,-0.114773750,1,3.099581003,177.592909742,-0.002442360,-4.164102554,1,-2.401960373,-137.622191926,-0.002442360,1.360683441,1,0.163844109,9.387575920,-0.021978378,0.363858223,1,0.003643036,0.208730581,-0.036628723,-0.008546829,0.000000000,0.000000000,0.000000000,0.000000000,13.000000000,2.200000048,3.054326296,175.000006008,0.000000000,-3.234629154,20.000000000,8.000000000,-2.443460941,-139.999999342,0.000000000,2.209447145,20.000000000,6.500000000,0.174532920,9.999999709,0.000000000,0.305777937,8.500000000,3.200000048,0.000000000,0.000000000,0.000000000,-0.000024143,0.800000012,0.200000003
2026-07-07 00:13:03.303,1783354383.303844452,218.008026634,1,1,217.993569066,1,0.006788048,5,1,0.000705452,5,1,0,0,0,0,1,1,1,1,1,1,0.021979199,-0.967809323,2.776521836,0.679479816,1,217.992301260,12,1,12,1:-1.251:2.428|2:-0.428:2.425|3:0.392:2.424|4:1.223:2.419|5:1.228:1.589|6:0.405:1.588|7:-0.440:1.588|8:-1.261:1.589|9:-1.185:4.911|10:-0.390:4.902|11:0.375:4.903|12:1.182:4.901,1,134.141576296,ready,6,6,-0.826725000,2.882473000,1,134.141539626,0,arm busy,1,134.143556898,completed,1,134.137342050,1,received,1,0.007057190,0.404347199,-0.021978378,-0.119658470,1,3.099581003,177.592909742,-0.002442360,-4.164102554,1,-2.401960373,-137.622191926,-0.002442360,1.360683441,1,0.163844109,9.387575920,-0.007326126,0.368741989,1,0.003643036,0.208730581,0.012210846,-0.008546829,0.000000000,0.000000000,0.000000000,0.000000000,13.000000000,2.200000048,3.054326296,175.000006008,0.000000000,-3.234629154,20.000000000,8.000000000,-2.443460941,-139.999999342,0.000000000,2.209447145,20.000000000,6.500000000,0.174532920,9.999999709,0.000000000,0.305777937,8.500000000,3.200000048,0.000000000,0.000000000,0.000000000,-0.000024143,0.800000012,0.200000003
2026-07-07 00:13:04.303,1783354384.303804159,219.007986540,1,1,218.993528972,1,0.006960258,5,1,0.000939092,5,1,0,0,0,0,1,1,1,1,1,1,0.022059646,-0.968933671,2.769112187,0.680280263,1,218.992261166,12,1,12,1:-1.251:2.428|2:-0.428:2.425|3:0.392:2.424|4:1.223:2.419|5:1.228:1.589|6:0.405:1.588|7:-0.440:1.588|8:-1.261:1.589|9:-1.185:4.911|10:-0.390:4.902|11:0.375:4.903|12:1.182:4.901,1,135.141536202,ready,6,6,-0.826725000,2.882473000,1,135.141499532,0,arm busy,1,135.143516804,completed,1,135.137301956,1,received,1,0.007057190,0.404347199,0.007326126,-0.114773750,1,3.099581003,177.592909742,-0.002442360,-4.164102554,1,-2.401960373,-137.622191926,-0.002442360,1.360683441,1,0.163844109,9.387575920,-0.007326126,0.368741989,1,0.003643036,0.208730581,0.012210846,-0.006104946,0.000000000,0.000000000,0.000000000,0.000000000,13.000000000,2.200000048,3.054326296,175.000006008,0.000000000,-3.234629154,20.000000000,8.000000000,-2.443460941,-139.999999342,0.000000000,2.209447145,20.000000000,6.500000000,0.174532920,9.999999709,0.000000000,0.305777937,8.500000000,3.200000048,0.000000000,0.000000000,0.000000000,-0.000024143,0.800000012,0.200000003
2026-07-07 00:13:05.303,1783354385.303783894,220.007966410,1,1,219.993508842,1,0.006757513,5,1,0.000953205,5,1,0,0,0,0,1,1,1,1,1,1,0.022100194,-0.970076432,2.768221155,0.680396314,1,219.992241036,12,1,12,1:-1.251:2.428|2:-0.428:2.425|3:0.392:2.424|4:1.223:2.419|5:1.228:1.589|6:0.405:1.588|7:-0.440:1.588|8:-1.261:1.589|9:-1.185:4.911|10:-0.390:4.902|11:0.375:4.903|12:1.182:4.901,1,136.141516072,ready,6,6,-0.826725000,2.882473000,1,136.141479402,0,arm busy,1,136.143496674,completed,1,136.137281826,1,received,1,0.007057190,0.404347199,-0.007326126,-0.114773750,1,3.099581003,177.592909742,-0.002442360,-4.164102554,1,-2.401960373,-137.622191926,0.002442360,1.360683441,1,0.163844109,9.387575920,-0.021978378,0.368741989,1,0.003643036,0.208730581,-0.036628723,-0.008546829,0.000000000,0.000000000,0.000000000,0.000000000,13.000000000,2.200000048,3.054326296,175.000006008,0.000000000,-3.234629154,20.000000000,8.000000000,-2.443460941,-139.999999342,0.000000000,2.209447145,20.000000000,6.500000000,0.174532920,9.999999709,0.000000000,0.305777937,8.500000000,3.200000048,0.000000000,0.000000000,0.000000000,-0.000024143,0.800000012,0.200000003
2026-07-07 00:13:06.303,1783354386.303764582,221.007946731,1,1,220.993489163,1,0.007066641,5,1,0.001054685,5,1,0,0,0,0,1,1,1,1,1,1,0.021994256,-0.966590525,2.773480724,0.679153928,1,220.992221357,12,1,12,1:-1.251:2.428|2:-0.428:2.425|3:0.392:2.424|4:1.223:2.419|5:1.228:1.589|6:0.405:1.588|7:-0.440:1.588|8:-1.261:1.589|9:-1.185:4.911|10:-0.390:4.902|11:0.375:4.903|12:1.182:4.901,1,137.141496393,ready,6,6,-0.826725000,2.882473000,1,137.141459723,0,arm busy,1,137.143476995,completed,1,137.137262147,1,received,1,0.007057190,0.404347199,-0.007326126,-0.114773750,1,3.099581003,177.592909742,-0.002442360,-4.164102554,1,-2.401960373,-137.622191926,0.002442360,1.360683441,1,0.163844109,9.387575920,-0.007326126,0.368741989,1,0.003643036,0.208730581,0.012210846,-0.008546829,0.000000000,0.000000000,0.000000000,0.000000000,13.000000000,2.200000048,3.054326296,175.000006008,0.000000000,-3.234629154,20.000000000,8.000000000,-2.443460941,-139.999999342,0.000000000,2.209447145,20.000000000,6.500000000,0.174532920,9.999999709,0.000000000,0.305777937,8.500000000,3.200000048,0.000000000,0.000000000,0.000000000,-0.000024143,0.800000012,0.200000003
2026-07-07 00:13:07.303,1783354387.303745747,222.007928068,1,1,221.993470500,1,0.007072152,5,1,0.000950217,5,1,0,0,0,0,1,1,1,1,1,1,0.022065109,-0.975592448,2.772983346,0.679228162,1,221.992202694,12,1,12,1:-1.251:2.428|2:-0.428:2.425|3:0.392:2.424|4:1.223:2.419|5:1.228:1.589|6:0.405:1.588|7:-0.440:1.588|8:-1.261:1.589|9:-1.185:4.911|10:-0.390:4.902|11:0.375:4.903|12:1.182:4.901,1,138.141477730,ready,6,6,-0.826725000,2.882473000,1,138.141441060,0,arm busy,1,138.143458332,completed,1,138.137243484,1,received,1,0.007057190,0.404347199,-0.007326126,-0.114773750,1,3.099581003,177.592909742,-0.002442360,-4.177778244,1,-2.401960373,-137.622191926,-0.002442360,1.360683441,1,0.163844109,9.387575920,-0.007326126,0.368741989,1,0.003643036,0.208730581,0.012210846,-0.008546829,0.000000000,0.000000000,0.000000000,0.000000000,13.000000000,2.200000048,3.054326296,175.000006008,0.000000000,-3.234629154,20.000000000,8.000000000,-2.443460941,-139.999999342,0.000000000,2.209447145,20.000000000,6.500000000,0.174532920,9.999999709,0.000000000,0.305777937,8.500000000,3.200000048,0.000000000,0.000000000,0.000000000,-0.000024143,0.800000012,0.200000003
2026-07-07 00:13:08.303,1783354388.303703070,223.007885434,1,1,222.993427866,1,0.007003388,5,1,0.000970173,5,1,0,0,0,0,1,1,1,1,1,1,0.022084751,-0.973944032,2.773318175,0.680060235,1,222.992160060,12,1,12,1:-1.251:2.428|2:-0.428:2.425|3:0.392:2.424|4:1.223:2.419|5:1.228:1.589|6:0.405:1.588|7:-0.440:1.588|8:-1.261:1.589|9:-1.185:4.911|10:-0.390:4.902|11:0.375:4.903|12:1.182:4.901,1,139.141435096,ready,6,6,-0.826725000,2.882473000,1,139.141398426,0,arm busy,1,139.143415698,completed,1,139.137200850,1,received,1,0.007057190,0.404347199,-0.036630630,-0.119658470,1,3.099581003,177.592909742,-0.002442360,-4.164102554,1,-2.401960373,-137.622191926,-0.007326126,1.360683441,1,0.163844109,9.387575920,-0.021978378,0.363858223,1,0.003259659,0.186764693,-0.085468292,-0.006104946,0.000000000,0.000000000,0.000000000,0.000000000,13.000000000,2.200000048,3.054326296,175.000006008,0.000000000,-3.234629154,20.000000000,8.000000000,-2.443460941,-139.999999342,0.000000000,2.209447145,20.000000000,6.500000000,0.174532920,9.999999709,0.000000000,0.305777937,8.500000000,3.200000048,0.000000000,0.000000000,0.000000000,-0.000024143,0.800000012,0.200000003
2026-07-07 00:13:09.303,1783354389.303709745,224.007892124,1,1,223.993434556,1,0.007143464,5,1,0.001139766,5,1,0,0,0,0,1,1,1,1,1,1,0.022104760,-0.968063514,2.761143942,0.679984354,1,223.992166750,12,1,12,1:-1.251:2.428|2:-0.428:2.425|3:0.392:2.424|4:1.223:2.419|5:1.228:1.589|6:0.405:1.588|7:-0.440:1.588|8:-1.261:1.589|9:-1.185:4.911|10:-0.390:4.902|11:0.375:4.903|12:1.182:4.901,1,140.141441786,ready,6,6,-0.826725000,2.882473000,1,140.141405116,0,arm busy,1,140.143422388,completed,1,140.137207540,1,received,1,0.007057190,0.404347199,-0.021978378,-0.114773750,1,3.099581003,177.592909742,-0.002442360,-4.164102554,1,-2.401960373,-137.622191926,0.002442360,1.360683441,1,0.163844109,9.387575920,-0.007326126,0.363858223,1,0.003643036,0.208730581,-0.036628723,-0.008546829,0.000000000,0.000000000,0.000000000,0.000000000,13.000000000,2.200000048,3.054326296,175.000006008,0.000000000,-3.234629154,20.000000000,8.000000000,-2.443460941,-139.999999342,0.000000000,2.209447145,20.000000000,6.500000000,0.174532920,9.999999709,0.000000000,0.305777937,8.500000000,3.200000048,0.000000000,0.000000000,0.000000000,-0.000024143,0.800000012,0.200000003
2026-07-07 00:13:10.303,1783354390.303685665,225.007867928,1,1,224.993410360,1,0.007218102,5,1,0.001179085,5,1,0,0,0,0,1,1,1,1,1,1,0.022088496,-0.970163958,2.770728927,0.680652027,1,224.992142554,12,1,12,1:-1.251:2.428|2:-0.428:2.425|3:0.392:2.424|4:1.223:2.419|5:1.228:1.589|6:0.405:1.588|7:-0.440:1.588|8:-1.261:1.589|9:-1.185:4.911|10:-0.390:4.902|11:0.375:4.903|12:1.182:4.901,1,141.141417590,ready,6,6,-0.826725000,2.882473000,1,141.141380920,0,arm busy,1,141.143398192,completed,1,141.137183344,1,received,1,0.007057190,0.404347199,-0.007326126,-0.119658470,1,3.099581003,177.592909742,-0.007326126,-4.164102554,1,-2.401960373,-137.622191926,-0.002442360,1.374359131,1,0.163844109,9.387575920,-0.007326126,0.373626709,1,0.003643036,0.208730581,-0.012210846,-0.008546829,0.000000000,0.000000000,0.000000000,0.000000000,13.000000000,2.200000048,3.054326296,175.000006008,0.000000000,-3.234629154,20.000000000,8.000000000,-2.443460941,-139.999999342,0.000000000,2.209447145,20.000000000,6.500000000,0.174532920,9.999999709,0.000000000,0.305777937,8.500000000,3.200000048,0.000000000,0.000000000,0.000000000,-0.000024143,0.800000012,0.200000003
2026-07-07 00:13:11.303,1783354391.303614378,226.007796803,1,1,225.993339235,1,0.006906081,5,1,0.001042514,5,1,0,0,0,0,1,1,1,1,1,1,0.022070756,-0.971246343,2.767566383,0.679706425,1,225.992071429,12,1,12,1:-1.251:2.428|2:-0.428:2.425|3:0.392:2.424|4:1.223:2.419|5:1.228:1.589|6:0.405:1.588|7:-0.440:1.588|8:-1.261:1.589|9:-1.185:4.911|10:-0.390:4.902|11:0.375:4.903|12:1.182:4.901,1,142.141346465,ready,6,6,-0.826725000,2.882473000,1,142.141309795,0,arm busy,1,142.143327067,completed,1,142.137112219,1,received,1,0.007057190,0.404347199,0.007326126,-0.114773750,1,3.099581003,177.592909742,-0.002442360,-4.164102554,1,-2.401960373,-137.622191926,-0.007326126,1.374359131,1,0.163844109,9.387575920,-0.007326126,0.368741989,1,0.003643036,0.208730581,-0.036628723,-0.008546829,0.000000000,0.000000000,0.000000000,0.000000000,13.000000000,2.200000048,3.054326296,175.000006008,0.000000000,-3.234629154,20.000000000,8.000000000,-2.443460941,-139.999999342,0.000000000,2.209447145,20.000000000,6.500000000,0.174532920,9.999999709,0.000000000,0.305777937,8.500000000,3.200000048,0.000000000,0.000000000,0.000000000,-0.000024143,0.800000012,0.200000003
2026-07-07 00:13:12.303,1783354392.303593159,227.007775680,1,1,226.993318112,1,0.007191834,5,1,0.001098660,5,1,0,0,0,0,1,1,1,1,1,1,0.022059316,-0.968336139,2.770441257,0.679622425,1,226.992050306,12,1,12,1:-1.251:2.428|2:-0.428:2.425|3:0.392:2.424|4:1.223:2.419|5:1.228:1.589|6:0.405:1.588|7:-0.440:1.588|8:-1.261:1.589|9:-1.185:4.911|10:-0.390:4.902|11:0.375:4.903|12:1.182:4.901,1,143.141325342,ready,6,6,-0.826725000,2.882473000,1,143.141288672,0,arm busy,1,143.143305944,completed,1,143.137091096,1,received,1,0.007057190,0.404347199,-0.021978378,-0.119658470,1,3.099581003,177.592909742,-0.002442360,-4.164102554,1,-2.401960373,-137.622191926,0.002442360,1.360683441,1,0.163844109,9.387575920,-0.007326126,0.383394241,1,0.003643036,0.208730581,0.012210846,-0.008546829,0.000000000,0.000000000,0.000000000,0.000000000,13.000000000,2.200000048,3.054326296,175.000006008,0.000000000,-3.234629154,20.000000000,8.000000000,-2.443460941,-139.999999342,0.000000000,2.209447145,20.000000000,6.500000000,0.174532920,9.999999709,0.000000000,0.305777937,8.500000000,3.200000048,0.000000000,0.000000000,0.000000000,-0.000024143,0.800000012,0.200000003
2026-07-07 00:13:13.303,1783354393.303597927,228.007780310,1,1,227.993322742,1,0.007044927,5,1,0.001046381,5,1,0,0,0,0,1,1,1,1,1,1,0.022061639,-0.971484357,2.771209057,0.680375357,1,227.992054936,12,1,12,1:-1.251:2.428|2:-0.428:2.425|3:0.392:2.424|4:1.223:2.419|5:1.228:1.589|6:0.405:1.588|7:-0.440:1.588|8:-1.261:1.589|9:-1.185:4.911|10:-0.390:4.902|11:0.375:4.903|12:1.182:4.901,1,144.141329972,ready,6,6,-0.826725000,2.882473000,1,144.141293302,0,arm busy,1,144.143310574,completed,1,144.137095726,1,received,1,0.007057190,0.404347199,-0.007326126,-0.119658470,1,3.099581003,177.592909742,-0.007326126,-4.177778244,1,-2.401960373,-137.622191926,-0.007326126,1.374359131,1,0.163844109,9.387575920,-0.021978378,0.358974457,1,0.003643036,0.208730581,-0.036628723,-0.008546829,0.000000000,0.000000000,0.000000000,0.000000000,13.000000000,2.200000048,3.054326296,175.000006008,0.000000000,-3.234629154,20.000000000,8.000000000,-2.443460941,-139.999999342,0.000000000,2.209447145,20.000000000,6.500000000,0.174532920,9.999999709,0.000000000,0.305777937,8.500000000,3.200000048,0.000000000,0.000000000,0.000000000,-0.000024143,0.800000012,0.200000003
2026-07-07 00:13:14.303,1783354394.303527355,229.007709861,1,1,228.993252293,1,0.006803767,5,1,0.000942740,5,1,0,0,0,0,1,1,1,1,1,1,0.022030257,-0.967091326,2.769141876,0.679840304,1,228.991984487,12,1,12,1:-1.251:2.428|2:-0.428:2.425|3:0.392:2.424|4:1.223:2.419|5:1.228:1.589|6:0.405:1.588|7:-0.440:1.588|8:-1.261:1.589|9:-1.185:4.911|10:-0.390:4.902|11:0.375:4.903|12:1.182:4.901,1,145.141259523,ready,6,6,-0.826725000,2.882473000,1,145.141222853,0,arm busy,1,145.143240125,completed,1,145.137025277,1,received,1,0.007057190,0.404347199,0.007326126,-0.114773750,1,3.099581003,177.592909742,-0.002442360,-4.177778244,1,-2.401960373,-137.622191926,-0.002442360,1.360683441,1,0.163844109,9.387575920,-0.007326126,0.363858223,1,0.003643036,0.208730581,-0.036628723,-0.008546829,0.000000000,0.000000000,0.000000000,0.000000000,13.000000000,2.200000048,3.054326296,175.000006008,0.000000000,-3.234629154,20.000000000,8.000000000,-2.443460941,-139.999999342,0.000000000,2.209447145,20.000000000,6.500000000,0.174532920,9.999999709,0.000000000,0.305777937,8.500000000,3.200000048,0.000000000,0.000000000,0.000000000,-0.000024143,0.800000012,0.200000003
2026-07-07 00:13:15.303,1783354395.303518057,230.007700280,1,1,229.993242712,1,0.006655372,5,1,0.000845649,5,1,0,0,0,0,1,1,1,1,1,1,0.022092023,-0.969799433,2.769660272,0.681199829,1,229.991974906,12,1,12,1:-1.251:2.428|2:-0.428:2.425|3:0.392:2.424|4:1.223:2.419|5:1.228:1.589|6:0.405:1.588|7:-0.440:1.588|8:-1.261:1.589|9:-1.185:4.911|10:-0.390:4.902|11:0.375:4.903|12:1.182:4.901,1,146.141249942,ready,6,6,-0.826725000,2.882473000,1,146.141213272,0,arm busy,1,146.143230544,completed,1,146.137015696,1,received,1,0.007057190,0.404347199,-0.007326126,-0.109889984,1,3.099581003,177.592909742,-0.002442360,-4.164102554,1,-2.401960373,-137.622191926,-0.002442360,1.360683441,1,0.163844109,9.387575920,-0.021978378,0.368741989,1,0.003643036,0.208730581,0.036628723,-0.006104946,0.000000000,0.000000000,0.000000000,0.000000000,13.000000000,2.200000048,3.054326296,175.000006008,0.000000000,-3.234629154,20.000000000,8.000000000,-2.443460941,-139.999999342,0.000000000,2.209447145,20.000000000,6.500000000,0.174532920,9.999999709,0.000000000,0.305777937,8.500000000,3.200000048,0.000000000,0.000000000,0.000000000,-0.000024143,0.800000012,0.200000003
2026-07-07 00:13:16.303,1783354396.303515196,231.007697583,1,1,230.993240015,1,0.006808477,5,1,0.001125981,5,1,0,0,0,0,1,1,1,1,1,1,0.022084447,-0.967233462,2.769780589,0.679610510,1,230.991972209,12,1,12,1:-1.251:2.428|2:-0.428:2.425|3:0.392:2.424|4:1.223:2.419|5:1.228:1.589|6:0.405:1.588|7:-0.440:1.588|8:-1.261:1.589|9:-1.185:4.911|10:-0.390:4.902|11:0.375:4.903|12:1.182:4.901,1,147.141247245,ready,6,6,-0.826725000,2.882473000,1,147.141210575,0,arm busy,1,147.143227847,completed,1,147.137012999,1,received,1,0.007057190,0.404347199,-0.007326126,-0.114773750,1,3.099581003,177.592909742,-0.002442360,-4.177778244,1,-2.401960373,-137.622191926,-0.002442360,1.360683441,1,0.163844109,9.387575920,-0.007326126,0.368741989,1,0.003643036,0.208730581,0.012210846,-0.008546829,0.000000000,0.000000000,0.000000000,0.000000000,13.000000000,2.200000048,3.054326296,175.000006008,0.000000000,-3.234629154,20.000000000,8.000000000,-2.443460941,-139.999999342,0.000000000,2.209447145,20.000000000,6.500000000,0.174532920,9.999999709,0.000000000,0.305777937,8.500000000,3.200000048,0.000000000,0.000000000,0.000000000,-0.000024143,0.800000012,0.200000003
2026-07-07 00:13:17.303,1783354397.303484201,232.007666649,1,1,231.993209081,1,0.007035657,5,1,0.001153628,5,1,0,0,0,0,1,1,1,1,1,1,0.022111235,-0.969031192,2.775712320,0.680032478,1,231.991941275,12,1,12,1:-1.251:2.428|2:-0.428:2.425|3:0.392:2.424|4:1.223:2.419|5:1.228:1.589|6:0.405:1.588|7:-0.440:1.588|8:-1.261:1.589|9:-1.185:4.911|10:-0.390:4.902|11:0.375:4.903|12:1.182:4.901,1,148.141216311,ready,6,6,-0.826725000,2.882473000,1,148.141179641,0,arm busy,1,148.143196913,completed,1,148.136982065,1,received,1,0.007057190,0.404347199,-0.021978378,-0.119658470,1,3.099581003,177.592909742,-0.002442360,-4.177778244,1,-2.401960373,-137.622191926,-0.002442360,1.360683441,1,0.163844109,9.387575920,-0.021978378,0.368741989,1,0.003643036,0.208730581,-0.036628723,-0.008546829,0.000000000,0.000000000,0.000000000,0.000000000,13.000000000,2.200000048,3.054326296,175.000006008,0.000000000,-3.234629154,20.000000000,8.000000000,-2.443460941,-139.999999342,0.000000000,2.209447145,20.000000000,6.500000000,0.174532920,9.999999709,0.000000000,0.305777937,8.500000000,3.200000048,0.000000000,0.000000000,0.000000000,-0.000024143,0.800000012,0.200000003
2026-07-07 00:13:18.303,1783354398.303427935,233.007610207,1,1,232.993152639,1,0.007102304,5,1,0.001041733,5,1,0,0,0,0,1,1,1,1,1,1,0.022091888,-0.972222764,2.767095574,0.681063637,1,232.991884833,12,1,12,1:-1.251:2.428|2:-0.428:2.425|3:0.392:2.424|4:1.223:2.419|5:1.228:1.589|6:0.405:1.588|7:-0.440:1.588|8:-1.261:1.589|9:-1.185:4.911|10:-0.390:4.902|11:0.375:4.903|12:1.182:4.901,1,149.141159869,ready,6,6,-0.826725000,2.882473000,1,149.141123199,0,arm busy,1,149.143140471,completed,1,149.136925623,1,received,1,0.007057190,0.404347199,-0.007326126,-0.114773750,1,3.099581003,177.592909742,-0.002442360,-4.177778244,1,-2.401960373,-137.622191926,-0.002442360,1.360683441,1,0.163844109,9.387575920,-0.007326126,0.373626709,1,0.003643036,0.208730581,-0.012210846,-0.008546829,0.000000000,0.000000000,0.000000000,0.000000000,13.000000000,2.200000048,3.054326296,175.000006008,0.000000000,-3.234629154,20.000000000,8.000000000,-2.443460941,-139.999999342,0.000000000,2.209447145,20.000000000,6.500000000,0.174532920,9.999999709,0.000000000,0.305777937,8.500000000,3.200000048,0.000000000,0.000000000,0.000000000,-0.000024143,0.800000012,0.200000003
2026-07-07 00:13:19.303,1783354399.303433895,234.007616333,1,1,233.993158765,1,0.007197458,5,1,0.001107730,5,1,0,0,0,0,1,1,1,1,1,1,0.022089015,-0.968752110,2.762932597,0.680569657,1,233.991890959,12,1,12,1:-1.251:2.428|2:-0.428:2.425|3:0.392:2.424|4:1.223:2.419|5:1.228:1.589|6:0.405:1.588|7:-0.440:1.588|8:-1.261:1.589|9:-1.185:4.911|10:-0.390:4.902|11:0.375:4.903|12:1.182:4.901,1,150.141165995,ready,6,6,-0.826725000,2.882473000,1,150.141129325,0,arm busy,1,150.143146597,completed,1,150.136931749,1,received,1,0.007057190,0.404347199,-0.007326126,-0.119658470,1,3.099581003,177.592909742,-0.002442360,-4.164102554,1,-2.401960373,-137.622191926,-0.002442360,1.360683441,1,0.163844109,9.387575920,-0.007326126,0.368741989,1,0.003643036,0.208730581,0.012210846,-0.008546829,0.000000000,0.000000000,0.000000000,0.000000000,13.000000000,2.200000048,3.054326296,175.000006008,0.000000000,-3.234629154,20.000000000,8.000000000,-2.443460941,-139.999999342,0.000000000,2.209447145,20.000000000,6.500000000,0.174532920,9.999999709,0.000000000,0.305777937,8.500000000,3.200000048,0.000000000,0.000000000,0.000000000,-0.000024143,0.800000012,0.200000003
2026-07-07 00:13:20.303,1783354400.303403854,235.007586031,1,1,234.993128463,1,0.007191390,5,1,0.001106473,5,1,0,0,0,0,1,1,1,1,1,1,0.022067549,-0.963034713,2.771349873,0.680711946,1,234.991860657,12,1,12,1:-1.251:2.428|2:-0.428:2.425|3:0.392:2.424|4:1.223:2.419|5:1.228:1.589|6:0.405:1.588|7:-0.440:1.588|8:-1.261:1.589|9:-1.185:4.911|10:-0.390:4.902|11:0.375:4.903|12:1.182:4.901,1,151.141135693,ready,6,6,-0.826725000,2.882473000,1,151.141099023,0,arm busy,1,151.143116295,completed,1,151.136901447,1,received,1,0.007057190,0.404347199,-0.021978378,-0.119658470,1,3.099581003,177.592909742,-0.002442360,-4.164102554,1,-2.401960373,-137.622191926,-0.002442360,1.360683441,1,0.163844109,9.387575920,-0.007326126,0.363858223,1,0.003643036,0.208730581,-0.036628723,-0.008546829,0.000000000,0.000000000,0.000000000,0.000000000,13.000000000,2.200000048,3.054326296,175.000006008,0.000000000,-3.234629154,20.000000000,8.000000000,-2.443460941,-139.999999342,0.000000000,2.209447145,20.000000000,6.500000000,0.174532920,9.999999709,0.000000000,0.305777937,8.500000000,3.200000048,0.000000000,0.000000000,0.000000000,-0.000024143,0.800000012,0.200000003
2026-07-07 00:13:21.303,1783354401.303332567,236.007515044,1,1,235.993057476,1,0.007019918,5,1,0.001107514,5,1,0,0,0,0,1,1,1,1,1,1,0.022044466,-0.966432446,2.773811886,0.679538352,1,235.991789670,12,1,12,1:-1.251:2.428|2:-0.428:2.425|3:0.392:2.424|4:1.223:2.419|5:1.228:1.589|6:0.405:1.588|7:-0.440:1.588|8:-1.261:1.589|9:-1.185:4.911|10:-0.390:4.902|11:0.375:4.903|12:1.182:4.901,1,152.141064706,ready,6,6,-0.826725000,2.882473000,1,152.141028036,0,arm busy,1,152.143045308,completed,1,152.136830460,1,received,1,0.007057190,0.404347199,-0.007326126,-0.114773750,1,3.099581003,177.592909742,-0.002442360,-4.164102554,1,-2.401960373,-137.622191926,-0.002442360,1.360683441,1,0.163844109,9.387575920,-0.007326126,0.368741989,1,0.003643036,0.208730581,-0.012210846,-0.006104946,0.000000000,0.000000000,0.000000000,0.000000000,13.000000000,2.200000048,3.054326296,175.000006008,0.000000000,-3.234629154,20.000000000,8.000000000,-2.443460941,-139.999999342,0.000000000,2.209447145,20.000000000,6.500000000,0.174532920,9.999999709,0.000000000,0.305777937,8.500000000,3.200000048,0.000000000,0.000000000,0.000000000,-0.000024143,0.800000012,0.200000003
2026-07-07 00:13:22.303,1783354402.303343773,237.007526272,1,1,236.993068704,1,0.006731174,5,1,0.000952258,5,1,0,0,0,0,1,1,1,1,1,1,0.022030108,-0.968563370,2.766509172,0.680720319,1,236.991800898,12,1,12,1:-1.251:2.428|2:-0.428:2.425|3:0.392:2.424|4:1.223:2.419|5:1.228:1.589|6:0.405:1.588|7:-0.440:1.588|8:-1.261:1.589|9:-1.185:4.911|10:-0.390:4.902|11:0.375:4.903|12:1.182:4.901,1,153.141075934,ready,6,6,-0.826725000,2.882473000,1,153.141039264,0,arm busy,1,153.143056536,completed,1,153.136841688,1,received,1,0.007057190,0.404347199,-0.021978378,-0.114773750,1,3.099581003,177.592909742,-0.002442360,-4.164102554,1,-2.401960373,-137.622191926,-0.002442360,1.360683441,1,0.163844109,9.387575920,-0.007326126,0.378510475,1,0.003643036,0.208730581,-0.036628723,-0.008546829,0.000000000,0.000000000,0.000000000,0.000000000,13.000000000,2.200000048,3.054326296,175.000006008,0.000000000,-3.234629154,20.000000000,8.000000000,-2.443460941,-139.999999342,0.000000000,2.209447145,20.000000000,6.500000000,0.174532920,9.999999709,0.000000000,0.305777937,8.500000000,3.200000048,0.000000000,0.000000000,0.000000000,-0.000024143,0.800000012,0.200000003
2026-07-07 00:13:23.303,1783354403.303313971,238.007496246,1,1,237.993038678,1,0.006925077,5,1,0.001035001,5,1,0,0,0,0,1,1,1,1,1,1,0.022020522,-0.967231972,2.772336381,0.679837475,1,237.991770872,12,1,12,1:-1.251:2.428|2:-0.428:2.425|3:0.392:2.424|4:1.223:2.419|5:1.228:1.589|6:0.405:1.588|7:-0.440:1.588|8:-1.261:1.589|9:-1.185:4.911|10:-0.390:4.902|11:0.375:4.903|12:1.182:4.901,1,154.141045908,ready,6,6,-0.826725000,2.882473000,1,154.141009238,0,arm busy,1,154.143026510,completed,1,154.136811662,1,received,1,0.007057190,0.404347199,-0.007326126,-0.114773750,1,3.099581003,177.592909742,-0.002442360,-4.164102554,1,-2.401960373,-137.622191926,-0.002442360,1.360683441,1,0.163844109,9.387575920,-0.007326126,0.373626709,1,0.003643036,0.208730581,-0.036628723,-0.008546829,0.000000000,0.000000000,0.000000000,0.000000000,13.000000000,2.200000048,3.054326296,175.000006008,0.000000000,-3.234629154,20.000000000,8.000000000,-2.443460941,-139.999999342,0.000000000,2.209447145,20.000000000,6.500000000,0.174532920,9.999999709,0.000000000,0.305777937,8.500000000,3.200000048,0.000000000,0.000000000,0.000000000,-0.000024143,0.800000012,0.200000003
2026-07-07 00:13:24.303,1783354404.303256273,239.007438631,1,1,238.992981063,1,0.006956657,5,1,0.001027964,5,1,0,0,0,0,1,1,1,1,1,1,0.022057066,-0.966486734,2.766721830,0.680445353,1,238.991713257,12,1,12,1:-1.251:2.428|2:-0.428:2.425|3:0.392:2.424|4:1.223:2.419|5:1.228:1.589|6:0.405:1.588|7:-0.440:1.588|8:-1.261:1.589|9:-1.185:4.911|10:-0.390:4.902|11:0.375:4.903|12:1.182:4.901,1,155.140988293,ready,6,6,-0.826725000,2.882473000,1,155.140951623,0,arm busy,1,155.142968895,completed,1,155.136754047,1,received,1,0.007057190,0.404347199,0.007326126,-0.119658470,1,3.099581003,177.592909742,-0.002442360,-4.164102554,1,-2.401960373,-137.622191926,-0.002442360,1.360683441,1,0.163844109,9.387575920,-0.021978378,0.368741989,1,0.003643036,0.208730581,-0.012210846,-0.008546829,0.000000000,0.000000000,0.000000000,0.000000000,13.000000000,2.200000048,3.054326296,175.000006008,0.000000000,-3.234629154,20.000000000,8.000000000,-2.443460941,-139.999999342,0.000000000,2.209447145,20.000000000,6.500000000,0.174532920,9.999999709,0.000000000,0.305777937,8.500000000,3.200000048,0.000000000,0.000000000,0.000000000,-0.000024143,0.800000012,0.200000003
2026-07-07 00:13:25.303,1783354405.303256750,240.007439206,1,1,239.992981638,1,0.006985021,5,1,0.001081825,5,1,0,0,0,0,1,1,1,1,1,1,0.022137462,-0.968170499,2.768986815,0.680134292,1,239.991713832,12,1,12,1:-1.251:2.428|2:-0.428:2.425|3:0.392:2.424|4:1.223:2.419|5:1.228:1.589|6:0.405:1.588|7:-0.440:1.588|8:-1.261:1.589|9:-1.185:4.911|10:-0.390:4.902|11:0.375:4.903|12:1.182:4.901,1,156.140988868,ready,6,6,-0.826725000,2.882473000,1,156.140952198,0,arm busy,1,156.142969470,completed,1,156.136754622,1,received,1,0.007057190,0.404347199,-0.007326126,-0.119658470,1,3.099581003,177.592909742,-0.002442360,-4.150426865,1,-2.401960373,-137.622191926,-0.002442360,1.360683441,1,0.163844109,9.387575920,-0.007326126,0.363858223,1,0.003643036,0.208730581,0.012210846,-0.008546829,0.000000000,0.000000000,0.000000000,0.000000000,13.000000000,2.200000048,3.054326296,175.000006008,0.000000000,-3.234629154,20.000000000,8.000000000,-2.443460941,-139.999999342,0.000000000,2.209447145,20.000000000,6.500000000,0.174532920,9.999999709,0.000000000,0.305777937,8.500000000,3.200000048,0.000000000,0.000000000,0.000000000,-0.000024143,0.800000012,0.200000003
2026-07-07 00:13:26.303,1783354406.303197622,241.007380166,1,1,240.992922598,1,0.007112752,5,1,0.001131136,5,1,0,0,0,0,1,1,1,1,1,1,0.022107115,-0.971229464,2.774298364,0.680019518,1,240.991654792,12,1,12,1:-1.251:2.428|2:-0.428:2.425|3:0.392:2.424|4:1.223:2.419|5:1.228:1.589|6:0.405:1.588|7:-0.440:1.588|8:-1.261:1.589|9:-1.185:4.911|10:-0.390:4.902|11:0.375:4.903|12:1.182:4.901,1,157.140929828,ready,6,6,-0.826725000,2.882473000,1,157.140893158,0,arm busy,1,157.142910430,completed,1,157.136695582,1,received,1,0.007057190,0.404347199,0.007326126,-0.119658470,1,3.099581003,177.592909742,-0.002442360,-4.177778244,1,-2.401960373,-137.622191926,-0.002442360,1.360683441,1,0.163844109,9.387575920,-0.036630630,0.363858223,1,0.003643036,0.208730581,-0.061050415,-0.008546829,0.000000000,0.000000000,0.000000000,0.000000000,13.000000000,2.200000048,3.054326296,175.000006008,0.000000000,-3.234629154,20.000000000,8.000000000,-2.443460941,-139.999999342,0.000000000,2.209447145,20.000000000,6.500000000,0.174532920,9.999999709,0.000000000,0.305777937,8.500000000,3.200000048,0.000000000,0.000000000,0.000000000,-0.000024143,0.800000012,0.200000003
2026-07-07 00:13:27.303,1783354407.303206205,242.007388416,1,1,241.992930848,1,0.006908591,5,1,0.001089720,5,1,0,0,0,0,1,1,1,1,1,1,0.022110126,-0.961677530,2.776181309,0.679019829,1,241.991663042,12,1,12,1:-1.251:2.428|2:-0.428:2.425|3:0.392:2.424|4:1.223:2.419|5:1.228:1.589|6:0.405:1.588|7:-0.440:1.588|8:-1.261:1.589|9:-1.185:4.911|10:-0.390:4.902|11:0.375:4.903|12:1.182:4.901,1,158.140938078,ready,6,6,-0.826725000,2.882473000,1,158.140901408,0,arm busy,1,158.142918680,completed,1,158.136703832,1,received,1,0.007057190,0.404347199,0.007326126,-0.119658470,1,3.099581003,177.592909742,0.002442360,-4.164102554,1,-2.401960373,-137.622191926,-0.002442360,1.360683441,1,0.163844109,9.387575920,-0.021978378,0.368741989,1,0.003643036,0.208730581,-0.036628723,-0.008546829,0.000000000,0.000000000,0.000000000,0.000000000,13.000000000,2.200000048,3.054326296,175.000006008,0.000000000,-3.234629154,20.000000000,8.000000000,-2.443460941,-139.999999342,0.000000000,2.209447145,20.000000000,6.500000000,0.174532920,9.999999709,0.000000000,0.305777937,8.500000000,3.200000048,0.000000000,0.000000000,0.000000000,-0.000024143,0.800000012,0.200000003
2026-07-07 00:13:28.303,1783354408.303173780,243.007356371,1,1,242.992898803,1,0.007092421,5,1,0.001150658,5,1,0,0,0,0,1,1,1,1,1,1,0.021982281,-0.968266677,2.775752266,0.679931617,1,242.991630997,12,1,12,1:-1.251:2.428|2:-0.428:2.425|3:0.392:2.424|4:1.223:2.419|5:1.228:1.589|6:0.405:1.588|7:-0.440:1.588|8:-1.261:1.589|9:-1.185:4.911|10:-0.390:4.902|11:0.375:4.903|12:1.182:4.901,1,159.140906033,ready,6,6,-0.826725000,2.882473000,1,159.140869363,0,arm busy,1,159.142886635,completed,1,159.136671787,1,received,1,0.007057190,0.404347199,-0.007326126,-0.114773750,1,3.099581003,177.592909742,-0.002442360,-4.164102554,1,-2.401960373,-137.622191926,-0.002442360,1.360683441,1,0.163844109,9.387575920,0.007326126,0.363858223,1,0.003643036,0.208730581,-0.012210846,-0.008546829,0.000000000,0.000000000,0.000000000,0.000000000,13.000000000,2.200000048,3.054326296,175.000006008,0.000000000,-3.234629154,20.000000000,8.000000000,-2.443460941,-139.999999342,0.000000000,2.209447145,20.000000000,6.500000000,0.174532920,9.999999709,0.000000000,0.305777937,8.500000000,3.200000048,0.000000000,0.000000000,0.000000000,-0.000024143,0.800000012,0.200000003
2026-07-07 00:13:29.303,1783354409.303145647,244.007327986,1,1,243.992870418,1,0.007158824,5,1,0.001067513,5,1,0,0,0,0,1,1,1,1,1,1,0.022014494,-0.966430519,2.767515280,0.679215730,1,243.991602612,12,1,12,1:-1.251:2.428|2:-0.428:2.425|3:0.392:2.424|4:1.223:2.419|5:1.228:1.589|6:0.405:1.588|7:-0.440:1.588|8:-1.261:1.589|9:-1.185:4.911|10:-0.390:4.902|11:0.375:4.903|12:1.182:4.901,1,160.140877648,ready,6,6,-0.826725000,2.882473000,1,160.140840978,0,arm busy,1,160.142858250,completed,1,160.136643402,1,received,1,0.007057190,0.404347199,-0.021978378,-0.119658470,1,3.099581003,177.592909742,-0.007326126,-4.164102554,1,-2.401960373,-137.622191926,0.002442360,1.360683441,1,0.163844109,9.387575920,0.007326126,0.378510475,1,0.003643036,0.208730581,-0.012210846,-0.008546829,0.000000000,0.000000000,0.000000000,0.000000000,13.000000000,2.200000048,3.054326296,175.000006008,0.000000000,-3.234629154,20.000000000,8.000000000,-2.443460941,-139.999999342,0.000000000,2.209447145,20.000000000,6.500000000,0.174532920,9.999999709,0.000000000,0.305777937,8.500000000,3.200000048,0.000000000,0.000000000,0.000000000,-0.000024143,0.800000012,0.200000003
2026-07-07 00:13:30.303,1783354410.303112745,245.007295035,1,1,244.992837467,1,0.006854479,5,1,0.001057926,5,1,0,0,0,0,1,1,1,1,1,1,0.022070333,-0.968812849,2.775210121,0.679340401,1,244.991569661,12,1,12,1:-1.251:2.428|2:-0.428:2.425|3:0.392:2.424|4:1.223:2.419|5:1.228:1.589|6:0.405:1.588|7:-0.440:1.588|8:-1.261:1.589|9:-1.185:4.911|10:-0.390:4.902|11:0.375:4.903|12:1.182:4.901,1,161.140844697,ready,6,6,-0.826725000,2.882473000,1,161.140808027,0,arm busy,1,161.142825299,completed,1,161.136610451,1,received,1,0.007057190,0.404347199,-0.007326126,-0.119658470,1,3.099581003,177.592909742,-0.002442360,-4.164102554,1,-2.401960373,-137.622191926,-0.002442360,1.360683441,1,0.163844109,9.387575920,0.007326126,0.368741989,1,0.003643036,0.208730581,-0.012210846,-0.008546829,0.000000000,0.000000000,0.000000000,0.000000000,13.000000000,2.200000048,3.054326296,175.000006008,0.000000000,-3.234629154,20.000000000,8.000000000,-2.443460941,-139.999999342,0.000000000,2.209447145,20.000000000,6.500000000,0.174532920,9.999999709,0.000000000,0.305777937,8.500000000,3.200000048,0.000000000,0.000000000,0.000000000,-0.000024143,0.800000012,0.200000003
2026-07-07 00:13:31.303,1783354411.303055048,246.007237513,1,1,245.992779945,1,0.006851509,5,1,0.001076547,5,1,0,0,0,0,1,1,1,1,1,1,0.022082774,-0.969474533,2.762766511,0.680769159,1,245.991512139,12,1,12,1:-1.251:2.428|2:-0.428:2.425|3:0.392:2.424|4:1.223:2.419|5:1.228:1.589|6:0.405:1.588|7:-0.440:1.588|8:-1.261:1.589|9:-1.185:4.911|10:-0.390:4.902|11:0.375:4.903|12:1.182:4.901,1,162.140787175,ready,6,6,-0.826725000,2.882473000,1,162.140750505,0,arm busy,1,162.142767777,completed,1,162.136552929,1,received,1,0.007057190,0.404347199,-0.007326126,-0.119658470,1,3.099581003,177.592909742,-0.002442360,-4.177778244,1,-2.401960373,-137.622191926,-0.002442360,1.360683441,1,0.163844109,9.387575920,-0.021978378,0.358974457,1,0.003643036,0.208730581,-0.012210846,-0.008546829,0.000000000,0.000000000,0.000000000,0.000000000,13.000000000,2.200000048,3.054326296,175.000006008,0.000000000,-3.234629154,20.000000000,8.000000000,-2.443460941,-139.999999342,0.000000000,2.209447145,20.000000000,6.500000000,0.174532920,9.999999709,0.000000000,0.305777937,8.500000000,3.200000048,0.000000000,0.000000000,0.000000000,-0.000024143,0.800000012,0.200000003
2026-07-07 00:13:32.303,1783354412.303062439,247.007244797,1,1,246.992787229,1,0.007008120,5,1,0.001175350,5,1,0,0,0,0,1,1,1,1,1,1,0.022081290,-0.968977178,2.764666722,0.681126793,1,246.991519423,12,1,12,1:-1.251:2.428|2:-0.428:2.425|3:0.392:2.424|4:1.223:2.419|5:1.228:1.589|6:0.405:1.588|7:-0.440:1.588|8:-1.261:1.589|9:-1.185:4.911|10:-0.390:4.902|11:0.375:4.903|12:1.182:4.901,1,163.140794459,ready,6,6,-0.826725000,2.882473000,1,163.140757789,0,arm busy,1,163.142775061,completed,1,163.136560213,1,received,1,0.007057190,0.404347199,-0.007326126,-0.109889984,1,3.099581003,177.592909742,-0.002442360,-4.177778244,1,-2.401960373,-137.622191926,-0.002442360,1.360683441,1,0.163844109,9.387575920,-0.007326126,0.373626709,1,0.003643036,0.208730581,0.012210846,-0.008546829,0.000000000,0.000000000,0.000000000,0.000000000,13.000000000,2.200000048,3.054326296,175.000006008,0.000000000,-3.234629154,20.000000000,8.000000000,-2.443460941,-139.999999342,0.000000000,2.209447145,20.000000000,6.500000000,0.174532920,9.999999709,0.000000000,0.305777937,8.500000000,3.200000048,0.000000000,0.000000000,0.000000000,-0.000024143,0.800000012,0.200000003
2026-07-07 00:13:33.303,1783354413.303036928,248.007219264,1,1,247.992761696,1,0.006706806,5,1,0.001167514,5,1,0,0,0,0,1,1,1,1,1,1,0.022084052,-0.965589326,2.770106038,0.680705155,1,247.991493890,12,1,12,1:-1.251:2.428|2:-0.428:2.425|3:0.392:2.424|4:1.223:2.419|5:1.228:1.589|6:0.405:1.588|7:-0.440:1.588|8:-1.261:1.589|9:-1.185:4.911|10:-0.390:4.902|11:0.375:4.903|12:1.182:4.901,1,164.140768926,ready,6,6,-0.826725000,2.882473000,1,164.140732256,0,arm busy,1,164.142749528,completed,1,164.136534680,1,received,1,0.007057190,0.404347199,-0.007326126,-0.119658470,1,3.099581003,177.592909742,-0.002442360,-4.164102554,1,-2.401960373,-137.622191926,0.002442360,1.360683441,1,0.163844109,9.387575920,-0.021978378,0.368741989,1,0.003643036,0.208730581,-0.012210846,-0.008546829,0.000000000,0.000000000,0.000000000,0.000000000,13.000000000,2.200000048,3.054326296,175.000006008,0.000000000,-3.234629154,20.000000000,8.000000000,-2.443460941,-139.999999342,0.000000000,2.209447145,20.000000000,6.500000000,0.174532920,9.999999709,0.000000000,0.305777937,8.500000000,3.200000048,0.000000000,0.000000000,0.000000000,-0.000024143,0.800000012,0.200000003
2026-07-07 00:13:34.303,1783354414.302973986,249.007156354,1,1,248.992698786,1,0.006862775,5,1,0.000955814,5,1,0,0,0,0,1,1,1,1,1,1,0.021982613,-0.970706602,2.762514928,0.681557005,1,248.991430980,12,1,12,1:-1.251:2.428|2:-0.428:2.425|3:0.392:2.424|4:1.223:2.419|5:1.228:1.589|6:0.405:1.588|7:-0.440:1.588|8:-1.261:1.589|9:-1.185:4.911|10:-0.390:4.902|11:0.375:4.903|12:1.182:4.901,1,165.140706016,ready,6,6,-0.826725000,2.882473000,1,165.140669346,0,arm busy,1,165.142686618,completed,1,165.136471770,1,received,1,0.007057190,0.404347199,-0.007326126,-0.114773750,1,3.099581003,177.592909742,-0.002442360,-4.177778244,1,-2.401960373,-137.622191926,-0.002442360,1.360683441,1,0.163844109,9.387575920,-0.021978378,0.368741989,1,0.003643036,0.208730581,0.012210846,-0.006104946,0.000000000,0.000000000,0.000000000,0.000000000,13.000000000,2.200000048,3.054326296,175.000006008,0.000000000,-3.234629154,20.000000000,8.000000000,-2.443460941,-139.999999342,0.000000000,2.209447145,20.000000000,6.500000000,0.174532920,9.999999709,0.000000000,0.305777937,8.500000000,3.200000048,0.000000000,0.000000000,0.000000000,-0.000024143,0.800000012,0.200000003
2026-07-07 00:13:35.303,1783354415.302946806,250.007129149,1,1,249.992671581,1,0.006594920,5,1,0.001102407,5,1,0,0,0,0,1,1,1,1,1,1,0.022123515,-0.965516567,2.771320006,0.679088649,1,249.991403775,12,1,12,1:-1.251:2.428|2:-0.428:2.425|3:0.392:2.424|4:1.223:2.419|5:1.228:1.589|6:0.405:1.588|7:-0.440:1.588|8:-1.261:1.589|9:-1.185:4.911|10:-0.390:4.902|11:0.375:4.903|12:1.182:4.901,1,166.140678811,ready,6,6,-0.826725000,2.882473000,1,166.140642141,0,arm busy,1,166.142659413,completed,1,166.136444565,1,received,1,0.007057190,0.404347199,0.007326126,-0.119658470,1,3.099581003,177.592909742,-0.007326126,-4.164102554,1,-2.401960373,-137.622191926,-0.002442360,1.360683441,1,0.163844109,9.387575920,-0.021978378,0.368741989,1,0.003643036,0.208730581,-0.036628723,-0.008546829,0.000000000,0.000000000,0.000000000,0.000000000,13.000000000,2.200000048,3.054326296,175.000006008,0.000000000,-3.234629154,20.000000000,8.000000000,-2.443460941,-139.999999342,0.000000000,2.209447145,20.000000000,6.500000000,0.174532920,9.999999709,0.000000000,0.305777937,8.500000000,3.200000048,0.000000000,0.000000000,0.000000000,-0.000024143,0.800000012,0.200000003
2026-07-07 00:13:36.303,1783354416.302917480,251.007099871,1,1,250.992642303,1,0.006819313,5,1,0.001056724,5,1,0,0,0,0,1,1,1,1,1,1,0.022040735,-0.967688827,2.771503170,0.679915853,1,250.991374497,12,1,12,1:-1.251:2.428|2:-0.428:2.425|3:0.392:2.424|4:1.223:2.419|5:1.228:1.589|6:0.405:1.588|7:-0.440:1.588|8:-1.261:1.589|9:-1.185:4.911|10:-0.390:4.902|11:0.375:4.903|12:1.182:4.901,1,167.140649533,ready,6,6,-0.826725000,2.882473000,1,167.140612863,0,arm busy,1,167.142630135,completed,1,167.136415287,1,received,1,0.007057190,0.404347199,-0.007326126,-0.114773750,1,3.099581003,177.592909742,-0.002442360,-4.164102554,1,-2.401960373,-137.622191926,-0.002442360,1.360683441,1,0.163844109,9.387575920,0.007326126,0.368741989,1,0.003643036,0.208730581,-0.012210846,-0.008546829,0.000000000,0.000000000,0.000000000,0.000000000,13.000000000,2.200000048,3.054326296,175.000006008,0.000000000,-3.234629154,20.000000000,8.000000000,-2.443460941,-139.999999342,0.000000000,2.209447145,20.000000000,6.500000000,0.174532920,9.999999709,0.000000000,0.305777937,8.500000000,3.200000048,0.000000000,0.000000000,0.000000000,-0.000024143,0.800000012,0.200000003
2026-07-07 00:13:37.302,1783354417.302886248,252.007068590,1,1,251.992611022,1,0.006731650,5,1,0.001021336,5,1,0,0,0,0,1,1,1,1,1,1,0.021999049,-0.961646720,2.768073285,0.678971322,1,251.991343216,12,1,12,1:-1.251:2.428|2:-0.428:2.425|3:0.392:2.424|4:1.223:2.419|5:1.228:1.589|6:0.405:1.588|7:-0.440:1.588|8:-1.261:1.589|9:-1.185:4.911|10:-0.390:4.902|11:0.375:4.903|12:1.182:4.901,1,168.140618252,ready,6,6,-0.826725000,2.882473000,1,168.140581582,0,arm busy,1,168.142598854,completed,1,168.136384006,1,received,1,0.007057190,0.404347199,-0.021978378,-0.114773750,1,3.099581003,177.592909742,-0.002442360,-4.164102554,1,-2.401960373,-137.622191926,-0.002442360,1.360683441,1,0.163844109,9.387575920,-0.007326126,0.358974457,1,0.003643036,0.208730581,-0.061050415,-0.008546829,0.000000000,0.000000000,0.000000000,0.000000000,13.000000000,2.200000048,3.054326296,175.000006008,0.000000000,-3.234629154,20.000000000,8.000000000,-2.443460941,-139.999999342,0.000000000,2.209447145,20.000000000,6.500000000,0.174532920,9.999999709,0.000000000,0.305777937,8.500000000,3.200000048,0.000000000,0.000000000,0.000000000,-0.000024143,0.800000012,0.200000003
2026-07-07 00:13:38.302,1783354418.302860737,253.007043296,1,1,252.992585728,1,0.006723183,5,1,0.001047288,5,1,0,0,0,0,1,1,1,1,1,1,0.022092965,-0.965476780,2.777538358,0.679381493,1,252.991317922,12,1,12,1:-1.251:2.428|2:-0.428:2.425|3:0.392:2.424|4:1.223:2.419|5:1.228:1.589|6:0.405:1.588|7:-0.440:1.588|8:-1.261:1.589|9:-1.185:4.911|10:-0.390:4.902|11:0.375:4.903|12:1.182:4.901,1,169.140592958,ready,6,6,-0.826725000,2.882473000,1,169.140556288,0,arm busy,1,169.142573560,completed,1,169.136358712,1,received,1,0.007057190,0.404347199,-0.007326126,-0.119658470,1,3.099581003,177.592909742,-0.007326126,-4.177778244,1,-2.401960373,-137.622191926,-0.002442360,1.374359131,1,0.163844109,9.387575920,-0.007326126,0.368741989,1,0.003643036,0.208730581,-0.012210846,-0.008546829,0.000000000,0.000000000,0.000000000,0.000000000,13.000000000,2.200000048,3.054326296,175.000006008,0.000000000,-3.234629154,20.000000000,8.000000000,-2.443460941,-139.999999342,0.000000000,2.209447145,20.000000000,6.500000000,0.174532920,9.999999709,0.000000000,0.305777937,8.500000000,3.200000048,0.000000000,0.000000000,0.000000000,-0.000024143,0.800000012,0.200000003
2026-07-07 00:13:39.302,1783354419.302834749,254.007017006,1,1,253.992559438,1,0.006845839,5,1,0.001059907,5,1,0,0,0,0,1,1,1,1,1,1,0.022092779,-0.963409134,2.758461902,0.680540836,1,253.991291632,12,1,12,1:-1.251:2.428|2:-0.428:2.425|3:0.392:2.424|4:1.223:2.419|5:1.228:1.589|6:0.405:1.588|7:-0.440:1.588|8:-1.261:1.589|9:-1.185:4.911|10:-0.390:4.902|11:0.375:4.903|12:1.182:4.901,1,170.140566668,ready,6,6,-0.826725000,2.882473000,1,170.140529998,0,arm busy,1,170.142547270,completed,1,170.136332422,1,received,1,0.007057190,0.404347199,-0.021978378,-0.119658470,1,3.099581003,177.592909742,-0.002442360,-4.177778244,1,-2.401960373,-137.622191926,-0.002442360,1.360683441,1,0.163844109,9.387575920,0.021978378,0.373626709,1,0.003643036,0.208730581,-0.012210846,-0.008546829,0.000000000,0.000000000,0.000000000,0.000000000,13.000000000,2.200000048,3.054326296,175.000006008,0.000000000,-3.234629154,20.000000000,8.000000000,-2.443460941,-139.999999342,0.000000000,2.209447145,20.000000000,6.500000000,0.174532920,9.999999709,0.000000000,0.305777937,8.500000000,3.200000048,0.000000000,0.000000000,0.000000000,-0.000024143,0.800000012,0.200000003
2026-07-07 00:13:40.302,1783354420.302799463,255.006981802,1,1,254.992524234,1,0.006822770,5,1,0.001045999,5,1,0,0,0,0,1,1,1,1,1,1,0.022080231,-0.970627182,2.770179917,0.680899586,1,254.991256428,12,1,12,1:-1.251:2.428|2:-0.428:2.425|3:0.392:2.424|4:1.223:2.419|5:1.228:1.589|6:0.405:1.588|7:-0.440:1.588|8:-1.261:1.589|9:-1.185:4.911|10:-0.390:4.902|11:0.375:4.903|12:1.182:4.901,1,171.140531464,ready,6,6,-0.826725000,2.882473000,1,171.140494794,0,arm busy,1,171.142512066,completed,1,171.136297218,1,received,1,0.007057190,0.404347199,0.007326126,-0.114773750,1,3.099581003,177.592909742,-0.002442360,-4.177778244,1,-2.401960373,-137.622191926,-0.002442360,1.374359131,1,0.163844109,9.387575920,-0.007326126,0.368741989,1,0.003643036,0.208730581,-0.012210846,-0.008546829,0.000000000,0.000000000,0.000000000,0.000000000,13.000000000,2.200000048,3.054326296,175.000006008,0.000000000,-3.234629154,20.000000000,8.000000000,-2.443460941,-139.999999342,0.000000000,2.209447145,20.000000000,6.500000000,0.174532920,9.999999709,0.000000000,0.305777937,8.500000000,3.200000048,0.000000000,0.000000000,0.000000000,-0.000024143,0.800000012,0.200000003
2026-07-07 00:13:41.302,1783354421.302774668,256.006957208,1,1,255.992499640,1,0.006819404,5,1,0.001078229,5,1,0,0,0,0,1,1,1,1,1,1,0.022070653,-0.964813813,2.769099123,0.679906198,1,255.991231834,12,1,12,1:-1.251:2.428|2:-0.428:2.425|3:0.392:2.424|4:1.223:2.419|5:1.228:1.589|6:0.405:1.588|7:-0.440:1.588|8:-1.261:1.589|9:-1.185:4.911|10:-0.390:4.902|11:0.375:4.903|12:1.182:4.901,1,172.140506870,ready,6,6,-0.826725000,2.882473000,1,172.140470200,0,arm busy,1,172.142487472,completed,1,172.136272624,1,received,1,0.007057190,0.404347199,-0.007326126,-0.119658470,1,3.099581003,177.592909742,-0.002442360,-4.164102554,1,-2.401960373,-137.622191926,-0.002442360,1.360683441,1,0.163844109,9.387575920,-0.007326126,0.368741989,1,0.003643036,0.208730581,-0.012210846,-0.008546829,0.000000000,0.000000000,0.000000000,0.000000000,13.000000000,2.200000048,3.054326296,175.000006008,0.000000000,-3.234629154,20.000000000,8.000000000,-2.443460941,-139.999999342,0.000000000,2.209447145,20.000000000,6.500000000,0.174532920,9.999999709,0.000000000,0.305777937,8.500000000,3.200000048,0.000000000,0.000000000,0.000000000,-0.000024143,0.800000012,0.200000003
2026-07-07 00:13:42.302,1783354422.302701473,257.006883970,1,1,256.992426402,1,0.006791355,5,1,0.000994854,5,1,0,0,0,0,1,1,1,1,1,1,0.022020164,-0.964921696,2.769985141,0.682142200,1,256.991158596,12,1,12,1:-1.251:2.428|2:-0.428:2.425|3:0.392:2.424|4:1.223:2.419|5:1.228:1.589|6:0.405:1.588|7:-0.440:1.588|8:-1.261:1.589|9:-1.185:4.911|10:-0.390:4.902|11:0.375:4.903|12:1.182:4.901,1,173.140433632,ready,6,6,-0.826725000,2.882473000,1,173.140396962,0,arm busy,1,173.142414234,completed,1,173.136199386,1,received,1,0.007057190,0.404347199,-0.007326126,-0.114773750,1,3.099581003,177.592909742,0.002442360,-4.164102554,1,-2.401960373,-137.622191926,-0.002442360,1.360683441,1,0.163844109,9.387575920,0.007326126,0.358974457,1,0.003643036,0.208730581,-0.012210846,-0.008546829,0.000000000,0.000000000,0.000000000,0.000000000,13.000000000,2.200000048,3.054326296,175.000006008,0.000000000,-3.234629154,20.000000000,8.000000000,-2.443460941,-139.999999342,0.000000000,2.209447145,20.000000000,6.500000000,0.174532920,9.999999709,0.000000000,0.305777937,8.500000000,3.200000048,0.000000000,0.000000000,0.000000000,-0.000024143,0.800000012,0.200000003
2026-07-07 00:13:43.302,1783354423.302699804,258.006882222,1,1,257.992424654,1,0.006833453,5,1,0.001055205,5,1,0,0,0,0,1,1,1,1,1,1,0.022082553,-0.964178801,2.773530763,0.680234153,1,257.991156848,12,1,12,1:-1.251:2.428|2:-0.428:2.425|3:0.392:2.424|4:1.223:2.419|5:1.228:1.589|6:0.405:1.588|7:-0.440:1.588|8:-1.261:1.589|9:-1.185:4.911|10:-0.390:4.902|11:0.375:4.903|12:1.182:4.901,1,174.140431884,ready,6,6,-0.826725000,2.882473000,1,174.140395214,0,arm busy,1,174.142412486,completed,1,174.136197638,1,received,1,0.007057190,0.404347199,0.007326126,-0.114773750,1,3.099581003,177.592909742,0.002442360,-4.164102554,1,-2.401960373,-137.622191926,0.002442360,1.360683441,1,0.163844109,9.387575920,-0.021978378,0.373626709,1,0.003643036,0.208730581,-0.036628723,-0.008546829,0.000000000,0.000000000,0.000000000,0.000000000,13.000000000,2.200000048,3.054326296,175.000006008,0.000000000,-3.234629154,20.000000000,8.000000000,-2.443460941,-139.999999342,0.000000000,2.209447145,20.000000000,6.500000000,0.174532920,9.999999709,0.000000000,0.305777937,8.500000000,3.200000048,0.000000000,0.000000000,0.000000000,-0.000024143,0.800000012,0.200000003
2026-07-07 00:13:44.302,1783354424.302732468,259.006915010,1,1,258.992457442,1,0.006648835,5,1,0.001013509,5,1,0,0,0,0,1,1,1,1,1,1,0.022153403,-0.961953924,2.767385064,0.680445137,1,258.991189636,12,1,12,1:-1.251:2.428|2:-0.428:2.425|3:0.392:2.424|4:1.223:2.419|5:1.228:1.589|6:0.405:1.588|7:-0.440:1.588|8:-1.261:1.589|9:-1.185:4.911|10:-0.390:4.902|11:0.375:4.903|12:1.182:4.901,1,175.140464672,ready,6,6,-0.826725000,2.882473000,1,175.140428002,0,arm busy,1,175.142445274,completed,1,175.136230426,1,received,1,0.007057190,0.404347199,0.007326126,-0.119658470,1,3.099581003,177.592909742,-0.002442360,-4.164102554,1,-2.401960373,-137.622191926,-0.002442360,1.360683441,1,0.163844109,9.387575920,0.007326126,0.368741989,1,0.003643036,0.208730581,-0.012210846,-0.008546829,0.000000000,0.000000000,0.000000000,0.000000000,13.000000000,2.200000048,3.054326296,175.000006008,0.000000000,-3.234629154,20.000000000,8.000000000,-2.443460941,-139.999999342,0.000000000,2.209447145,20.000000000,6.500000000,0.174532920,9.999999709,0.000000000,0.305777937,8.500000000,3.200000048,0.000000000,0.000000000,0.000000000,-0.000024143,0.800000012,0.200000003
2026-07-07 00:13:45.302,1783354425.302693367,260.006875850,1,1,259.992418282,1,0.006528309,5,1,0.001040983,5,1,0,0,0,0,1,1,1,1,1,1,0.022139329,-0.965769057,2.775371561,0.679609205,1,259.991150476,12,1,12,1:-1.251:2.428|2:-0.428:2.425|3:0.392:2.424|4:1.223:2.419|5:1.228:1.589|6:0.405:1.588|7:-0.440:1.588|8:-1.261:1.589|9:-1.185:4.911|10:-0.390:4.902|11:0.375:4.903|12:1.182:4.901,1,176.140425512,ready,6,6,-0.826725000,2.882473000,1,176.140388842,0,arm busy,1,176.142406114,completed,1,176.136191266,1,received,1,0.007057190,0.404347199,-0.007326126,-0.119658470,1,3.099581003,177.592909742,-0.002442360,-4.164102554,1,-2.401960373,-137.622191926,-0.002442360,1.360683441,1,0.163844109,9.387575920,-0.007326126,0.363858223,1,0.003643036,0.208730581,-0.012210846,-0.008546829,0.000000000,0.000000000,0.000000000,0.000000000,13.000000000,2.200000048,3.054326296,175.000006008,0.000000000,-3.234629154,20.000000000,8.000000000,-2.443460941,-139.999999342,0.000000000,2.209447145,20.000000000,6.500000000,0.174532920,9.999999709,0.000000000,0.305777937,8.500000000,3.200000048,0.000000000,0.000000000,0.000000000,-0.000024143,0.800000012,0.200000003
2026-07-07 00:13:46.302,1783354426.302629709,261.006811985,1,1,260.992354417,1,0.006715561,5,1,0.001098971,5,1,0,0,0,0,1,1,1,1,1,1,0.022148153,-0.964511023,2.773928275,0.679381697,1,260.991086611,12,1,12,1:-1.251:2.428|2:-0.428:2.425|3:0.392:2.424|4:1.223:2.419|5:1.228:1.589|6:0.405:1.588|7:-0.440:1.588|8:-1.261:1.589|9:-1.185:4.911|10:-0.390:4.902|11:0.375:4.903|12:1.182:4.901,1,177.140361647,ready,6,6,-0.826725000,2.882473000,1,177.140324977,0,arm busy,1,177.142342249,completed,1,177.136127401,1,received,1,0.007057190,0.404347199,-0.007326126,-0.119658470,1,3.099581003,177.592909742,-0.002442360,-4.164102554,1,-2.401960373,-137.622191926,-0.002442360,1.360683441,1,0.163844109,9.387575920,-0.021978378,0.358974457,1,0.003643036,0.208730581,-0.012210846,-0.008546829,0.000000000,0.000000000,0.000000000,0.000000000,13.000000000,2.200000048,3.054326296,175.000006008,0.000000000,-3.234629154,20.000000000,8.000000000,-2.443460941,-139.999999342,0.000000000,2.209447145,20.000000000,6.500000000,0.174532920,9.999999709,0.000000000,0.305777937,8.500000000,3.200000048,0.000000000,0.000000000,0.000000000,-0.000024143,0.800000012,0.200000003
2026-07-07 00:13:47.302,1783354427.302634239,262.006816568,1,1,261.992359000,1,0.006552061,5,1,0.000897154,5,1,0,0,0,0,1,1,1,1,1,1,0.022002062,-0.967775385,2.769848007,0.680500015,1,261.991091194,12,1,12,1:-1.251:2.428|2:-0.428:2.425|3:0.392:2.424|4:1.223:2.419|5:1.228:1.589|6:0.405:1.588|7:-0.440:1.588|8:-1.261:1.589|9:-1.185:4.911|10:-0.390:4.902|11:0.375:4.903|12:1.182:4.901,1,178.140366230,ready,6,6,-0.826725000,2.882473000,1,178.140329560,0,arm busy,1,178.142346832,completed,1,178.136131984,1,received,1,0.007057190,0.404347199,-0.021978378,-0.124542236,1,3.099581003,177.592909742,-0.002442360,-4.177778244,1,-2.401960373,-137.622191926,-0.002442360,1.374359131,1,0.163844109,9.387575920,0.007326126,0.373626709,1,0.003643036,0.208730581,0.012210846,-0.006104946,0.000000000,0.000000000,0.000000000,0.000000000,13.000000000,2.200000048,3.054326296,175.000006008,0.000000000,-3.234629154,20.000000000,8.000000000,-2.443460941,-139.999999342,0.000000000,2.209447145,20.000000000,6.500000000,0.174532920,9.999999709,0.000000000,0.305777937,8.500000000,3.200000048,0.000000000,0.000000000,0.000000000,-0.000024143,0.800000012,0.200000003
2026-07-07 00:13:48.302,1783354428.302678108,263.006860264,1,1,262.992402696,1,0.006929012,5,1,0.001145200,5,1,0,0,0,0,1,1,1,1,1,1,0.022224035,-0.972261644,2.772559651,0.679023701,1,262.991134890,12,1,12,1:-1.251:2.428|2:-0.428:2.425|3:0.392:2.424|4:1.223:2.419|5:1.228:1.589|6:0.405:1.588|7:-0.440:1.588|8:-1.261:1.589|9:-1.185:4.911|10:-0.390:4.902|11:0.375:4.903|12:1.182:4.901,1,179.140409926,ready,6,6,-0.826725000,2.882473000,1,179.140373256,0,arm busy,1,179.142390528,completed,1,179.136175680,1,received,1,0.007057190,0.404347199,-0.007326126,-0.114773750,1,3.099581003,177.592909742,-0.002442360,-4.177778244,1,-2.401960373,-137.622191926,-0.002442360,1.360683441,1,0.163844109,9.387575920,-0.007326126,0.363858223,1,0.003643036,0.208730581,-0.012210846,-0.008546829,0.000000000,0.000000000,0.000000000,0.000000000,13.000000000,2.200000048,3.054326296,175.000006008,0.000000000,-3.234629154,20.000000000,8.000000000,-2.443460941,-139.999999342,0.000000000,2.209447145,20.000000000,6.500000000,0.174532920,9.999999709,0.000000000,0.305777937,8.500000000,3.200000048,0.000000000,0.000000000,0.000000000,-0.000024143,0.800000012,0.200000003
2026-07-07 00:13:49.302,1783354429.302575350,264.006757778,1,1,263.992300210,1,0.006769542,5,1,0.001122750,5,1,0,0,0,0,1,1,1,1,1,1,0.022002806,-0.971129451,2.775705971,0.679340256,1,263.991032404,12,1,12,1:-1.251:2.428|2:-0.428:2.425|3:0.392:2.424|4:1.223:2.419|5:1.228:1.589|6:0.405:1.588|7:-0.440:1.588|8:-1.261:1.589|9:-1.185:4.911|10:-0.390:4.902|11:0.375:4.903|12:1.182:4.901,1,180.140307440,ready,6,6,-0.826725000,2.882473000,1,180.140270770,0,arm busy,1,180.142288042,completed,1,180.136073194,1,received,1,0.007057190,0.404347199,-0.007326126,-0.119658470,1,3.099581003,177.592909742,-0.002442360,-4.164102554,1,-2.401960373,-137.622191926,-0.002442360,1.360683441,1,0.163844109,9.387575920,-0.007326126,0.363858223,1,0.003643036,0.208730581,-0.012210846,-0.008546829,0.000000000,0.000000000,0.000000000,0.000000000,13.000000000,2.200000048,3.054326296,175.000006008,0.000000000,-3.234629154,20.000000000,8.000000000,-2.443460941,-139.999999342,0.000000000,2.209447145,20.000000000,6.500000000,0.174532920,9.999999709,0.000000000,0.305777937,8.500000000,3.200000048,0.000000000,0.000000000,0.000000000,-0.000024143,0.800000012,0.200000003
2026-07-07 00:13:50.302,1783354430.302523136,265.006705455,1,1,264.992247887,1,0.006284411,5,1,0.001066537,5,1,0,0,0,0,1,1,1,1,1,1,0.022091492,-0.973099852,2.769982415,0.680128452,1,264.990980081,12,1,12,1:-1.251:2.428|2:-0.428:2.425|3:0.392:2.424|4:1.223:2.419|5:1.228:1.589|6:0.405:1.588|7:-0.440:1.588|8:-1.261:1.589|9:-1.185:4.911|10:-0.390:4.902|11:0.375:4.903|12:1.182:4.901,1,181.140255117,ready,6,6,-0.826725000,2.882473000,1,181.140218447,0,arm busy,1,181.142235719,completed,1,181.136020871,1,received,1,0.007057190,0.404347199,0.007326126,-0.119658470,1,3.099581003,177.592909742,-0.002442360,-4.164102554,1,-2.401960373,-137.622191926,-0.002442360,1.360683441,1,0.163844109,9.387575920,0.007326126,0.373626709,1,0.003643036,0.208730581,0.012210846,-0.008546829,0.000000000,0.000000000,0.000000000,0.000000000,13.000000000,2.200000048,3.054326296,175.000006008,0.000000000,-3.234629154,20.000000000,8.000000000,-2.443460941,-139.999999342,0.000000000,2.209447145,20.000000000,6.500000000,0.174532920,9.999999709,0.000000000,0.305777937,8.500000000,3.200000048,0.000000000,0.000000000,0.000000000,-0.000024143,0.800000012,0.200000003
2026-07-07 00:13:51.302,1783354431.302494764,266.006677135,1,1,265.992219567,1,0.006565389,5,1,0.001102527,5,1,0,0,0,0,1,1,1,1,1,1,0.022106311,-0.962861018,2.769600002,0.679257398,1,265.990951761,12,1,12,1:-1.251:2.428|2:-0.428:2.425|3:0.392:2.424|4:1.223:2.419|5:1.228:1.589|6:0.405:1.588|7:-0.440:1.588|8:-1.261:1.589|9:-1.185:4.911|10:-0.390:4.902|11:0.375:4.903|12:1.182:4.901,1,182.140226797,ready,6,6,-0.826725000,2.882473000,1,182.140190127,0,arm busy,1,182.142207399,completed,1,182.135992551,1,received,1,0.007057190,0.404347199,-0.007326126,-0.114773750,1,3.099581003,177.592909742,-0.002442360,-4.164102554,1,-2.401960373,-137.622191926,-0.002442360,1.360683441,1,0.163844109,9.387575920,-0.007326126,0.368741989,1,0.003643036,0.208730581,0.012210846,-0.008546829,0.000000000,0.000000000,0.000000000,0.000000000,13.000000000,2.200000048,3.054326296,175.000006008,0.000000000,-3.234629154,20.000000000,8.000000000,-2.443460941,-139.999999342,0.000000000,2.209447145,20.000000000,6.500000000,0.174532920,9.999999709,0.000000000,0.305777937,8.500000000,3.200000048,0.000000000,0.000000000,0.000000000,-0.000024143,0.800000012,0.200000003
2026-07-07 00:13:52.302,1783354432.302459478,267.006641760,1,1,266.992184192,1,0.006590889,5,1,0.001107329,5,1,0,0,0,0,1,1,1,1,1,1,0.022061655,-0.969278517,2.773710055,0.679874251,1,266.990916386,12,1,12,1:-1.251:2.428|2:-0.428:2.425|3:0.392:2.424|4:1.223:2.419|5:1.228:1.589|6:0.405:1.588|7:-0.440:1.588|8:-1.261:1.589|9:-1.185:4.911|10:-0.390:4.902|11:0.375:4.903|12:1.182:4.901,1,183.140191422,ready,6,6,-0.826725000,2.882473000,1,183.140154752,0,arm busy,1,183.142172024,completed,1,183.135957176,1,received,1,0.007057190,0.404347199,0.007326126,-0.114773750,1,3.099581003,177.592909742,-0.002442360,-4.164102554,1,-2.401960373,-137.622191926,-0.007326126,1.360683441,1,0.163462639,9.365719314,-0.021978378,0.373626709,1,0.003643036,0.208730581,0.012210846,-0.006104946,0.000000000,0.000000000,0.000000000,0.000000000,13.000000000,2.200000048,3.054326296,175.000006008,0.000000000,-3.234629154,20.000000000,8.000000000,-2.443460941,-139.999999342,0.000000000,2.209447145,20.000000000,6.500000000,0.174532920,9.999999709,0.000000000,0.305777937,8.500000000,3.200000048,0.000000000,0.000000000,0.000000000,-0.000024143,0.800000012,0.200000003
2026-07-07 00:13:53.302,1783354433.302431822,268.006614063,1,1,267.992156495,1,0.006477350,5,1,0.001092239,5,1,0,0,0,0,1,1,1,1,1,1,0.022100371,-0.972878853,2.777243670,0.679315295,1,267.990888689,12,1,12,1:-1.251:2.428|2:-0.428:2.425|3:0.392:2.424|4:1.223:2.419|5:1.228:1.589|6:0.405:1.588|7:-0.440:1.588|8:-1.261:1.589|9:-1.185:4.911|10:-0.390:4.902|11:0.375:4.903|12:1.182:4.901,1,184.140163725,ready,6,6,-0.826725000,2.882473000,1,184.140127055,0,arm busy,1,184.142144327,completed,1,184.135929479,1,received,1,0.007057190,0.404347199,-0.007326126,-0.114773750,1,3.099581003,177.592909742,-0.002442360,-4.177778244,1,-2.401960373,-137.622191926,0.002442360,1.360683441,1,0.163844109,9.387575920,-0.021978378,0.358974457,1,0.003643036,0.208730581,0.012210846,-0.008546829,0.000000000,0.000000000,0.000000000,0.000000000,13.000000000,2.200000048,3.054326296,175.000006008,0.000000000,-3.234629154,20.000000000,8.000000000,-2.443460941,-139.999999342,0.000000000,2.209447145,20.000000000,6.500000000,0.174532920,9.999999709,0.000000000,0.305777937,8.500000000,3.200000048,0.000000000,0.000000000,0.000000000,-0.000024143,0.800000012,0.200000003
2026-07-07 00:13:54.302,1783354434.302436113,269.006618357,1,1,268.992160789,1,0.006392049,5,1,0.000977636,5,1,0,0,0,0,1,1,1,1,1,1,0.022069187,-0.963821070,2.767070086,0.679567040,1,268.990892983,12,1,12,1:-1.251:2.428|2:-0.428:2.425|3:0.392:2.424|4:1.223:2.419|5:1.228:1.589|6:0.405:1.588|7:-0.440:1.588|8:-1.261:1.589|9:-1.185:4.911|10:-0.390:4.902|11:0.375:4.903|12:1.182:4.901,1,185.140168019,ready,6,6,-0.826725000,2.882473000,1,185.140131349,0,arm busy,1,185.142148621,completed,1,185.135933773,1,received,0,0.007057190,0.404347199,0.007326126,-0.114773750,0,3.099581003,177.592909742,-0.002442360,-4.177778244,0,-2.401960373,-137.622191926,-0.002442360,1.374359131,0,0.163844109,9.387575920,-0.007326126,0.368741989,0,0.003643036,0.208730581,-0.012210846,-0.008546829,0.000000000,0.000000000,0.000000000,0.000000000,13.000000000,2.200000048,3.054326296,175.000006008,0.000000000,-3.234629154,20.000000000,8.000000000,-2.443460941,-139.999999342,0.000000000,2.209447145,20.000000000,6.500000000,0.174532920,9.999999709,0.000000000,0.305777937,8.500000000,3.200000048,0.000000000,0.000000000,0.000000000,-0.000024143,0.800000012,0.200000003
2026-07-07 00:13:55.302,1783354435.302405834,270.006588351,1,1,269.992130783,1,0.006305871,5,1,0.001081927,5,1,0,0,0,0,1,1,1,1,1,1,0.022131920,-0.969645779,2.771882495,0.679927679,1,269.990862977,12,1,12,1:-1.251:2.428|2:-0.428:2.425|3:0.392:2.424|4:1.223:2.419|5:1.228:1.589|6:0.405:1.588|7:-0.440:1.588|8:-1.261:1.589|9:-1.185:4.911|10:-0.390:4.902|11:0.375:4.903|12:1.182:4.901,1,186.140138013,ready,6,6,-0.826725000,2.882473000,1,186.140101343,0,arm busy,1,186.142118615,completed,1,186.135903767,1,received,1,0.007057190,0.404347199,-0.007326126,-0.119658470,1,3.099581003,177.592909742,-0.002442360,-4.164102554,1,-2.401960373,-137.622191926,0.002442360,1.360683441,1,0.163844109,9.387575920,-0.007326126,0.373626709,1,0.003643036,0.208730581,0.012210846,-0.008546829,0.000000000,0.000000000,0.000000000,0.000000000,13.000000000,2.200000048,3.054326296,175.000006008,0.000000000,-3.234629154,20.000000000,8.000000000,-2.443460941,-139.999999342,0.000000000,2.209447145,20.000000000,6.500000000,0.174532920,9.999999709,0.000000000,0.305777937,8.500000000,3.200000048,0.000000000,0.000000000,0.000000000,-0.000024143,0.800000012,0.200000003
2026-07-07 00:13:56.302,1783354436.302348137,271.006530432,1,1,270.992072864,1,0.006425481,5,1,0.001101419,5,1,0,0,0,0,1,1,1,1,1,1,0.022143070,-0.962920092,2.765910968,0.680776637,1,270.990805058,12,1,12,1:-1.251:2.428|2:-0.428:2.425|3:0.392:2.424|4:1.223:2.419|5:1.228:1.589|6:0.405:1.588|7:-0.440:1.588|8:-1.261:1.589|9:-1.185:4.911|10:-0.390:4.902|11:0.375:4.903|12:1.182:4.901,1,187.140080094,ready,6,6,-0.826725000,2.882473000,1,187.140043424,0,arm busy,1,187.142060696,completed,1,187.135845848,1,received,1,0.007057190,0.404347199,-0.007326126,-0.119658470,1,3.099581003,177.592909742,-0.002442360,-4.164102554,1,-2.401960373,-137.622191926,-0.002442360,1.360683441,1,0.163844109,9.387575920,0.007326126,0.373626709,1,0.003643036,0.208730581,-0.036628723,-0.008546829,0.000000000,0.000000000,0.000000000,0.000000000,13.000000000,2.200000048,3.054326296,175.000006008,0.000000000,-3.234629154,20.000000000,8.000000000,-2.443460941,-139.999999342,0.000000000,2.209447145,20.000000000,6.500000000,0.174532920,9.999999709,0.000000000,0.305777937,8.500000000,3.200000048,0.000000000,0.000000000,0.000000000,-0.000024143,0.800000012,0.200000003
2026-07-07 00:13:57.302,1783354437.302318335,272.006500662,1,1,271.992043094,1,0.006562416,5,1,0.001111042,5,1,0,0,0,0,1,1,1,1,1,1,0.022075113,-0.966611435,2.775212301,0.678966713,1,271.990775288,12,1,12,1:-1.251:2.428|2:-0.428:2.425|3:0.392:2.424|4:1.223:2.419|5:1.228:1.589|6:0.405:1.588|7:-0.440:1.588|8:-1.261:1.589|9:-1.185:4.911|10:-0.390:4.902|11:0.375:4.903|12:1.182:4.901,1,188.140050324,ready,6,6,-0.826725000,2.882473000,1,188.140013654,0,arm busy,1,188.142030926,completed,1,188.135816078,1,received,1,0.007057190,0.404347199,-0.021978378,-0.114773750,1,3.099581003,177.592909742,0.002442360,-4.150426865,1,-2.401960373,-137.622191926,-0.002442360,1.360683441,1,0.163844109,9.387575920,-0.007326126,0.363858223,1,0.003643036,0.208730581,-0.061050415,-0.008546829,0.000000000,0.000000000,0.000000000,0.000000000,13.000000000,2.200000048,3.054326296,175.000006008,0.000000000,-3.234629154,20.000000000,8.000000000,-2.443460941,-139.999999342,0.000000000,2.209447145,20.000000000,6.500000000,0.174532920,9.999999709,0.000000000,0.305777937,8.500000000,3.200000048,0.000000000,0.000000000,0.000000000,-0.000024143,0.800000012,0.200000003
2026-07-07 00:13:58.302,1783354438.302325010,273.006507330,1,1,272.992049762,1,0.006601607,5,1,0.001094702,5,1,0,0,0,0,1,1,1,1,1,1,0.022002995,-0.973298449,2.778164833,0.679481931,1,272.990781956,12,1,12,1:-1.251:2.428|2:-0.428:2.425|3:0.392:2.424|4:1.223:2.419|5:1.228:1.589|6:0.405:1.588|7:-0.440:1.588|8:-1.261:1.589|9:-1.185:4.911|10:-0.390:4.902|11:0.375:4.903|12:1.182:4.901,1,189.140056992,ready,6,6,-0.826725000,2.882473000,1,189.140020322,0,arm busy,1,189.142037594,completed,1,189.135822746,1,received,1,0.007057190,0.404347199,-0.021978378,-0.114773750,1,3.099581003,177.592909742,-0.002442360,-4.150426865,1,-2.401960373,-137.622191926,-0.002442360,1.360683441,1,0.163844109,9.387575920,-0.007326126,0.363858223,1,0.003643036,0.208730581,-0.036628723,-0.008546829,0.000000000,0.000000000,0.000000000,0.000000000,13.000000000,2.200000048,3.054326296,175.000006008,0.000000000,-3.234629154,20.000000000,8.000000000,-2.443460941,-139.999999342,0.000000000,2.209447145,20.000000000,6.500000000,0.174532920,9.999999709,0.000000000,0.305777937,8.500000000,3.200000048,0.000000000,0.000000000,0.000000000,-0.000024143,0.800000012,0.200000003
2026-07-07 00:13:59.302,1783354439.302304745,274.006487084,1,1,273.992029516,1,0.006467596,5,1,0.001118084,5,1,0,0,0,0,1,1,1,1,1,1,0.022125524,-0.966429064,2.774109055,0.678599395,1,273.990761710,12,1,12,1:-1.251:2.428|2:-0.428:2.425|3:0.392:2.424|4:1.223:2.419|5:1.228:1.589|6:0.405:1.588|7:-0.440:1.588|8:-1.261:1.589|9:-1.185:4.911|10:-0.390:4.902|11:0.375:4.903|12:1.182:4.901,1,190.140036746,ready,6,6,-0.826725000,2.882473000,1,190.140000076,0,arm busy,1,190.142017348,completed,1,190.135802500,1,received,1,0.007057190,0.404347199,0.007326126,-0.119658470,1,3.099581003,177.592909742,-0.002442360,-4.164102554,1,-2.401960373,-137.622191926,-0.002442360,1.374359131,1,0.163844109,9.387575920,-0.007326126,0.368741989,1,0.003643036,0.208730581,0.012210846,-0.008546829,0.000000000,0.000000000,0.000000000,0.000000000,13.000000000,2.200000048,3.054326296,175.000006008,0.000000000,-3.234629154,20.000000000,8.000000000,-2.443460941,-139.999999342,0.000000000,2.209447145,20.000000000,6.500000000,0.174532920,9.999999709,0.000000000,0.305777937,8.500000000,3.200000048,0.000000000,0.000000000,0.000000000,-0.000024143,0.800000012,0.200000003
2026-07-07 00:14:00.302,1783354440.302271605,275.006453951,1,1,274.991996383,1,0.006606886,5,1,0.001151499,5,1,0,0,0,0,1,1,1,1,1,1,0.022060594,-0.962091325,2.773191683,0.680070291,1,274.990728577,12,1,12,1:-1.251:2.428|2:-0.428:2.425|3:0.392:2.424|4:1.223:2.419|5:1.228:1.589|6:0.405:1.588|7:-0.440:1.588|8:-1.261:1.589|9:-1.185:4.911|10:-0.390:4.902|11:0.375:4.903|12:1.182:4.901,1,191.140003613,ready,6,6,-0.826725000,2.882473000,1,191.139966943,0,arm busy,1,191.141984215,completed,1,191.135769367,1,received,1,0.007057190,0.404347199,-0.021978378,-0.114773750,1,3.099581003,177.592909742,-0.007326126,-4.164102554,1,-2.401960373,-137.622191926,-0.007326126,1.360683441,1,0.163844109,9.387575920,-0.007326126,0.368741989,1,0.003643036,0.208730581,-0.036628723,-0.008546829,0.000000000,0.000000000,0.000000000,0.000000000,13.000000000,2.200000048,3.054326296,175.000006008,0.000000000,-3.234629154,20.000000000,8.000000000,-2.443460941,-139.999999342,0.000000000,2.209447145,20.000000000,6.500000000,0.174532920,9.999999709,0.000000000,0.305777937,8.500000000,3.200000048,0.000000000,0.000000000,0.000000000,-0.000024143,0.800000012,0.200000003
2026-07-07 00:14:01.302,1783354441.302205801,276.006387955,1,1,275.991930387,1,0.006696419,5,1,0.001109594,5,1,0,0,0,0,1,1,1,1,1,1,0.022106358,-0.966292082,2.766951279,0.679451006,1,275.990662581,12,1,12,1:-1.251:2.428|2:-0.428:2.425|3:0.392:2.424|4:1.223:2.419|5:1.228:1.589|6:0.405:1.588|7:-0.440:1.588|8:-1.261:1.589|9:-1.185:4.911|10:-0.390:4.902|11:0.375:4.903|12:1.182:4.901,1,192.139937617,ready,6,6,-0.826725000,2.882473000,1,192.139900947,0,arm busy,1,192.141918219,completed,1,192.135703371,1,received,1,0.007057190,0.404347199,-0.007326126,-0.119658470,1,3.099581003,177.592909742,-0.002442360,-4.164102554,1,-2.401960373,-137.622191926,-0.007326126,1.360683441,1,0.163844109,9.387575920,-0.007326126,0.373626709,1,0.003643036,0.208730581,-0.036628723,-0.006104946,0.000000000,0.000000000,0.000000000,0.000000000,13.000000000,2.200000048,3.054326296,175.000006008,0.000000000,-3.234629154,20.000000000,8.000000000,-2.443460941,-139.999999342,0.000000000,2.209447145,20.000000000,6.500000000,0.174532920,9.999999709,0.000000000,0.305777937,8.500000000,3.200000048,0.000000000,0.000000000,0.000000000,-0.000024143,0.800000012,0.200000003
2026-07-07 00:14:02.302,1783354442.302177906,277.006360121,1,1,276.991902553,1,0.006372411,5,1,0.001048535,5,1,0,0,0,0,1,1,1,1,1,1,0.022086741,-0.969472129,2.767318257,0.680308108,1,276.990634747,12,1,12,1:-1.251:2.428|2:-0.428:2.425|3:0.392:2.424|4:1.223:2.419|5:1.228:1.589|6:0.405:1.588|7:-0.440:1.588|8:-1.261:1.589|9:-1.185:4.911|10:-0.390:4.902|11:0.375:4.903|12:1.182:4.901,1,193.139909783,ready,6,6,-0.826725000,2.882473000,1,193.139873113,0,arm busy,1,193.141890385,completed,1,193.135675537,1,received,1,0.007057190,0.404347199,-0.007326126,-0.119658470,1,3.099581003,177.592909742,-0.002442360,-4.164102554,1,-2.401960373,-137.622191926,-0.002442360,1.360683441,1,0.163844109,9.387575920,-0.021978378,0.373626709,1,0.003643036,0.208730581,-0.012210846,-0.008546829,0.000000000,0.000000000,0.000000000,0.000000000,13.000000000,2.200000048,3.054326296,175.000006008,0.000000000,-3.234629154,20.000000000,8.000000000,-2.443460941,-139.999999342,0.000000000,2.209447145,20.000000000,6.500000000,0.174532920,9.999999709,0.000000000,0.305777937,8.500000000,3.200000048,0.000000000,0.000000000,0.000000000,-0.000024143,0.800000012,0.200000003
2026-07-07 00:14:03.302,1783354443.302178860,278.006361200,1,1,277.991903632,1,0.006405451,5,1,0.001128075,5,1,0,0,0,0,1,1,1,1,1,1,0.022075307,-0.962627640,2.771649531,0.679935931,1,277.990635826,12,1,12,1:-1.251:2.428|2:-0.428:2.425|3:0.392:2.424|4:1.223:2.419|5:1.228:1.589|6:0.405:1.588|7:-0.440:1.588|8:-1.261:1.589|9:-1.185:4.911|10:-0.390:4.902|11:0.375:4.903|12:1.182:4.901,1,194.139910862,ready,6,6,-0.826725000,2.882473000,1,194.139874192,0,arm busy,1,194.141891464,completed,1,194.135676616,1,received,1,0.007057190,0.404347199,-0.007326126,-0.119658470,1,3.099581003,177.592909742,-0.002442360,-4.164102554,1,-2.401960373,-137.622191926,-0.002442360,1.360683441,1,0.163844109,9.387575920,-0.007326126,0.363858223,1,0.003643036,0.208730581,-0.036628723,-0.008546829,0.000000000,0.000000000,0.000000000,0.000000000,13.000000000,2.200000048,3.054326296,175.000006008,0.000000000,-3.234629154,20.000000000,8.000000000,-2.443460941,-139.999999342,0.000000000,2.209447145,20.000000000,6.500000000,0.174532920,9.999999709,0.000000000,0.305777937,8.500000000,3.200000048,0.000000000,0.000000000,0.000000000,-0.000024143,0.800000012,0.200000003
2026-07-07 00:14:04.302,1783354444.302116632,279.006298860,1,1,278.991841292,1,0.006309487,5,1,0.001110942,5,1,0,0,0,0,1,1,1,1,1,1,0.022082669,-0.966705746,2.773257593,0.678830447,1,278.990573486,12,1,12,1:-1.251:2.428|2:-0.428:2.425|3:0.392:2.424|4:1.223:2.419|5:1.228:1.589|6:0.405:1.588|7:-0.440:1.588|8:-1.261:1.589|9:-1.185:4.911|10:-0.390:4.902|11:0.375:4.903|12:1.182:4.901,1,195.139848522,ready,6,6,-0.826725000,2.882473000,1,195.139811852,0,arm busy,1,195.141829124,completed,1,195.135614276,1,received,1,0.007057190,0.404347199,-0.007326126,-0.114773750,1,3.099581003,177.592909742,-0.002442360,-4.164102554,1,-2.401960373,-137.622191926,-0.002442360,1.360683441,1,0.163844109,9.387575920,-0.007326126,0.363858223,1,0.003643036,0.208730581,-0.012210846,-0.008546829,0.000000000,0.000000000,0.000000000,0.000000000,13.000000000,2.200000048,3.054326296,175.000006008,0.000000000,-3.234629154,20.000000000,8.000000000,-2.443460941,-139.999999342,0.000000000,2.209447145,20.000000000,6.500000000,0.174532920,9.999999709,0.000000000,0.305777937,8.500000000,3.200000048,0.000000000,0.000000000,0.000000000,-0.000024143,0.800000012,0.200000003
2026-07-07 00:14:05.302,1783354445.302121401,280.006303835,1,1,279.991846267,1,0.006404502,5,1,0.001068124,5,1,0,0,0,0,1,1,1,1,1,1,0.022079661,-0.968802947,2.770237362,0.680200993,1,279.990578461,12,1,12,1:-1.251:2.428|2:-0.428:2.425|3:0.392:2.424|4:1.223:2.419|5:1.228:1.589|6:0.405:1.588|7:-0.440:1.588|8:-1.261:1.589|9:-1.185:4.911|10:-0.390:4.902|11:0.375:4.903|12:1.182:4.901,1,196.139853497,ready,6,6,-0.826725000,2.882473000,1,196.139816827,0,arm busy,1,196.141834099,completed,1,196.135619251,1,received,1,0.007057190,0.404347199,-0.021978378,-0.119658470,1,3.099581003,177.592909742,-0.007326126,-4.164102554,1,-2.401960373,-137.622191926,-0.002442360,1.374359131,1,0.163844109,9.387575920,-0.007326126,0.368741989,1,0.003643036,0.208730581,-0.012210846,-0.008546829,0.000000000,0.000000000,0.000000000,0.000000000,13.000000000,2.200000048,3.054326296,175.000006008,0.000000000,-3.234629154,20.000000000,8.000000000,-2.443460941,-139.999999342,0.000000000,2.209447145,20.000000000,6.500000000,0.174532920,9.999999709,0.000000000,0.305777937,8.500000000,3.200000048,0.000000000,0.000000000,0.000000000,-0.000024143,0.800000012,0.200000003
2026-07-07 00:14:06.302,1783354446.302056789,281.006239195,1,1,280.991781627,1,0.006532578,5,1,0.001107727,5,1,0,0,0,0,1,1,1,1,1,1,0.021824596,-0.960417990,2.771356787,0.679689881,1,280.990513821,12,1,12,1:-1.251:2.428|2:-0.428:2.425|3:0.392:2.424|4:1.223:2.419|5:1.228:1.589|6:0.405:1.588|7:-0.440:1.588|8:-1.261:1.589|9:-1.185:4.911|10:-0.390:4.902|11:0.375:4.903|12:1.182:4.901,1,197.139788857,ready,6,6,-0.826725000,2.882473000,1,197.139752187,0,arm busy,1,197.141769459,completed,1,197.135554611,1,received,1,0.007057190,0.404347199,-0.021978378,-0.119658470,1,3.099581003,177.592909742,-0.002442360,-4.164102554,1,-2.401960373,-137.622191926,0.002442360,1.360683441,1,0.163844109,9.387575920,-0.007326126,0.368741989,1,0.003643036,0.208730581,-0.012210846,-0.008546829,0.000000000,0.000000000,0.000000000,0.000000000,13.000000000,2.200000048,3.054326296,175.000006008,0.000000000,-3.234629154,20.000000000,8.000000000,-2.443460941,-139.999999342,0.000000000,2.209447145,20.000000000,6.500000000,0.174532920,9.999999709,0.000000000,0.305777937,8.500000000,3.200000048,0.000000000,0.000000000,0.000000000,-0.000024143,0.800000012,0.200000003
2026-07-07 00:14:07.302,1783354447.302039385,282.006221752,1,1,281.991764184,1,0.006665874,5,1,0.001121604,5,1,0,0,0,0,1,1,1,1,1,1,0.022001650,-0.965638589,2.768634858,0.680669867,1,281.990496378,12,1,12,1:-1.251:2.428|2:-0.428:2.425|3:0.392:2.424|4:1.223:2.419|5:1.228:1.589|6:0.405:1.588|7:-0.440:1.588|8:-1.261:1.589|9:-1.185:4.911|10:-0.390:4.902|11:0.375:4.903|12:1.182:4.901,1,198.139771414,ready,6,6,-0.826725000,2.882473000,1,198.139734744,0,arm busy,1,198.141752016,completed,1,198.135537168,1,received,1,0.007057190,0.404347199,-0.021978378,-0.119658470,1,3.099581003,177.592909742,-0.007326126,-4.177778244,1,-2.401960373,-137.622191926,-0.002442360,1.360683441,1,0.163844109,9.387575920,-0.007326126,0.368741989,1,0.003643036,0.208730581,-0.036628723,-0.008546829,0.000000000,0.000000000,0.000000000,0.000000000,13.000000000,2.200000048,3.054326296,175.000006008,0.000000000,-3.234629154,20.000000000,8.000000000,-2.443460941,-139.999999342,0.000000000,2.209447145,20.000000000,6.500000000,0.174532920,9.999999709,0.000000000,0.305777937,8.500000000,3.200000048,0.000000000,0.000000000,0.000000000,-0.000024143,0.800000012,0.200000003
2026-07-07 00:14:08.302,1783354448.302008867,283.006191324,1,1,282.991733756,1,0.006279585,5,1,0.000996098,5,1,0,0,0,0,1,1,1,1,1,1,0.022087473,-0.968748427,2.767165226,0.679946275,1,282.990465950,12,1,12,1:-1.251:2.428|2:-0.428:2.425|3:0.392:2.424|4:1.223:2.419|5:1.228:1.589|6:0.405:1.588|7:-0.440:1.588|8:-1.261:1.589|9:-1.185:4.911|10:-0.390:4.902|11:0.375:4.903|12:1.182:4.901,1,199.139740986,ready,6,6,-0.826725000,2.882473000,1,199.139704316,0,arm busy,1,199.141721588,completed,1,199.135506740,1,received,1,0.007057190,0.404347199,-0.021978378,-0.119658470,1,3.099581003,177.592909742,-0.002442360,-4.164102554,1,-2.401960373,-137.622191926,-0.007326126,1.374359131,1,0.163844109,9.387575920,-0.007326126,0.368741989,1,0.003643036,0.208730581,-0.012210846,-0.008546829,0.000000000,0.000000000,0.000000000,0.000000000,13.000000000,2.200000048,3.054326296,175.000006008,0.000000000,-3.234629154,20.000000000,8.000000000,-2.443460941,-139.999999342,0.000000000,2.209447145,20.000000000,6.500000000,0.174532920,9.999999709,0.000000000,0.305777937,8.500000000,3.200000048,0.000000000,0.000000000,0.000000000,-0.000024143,0.800000012,0.200000003
2026-07-07 00:14:09.302,1783354449.302001715,284.006184085,1,1,283.991726517,1,0.006373518,5,1,0.001141548,5,1,0,0,0,0,1,1,1,1,1,1,0.021905838,-0.962120559,2.771781591,0.679165139,1,283.990458711,12,1,12,1:-1.251:2.428|2:-0.428:2.425|3:0.392:2.424|4:1.223:2.419|5:1.228:1.589|6:0.405:1.588|7:-0.440:1.588|8:-1.261:1.589|9:-1.185:4.911|10:-0.390:4.902|11:0.375:4.903|12:1.182:4.901,1,200.139733747,ready,6,6,-0.826725000,2.882473000,1,200.139697077,0,arm busy,1,200.141714349,completed,1,200.135499501,1,received,1,0.007057190,0.404347199,-0.007326126,-0.114773750,1,3.099581003,177.592909742,-0.002442360,-4.177778244,1,-2.401960373,-137.622191926,-0.002442360,1.360683441,1,0.163844109,9.387575920,-0.021978378,0.358974457,1,0.003643036,0.208730581,-0.036628723,-0.008546829,0.000000000,0.000000000,0.000000000,0.000000000,13.000000000,2.200000048,3.054326296,175.000006008,0.000000000,-3.234629154,20.000000000,8.000000000,-2.443460941,-139.999999342,0.000000000,2.209447145,20.000000000,6.500000000,0.174532920,9.999999709,0.000000000,0.305777937,8.500000000,3.200000048,0.000000000,0.000000000,0.000000000,-0.000024143,0.800000012,0.200000003
2026-07-07 00:14:10.302,1783354450.301960468,285.006142822,1,1,284.991685254,1,0.006912489,5,1,0.001078155,5,1,0,0,0,0,1,1,1,1,1,1,0.022100996,-0.967427980,2.775206614,0.679398303,1,284.990417448,12,1,12,1:-1.251:2.428|2:-0.428:2.425|3:0.392:2.424|4:1.223:2.419|5:1.228:1.589|6:0.405:1.588|7:-0.440:1.588|8:-1.261:1.589|9:-1.185:4.911|10:-0.390:4.902|11:0.375:4.903|12:1.182:4.901,1,201.139692484,ready,6,6,-0.826725000,2.882473000,1,201.139655814,0,arm busy,1,201.141673086,completed,1,201.135458238,1,received,1,0.007057190,0.404347199,-0.036630630,-0.114773750,1,3.099581003,177.592909742,-0.007326126,-4.164102554,1,-2.401960373,-137.622191926,-0.007326126,1.360683441,1,0.163844109,9.387575920,-0.007326126,0.368741989,1,0.003643036,0.208730581,-0.036628723,-0.008546829,0.000000000,0.000000000,0.000000000,0.000000000,13.000000000,2.200000048,3.054326296,175.000006008,0.000000000,-3.234629154,20.000000000,8.000000000,-2.443460941,-139.999999342,0.000000000,2.209447145,20.000000000,6.500000000,0.174532920,9.999999709,0.000000000,0.305777937,8.500000000,3.200000048,0.000000000,0.000000000,0.000000000,-0.000024143,0.800000012,0.200000003
2026-07-07 00:14:11.302,1783354451.301903248,286.006085700,1,1,285.991628132,1,0.006696216,5,1,0.000808570,5,1,0,0,0,0,1,1,1,1,1,1,0.022050035,-0.962676656,2.771856530,0.679604494,1,285.990360326,12,1,12,1:-1.251:2.428|2:-0.428:2.425|3:0.392:2.424|4:1.223:2.419|5:1.228:1.589|6:0.405:1.588|7:-0.440:1.588|8:-1.261:1.589|9:-1.185:4.911|10:-0.390:4.902|11:0.375:4.903|12:1.182:4.901,1,202.139635362,ready,6,6,-0.826725000,2.882473000,1,202.139598692,0,arm busy,1,202.141615964,completed,1,202.135401116,1,received,1,0.007057190,0.404347199,-0.007326126,-0.119658470,1,3.099581003,177.592909742,-0.002442360,-4.177778244,1,-2.401960373,-137.622191926,-0.002442360,1.360683441,1,0.163844109,9.387575920,-0.007326126,0.363858223,1,0.003643036,0.208730581,0.012210846,-0.008546829,0.000000000,0.000000000,0.000000000,0.000000000,13.000000000,2.200000048,3.054326296,175.000006008,0.000000000,-3.234629154,20.000000000,8.000000000,-2.443460941,-139.999999342,0.000000000,2.209447145,20.000000000,6.500000000,0.174532920,9.999999709,0.000000000,0.305777937,8.500000000,3.200000048,0.000000000,0.000000000,0.000000000,-0.000024143,0.800000012,0.200000003
2026-07-07 00:14:12.302,1783354452.301893473,287.006075712,1,1,286.991618144,1,0.006944831,5,1,0.001036991,5,1,0,0,0,0,1,1,1,1,1,1,0.022041774,-0.967059198,2.772335204,0.679743609,1,286.990350338,12,1,12,1:-1.251:2.428|2:-0.428:2.425|3:0.392:2.424|4:1.223:2.419|5:1.228:1.589|6:0.405:1.588|7:-0.440:1.588|8:-1.261:1.589|9:-1.185:4.911|10:-0.390:4.902|11:0.375:4.903|12:1.182:4.901,1,203.139625374,ready,6,6,-0.826725000,2.882473000,1,203.139588704,0,arm busy,1,203.141605976,completed,1,203.135391128,1,received,1,0.007057190,0.404347199,-0.007326126,-0.119658470,1,3.099581003,177.592909742,-0.002442360,-4.177778244,1,-2.401960373,-137.622191926,-0.002442360,1.374359131,1,0.163844109,9.387575920,-0.007326126,0.378510475,1,0.003643036,0.208730581,-0.012210846,-0.008546829,0.000000000,0.000000000,0.000000000,0.000000000,13.000000000,2.200000048,3.054326296,175.000006008,0.000000000,-3.234629154,20.000000000,8.000000000,-2.443460941,-139.999999342,0.000000000,2.209447145,20.000000000,6.500000000,0.174532920,9.999999709,0.000000000,0.305777937,8.500000000,3.200000048,0.000000000,0.000000000,0.000000000,-0.000024143,0.800000012,0.200000003
2026-07-07 00:14:13.301,1783354453.301866293,288.006048640,1,1,287.991591072,1,0.006427719,5,1,0.000940512,5,1,0,0,0,0,1,1,1,1,1,1,0.022042771,-0.966183770,2.772755396,0.678871874,1,287.990323266,12,1,12,1:-1.251:2.428|2:-0.428:2.425|3:0.392:2.424|4:1.223:2.419|5:1.228:1.589|6:0.405:1.588|7:-0.440:1.588|8:-1.261:1.589|9:-1.185:4.911|10:-0.390:4.902|11:0.375:4.903|12:1.182:4.901,1,204.139598302,ready,6,6,-0.826725000,2.882473000,1,204.139561632,0,arm busy,1,204.141578904,completed,1,204.135364056,1,received,1,0.007057190,0.404347199,-0.007326126,-0.119658470,1,3.099581003,177.592909742,-0.002442360,-4.164102554,1,-2.401960373,-137.622191926,-0.002442360,1.360683441,1,0.163844109,9.387575920,-0.007326126,0.373626709,1,0.003643036,0.208730581,0.012210846,-0.008546829,0.000000000,0.000000000,0.000000000,0.000000000,13.000000000,2.200000048,3.054326296,175.000006008,0.000000000,-3.234629154,20.000000000,8.000000000,-2.443460941,-139.999999342,0.000000000,2.209447145,20.000000000,6.500000000,0.174532920,9.999999709,0.000000000,0.305777937,8.500000000,3.200000048,0.000000000,0.000000000,0.000000000,-0.000024143,0.800000012,0.200000003
2026-07-07 00:14:14.301,1783354454.301842213,289.006024433,1,1,288.991566865,1,0.006565195,5,1,0.001074876,5,1,0,0,0,0,1,1,1,1,1,1,0.022088924,-0.961517715,2.776546484,0.679563429,1,288.990299059,12,1,12,1:-1.251:2.428|2:-0.428:2.425|3:0.392:2.424|4:1.223:2.419|5:1.228:1.589|6:0.405:1.588|7:-0.440:1.588|8:-1.261:1.589|9:-1.185:4.911|10:-0.390:4.902|11:0.375:4.903|12:1.182:4.901,1,205.139574095,ready,6,6,-0.826725000,2.882473000,1,205.139537425,0,arm busy,1,205.141554697,completed,1,205.135339849,1,received,1,0.007057190,0.404347199,-0.021978378,-0.114773750,1,3.099581003,177.592909742,-0.002442360,-4.164102554,1,-2.401960373,-137.622191926,-0.002442360,1.360683441,1,0.163844109,9.387575920,0.007326126,0.363858223,1,0.003643036,0.208730581,0.012210846,-0.008546829,0.000000000,0.000000000,0.000000000,0.000000000,13.000000000,2.200000048,3.054326296,175.000006008,0.000000000,-3.234629154,20.000000000,8.000000000,-2.443460941,-139.999999342,0.000000000,2.209447145,20.000000000,6.500000000,0.174532920,9.999999709,0.000000000,0.305777937,8.500000000,3.200000048,0.000000000,0.000000000,0.000000000,-0.000024143,0.800000012,0.200000003
2026-07-07 00:14:15.301,1783354455.301826954,290.006009404,1,1,289.991551836,1,0.006610002,5,1,0.001007456,5,1,0,0,0,0,1,1,1,1,1,1,0.021941352,-0.964011159,2.770262277,0.679355920,1,289.990284030,12,1,12,1:-1.251:2.428|2:-0.428:2.425|3:0.392:2.424|4:1.223:2.419|5:1.228:1.589|6:0.405:1.588|7:-0.440:1.588|8:-1.261:1.589|9:-1.185:4.911|10:-0.390:4.902|11:0.375:4.903|12:1.182:4.901,1,206.139559066,ready,6,6,-0.826725000,2.882473000,1,206.139522396,0,arm busy,1,206.141539668,completed,1,206.135324820,1,received,1,0.007057190,0.404347199,-0.021978378,-0.119658470,1,3.099581003,177.592909742,-0.002442360,-4.164102554,1,-2.401960373,-137.622191926,0.002442360,1.374359131,1,0.163844109,9.387575920,-0.007326126,0.358974457,1,0.003643036,0.208730581,-0.012210846,-0.008546829,0.000000000,0.000000000,0.000000000,0.000000000,13.000000000,2.200000048,3.054326296,175.000006008,0.000000000,-3.234629154,20.000000000,8.000000000,-2.443460941,-139.999999342,0.000000000,2.209447145,20.000000000,6.500000000,0.174532920,9.999999709,0.000000000,0.305777937,8.500000000,3.200000048,0.000000000,0.000000000,0.000000000,-0.000024143,0.800000012,0.200000003
2026-07-07 00:14:16.301,1783354456.301780224,291.005962641,1,1,290.991505073,1,0.006725206,5,1,0.001095415,5,1,0,0,0,0,1,1,1,1,1,1,0.022076841,-0.965072302,2.768709724,0.680268276,1,290.990237267,12,1,12,1:-1.251:2.428|2:-0.428:2.425|3:0.392:2.424|4:1.223:2.419|5:1.228:1.589|6:0.405:1.588|7:-0.440:1.588|8:-1.261:1.589|9:-1.185:4.911|10:-0.390:4.902|11:0.375:4.903|12:1.182:4.901,1,207.139512303,ready,6,6,-0.826725000,2.882473000,1,207.139475633,0,arm busy,1,207.141492905,completed,1,207.135278057,1,received,1,0.007057190,0.404347199,-0.007326126,-0.119658470,1,3.099581003,177.592909742,-0.002442360,-4.177778244,1,-2.401960373,-137.622191926,-0.002442360,1.360683441,1,0.163844109,9.387575920,-0.007326126,0.368741989,1,0.003643036,0.208730581,-0.012210846,-0.008546829,0.000000000,0.000000000,0.000000000,0.000000000,13.000000000,2.200000048,3.054326296,175.000006008,0.000000000,-3.234629154,20.000000000,8.000000000,-2.443460941,-139.999999342,0.000000000,2.209447145,20.000000000,6.500000000,0.174532920,9.999999709,0.000000000,0.305777937,8.500000000,3.200000048,0.000000000,0.000000000,0.000000000,-0.000024143,0.800000012,0.200000003
2026-07-07 00:14:17.301,1783354457.301756859,292.005939390,1,1,291.991481822,1,0.006725122,5,1,0.001110755,5,1,0,0,0,0,1,1,1,1,1,1,0.021997420,-0.962604730,2.778596447,0.679233037,1,291.990214016,12,1,12,1:-1.251:2.428|2:-0.428:2.425|3:0.392:2.424|4:1.223:2.419|5:1.228:1.589|6:0.405:1.588|7:-0.440:1.588|8:-1.261:1.589|9:-1.185:4.911|10:-0.390:4.902|11:0.375:4.903|12:1.182:4.901,1,208.139489052,ready,6,6,-0.826725000,2.882473000,1,208.139452382,0,arm busy,1,208.141469654,completed,1,208.135254806,1,received,1,0.007057190,0.404347199,-0.007326126,-0.114773750,1,3.099581003,177.592909742,-0.002442360,-4.164102554,1,-2.401960373,-137.622191926,-0.002442360,1.360683441,1,0.163844109,9.387575920,-0.007326126,0.373626709,1,0.003643036,0.208730581,0.012210846,-0.006104946,0.000000000,0.000000000,0.000000000,0.000000000,13.000000000,2.200000048,3.054326296,175.000006008,0.000000000,-3.234629154,20.000000000,8.000000000,-2.443460941,-139.999999342,0.000000000,2.209447145,20.000000000,6.500000000,0.174532920,9.999999709,0.000000000,0.305777937,8.500000000,3.200000048,0.000000000,0.000000000,0.000000000,-0.000024143,0.800000012,0.200000003
2026-07-07 00:14:18.301,1783354458.301694393,293.005876959,1,1,292.991419391,1,0.006849696,5,1,0.000927252,5,1,0,0,0,0,1,1,1,1,1,1,0.021978234,-0.964527048,2.772886718,0.679888268,1,292.990151585,12,1,12,1:-1.251:2.428|2:-0.428:2.425|3:0.392:2.424|4:1.223:2.419|5:1.228:1.589|6:0.405:1.588|7:-0.440:1.588|8:-1.261:1.589|9:-1.185:4.911|10:-0.390:4.902|11:0.375:4.903|12:1.182:4.901,1,209.139426621,ready,6,6,-0.826725000,2.882473000,1,209.139389951,0,arm busy,1,209.141407223,completed,1,209.135192375,1,received,1,0.007057190,0.404347199,-0.021978378,-0.119658470,1,3.099581003,177.592909742,-0.002442360,-4.164102554,1,-2.401960373,-137.622191926,-0.002442360,1.360683441,1,0.163844109,9.387575920,-0.007326126,0.368741989,1,0.003643036,0.208730581,-0.012210846,-0.008546829,0.000000000,0.000000000,0.000000000,0.000000000,13.000000000,2.200000048,3.054326296,175.000006008,0.000000000,-3.234629154,20.000000000,8.000000000,-2.443460941,-139.999999342,0.000000000,2.209447145,20.000000000,6.500000000,0.174532920,9.999999709,0.000000000,0.305777937,8.500000000,3.200000048,0.000000000,0.000000000,0.000000000,-0.000024143,0.800000012,0.200000003
2026-07-07 00:14:19.301,1783354459.301700592,294.005883058,1,1,293.991425490,1,0.006892461,5,1,0.001124601,5,1,0,0,0,0,1,1,1,1,1,1,0.022107898,-0.961987764,2.771053174,0.679491214,1,293.990157684,12,1,12,1:-1.251:2.428|2:-0.428:2.425|3:0.392:2.424|4:1.223:2.419|5:1.228:1.589|6:0.405:1.588|7:-0.440:1.588|8:-1.261:1.589|9:-1.185:4.911|10:-0.390:4.902|11:0.375:4.903|12:1.182:4.901,1,210.139432720,ready,6,6,-0.826725000,2.882473000,1,210.139396050,0,arm busy,1,210.141413322,completed,1,210.135198474,1,received,1,0.007057190,0.404347199,0.007326126,-0.114773750,1,3.099581003,177.592909742,-0.007326126,-4.164102554,1,-2.401960373,-137.622191926,-0.002442360,1.360683441,1,0.163844109,9.387575920,-0.007326126,0.368741989,1,0.003643036,0.208730581,0.012210846,-0.008546829,0.000000000,0.000000000,0.000000000,0.000000000,13.000000000,2.200000048,3.054326296,175.000006008,0.000000000,-3.234629154,20.000000000,8.000000000,-2.443460941,-139.999999342,0.000000000,2.209447145,20.000000000,6.500000000,0.174532920,9.999999709,0.000000000,0.305777937,8.500000000,3.200000048,0.000000000,0.000000000,0.000000000,-0.000024143,0.800000012,0.200000003
2026-07-07 00:14:20.301,1783354460.301701307,295.005883719,1,1,294.991426151,1,0.006337838,5,1,0.001124478,5,1,0,0,0,0,1,1,1,1,1,1,0.021986414,-0.968490822,2.774266048,0.678805944,1,294.990158345,12,1,12,1:-1.251:2.428|2:-0.428:2.425|3:0.392:2.424|4:1.223:2.419|5:1.228:1.589|6:0.405:1.588|7:-0.440:1.588|8:-1.261:1.589|9:-1.185:4.911|10:-0.390:4.902|11:0.375:4.903|12:1.182:4.901,1,211.139433381,ready,6,6,-0.826725000,2.882473000,1,211.139396711,0,arm busy,1,211.141413983,completed,1,211.135199135,1,received,1,0.007057190,0.404347199,-0.007326126,-0.114773750,1,3.099581003,177.592909742,-0.002442360,-4.164102554,1,-2.401960373,-137.622191926,-0.002442360,1.360683441,1,0.163844109,9.387575920,-0.007326126,0.373626709,1,0.003643036,0.208730581,-0.012210846,-0.008546829,0.000000000,0.000000000,0.000000000,0.000000000,13.000000000,2.200000048,3.054326296,175.000006008,0.000000000,-3.234629154,20.000000000,8.000000000,-2.443460941,-139.999999342,0.000000000,2.209447145,20.000000000,6.500000000,0.174532920,9.999999709,0.000000000,0.305777937,8.500000000,3.200000048,0.000000000,0.000000000,0.000000000,-0.000024143,0.800000012,0.200000003
2026-07-07 00:14:21.301,1783354461.301683187,296.005865505,1,1,295.991407937,1,0.007113953,5,1,0.001069182,5,1,0,0,0,0,1,1,1,1,1,1,0.022079133,-0.962255372,2.766917199,0.680144814,1,295.990140131,12,1,12,1:-1.251:2.428|2:-0.428:2.425|3:0.392:2.424|4:1.223:2.419|5:1.228:1.589|6:0.405:1.588|7:-0.440:1.588|8:-1.261:1.589|9:-1.185:4.911|10:-0.390:4.902|11:0.375:4.903|12:1.182:4.901,1,212.139415167,ready,6,6,-0.826725000,2.882473000,1,212.139378497,0,arm busy,1,212.141395769,completed,1,212.135180921,1,received,1,0.007057190,0.404347199,-0.021978378,-0.119658470,1,3.099581003,177.592909742,-0.002442360,-4.164102554,1,-2.401960373,-137.622191926,0.002442360,1.360683441,1,0.163844109,9.387575920,-0.007326126,0.373626709,1,0.003643036,0.208730581,-0.012210846,-0.008546829,0.000000000,0.000000000,0.000000000,0.000000000,13.000000000,2.200000048,3.054326296,175.000006008,0.000000000,-3.234629154,20.000000000,8.000000000,-2.443460941,-139.999999342,0.000000000,2.209447145,20.000000000,6.500000000,0.174532920,9.999999709,0.000000000,0.305777937,8.500000000,3.200000048,0.000000000,0.000000000,0.000000000,-0.000024143,0.800000012,0.200000003
2026-07-07 00:14:22.301,1783354462.301601171,297.005783599,1,1,296.991326031,1,0.006240188,5,1,0.000944754,5,1,0,0,0,0,1,1,1,1,1,1,0.022048746,-0.965121013,2.770021288,0.680233958,1,296.990058225,12,1,12,1:-1.251:2.428|2:-0.428:2.425|3:0.392:2.424|4:1.223:2.419|5:1.228:1.589|6:0.405:1.588|7:-0.440:1.588|8:-1.261:1.589|9:-1.185:4.911|10:-0.390:4.902|11:0.375:4.903|12:1.182:4.901,1,213.139333261,ready,6,6,-0.826725000,2.882473000,1,213.139296591,0,arm busy,1,213.141313863,completed,1,213.135099015,1,received,1,0.007057190,0.404347199,-0.007326126,-0.119658470,1,3.099581003,177.592909742,-0.002442360,-4.164102554,1,-2.401960373,-137.622191926,-0.002442360,1.360683441,1,0.163844109,9.387575920,-0.021978378,0.363858223,1,0.003643036,0.208730581,-0.012210846,-0.006104946,0.000000000,0.000000000,0.000000000,0.000000000,13.000000000,2.200000048,3.054326296,175.000006008,0.000000000,-3.234629154,20.000000000,8.000000000,-2.443460941,-139.999999342,0.000000000,2.209447145,20.000000000,6.500000000,0.174532920,9.999999709,0.000000000,0.305777937,8.500000000,3.200000048,0.000000000,0.000000000,0.000000000,-0.000024143,0.800000012,0.200000003
2026-07-07 00:14:23.301,1783354463.301583767,298.005766342,1,1,297.991308774,1,0.007051868,5,1,0.001065763,5,1,0,0,0,0,1,1,1,1,1,1,0.022081657,-0.968500913,2.768484738,0.679292923,1,297.990040968,12,1,12,1:-1.251:2.428|2:-0.428:2.425|3:0.392:2.424|4:1.223:2.419|5:1.228:1.589|6:0.405:1.588|7:-0.440:1.588|8:-1.261:1.589|9:-1.185:4.911|10:-0.390:4.902|11:0.375:4.903|12:1.182:4.901,1,214.139316004,ready,6,6,-0.826725000,2.882473000,1,214.139279334,0,arm busy,1,214.141296606,completed,1,214.135081758,1,received,1,0.007057190,0.404347199,-0.021978378,-0.119658470,1,3.099581003,177.592909742,-0.002442360,-4.177778244,1,-2.401960373,-137.622191926,-0.002442360,1.360683441,1,0.163844109,9.387575920,0.007326126,0.363858223,1,0.003643036,0.208730581,0.012210846,-0.008546829,0.000000000,0.000000000,0.000000000,0.000000000,13.000000000,2.200000048,3.054326296,175.000006008,0.000000000,-3.234629154,20.000000000,8.000000000,-2.443460941,-139.999999342,0.000000000,2.209447145,20.000000000,6.500000000,0.174532920,9.999999709,0.000000000,0.305777937,8.500000000,3.200000048,0.000000000,0.000000000,0.000000000,-0.000024143,0.800000012,0.200000003
2026-07-07 00:14:24.301,1783354464.301592112,299.005774415,1,1,298.991316847,1,0.007019059,5,1,0.001110914,5,1,0,0,0,0,1,1,1,1,1,1,0.021999988,-0.960400644,2.770524585,0.678991850,1,298.990049041,12,1,12,1:-1.251:2.428|2:-0.428:2.425|3:0.392:2.424|4:1.223:2.419|5:1.228:1.589|6:0.405:1.588|7:-0.440:1.588|8:-1.261:1.589|9:-1.185:4.911|10:-0.390:4.902|11:0.375:4.903|12:1.182:4.901,1,215.139324077,ready,6,6,-0.826725000,2.882473000,1,215.139287407,0,arm busy,1,215.141304679,completed,1,215.135089831,1,received,1,0.007057190,0.404347199,-0.007326126,-0.114773750,1,3.099581003,177.592909742,-0.002442360,-4.164102554,1,-2.401960373,-137.622191926,-0.002442360,1.360683441,1,0.163844109,9.387575920,0.007326126,0.373626709,1,0.003643036,0.208730581,0.012210846,-0.008546829,0.000000000,0.000000000,0.000000000,0.000000000,13.000000000,2.200000048,3.054326296,175.000006008,0.000000000,-3.234629154,20.000000000,8.000000000,-2.443460941,-139.999999342,0.000000000,2.209447145,20.000000000,6.500000000,0.174532920,9.999999709,0.000000000,0.305777937,8.500000000,3.200000048,0.000000000,0.000000000,0.000000000,-0.000024143,0.800000012,0.200000003
2026-07-07 00:14:25.301,1783354465.301524878,300.005707363,1,1,299.991249795,1,0.007000420,5,1,0.001046651,5,1,0,0,0,0,1,1,1,1,1,1,0.022074538,-0.971393180,2.769987602,0.679176019,1,299.989981989,12,1,12,1:-1.251:2.428|2:-0.428:2.425|3:0.392:2.424|4:1.223:2.419|5:1.228:1.589|6:0.405:1.588|7:-0.440:1.588|8:-1.261:1.589|9:-1.185:4.911|10:-0.390:4.902|11:0.375:4.903|12:1.182:4.901,1,216.139257025,ready,6,6,-0.826725000,2.882473000,1,216.139220355,0,arm busy,1,216.141237627,completed,1,216.135022779,1,received,1,0.007057190,0.404347199,-0.007326126,-0.119658470,1,3.099581003,177.592909742,-0.002442360,-4.164102554,1,-2.401960373,-137.622191926,-0.002442360,1.360683441,1,0.163844109,9.387575920,-0.007326126,0.368741989,1,0.003643036,0.208730581,-0.036628723,-0.008546829,0.000000000,0.000000000,0.000000000,0.000000000,13.000000000,2.200000048,3.054326296,175.000006008,0.000000000,-3.234629154,20.000000000,8.000000000,-2.443460941,-139.999999342,0.000000000,2.209447145,20.000000000,6.500000000,0.174532920,9.999999709,0.000000000,0.305777937,8.500000000,3.200000048,0.000000000,0.000000000,0.000000000,-0.000024143,0.800000012,0.200000003
2026-07-07 00:14:26.301,1783354466.301500320,301.005682735,1,1,300.991225167,1,0.007012554,5,1,0.001062002,5,1,0,0,0,0,1,1,1,1,1,1,0.021932140,-0.956130812,2.772479565,0.677823332,1,300.989957361,12,1,12,1:-1.251:2.428|2:-0.428:2.425|3:0.392:2.424|4:1.223:2.419|5:1.228:1.589|6:0.405:1.588|7:-0.440:1.588|8:-1.261:1.589|9:-1.185:4.911|10:-0.390:4.902|11:0.375:4.903|12:1.182:4.901,1,217.139232397,ready,6,6,-0.826725000,2.882473000,1,217.139195727,0,arm busy,1,217.141212999,completed,1,217.134998151,1,received,1,0.007057190,0.404347199,-0.007326126,-0.114773750,1,3.099581003,177.592909742,-0.002442360,-4.164102554,1,-2.401960373,-137.622191926,-0.002442360,1.360683441,1,0.163844109,9.387575920,-0.007326126,0.368741989,1,0.004026413,0.230696469,0.012210846,-0.008546829,0.000000000,0.000000000,0.000000000,0.000000000,13.000000000,2.200000048,3.054326296,175.000006008,0.000000000,-3.234629154,20.000000000,8.000000000,-2.443460941,-139.999999342,0.000000000,2.209447145,20.000000000,6.500000000,0.174532920,9.999999709,0.000000000,0.305777937,8.500000000,3.200000048,0.000000000,0.000000000,0.000000000,-0.000024143,0.800000012,0.200000003
2026-07-07 00:14:27.301,1783354467.301465750,302.005648192,1,1,301.991190624,1,0.007071344,5,1,0.001058381,5,1,0,0,0,0,1,1,1,1,1,1,0.021935866,-0.966601787,2.764464002,0.680503443,1,301.989922818,12,1,12,1:-1.251:2.428|2:-0.428:2.425|3:0.392:2.424|4:1.223:2.419|5:1.228:1.589|6:0.405:1.588|7:-0.440:1.588|8:-1.261:1.589|9:-1.185:4.911|10:-0.390:4.902|11:0.375:4.903|12:1.182:4.901,1,218.139197854,ready,6,6,-0.826725000,2.882473000,1,218.139161184,0,arm busy,1,218.141178456,completed,1,218.134963608,1,received,1,0.007057190,0.404347199,-0.021978378,-0.119658470,1,3.099581003,177.592909742,0.002442360,-4.177778244,1,-2.401960373,-137.622191926,0.002442360,1.360683441,1,0.163844109,9.387575920,-0.021978378,0.363858223,1,0.003643036,0.208730581,-0.012210846,-0.008546829,0.000000000,0.000000000,0.000000000,0.000000000,13.000000000,2.200000048,3.054326296,175.000006008,0.000000000,-3.234629154,20.000000000,8.000000000,-2.443460941,-139.999999342,0.000000000,2.209447145,20.000000000,6.500000000,0.174532920,9.999999709,0.000000000,0.305777937,8.500000000,3.200000048,0.000000000,0.000000000,0.000000000,-0.000024143,0.800000012,0.200000003
2026-07-07 00:14:28.301,1783354468.301437855,303.005620405,1,1,302.991162837,1,0.006593844,5,1,0.000952058,5,1,0,0,0,0,1,1,1,1,1,1,0.022019069,-0.963457132,2.758784014,0.679848636,1,302.989895031,12,1,12,1:-1.251:2.428|2:-0.428:2.425|3:0.392:2.424|4:1.223:2.419|5:1.228:1.589|6:0.405:1.588|7:-0.440:1.588|8:-1.261:1.589|9:-1.185:4.911|10:-0.390:4.902|11:0.375:4.903|12:1.182:4.901,1,219.139170067,ready,6,6,-0.826725000,2.882473000,1,219.139133397,0,arm busy,1,219.141150669,completed,1,219.134935821,1,received,1,0.007057190,0.404347199,0.007326126,-0.114773750,1,3.099581003,177.592909742,-0.002442360,-4.164102554,1,-2.401960373,-137.622191926,-0.002442360,1.360683441,1,0.163844109,9.387575920,-0.007326126,0.373626709,1,0.003643036,0.208730581,-0.012210846,-0.008546829,0.000000000,0.000000000,0.000000000,0.000000000,13.000000000,2.200000048,3.054326296,175.000006008,0.000000000,-3.234629154,20.000000000,8.000000000,-2.443460941,-139.999999342,0.000000000,2.209447145,20.000000000,6.500000000,0.174532920,9.999999709,0.000000000,0.305777937,8.500000000,3.200000048,0.000000000,0.000000000,0.000000000,-0.000024143,0.800000012,0.200000003
2026-07-07 00:14:29.301,1783354469.301439047,304.005621285,1,1,303.991163717,1,0.007089544,5,1,0.001072588,5,1,0,0,0,0,1,1,1,1,1,1,0.022005342,-0.963824579,2.768287384,0.680696798,1,303.989895911,12,1,12,1:-1.251:2.428|2:-0.428:2.425|3:0.392:2.424|4:1.223:2.419|5:1.228:1.589|6:0.405:1.588|7:-0.440:1.588|8:-1.261:1.589|9:-1.185:4.911|10:-0.390:4.902|11:0.375:4.903|12:1.182:4.901,1,220.139170947,ready,6,6,-0.826725000,2.882473000,1,220.139134277,0,arm busy,1,220.141151549,completed,1,220.134936701,1,received,0,0.007057190,0.404347199,-0.007326126,-0.114773750,0,3.099581003,177.592909742,-0.002442360,-4.164102554,0,-2.401960373,-137.622191926,-0.007326126,1.360683441,0,0.163844109,9.387575920,0.007326126,0.368741989,0,0.003643036,0.208730581,-0.012210846,-0.008546829,0.000000000,0.000000000,0.000000000,0.000000000,13.000000000,2.200000048,3.054326296,175.000006008,0.000000000,-3.234629154,20.000000000,8.000000000,-2.443460941,-139.999999342,0.000000000,2.209447145,20.000000000,6.500000000,0.174532920,9.999999709,0.000000000,0.305777937,8.500000000,3.200000048,0.000000000,0.000000000,0.000000000,-0.000024143,0.800000012,0.200000003
2026-07-07 00:14:30.301,1783354470.301382065,305.005564429,1,1,304.991106861,1,0.007082569,5,1,0.000974894,5,1,0,0,0,0,1,1,1,1,1,1,0.022037842,-0.967784257,2.766099705,0.678862996,1,304.989839055,12,1,12,1:-1.251:2.428|2:-0.428:2.425|3:0.392:2.424|4:1.223:2.419|5:1.228:1.589|6:0.405:1.588|7:-0.440:1.588|8:-1.261:1.589|9:-1.185:4.911|10:-0.390:4.902|11:0.375:4.903|12:1.182:4.901,1,221.139114091,ready,6,6,-0.826725000,2.882473000,1,221.139077421,0,arm busy,1,221.141094693,completed,1,221.134879845,1,received,1,0.007057190,0.404347199,-0.007326126,-0.119658470,1,3.099581003,177.592909742,-0.002442360,-4.177778244,1,-2.401960373,-137.622191926,-0.002442360,1.360683441,1,0.163844109,9.387575920,0.007326126,0.363858223,1,0.003643036,0.208730581,-0.036628723,-0.008546829,0.000000000,0.000000000,0.000000000,0.000000000,13.000000000,2.200000048,3.054326296,175.000006008,0.000000000,-3.234629154,20.000000000,8.000000000,-2.443460941,-139.999999342,0.000000000,2.209447145,20.000000000,6.500000000,0.174532920,9.999999709,0.000000000,0.305777937,8.500000000,3.200000048,0.000000000,0.000000000,0.000000000,-0.000024143,0.800000012,0.200000003
2026-07-07 00:14:31.301,1783354471.301383257,306.005565476,1,1,305.991107908,1,0.007122512,5,1,0.001147664,5,1,0,0,0,0,1,1,1,1,1,1,0.022068274,-0.960193675,2.769385573,0.677497272,1,305.989840102,12,1,12,1:-1.251:2.428|2:-0.428:2.425|3:0.392:2.424|4:1.223:2.419|5:1.228:1.589|6:0.405:1.588|7:-0.440:1.588|8:-1.261:1.589|9:-1.185:4.911|10:-0.390:4.902|11:0.375:4.903|12:1.182:4.901,1,222.139115138,ready,6,6,-0.826725000,2.882473000,1,222.139078468,0,arm busy,1,222.141095740,completed,1,222.134880892,1,received,1,0.007057190,0.404347199,-0.007326126,-0.114773750,1,3.099581003,177.592909742,-0.002442360,-4.164102554,1,-2.401960373,-137.622191926,-0.007326126,1.360683441,1,0.163844109,9.387575920,-0.021978378,0.368741989,1,0.003643036,0.208730581,-0.012210846,-0.008546829,0.000000000,0.000000000,0.000000000,0.000000000,13.000000000,2.200000048,3.054326296,175.000006008,0.000000000,-3.234629154,20.000000000,8.000000000,-2.443460941,-139.999999342,0.000000000,2.209447145,20.000000000,6.500000000,0.174532920,9.999999709,0.000000000,0.305777937,8.500000000,3.200000048,0.000000000,0.000000000,0.000000000,-0.000024143,0.800000012,0.200000003
2026-07-07 00:14:32.301,1783354472.301345825,307.005528248,1,1,306.991070680,1,0.007137107,5,1,0.001050910,5,1,0,0,0,0,1,1,1,1,1,1,0.022075028,-0.970113799,2.764251060,0.679959989,1,306.989802874,12,1,12,1:-1.251:2.428|2:-0.428:2.425|3:0.392:2.424|4:1.223:2.419|5:1.228:1.589|6:0.405:1.588|7:-0.440:1.588|8:-1.261:1.589|9:-1.185:4.911|10:-0.390:4.902|11:0.375:4.903|12:1.182:4.901,1,223.139077910,ready,6,6,-0.826725000,2.882473000,1,223.139041240,0,arm busy,1,223.141058512,completed,1,223.134843664,1,received,1,0.007057190,0.404347199,0.007326126,-0.114773750,1,3.099581003,177.592909742,-0.007326126,-4.177778244,1,-2.401960373,-137.622191926,-0.007326126,1.360683441,1,0.163844109,9.387575920,-0.007326126,0.363858223,1,0.003643036,0.208730581,0.012210846,-0.006104946,0.000000000,0.000000000,0.000000000,0.000000000,13.000000000,2.200000048,3.054326296,175.000006008,0.000000000,-3.234629154,20.000000000,8.000000000,-2.443460941,-139.999999342,0.000000000,2.209447145,20.000000000,6.500000000,0.174532920,9.999999709,0.000000000,0.305777937,8.500000000,3.200000048,0.000000000,0.000000000,0.000000000,-0.000024143,0.800000012,0.200000003
2026-07-07 00:14:33.301,1783354473.301294327,308.005476832,1,1,307.991019264,1,0.006977090,5,1,0.001101812,5,1,0,0,0,0,1,1,1,1,1,1,0.022016280,-0.967607519,2.764869462,0.679308847,1,307.989751458,12,1,12,1:-1.251:2.428|2:-0.428:2.425|3:0.392:2.424|4:1.223:2.419|5:1.228:1.589|6:0.405:1.588|7:-0.440:1.588|8:-1.261:1.589|9:-1.185:4.911|10:-0.390:4.902|11:0.375:4.903|12:1.182:4.901,1,224.139026494,ready,6,6,-0.826725000,2.882473000,1,224.138989824,0,arm busy,1,224.141007096,completed,1,224.134792248,1,received,1,0.007057190,0.404347199,-0.007326126,-0.119658470,1,3.099581003,177.592909742,-0.002442360,-4.177778244,1,-2.401960373,-137.622191926,-0.002442360,1.360683441,1,0.163844109,9.387575920,0.021978378,0.368741989,1,0.003643036,0.208730581,0.012210846,-0.008546829,0.000000000,0.000000000,0.000000000,0.000000000,13.000000000,2.200000048,3.054326296,175.000006008,0.000000000,-3.234629154,20.000000000,8.000000000,-2.443460941,-139.999999342,0.000000000,2.209447145,20.000000000,6.500000000,0.174532920,9.999999709,0.000000000,0.305777937,8.500000000,3.200000048,0.000000000,0.000000000,0.000000000,-0.000024143,0.800000012,0.200000003
2026-07-07 00:14:34.301,1783354474.301269770,309.005452164,1,1,308.990994596,1,0.007180901,5,1,0.001107768,5,1,0,0,0,0,1,1,1,1,1,1,0.022079598,-0.961024165,2.767631306,0.678844791,1,308.989726790,12,1,12,1:-1.251:2.428|2:-0.428:2.425|3:0.392:2.424|4:1.223:2.419|5:1.228:1.589|6:0.405:1.588|7:-0.440:1.588|8:-1.261:1.589|9:-1.185:4.911|10:-0.390:4.902|11:0.375:4.903|12:1.182:4.901,1,225.139001826,ready,6,6,-0.826725000,2.882473000,1,225.138965156,0,arm busy,1,225.140982428,completed,1,225.134767580,1,received,1,0.007057190,0.404347199,-0.007326126,-0.114773750,1,3.099581003,177.592909742,-0.007326126,-4.177778244,1,-2.401960373,-137.622191926,-0.002442360,1.360683441,1,0.163844109,9.387575920,-0.007326126,0.373626709,1,0.003643036,0.208730581,0.012210846,-0.008546829,0.000000000,0.000000000,0.000000000,0.000000000,13.000000000,2.200000048,3.054326296,175.000006008,0.000000000,-3.234629154,20.000000000,8.000000000,-2.443460941,-139.999999342,0.000000000,2.209447145,20.000000000,6.500000000,0.174532920,9.999999709,0.000000000,0.305777937,8.500000000,3.200000048,0.000000000,0.000000000,0.000000000,-0.000024143,0.800000012,0.200000003
2026-07-07 00:14:35.301,1783354475.301246405,310.005428738,1,1,309.990971170,1,0.007088653,5,1,0.001105458,5,1,0,0,0,0,1,1,1,1,1,1,0.022059782,-0.967598624,2.765805255,0.679802040,1,309.989703364,12,1,12,1:-1.251:2.428|2:-0.428:2.425|3:0.392:2.424|4:1.223:2.419|5:1.228:1.589|6:0.405:1.588|7:-0.440:1.588|8:-1.261:1.589|9:-1.185:4.911|10:-0.390:4.902|11:0.375:4.903|12:1.182:4.901,1,226.138978400,ready,6,6,-0.826725000,2.882473000,1,226.138941730,0,arm busy,1,226.140959002,completed,1,226.134744154,1,received,1,0.007057190,0.404347199,-0.007326126,-0.114773750,1,3.099581003,177.592909742,-0.002442360,-4.177778244,1,-2.401960373,-137.622191926,-0.002442360,1.360683441,1,0.163844109,9.387575920,-0.021978378,0.368741989,1,0.003643036,0.208730581,-0.036628723,-0.008546829,0.000000000,0.000000000,0.000000000,0.000000000,13.000000000,2.200000048,3.054326296,175.000006008,0.000000000,-3.234629154,20.000000000,8.000000000,-2.443460941,-139.999999342,0.000000000,2.209447145,20.000000000,6.500000000,0.174532920,9.999999709,0.000000000,0.305777937,8.500000000,3.200000048,0.000000000,0.000000000,0.000000000,-0.000024143,0.800000012,0.200000003
2026-07-07 00:14:36.301,1783354476.301242828,311.005425198,1,1,310.990967630,1,0.007221572,5,1,0.001099922,5,1,0,0,0,0,1,1,1,1,1,1,0.022076606,-0.961410951,2.767324071,0.680398436,1,310.989699824,12,1,12,1:-1.251:2.428|2:-0.428:2.425|3:0.392:2.424|4:1.223:2.419|5:1.228:1.589|6:0.405:1.588|7:-0.440:1.588|8:-1.261:1.589|9:-1.185:4.911|10:-0.390:4.902|11:0.375:4.903|12:1.182:4.901,1,227.138974860,ready,6,6,-0.826725000,2.882473000,1,227.138938190,0,arm busy,1,227.140955462,completed,1,227.134740614,1,received,1,0.007057190,0.404347199,0.007326126,-0.114773750,1,3.099581003,177.592909742,-0.002442360,-4.177778244,1,-2.401960373,-137.622191926,-0.002442360,1.360683441,1,0.163844109,9.387575920,-0.021978378,0.363858223,1,0.003643036,0.208730581,-0.012210846,-0.008546829,0.000000000,0.000000000,0.000000000,0.000000000,13.000000000,2.200000048,3.054326296,175.000006008,0.000000000,-3.234629154,20.000000000,8.000000000,-2.443460941,-139.999999342,0.000000000,2.209447145,20.000000000,6.500000000,0.174532920,9.999999709,0.000000000,0.305777937,8.500000000,3.200000048,0.000000000,0.000000000,0.000000000,-0.000024143,0.800000012,0.200000003
2026-07-07 00:14:37.301,1783354477.301184416,312.005366984,1,1,311.990909416,1,0.007200660,5,1,0.001022636,5,1,0,0,0,0,1,1,1,1,1,1,0.021935208,-0.966204748,2.764260474,0.680639724,1,311.989641610,12,1,12,1:-1.251:2.428|2:-0.428:2.425|3:0.392:2.424|4:1.223:2.419|5:1.228:1.589|6:0.405:1.588|7:-0.440:1.588|8:-1.261:1.589|9:-1.185:4.911|10:-0.390:4.902|11:0.375:4.903|12:1.182:4.901,1,228.138916646,ready,6,6,-0.826725000,2.882473000,1,228.138879976,0,arm busy,1,228.140897248,completed,1,228.134682400,1,received,1,0.007057190,0.404347199,-0.021978378,-0.124542236,1,3.099581003,177.592909742,-0.002442360,-4.177778244,1,-2.401960373,-137.622191926,-0.007326126,1.360683441,1,0.163844109,9.387575920,-0.007326126,0.368741989,1,0.003643036,0.208730581,-0.012210846,-0.008546829,0.000000000,0.000000000,0.000000000,0.000000000,13.000000000,2.200000048,3.054326296,175.000006008,0.000000000,-3.234629154,20.000000000,8.000000000,-2.443460941,-139.999999342,0.000000000,2.209447145,20.000000000,6.500000000,0.174532920,9.999999709,0.000000000,0.305777937,8.500000000,3.200000048,0.000000000,0.000000000,0.000000000,-0.000024143,0.800000012,0.200000003
2026-07-07 00:14:38.301,1783354478.301187992,313.005370346,1,1,312.990912778,1,0.007158180,5,1,0.000944054,5,1,0,0,0,0,1,1,1,1,1,1,0.022122727,-0.958519093,2.759562651,0.679195168,1,312.989644972,12,1,12,1:-1.251:2.428|2:-0.428:2.425|3:0.392:2.424|4:1.223:2.419|5:1.228:1.589|6:0.405:1.588|7:-0.440:1.588|8:-1.261:1.589|9:-1.185:4.911|10:-0.390:4.902|11:0.375:4.903|12:1.182:4.901,1,229.138920008,ready,6,6,-0.826725000,2.882473000,1,229.138883338,0,arm busy,1,229.140900610,completed,1,229.134685762,1,received,1,0.007057190,0.404347199,-0.007326126,-0.114773750,1,3.099581003,177.592909742,-0.002442360,-4.164102554,1,-2.401960373,-137.622191926,-0.002442360,1.360683441,1,0.163844109,9.387575920,0.021978378,0.388278008,1,0.003643036,0.208730581,0.012210846,-0.008546829,0.000000000,0.000000000,0.000000000,0.000000000,13.000000000,2.200000048,3.054326296,175.000006008,0.000000000,-3.234629154,20.000000000,8.000000000,-2.443460941,-139.999999342,0.000000000,2.209447145,20.000000000,6.500000000,0.174532920,9.999999709,0.000000000,0.305777937,8.500000000,3.200000048,0.000000000,0.000000000,0.000000000,-0.000024143,0.800000012,0.200000003
2026-07-07 00:14:39.301,1783354479.301112413,314.005294673,1,1,313.990837105,1,0.006909191,5,1,0.001067076,5,1,0,0,0,0,1,1,1,1,1,1,0.022030240,-0.927168853,2.710200470,0.682308359,1,313.989569299,12,1,12,1:-1.251:2.428|2:-0.428:2.425|3:0.392:2.424|4:1.223:2.419|5:1.228:1.589|6:0.405:1.588|7:-0.440:1.588|8:-1.261:1.589|9:-1.185:4.911|10:-0.390:4.902|11:0.375:4.903|12:1.182:4.901,1,230.138844335,ready,6,6,-0.826725000,2.882473000,1,230.138807665,0,arm busy,1,230.140824937,completed,1,230.134610089,1,received,0,0.007057190,0.404347199,-0.007326126,-0.119658470,0,3.099581003,177.592909742,-0.002442360,-4.164102554,0,-2.401960373,-137.622191926,-0.007326126,1.360683441,0,0.163844109,9.387575920,-0.021978378,0.363858223,0,0.003643036,0.208730581,0.012210846,-0.008546829,0.000000000,0.000000000,0.000000000,0.000000000,13.000000000,2.200000048,3.054326296,175.000006008,0.000000000,-3.234629154,20.000000000,8.000000000,-2.443460941,-139.999999342,0.000000000,2.209447145,20.000000000,6.500000000,0.174532920,9.999999709,0.000000000,0.305777937,8.500000000,3.200000048,0.000000000,0.000000000,0.000000000,-0.000024143,0.800000012,0.200000003
2026-07-07 00:14:40.301,1783354480.301102638,315.005284967,1,1,314.990827399,1,0.007184950,5,1,0.001062615,5,1,0,0,0,0,1,1,1,1,1,1,0.022043347,-0.932478190,2.718195960,0.652718363,1,314.989559593,12,1,12,1:-1.251:2.428|2:-0.428:2.425|3:0.392:2.424|4:1.223:2.419|5:1.228:1.589|6:0.405:1.588|7:-0.440:1.588|8:-1.261:1.589|9:-1.185:4.911|10:-0.390:4.902|11:0.375:4.903|12:1.182:4.901,1,231.138834629,ready,6,6,-0.826725000,2.882473000,1,231.138797959,0,arm busy,1,231.140815231,completed,1,231.134600383,1,received,1,0.007057190,0.404347199,-0.021978378,-0.119658470,1,3.099581003,177.592909742,0.002442360,-4.177778244,1,-2.401960373,-137.622191926,-0.002442360,1.360683441,1,0.163844109,9.387575920,-0.007326126,0.378510475,1,0.003643036,0.208730581,-0.036628723,-0.006104946,0.000000000,0.000000000,0.000000000,0.000000000,13.000000000,2.200000048,3.054326296,175.000006008,0.000000000,-3.234629154,20.000000000,8.000000000,-2.443460941,-139.999999342,0.000000000,2.209447145,20.000000000,6.500000000,0.174532920,9.999999709,0.000000000,0.305777937,8.500000000,3.200000048,0.000000000,0.000000000,0.000000000,-0.000024143,0.800000012,0.200000003
2026-07-07 00:14:41.301,1783354481.301072121,316.005254514,1,1,315.990796946,1,0.007146604,5,1,0.001073908,5,1,0,0,0,0,1,1,1,1,1,1,0.022062747,-0.922881274,2.729219240,0.606569812,1,315.989529140,12,1,12,1:-1.251:2.428|2:-0.428:2.425|3:0.392:2.424|4:1.223:2.419|5:1.228:1.589|6:0.405:1.588|7:-0.440:1.588|8:-1.261:1.589|9:-1.185:4.911|10:-0.390:4.902|11:0.375:4.903|12:1.182:4.901,1,232.138804176,ready,6,6,-0.826725000,2.882473000,1,232.138767506,0,arm busy,1,232.140784778,completed,1,232.134569930,1,received,1,0.007057190,0.404347199,-0.007326126,-0.114773750,1,3.099581003,177.592909742,-0.002442360,-4.177778244,1,-2.401960373,-137.622191926,-0.002442360,1.360683441,1,0.163844109,9.387575920,-0.007326126,0.363858223,1,0.003643036,0.208730581,0.012210846,-0.008546829,0.000000000,0.000000000,0.000000000,0.000000000,13.000000000,2.200000048,3.054326296,175.000006008,0.000000000,-3.234629154,20.000000000,8.000000000,-2.443460941,-139.999999342,0.000000000,2.209447145,20.000000000,6.500000000,0.174532920,9.999999709,0.000000000,0.305777937,8.500000000,3.200000048,0.000000000,0.000000000,0.000000000,-0.000024143,0.800000012,0.200000003
2026-07-07 00:14:42.301,1783354482.301059008,317.005241572,1,1,316.990784004,1,0.007177650,5,1,0.001069025,5,1,0,0,0,0,1,1,1,1,1,1,0.022002415,-0.925507816,2.722800916,0.606502960,1,316.989516198,12,1,12,1:-1.251:2.428|2:-0.428:2.425|3:0.392:2.424|4:1.223:2.419|5:1.228:1.589|6:0.405:1.588|7:-0.440:1.588|8:-1.261:1.589|9:-1.185:4.911|10:-0.390:4.902|11:0.375:4.903|12:1.182:4.901,1,233.138791234,ready,6,6,-0.826725000,2.882473000,1,233.138754564,0,arm busy,1,233.140771836,completed,1,233.134556988,1,received,1,0.007057190,0.404347199,-0.007326126,-0.114773750,1,3.099581003,177.592909742,-0.002442360,-4.164102554,1,-2.401960373,-137.622191926,0.002442360,1.360683441,1,0.163844109,9.387575920,0.007326126,0.373626709,1,0.003643036,0.208730581,0.012210846,-0.006104946,0.000000000,0.000000000,0.000000000,0.000000000,13.000000000,2.200000048,3.054326296,175.000006008,0.000000000,-3.234629154,20.000000000,8.000000000,-2.443460941,-139.999999342,0.000000000,2.209447145,20.000000000,6.500000000,0.174532920,9.999999709,0.000000000,0.305777937,8.500000000,3.200000048,0.000000000,0.000000000,0.000000000,-0.000024143,0.800000012,0.200000003
2026-07-07 00:14:43.301,1783354483.301049232,318.005231837,1,1,317.990774269,1,0.007103033,5,1,0.001035299,5,1,0,0,0,0,1,1,1,1,1,1,0.022147810,-0.922863212,2.727030665,0.604694892,1,317.989506463,12,1,12,1:-1.251:2.428|2:-0.428:2.425|3:0.392:2.424|4:1.223:2.419|5:1.228:1.589|6:0.405:1.588|7:-0.440:1.588|8:-1.261:1.589|9:-1.185:4.911|10:-0.390:4.902|11:0.375:4.903|12:1.182:4.901,1,234.138781499,ready,6,6,-0.826725000,2.882473000,1,234.138744829,0,arm busy,1,234.140762101,completed,1,234.134547253,1,received,1,0.007057190,0.404347199,-0.007326126,-0.124542236,1,3.099581003,177.592909742,-0.007326126,-4.164102554,1,-2.401960373,-137.622191926,-0.002442360,1.360683441,1,0.163844109,9.387575920,-0.007326126,0.378510475,1,0.003643036,0.208730581,-0.012210846,-0.008546829,0.000000000,0.000000000,0.000000000,0.000000000,13.000000000,2.200000048,3.054326296,175.000006008,0.000000000,-3.234629154,20.000000000,8.000000000,-2.443460941,-139.999999342,0.000000000,2.209447145,20.000000000,6.500000000,0.174532920,9.999999709,0.000000000,0.305777937,8.500000000,3.200000048,0.000000000,0.000000000,0.000000000,-0.000024143,0.800000012,0.200000003
2026-07-07 00:14:44.301,1783354484.300989151,319.005171493,1,1,318.990713925,1,0.007067837,5,1,0.000994172,5,1,0,0,0,0,1,1,1,1,1,1,0.022041733,-0.919920303,2.727430712,0.605086497,1,318.989446119,12,1,12,1:-1.251:2.428|2:-0.428:2.425|3:0.392:2.424|4:1.223:2.419|5:1.228:1.589|6:0.405:1.588|7:-0.440:1.588|8:-1.261:1.589|9:-1.185:4.911|10:-0.390:4.902|11:0.375:4.903|12:1.182:4.901,1,235.138721155,ready,6,6,-0.826725000,2.882473000,1,235.138684485,0,arm busy,1,235.140701757,completed,1,235.134486909,1,received,1,0.007057190,0.404347199,-0.021978378,-0.114773750,1,3.099581003,177.592909742,0.002442360,-4.164102554,1,-2.401960373,-137.622191926,-0.002442360,1.360683441,1,0.163844109,9.387575920,-0.007326126,0.368741989,1,0.003643036,0.208730581,-0.012210846,-0.008546829,0.000000000,0.000000000,0.000000000,0.000000000,13.000000000,2.200000048,3.054326296,175.000006008,0.000000000,-3.234629154,20.000000000,8.000000000,-2.443460941,-139.999999342,0.000000000,2.209447145,20.000000000,6.500000000,0.174532920,9.999999709,0.000000000,0.305777937,8.500000000,3.200000048,0.000000000,0.000000000,0.000000000,-0.000024143,0.800000012,0.200000003
2026-07-07 00:14:45.301,1783354485.300939322,320.005121605,1,1,319.990664037,1,0.007103617,5,1,0.001081713,5,1,0,0,0,0,1,1,1,1,1,1,0.022031952,-0.919832241,2.729124821,0.604874553,1,319.989396231,12,1,12,1:-1.251:2.428|2:-0.428:2.425|3:0.392:2.424|4:1.223:2.419|5:1.228:1.589|6:0.405:1.588|7:-0.440:1.588|8:-1.261:1.589|9:-1.185:4.911|10:-0.390:4.902|11:0.375:4.903|12:1.182:4.901,1,236.138671267,ready,6,6,-0.826725000,2.882473000,1,236.138634597,0,arm busy,1,236.140651869,completed,1,236.134437021,1,received,1,0.007057190,0.404347199,0.007326126,-0.114773750,1,3.099581003,177.592909742,-0.002442360,-4.177778244,1,-2.401960373,-137.622191926,0.002442360,1.360683441,1,0.163844109,9.387575920,-0.007326126,0.368741989,1,0.003643036,0.208730581,0.012210846,-0.008546829,0.000000000,0.000000000,0.000000000,0.000000000,13.000000000,2.200000048,3.054326296,175.000006008,0.000000000,-3.234629154,20.000000000,8.000000000,-2.443460941,-139.999999342,0.000000000,2.209447145,20.000000000,6.500000000,0.174532920,9.999999709,0.000000000,0.305777937,8.500000000,3.200000048,0.000000000,0.000000000,0.000000000,-0.000024143,0.800000012,0.200000003
2026-07-07 00:14:46.301,1783354486.300957203,321.005139524,1,1,320.990681956,1,0.007046908,5,1,0.001076802,5,1,0,0,0,0,1,1,1,1,1,1,0.022026060,-0.916155396,2.726746504,0.605478298,1,320.989414150,12,1,12,1:-1.251:2.428|2:-0.428:2.425|3:0.392:2.424|4:1.223:2.419|5:1.228:1.589|6:0.405:1.588|7:-0.440:1.588|8:-1.261:1.589|9:-1.185:4.911|10:-0.390:4.902|11:0.375:4.903|12:1.182:4.901,1,237.138689186,ready,6,6,-0.826725000,2.882473000,1,237.138652516,0,arm busy,1,237.140669788,completed,1,237.134454940,1,received,1,0.007057190,0.404347199,-0.007326126,-0.114773750,1,3.099581003,177.592909742,-0.002442360,-4.164102554,1,-2.401960373,-137.622191926,-0.002442360,1.360683441,1,0.163844109,9.387575920,-0.007326126,0.363858223,1,0.003643036,0.208730581,-0.012210846,-0.008546829,0.000000000,0.000000000,0.000000000,0.000000000,13.000000000,2.200000048,3.054326296,175.000006008,0.000000000,-3.234629154,20.000000000,8.000000000,-2.443460941,-139.999999342,0.000000000,2.209447145,20.000000000,6.500000000,0.174532920,9.999999709,0.000000000,0.305777937,8.500000000,3.200000048,0.000000000,0.000000000,0.000000000,-0.000024143,0.800000012,0.200000003
2026-07-07 00:14:47.301,1783354487.300906420,322.005088943,1,1,321.990631375,1,0.006968898,5,1,0.000985670,5,1,0,0,0,0,1,1,1,1,1,1,0.022018338,-0.919416732,2.717822077,0.605181577,1,321.989363569,12,1,12,1:-1.251:2.428|2:-0.428:2.425|3:0.392:2.424|4:1.223:2.419|5:1.228:1.589|6:0.405:1.588|7:-0.440:1.588|8:-1.261:1.589|9:-1.185:4.911|10:-0.390:4.902|11:0.375:4.903|12:1.182:4.901,1,238.138638605,ready,6,6,-0.826725000,2.882473000,1,238.138601935,0,arm busy,1,238.140619207,completed,1,238.134404359,1,received,1,0.007057190,0.404347199,-0.007326126,-0.114773750,1,3.099581003,177.592909742,-0.002442360,-4.164102554,1,-2.401960373,-137.622191926,-0.002442360,1.360683441,1,0.163844109,9.387575920,-0.021978378,0.368741989,1,0.003643036,0.208730581,-0.012210846,-0.008546829,0.000000000,0.000000000,0.000000000,0.000000000,13.000000000,2.200000048,3.054326296,175.000006008,0.000000000,-3.234629154,20.000000000,8.000000000,-2.443460941,-139.999999342,0.000000000,2.209447145,20.000000000,6.500000000,0.174532920,9.999999709,0.000000000,0.305777937,8.500000000,3.200000048,0.000000000,0.000000000,0.000000000,-0.000024143,0.800000012,0.200000003
2026-07-07 00:14:48.300,1783354488.300838947,323.005021290,1,1,322.990563722,1,0.007151629,5,1,0.001010167,5,1,0,0,0,0,1,1,1,1,1,1,0.021957405,-0.924158368,2.726206115,0.604502273,1,322.989295916,12,1,12,1:-1.251:2.428|2:-0.428:2.425|3:0.392:2.424|4:1.223:2.419|5:1.228:1.589|6:0.405:1.588|7:-0.440:1.588|8:-1.261:1.589|9:-1.185:4.911|10:-0.390:4.902|11:0.375:4.903|12:1.182:4.901,1,239.138570952,ready,6,6,-0.826725000,2.882473000,1,239.138534282,0,arm busy,1,239.140551554,completed,1,239.134336706,1,received,1,0.007057190,0.404347199,-0.007326126,-0.114773750,1,3.099581003,177.592909742,-0.002442360,-4.164102554,1,-2.401960373,-137.622191926,-0.002442360,1.374359131,1,0.163844109,9.387575920,-0.036630630,0.358974457,1,0.003643036,0.208730581,-0.012210846,-0.006104946,0.000000000,0.000000000,0.000000000,0.000000000,13.000000000,2.200000048,3.054326296,175.000006008,0.000000000,-3.234629154,20.000000000,8.000000000,-2.443460941,-139.999999342,0.000000000,2.209447145,20.000000000,6.500000000,0.174532920,9.999999709,0.000000000,0.305777937,8.500000000,3.200000048,0.000000000,0.000000000,0.000000000,-0.000024143,0.800000012,0.200000003
2026-07-07 00:14:49.300,1783354489.300838709,324.005021028,1,1,323.990563460,1,0.007082223,5,1,0.001064085,5,1,0,0,0,0,1,1,1,1,1,1,0.022107754,-0.922678476,2.727225296,0.603855825,1,323.989295654,12,1,12,1:-1.251:2.428|2:-0.428:2.425|3:0.392:2.424|4:1.223:2.419|5:1.228:1.589|6:0.405:1.588|7:-0.440:1.588|8:-1.261:1.589|9:-1.185:4.911|10:-0.390:4.902|11:0.375:4.903|12:1.182:4.901,1,240.138570690,ready,6,6,-0.826725000,2.882473000,1,240.138534020,0,arm busy,1,240.140551292,completed,1,240.134336444,1,received,1,0.007057190,0.404347199,0.007326126,-0.119658470,1,3.099581003,177.592909742,-0.002442360,-4.177778244,1,-2.401960373,-137.622191926,-0.002442360,1.374359131,1,0.163844109,9.387575920,-0.007326126,0.363858223,1,0.003643036,0.208730581,0.012210846,-0.006104946,0.000000000,0.000000000,0.000000000,0.000000000,13.000000000,2.200000048,3.054326296,175.000006008,0.000000000,-3.234629154,20.000000000,8.000000000,-2.443460941,-139.999999342,0.000000000,2.209447145,20.000000000,6.500000000,0.174532920,9.999999709,0.000000000,0.305777937,8.500000000,3.200000048,0.000000000,0.000000000,0.000000000,-0.000024143,0.800000012,0.200000003
2026-07-07 00:14:50.300,1783354490.300827742,325.005010024,1,1,324.990552456,1,0.007240232,5,1,0.001070093,5,1,0,0,0,0,1,1,1,1,1,1,0.021960790,-0.923783086,2.724243390,0.605301773,1,324.989284650,12,1,12,1:-1.251:2.428|2:-0.428:2.425|3:0.392:2.424|4:1.223:2.419|5:1.228:1.589|6:0.405:1.588|7:-0.440:1.588|8:-1.261:1.589|9:-1.185:4.911|10:-0.390:4.902|11:0.375:4.903|12:1.182:4.901,1,241.138559686,ready,6,6,-0.826725000,2.882473000,1,241.138523016,0,arm busy,1,241.140540288,completed,1,241.134325440,1,received,1,0.007057190,0.404347199,-0.021978378,-0.119658470,1,3.099581003,177.592909742,-0.002442360,-4.164102554,1,-2.401960373,-137.622191926,-0.002442360,1.360683441,1,0.163844109,9.387575920,-0.007326126,0.373626709,1,0.003643036,0.208730581,0.012210846,-0.008546829,0.000000000,0.000000000,0.000000000,0.000000000,13.000000000,2.200000048,3.054326296,175.000006008,0.000000000,-3.234629154,20.000000000,8.000000000,-2.443460941,-139.999999342,0.000000000,2.209447145,20.000000000,6.500000000,0.174532920,9.999999709,0.000000000,0.305777937,8.500000000,3.200000048,0.000000000,0.000000000,0.000000000,-0.000024143,0.800000012,0.200000003
2026-07-07 00:14:51.300,1783354491.300792217,326.004974623,1,1,325.990517055,1,0.007145492,5,1,0.001044382,5,1,0,0,0,0,1,1,1,1,1,1,0.021956165,-0.923331788,2.729793106,0.604927896,1,325.989249249,12,1,12,1:-1.251:2.428|2:-0.428:2.425|3:0.392:2.424|4:1.223:2.419|5:1.228:1.589|6:0.405:1.588|7:-0.440:1.588|8:-1.261:1.589|9:-1.185:4.911|10:-0.390:4.902|11:0.375:4.903|12:1.182:4.901,1,242.138524285,ready,6,6,-0.826725000,2.882473000,1,242.138487615,0,arm busy,1,242.140504887,completed,1,242.134290039,1,received,1,0.007057190,0.404347199,-0.007326126,-0.114773750,1,3.099581003,177.592909742,-0.002442360,-4.164102554,1,-2.401960373,-137.622191926,-0.002442360,1.360683441,1,0.163844109,9.387575920,-0.007326126,0.363858223,1,0.003643036,0.208730581,-0.012210846,-0.008546829,0.000000000,0.000000000,0.000000000,0.000000000,13.000000000,2.200000048,3.054326296,175.000006008,0.000000000,-3.234629154,20.000000000,8.000000000,-2.443460941,-139.999999342,0.000000000,2.209447145,20.000000000,6.500000000,0.174532920,9.999999709,0.000000000,0.305777937,8.500000000,3.200000048,0.000000000,0.000000000,0.000000000,-0.000024143,0.800000012,0.200000003
2026-07-07 00:14:52.300,1783354492.300762653,327.004945015,1,1,326.990487447,1,0.007117423,5,1,0.001068397,5,1,0,0,0,0,1,1,1,1,1,1,0.021983266,-0.924149497,2.726685440,0.604891030,1,326.989219641,12,1,12,1:-1.251:2.428|2:-0.428:2.425|3:0.392:2.424|4:1.223:2.419|5:1.228:1.589|6:0.405:1.588|7:-0.440:1.588|8:-1.261:1.589|9:-1.185:4.911|10:-0.390:4.902|11:0.375:4.903|12:1.182:4.901,1,243.138494677,ready,6,6,-0.826725000,2.882473000,1,243.138458007,0,arm busy,1,243.140475279,completed,1,243.134260431,1,received,1,0.007057190,0.404347199,-0.007326126,-0.119658470,1,3.099581003,177.592909742,-0.002442360,-4.164102554,1,-2.401960373,-137.622191926,-0.007326126,1.360683441,1,0.163844109,9.387575920,-0.007326126,0.363858223,1,0.003643036,0.208730581,-0.036628723,-0.006104946,0.000000000,0.000000000,0.000000000,0.000000000,13.000000000,2.200000048,3.054326296,175.000006008,0.000000000,-3.234629154,20.000000000,8.000000000,-2.443460941,-139.999999342,0.000000000,2.209447145,20.000000000,6.500000000,0.174532920,9.999999709,0.000000000,0.305777937,8.500000000,3.200000048,0.000000000,0.000000000,0.000000000,-0.000024143,0.800000012,0.200000003
2026-07-07 00:14:53.300,1783354493.300783157,328.004965570,1,1,327.990508002,1,0.007273713,5,1,0.001130330,5,1,0,0,0,0,1,1,1,1,1,1,0.022129258,-0.919453406,2.727765803,0.605062565,1,327.989240196,12,1,12,1:-1.251:2.428|2:-0.428:2.425|3:0.392:2.424|4:1.223:2.419|5:1.228:1.589|6:0.405:1.588|7:-0.440:1.588|8:-1.261:1.589|9:-1.185:4.911|10:-0.390:4.902|11:0.375:4.903|12:1.182:4.901,1,244.138515232,ready,6,6,-0.826725000,2.882473000,1,244.138478562,0,arm busy,1,244.140495834,completed,1,244.134280986,1,received,1,0.007057190,0.404347199,-0.007326126,-0.119658470,1,3.099581003,177.592909742,-0.002442360,-4.164102554,1,-2.401960373,-137.622191926,0.002442360,1.360683441,1,0.163844109,9.387575920,0.007326126,0.363858223,1,0.003643036,0.208730581,-0.036628723,-0.008546829,0.000000000,0.000000000,0.000000000,0.000000000,13.000000000,2.200000048,3.054326296,175.000006008,0.000000000,-3.234629154,20.000000000,8.000000000,-2.443460941,-139.999999342,0.000000000,2.209447145,20.000000000,6.500000000,0.174532920,9.999999709,0.000000000,0.305777937,8.500000000,3.200000048,0.000000000,0.000000000,0.000000000,-0.000024143,0.800000012,0.200000003
2026-07-07 00:14:54.300,1783354494.300721645,329.004904090,1,1,328.990446522,1,0.006933508,5,1,0.000953011,5,1,0,0,0,0,1,1,1,1,1,1,0.021932961,-0.924441035,2.721216092,0.604495878,1,328.989178716,12,1,12,1:-1.251:2.428|2:-0.428:2.425|3:0.392:2.424|4:1.223:2.419|5:1.228:1.589|6:0.405:1.588|7:-0.440:1.588|8:-1.261:1.589|9:-1.185:4.911|10:-0.390:4.902|11:0.375:4.903|12:1.182:4.901,1,245.138453752,ready,6,6,-0.826725000,2.882473000,1,245.138417082,0,arm busy,1,245.140434354,completed,1,245.134219506,1,received,1,0.007057190,0.404347199,-0.007326126,-0.114773750,1,3.099581003,177.592909742,-0.002442360,-4.164102554,1,-2.401960373,-137.622191926,-0.002442360,1.374359131,1,0.163844109,9.387575920,-0.007326126,0.368741989,1,0.003643036,0.208730581,-0.012210846,-0.008546829,0.000000000,0.000000000,0.000000000,0.000000000,13.000000000,2.200000048,3.054326296,175.000006008,0.000000000,-3.234629154,20.000000000,8.000000000,-2.443460941,-139.999999342,0.000000000,2.209447145,20.000000000,6.500000000,0.174532920,9.999999709,0.000000000,0.305777937,8.500000000,3.200000048,0.000000000,0.000000000,0.000000000,-0.000024143,0.800000012,0.200000003
2026-07-07 00:14:55.300,1783354495.300700665,330.004883160,1,1,329.990425592,1,0.007056336,5,1,0.001142405,5,1,0,0,0,0,1,1,1,1,1,1,0.022037690,-0.919243338,2.728072121,0.603727988,1,329.989157786,12,1,12,1:-1.251:2.428|2:-0.428:2.425|3:0.392:2.424|4:1.223:2.419|5:1.228:1.589|6:0.405:1.588|7:-0.440:1.588|8:-1.261:1.589|9:-1.185:4.911|10:-0.390:4.902|11:0.375:4.903|12:1.182:4.901,1,246.138432822,ready,6,6,-0.826725000,2.882473000,1,246.138396152,0,arm busy,1,246.140413424,completed,1,246.134198576,1,received,1,0.007057190,0.404347199,-0.007326126,-0.119658470,1,3.099581003,177.592909742,-0.002442360,-4.164102554,1,-2.401960373,-137.622191926,-0.002442360,1.360683441,1,0.163844109,9.387575920,0.007326126,0.378510475,1,0.003643036,0.208730581,0.012210846,-0.008546829,0.000000000,0.000000000,0.000000000,0.000000000,13.000000000,2.200000048,3.054326296,175.000006008,0.000000000,-3.234629154,20.000000000,8.000000000,-2.443460941,-139.999999342,0.000000000,2.209447145,20.000000000,6.500000000,0.174532920,9.999999709,0.000000000,0.305777937,8.500000000,3.200000048,0.000000000,0.000000000,0.000000000,-0.000024143,0.800000012,0.200000003
2026-07-07 00:14:56.300,1783354496.300687790,331.004870252,1,1,330.990412684,1,0.007111096,5,1,0.001067530,5,1,0,0,0,0,1,1,1,1,1,1,0.022063744,-0.919208173,2.715702155,0.605676779,1,330.989144878,12,1,12,1:-1.251:2.428|2:-0.428:2.425|3:0.392:2.424|4:1.223:2.419|5:1.228:1.589|6:0.405:1.588|7:-0.440:1.588|8:-1.261:1.589|9:-1.185:4.911|10:-0.390:4.902|11:0.375:4.903|12:1.182:4.901,1,247.138419914,ready,6,6,-0.826725000,2.882473000,1,247.138383244,0,arm busy,1,247.140400516,completed,1,247.134185668,1,received,1,0.007057190,0.404347199,-0.007326126,-0.119658470,1,3.099581003,177.592909742,-0.002442360,-4.164102554,1,-2.401960373,-137.622191926,-0.002442360,1.360683441,1,0.163844109,9.387575920,0.007326126,0.368741989,1,0.003643036,0.208730581,0.012210846,-0.008546829,0.000000000,0.000000000,0.000000000,0.000000000,13.000000000,2.200000048,3.054326296,175.000006008,0.000000000,-3.234629154,20.000000000,8.000000000,-2.443460941,-139.999999342,0.000000000,2.209447145,20.000000000,6.500000000,0.174532920,9.999999709,0.000000000,0.305777937,8.500000000,3.200000048,0.000000000,0.000000000,0.000000000,-0.000024143,0.800000012,0.200000003
2026-07-07 00:14:57.300,1783354497.300653219,332.004835620,1,1,331.990378052,1,0.006845444,5,1,0.001047198,5,1,0,0,0,0,1,1,1,1,1,1,0.022090713,-0.926231851,2.727466128,0.605392110,1,331.989110246,12,1,12,1:-1.251:2.428|2:-0.428:2.425|3:0.392:2.424|4:1.223:2.419|5:1.228:1.589|6:0.405:1.588|7:-0.440:1.588|8:-1.261:1.589|9:-1.185:4.911|10:-0.390:4.902|11:0.375:4.903|12:1.182:4.901,1,248.138385282,ready,6,6,-0.826725000,2.882473000,1,248.138348612,0,arm busy,1,248.140365884,completed,1,248.134151036,1,received,1,0.007057190,0.404347199,-0.007326126,-0.119658470,1,3.099581003,177.592909742,-0.002442360,-4.164102554,1,-2.401960373,-137.622191926,-0.002442360,1.360683441,1,0.163844109,9.387575920,0.007326126,0.368741989,1,0.003643036,0.208730581,0.036628723,-0.008546829,0.000000000,0.000000000,0.000000000,0.000000000,13.000000000,2.200000048,3.054326296,175.000006008,0.000000000,-3.234629154,20.000000000,8.000000000,-2.443460941,-139.999999342,0.000000000,2.209447145,20.000000000,6.500000000,0.174532920,9.999999709,0.000000000,0.305777937,8.500000000,3.200000048,0.000000000,0.000000000,0.000000000,-0.000024143,0.800000012,0.200000003
2026-07-07 00:14:58.300,1783354498.300709009,333.004891372,1,1,332.990433804,1,0.007200858,5,1,0.001047216,5,1,0,0,0,0,1,1,1,1,1,1,0.022157606,-0.915636473,2.731382875,0.605212581,1,332.989165998,12,1,12,1:-1.251:2.428|2:-0.428:2.425|3:0.392:2.424|4:1.223:2.419|5:1.228:1.589|6:0.405:1.588|7:-0.440:1.588|8:-1.261:1.589|9:-1.185:4.911|10:-0.390:4.902|11:0.375:4.903|12:1.182:4.901,1,249.138441034,ready,6,6,-0.826725000,2.882473000,1,249.138404364,0,arm busy,1,249.140421636,completed,1,249.134206788,1,received,1,0.007057190,0.404347199,-0.007326126,-0.119658470,1,3.099581003,177.592909742,-0.002442360,-4.164102554,1,-2.401960373,-137.622191926,0.002442360,1.360683441,1,0.163844109,9.387575920,-0.007326126,0.368741989,1,0.003643036,0.208730581,-0.036628723,-0.008546829,0.000000000,0.000000000,0.000000000,0.000000000,13.000000000,2.200000048,3.054326296,175.000006008,0.000000000,-3.234629154,20.000000000,8.000000000,-2.443460941,-139.999999342,0.000000000,2.209447145,20.000000000,6.500000000,0.174532920,9.999999709,0.000000000,0.305777937,8.500000000,3.200000048,0.000000000,0.000000000,0.000000000,-0.000024143,0.800000012,0.200000003
2026-07-07 00:14:59.300,1783354499.300569057,334.004751490,1,1,333.990293922,1,0.007107239,5,1,0.001045172,5,1,0,0,0,0,1,1,1,1,1,1,0.021967997,-0.921312528,2.718493407,0.605206843,1,333.989026116,12,1,12,1:-1.251:2.428|2:-0.428:2.425|3:0.392:2.424|4:1.223:2.419|5:1.228:1.589|6:0.405:1.588|7:-0.440:1.588|8:-1.261:1.589|9:-1.185:4.911|10:-0.390:4.902|11:0.375:4.903|12:1.182:4.901,1,250.138301152,ready,6,6,-0.826725000,2.882473000,1,250.138264482,0,arm busy,1,250.140281754,completed,1,250.134066906,1,received,1,0.007057190,0.404347199,-0.007326126,-0.119658470,1,3.099581003,177.592909742,-0.007326126,-4.164102554,1,-2.401960373,-137.622191926,0.002442360,1.360683441,1,0.163844109,9.387575920,-0.021978378,0.368741989,1,0.003643036,0.208730581,-0.012210846,-0.008546829,0.000000000,0.000000000,0.000000000,0.000000000,13.000000000,2.200000048,3.054326296,175.000006008,0.000000000,-3.234629154,20.000000000,8.000000000,-2.443460941,-139.999999342,0.000000000,2.209447145,20.000000000,6.500000000,0.174532920,9.999999709,0.000000000,0.305777937,8.500000000,3.200000048,0.000000000,0.000000000,0.000000000,-0.000024143,0.800000012,0.200000003
2026-07-07 00:15:00.300,1783354500.300533295,335.004715745,1,1,334.990258177,1,0.007207480,5,1,0.001069385,5,1,0,0,0,0,1,1,1,1,1,1,0.021933537,-0.924846608,2.720624510,0.606691967,1,334.988990371,12,1,12,1:-1.251:2.428|2:-0.428:2.425|3:0.392:2.424|4:1.223:2.419|5:1.228:1.589|6:0.405:1.588|7:-0.440:1.588|8:-1.261:1.589|9:-1.185:4.911|10:-0.390:4.902|11:0.375:4.903|12:1.182:4.901,1,251.138265407,ready,6,6,-0.826725000,2.882473000,1,251.138228737,0,arm busy,1,251.140246009,completed,1,251.134031161,1,received,1,0.007057190,0.404347199,-0.007326126,-0.114773750,1,3.099581003,177.592909742,-0.002442360,-4.164102554,1,-2.401960373,-137.622191926,-0.007326126,1.360683441,1,0.163844109,9.387575920,-0.007326126,0.373626709,1,0.003643036,0.208730581,-0.012210846,-0.008546829,0.000000000,0.000000000,0.000000000,0.000000000,13.000000000,2.200000048,3.054326296,175.000006008,0.000000000,-3.234629154,20.000000000,8.000000000,-2.443460941,-139.999999342,0.000000000,2.209447145,20.000000000,6.500000000,0.174532920,9.999999709,0.000000000,0.305777937,8.500000000,3.200000048,0.000000000,0.000000000,0.000000000,-0.000024143,0.800000012,0.200000003
2026-07-07 00:15:01.300,1783354501.300524712,336.004707266,1,1,335.990249698,1,0.006814224,5,1,0.000984052,5,1,0,0,0,0,1,1,1,1,1,1,0.022055719,-0.922391857,2.725972692,0.606035082,1,335.988981892,12,1,12,1:-1.251:2.428|2:-0.428:2.425|3:0.392:2.424|4:1.223:2.419|5:1.228:1.589|6:0.405:1.588|7:-0.440:1.588|8:-1.261:1.589|9:-1.185:4.911|10:-0.390:4.902|11:0.375:4.903|12:1.182:4.901,1,252.138256928,ready,6,6,-0.826725000,2.882473000,1,252.138220258,0,arm busy,1,252.140237530,completed,1,252.134022682,1,received,1,0.007057190,0.404347199,-0.007326126,-0.119658470,1,3.099581003,177.592909742,-0.002442360,-4.164102554,1,-2.401960373,-137.622191926,-0.002442360,1.360683441,1,0.163844109,9.387575920,-0.021978378,0.358974457,1,0.003643036,0.208730581,-0.012210846,-0.008546829,0.000000000,0.000000000,0.000000000,0.000000000,13.000000000,2.200000048,3.054326296,175.000006008,0.000000000,-3.234629154,20.000000000,8.000000000,-2.443460941,-139.999999342,0.000000000,2.209447145,20.000000000,6.500000000,0.174532920,9.999999709,0.000000000,0.305777937,8.500000000,3.200000048,0.000000000,0.000000000,0.000000000,-0.000024143,0.800000012,0.200000003
2026-07-07 00:15:02.300,1783354502.300468683,337.004651143,1,1,336.990193575,1,0.007003002,5,1,0.001036054,5,1,0,0,0,0,1,1,1,1,1,1,0.022084213,-0.929495485,2.730560716,0.605290882,1,336.988925769,12,1,12,1:-1.251:2.428|2:-0.428:2.425|3:0.392:2.424|4:1.223:2.419|5:1.228:1.589|6:0.405:1.588|7:-0.440:1.588|8:-1.261:1.589|9:-1.185:4.911|10:-0.390:4.902|11:0.375:4.903|12:1.182:4.901,1,253.138200805,ready,6,6,-0.826725000,2.882473000,1,253.138164135,0,arm busy,1,253.140181407,completed,1,253.133966559,1,received,1,0.007057190,0.404347199,-0.007326126,-0.124542236,1,3.099581003,177.592909742,-0.007326126,-4.164102554,1,-2.401960373,-137.622191926,-0.002442360,1.360683441,1,0.163844109,9.387575920,-0.007326126,0.363858223,1,0.003643036,0.208730581,0.012210846,-0.008546829,0.000000000,0.000000000,0.000000000,0.000000000,13.000000000,2.200000048,3.054326296,175.000006008,0.000000000,-3.234629154,20.000000000,8.000000000,-2.443460941,-139.999999342,0.000000000,2.209447145,20.000000000,6.500000000,0.174532920,9.999999709,0.000000000,0.305777937,8.500000000,3.200000048,0.000000000,0.000000000,0.000000000,-0.000024143,0.800000012,0.200000003
2026-07-07 00:15:03.300,1783354503.300468922,338.004651276,1,1,337.990193708,1,0.007124126,5,1,0.001033945,5,1,0,0,0,0,1,1,1,1,1,1,0.022059388,-0.918521841,2.719158316,0.606794426,1,337.988925902,12,1,12,1:-1.251:2.428|2:-0.428:2.425|3:0.392:2.424|4:1.223:2.419|5:1.228:1.589|6:0.405:1.588|7:-0.440:1.588|8:-1.261:1.589|9:-1.185:4.911|10:-0.390:4.902|11:0.375:4.903|12:1.182:4.901,1,254.138200938,ready,6,6,-0.826725000,2.882473000,1,254.138164268,0,arm busy,1,254.140181540,completed,1,254.133966692,1,received,1,0.007057190,0.404347199,-0.007326126,-0.114773750,1,3.099581003,177.592909742,0.002442360,-4.164102554,1,-2.401960373,-137.622191926,-0.002442360,1.374359131,1,0.163844109,9.387575920,-0.007326126,0.368741989,1,0.003643036,0.208730581,-0.036628723,-0.008546829,0.000000000,0.000000000,0.000000000,0.000000000,13.000000000,2.200000048,3.054326296,175.000006008,0.000000000,-3.234629154,20.000000000,8.000000000,-2.443460941,-139.999999342,0.000000000,2.209447145,20.000000000,6.500000000,0.174532920,9.999999709,0.000000000,0.305777937,8.500000000,3.200000048,0.000000000,0.000000000,0.000000000,-0.000024143,0.800000012,0.200000003
2026-07-07 00:15:04.300,1783354504.300425053,339.004607300,1,1,338.990149732,1,0.006898764,5,1,0.000916805,5,1,0,0,0,0,1,1,1,1,1,1,0.021966771,-0.921543087,2.725155255,0.605850886,1,338.988881926,12,1,12,1:-1.251:2.428|2:-0.428:2.425|3:0.392:2.424|4:1.223:2.419|5:1.228:1.589|6:0.405:1.588|7:-0.440:1.588|8:-1.261:1.589|9:-1.185:4.911|10:-0.390:4.902|11:0.375:4.903|12:1.182:4.901,1,255.138156962,ready,6,6,-0.826725000,2.882473000,1,255.138120292,0,arm busy,1,255.140137564,completed,1,255.133922716,1,received,1,0.007057190,0.404347199,-0.021978378,-0.119658470,1,3.099581003,177.592909742,-0.002442360,-4.164102554,1,-2.401960373,-137.622191926,-0.002442360,1.360683441,1,0.163844109,9.387575920,-0.007326126,0.378510475,1,0.003643036,0.208730581,-0.012210846,-0.006104946,0.000000000,0.000000000,0.000000000,0.000000000,13.000000000,2.200000048,3.054326296,175.000006008,0.000000000,-3.234629154,20.000000000,8.000000000,-2.443460941,-139.999999342,0.000000000,2.209447145,20.000000000,6.500000000,0.174532920,9.999999709,0.000000000,0.305777937,8.500000000,3.200000048,0.000000000,0.000000000,0.000000000,-0.000024143,0.800000012,0.200000003
2026-07-07 00:15:05.300,1783354505.300391674,340.004574094,1,1,339.990116526,1,0.007139978,5,1,0.000980244,5,1,0,0,0,0,1,1,1,1,1,1,0.021998093,-0.923078516,2.735061917,0.603030101,1,339.988848720,12,1,12,1:-1.251:2.428|2:-0.428:2.425|3:0.392:2.424|4:1.223:2.419|5:1.228:1.589|6:0.405:1.588|7:-0.440:1.588|8:-1.261:1.589|9:-1.185:4.911|10:-0.390:4.902|11:0.375:4.903|12:1.182:4.901,1,256.138123756,ready,6,6,-0.826725000,2.882473000,1,256.138087086,0,arm busy,1,256.140104358,completed,1,256.133889510,1,received,1,0.007057190,0.404347199,-0.007326126,-0.119658470,1,3.099581003,177.592909742,-0.007326126,-4.164102554,1,-2.401960373,-137.622191926,0.002442360,1.360683441,1,0.163844109,9.387575920,-0.007326126,0.358974457,1,0.003643036,0.208730581,-0.012210846,-0.008546829,0.000000000,0.000000000,0.000000000,0.000000000,13.000000000,2.200000048,3.054326296,175.000006008,0.000000000,-3.234629154,20.000000000,8.000000000,-2.443460941,-139.999999342,0.000000000,2.209447145,20.000000000,6.500000000,0.174532920,9.999999709,0.000000000,0.305777937,8.500000000,3.200000048,0.000000000,0.000000000,0.000000000,-0.000024143,0.800000012,0.200000003
2026-07-07 00:15:06.300,1783354506.300373077,341.004555416,1,1,340.990097848,1,0.006950721,5,1,0.000886442,5,1,0,0,0,0,1,1,1,1,1,1,0.021943041,-0.924232516,2.720989630,0.605912048,1,340.988830042,12,1,12,1:-1.251:2.428|2:-0.428:2.425|3:0.392:2.424|4:1.223:2.419|5:1.228:1.589|6:0.405:1.588|7:-0.440:1.588|8:-1.261:1.589|9:-1.185:4.911|10:-0.390:4.902|11:0.375:4.903|12:1.182:4.901,1,257.138105078,ready,6,6,-0.826725000,2.882473000,1,257.138068408,0,arm busy,1,257.140085680,completed,1,257.133870832,1,received,1,0.007057190,0.404347199,-0.007326126,-0.119658470,1,3.099581003,177.592909742,-0.002442360,-4.164102554,1,-2.401960373,-137.622191926,0.002442360,1.360683441,1,0.163844109,9.387575920,-0.021978378,0.368741989,1,0.003643036,0.208730581,-0.012210846,-0.006104946,0.000000000,0.000000000,0.000000000,0.000000000,13.000000000,2.200000048,3.054326296,175.000006008,0.000000000,-3.234629154,20.000000000,8.000000000,-2.443460941,-139.999999342,0.000000000,2.209447145,20.000000000,6.500000000,0.174532920,9.999999709,0.000000000,0.305777937,8.500000000,3.200000048,0.000000000,0.000000000,0.000000000,-0.000024143,0.800000012,0.200000003
2026-07-07 00:15:07.300,1783354507.300337315,342.004519706,1,1,341.990062138,1,0.007005150,5,1,0.000924560,5,1,0,0,0,0,1,1,1,1,1,1,0.022053562,-0.926924409,2.725492721,0.605255177,1,341.988794332,12,1,12,1:-1.251:2.428|2:-0.428:2.425|3:0.392:2.424|4:1.223:2.419|5:1.228:1.589|6:0.405:1.588|7:-0.440:1.588|8:-1.261:1.589|9:-1.185:4.911|10:-0.390:4.902|11:0.375:4.903|12:1.182:4.901,1,258.138069368,ready,6,6,-0.826725000,2.882473000,1,258.138032698,0,arm busy,1,258.140049970,completed,1,258.133835122,1,received,1,0.007057190,0.404347199,-0.007326126,-0.114773750,1,3.099581003,177.592909742,-0.002442360,-4.164102554,1,-2.401960373,-137.622191926,-0.002442360,1.360683441,1,0.163844109,9.387575920,-0.007326126,0.373626709,1,0.003643036,0.208730581,-0.012210846,-0.008546829,0.000000000,0.000000000,0.000000000,0.000000000,13.000000000,2.200000048,3.054326296,175.000006008,0.000000000,-3.234629154,20.000000000,8.000000000,-2.443460941,-139.999999342,0.000000000,2.209447145,20.000000000,6.500000000,0.174532920,9.999999709,0.000000000,0.305777937,8.500000000,3.200000048,0.000000000,0.000000000,0.000000000,-0.000024143,0.800000012,0.200000003
2026-07-07 00:15:08.300,1783354508.300316334,343.004498799,1,1,342.990041231,1,0.007016086,5,1,0.000950715,5,1,0,0,0,0,1,1,1,1,1,1,0.022075318,-0.916522975,2.726892899,0.604483621,1,342.988773425,12,1,12,1:-1.251:2.428|2:-0.428:2.425|3:0.392:2.424|4:1.223:2.419|5:1.228:1.589|6:0.405:1.588|7:-0.440:1.588|8:-1.261:1.589|9:-1.185:4.911|10:-0.390:4.902|11:0.375:4.903|12:1.182:4.901,1,259.138048461,ready,6,6,-0.826725000,2.882473000,1,259.138011791,0,arm busy,1,259.140029063,completed,1,259.133814215,1,received,1,0.007057190,0.404347199,-0.007326126,-0.119658470,1,3.099581003,177.592909742,-0.002442360,-4.164102554,1,-2.401960373,-137.622191926,-0.002442360,1.360683441,1,0.163844109,9.387575920,-0.007326126,0.363858223,1,0.003643036,0.208730581,-0.036628723,-0.008546829,0.000000000,0.000000000,0.000000000,0.000000000,13.000000000,2.200000048,3.054326296,175.000006008,0.000000000,-3.234629154,20.000000000,8.000000000,-2.443460941,-139.999999342,0.000000000,2.209447145,20.000000000,6.500000000,0.174532920,9.999999709,0.000000000,0.305777937,8.500000000,3.200000048,0.000000000,0.000000000,0.000000000,-0.000024143,0.800000012,0.200000003
2026-07-07 00:15:09.300,1783354509.300282955,344.004465283,1,1,343.990007715,1,0.006983033,5,1,0.001063718,5,1,0,0,0,0,1,1,1,1,1,1,0.022047519,-0.926837954,2.718621826,0.604567563,1,343.988739909,12,1,12,1:-1.251:2.428|2:-0.428:2.425|3:0.392:2.424|4:1.223:2.419|5:1.228:1.589|6:0.405:1.588|7:-0.440:1.588|8:-1.261:1.589|9:-1.185:4.911|10:-0.390:4.902|11:0.375:4.903|12:1.182:4.901,1,260.138014945,ready,6,6,-0.826725000,2.882473000,1,260.137978275,0,arm busy,1,260.139995547,completed,1,260.133780699,1,received,1,0.007057190,0.404347199,-0.007326126,-0.114773750,1,3.099581003,177.592909742,-0.007326126,-4.164102554,1,-2.401960373,-137.622191926,-0.002442360,1.360683441,1,0.163844109,9.387575920,-0.007326126,0.363858223,1,0.003643036,0.208730581,-0.012210846,-0.008546829,0.000000000,0.000000000,0.000000000,0.000000000,13.000000000,2.200000048,3.054326296,175.000006008,0.000000000,-3.234629154,20.000000000,8.000000000,-2.443460941,-139.999999342,0.000000000,2.209447145,20.000000000,6.500000000,0.174532920,9.999999709,0.000000000,0.305777937,8.500000000,3.200000048,0.000000000,0.000000000,0.000000000,-0.000024143,0.800000012,0.200000003
2026-07-07 00:15:10.300,1783354510.300242186,345.004424459,1,1,344.989966891,1,0.007064664,5,1,0.001016410,5,1,0,0,0,0,1,1,1,1,1,1,0.022089066,-0.915749361,2.731005676,0.602856153,1,344.988699085,12,1,12,1:-1.251:2.428|2:-0.428:2.425|3:0.392:2.424|4:1.223:2.419|5:1.228:1.589|6:0.405:1.588|7:-0.440:1.588|8:-1.261:1.589|9:-1.185:4.911|10:-0.390:4.902|11:0.375:4.903|12:1.182:4.901,1,261.137974121,ready,6,6,-0.826725000,2.882473000,1,261.137937451,0,arm busy,1,261.139954723,completed,1,261.133739875,1,received,1,0.007057190,0.404347199,-0.021978378,-0.119658470,1,3.099581003,177.592909742,-0.002442360,-4.164102554,1,-2.401960373,-137.622191926,-0.002442360,1.360683441,1,0.163844109,9.387575920,-0.007326126,0.368741989,1,0.003643036,0.208730581,-0.012210846,-0.008546829,0.000000000,0.000000000,0.000000000,0.000000000,13.000000000,2.200000048,3.054326296,175.000006008,0.000000000,-3.234629154,20.000000000,8.000000000,-2.443460941,-139.999999342,0.000000000,2.209447145,20.000000000,6.500000000,0.174532920,9.999999709,0.000000000,0.305777937,8.500000000,3.200000048,0.000000000,0.000000000,0.000000000,-0.000024143,0.800000012,0.200000003
2026-07-07 00:15:11.300,1783354511.300221920,346.004404431,1,1,345.989946863,1,0.006906897,5,1,0.001010381,5,1,0,0,0,0,1,1,1,1,1,1,0.022044050,-0.916527768,2.716252869,0.605202614,1,345.988679057,12,1,12,1:-1.251:2.428|2:-0.428:2.425|3:0.392:2.424|4:1.223:2.419|5:1.228:1.589|6:0.405:1.588|7:-0.440:1.588|8:-1.261:1.589|9:-1.185:4.911|10:-0.390:4.902|11:0.375:4.903|12:1.182:4.901,1,262.137954093,ready,6,6,-0.826725000,2.882473000,1,262.137917423,0,arm busy,1,262.139934695,completed,1,262.133719847,1,received,1,0.007057190,0.404347199,-0.007326126,-0.114773750,1,3.099581003,177.592909742,-0.002442360,-4.164102554,1,-2.401960373,-137.622191926,-0.002442360,1.374359131,1,0.163844109,9.387575920,-0.007326126,0.368741989,1,0.003643036,0.208730581,-0.012210846,-0.008546829,0.000000000,0.000000000,0.000000000,0.000000000,13.000000000,2.200000048,3.054326296,175.000006008,0.000000000,-3.234629154,20.000000000,8.000000000,-2.443460941,-139.999999342,0.000000000,2.209447145,20.000000000,6.500000000,0.174532920,9.999999709,0.000000000,0.305777937,8.500000000,3.200000048,0.000000000,0.000000000,0.000000000,-0.000024143,0.800000012,0.200000003
2026-07-07 00:15:12.300,1783354512.300206661,347.004388911,1,1,346.989931343,1,0.007124041,5,1,0.001141821,5,1,0,0,0,0,1,1,1,1,1,1,0.022115555,-0.924214991,2.728649019,0.603990962,1,346.988663537,12,1,12,1:-1.251:2.428|2:-0.428:2.425|3:0.392:2.424|4:1.223:2.419|5:1.228:1.589|6:0.405:1.588|7:-0.440:1.588|8:-1.261:1.589|9:-1.185:4.911|10:-0.390:4.902|11:0.375:4.903|12:1.182:4.901,1,263.137938573,ready,6,6,-0.826725000,2.882473000,1,263.137901903,0,arm busy,1,263.139919175,completed,1,263.133704327,1,received,1,0.007057190,0.404347199,0.007326126,-0.114773750,1,3.099581003,177.592909742,-0.002442360,-4.164102554,1,-2.401960373,-137.622191926,-0.002442360,1.374359131,1,0.163844109,9.387575920,-0.007326126,0.368741989,1,0.003643036,0.208730581,-0.012210846,-0.008546829,0.000000000,0.000000000,0.000000000,0.000000000,13.000000000,2.200000048,3.054326296,175.000006008,0.000000000,-3.234629154,20.000000000,8.000000000,-2.443460941,-139.999999342,0.000000000,2.209447145,20.000000000,6.500000000,0.174532920,9.999999709,0.000000000,0.305777937,8.500000000,3.200000048,0.000000000,0.000000000,0.000000000,-0.000024143,0.800000012,0.200000003
2026-07-07 00:15:13.300,1783354513.300188780,348.004371023,1,1,347.989913455,1,0.007115204,5,1,0.001076551,5,1,0,0,0,0,1,1,1,1,1,1,0.022110688,-0.923559807,2.720686180,0.606678653,1,347.988645649,12,1,12,1:-1.251:2.428|2:-0.428:2.425|3:0.392:2.424|4:1.223:2.419|5:1.228:1.589|6:0.405:1.588|7:-0.440:1.588|8:-1.261:1.589|9:-1.185:4.911|10:-0.390:4.902|11:0.375:4.903|12:1.182:4.901,1,264.137920685,ready,6,6,-0.826725000,2.882473000,1,264.137884015,0,arm busy,1,264.139901287,completed,1,264.133686439,1,received,1,0.007057190,0.404347199,0.007326126,-0.119658470,1,3.099581003,177.592909742,-0.002442360,-4.164102554,1,-2.401960373,-137.622191926,0.002442360,1.360683441,1,0.163844109,9.387575920,0.007326126,0.373626709,1,0.003643036,0.208730581,0.012210846,-0.008546829,0.000000000,0.000000000,0.000000000,0.000000000,13.000000000,2.200000048,3.054326296,175.000006008,0.000000000,-3.234629154,20.000000000,8.000000000,-2.443460941,-139.999999342,0.000000000,2.209447145,20.000000000,6.500000000,0.174532920,9.999999709,0.000000000,0.305777937,8.500000000,3.200000048,0.000000000,0.000000000,0.000000000,-0.000024143,0.800000012,0.200000003
2026-07-07 00:15:14.300,1783354514.300149202,349.004331634,1,1,348.989874066,1,0.007212668,5,1,0.001046611,5,1,0,0,0,0,1,1,1,1,1,1,0.022064866,-0.925268495,2.715776380,0.606958579,1,348.988606260,12,1,12,1:-1.251:2.428|2:-0.428:2.425|3:0.392:2.424|4:1.223:2.419|5:1.228:1.589|6:0.405:1.588|7:-0.440:1.588|8:-1.261:1.589|9:-1.185:4.911|10:-0.390:4.902|11:0.375:4.903|12:1.182:4.901,1,265.137881296,ready,6,6,-0.826725000,2.882473000,1,265.137844626,0,arm busy,1,265.139861898,completed,1,265.133647050,1,received,1,0.007057190,0.404347199,-0.007326126,-0.119658470,1,3.099581003,177.592909742,-0.002442360,-4.164102554,1,-2.401960373,-137.622191926,-0.002442360,1.360683441,1,0.163844109,9.387575920,0.007326126,0.373626709,1,0.003643036,0.208730581,-0.012210846,-0.008546829,0.000000000,0.000000000,0.000000000,0.000000000,13.000000000,2.200000048,3.054326296,175.000006008,0.000000000,-3.234629154,20.000000000,8.000000000,-2.443460941,-139.999999342,0.000000000,2.209447145,20.000000000,6.500000000,0.174532920,9.999999709,0.000000000,0.305777937,8.500000000,3.200000048,0.000000000,0.000000000,0.000000000,-0.000024143,0.800000012,0.200000003
2026-07-07 00:15:15.300,1783354515.300133467,350.004315712,1,1,349.989858144,1,0.007353265,5,1,0.001099967,5,1,0,0,0,0,1,1,1,1,1,1,0.022095336,-0.920668054,2.727535822,0.604382218,1,349.988590338,12,1,12,1:-1.251:2.428|2:-0.428:2.425|3:0.392:2.424|4:1.223:2.419|5:1.228:1.589|6:0.405:1.588|7:-0.440:1.588|8:-1.261:1.589|9:-1.185:4.911|10:-0.390:4.902|11:0.375:4.903|12:1.182:4.901,1,266.137865374,ready,6,6,-0.826725000,2.882473000,1,266.137828704,0,arm busy,1,266.139845976,completed,1,266.133631128,1,received,1,0.007057190,0.404347199,-0.007326126,-0.119658470,1,3.099581003,177.592909742,-0.002442360,-4.177778244,1,-2.401960373,-137.622191926,0.002442360,1.360683441,1,0.163844109,9.387575920,-0.007326126,0.368741989,1,0.003643036,0.208730581,0.012210846,-0.008546829,0.000000000,0.000000000,0.000000000,0.000000000,13.000000000,2.200000048,3.054326296,175.000006008,0.000000000,-3.234629154,20.000000000,8.000000000,-2.443460941,-139.999999342,0.000000000,2.209447145,20.000000000,6.500000000,0.174532920,9.999999709,0.000000000,0.305777937,8.500000000,3.200000048,0.000000000,0.000000000,0.000000000,-0.000024143,0.800000012,0.200000003
2026-07-07 00:15:16.300,1783354516.300075769,351.004258069,1,1,350.989800501,1,0.006981012,5,1,0.001097916,5,1,0,0,0,0,1,1,1,1,1,1,0.022016258,-0.923677466,2.718610465,0.606285703,1,350.988532695,12,1,12,1:-1.251:2.428|2:-0.428:2.425|3:0.392:2.424|4:1.223:2.419|5:1.228:1.589|6:0.405:1.588|7:-0.440:1.588|8:-1.261:1.589|9:-1.185:4.911|10:-0.390:4.902|11:0.375:4.903|12:1.182:4.901,1,267.137807731,ready,6,6,-0.826725000,2.882473000,1,267.137771061,0,arm busy,1,267.139788333,completed,1,267.133573485,1,received,1,0.007057190,0.404347199,-0.007326126,-0.114773750,1,3.099581003,177.592909742,-0.002442360,-4.164102554,1,-2.401960373,-137.622191926,-0.002442360,1.360683441,1,0.163844109,9.387575920,-0.007326126,0.368741989,1,0.003643036,0.208730581,-0.012210846,-0.008546829,0.000000000,0.000000000,0.000000000,0.000000000,13.000000000,2.200000048,3.054326296,175.000006008,0.000000000,-3.234629154,20.000000000,8.000000000,-2.443460941,-139.999999342,0.000000000,2.209447145,20.000000000,6.500000000,0.174532920,9.999999709,0.000000000,0.305777937,8.500000000,3.200000048,0.000000000,0.000000000,0.000000000,-0.000024143,0.800000012,0.200000003
2026-07-07 00:15:17.300,1783354517.300055742,352.004238072,1,1,351.989780504,1,0.006867672,5,1,0.000956277,5,1,0,0,0,0,1,1,1,1,1,1,0.021879747,-0.920976583,2.732754281,0.606264863,1,351.988512698,12,1,12,1:-1.251:2.428|2:-0.428:2.425|3:0.392:2.424|4:1.223:2.419|5:1.228:1.589|6:0.405:1.588|7:-0.440:1.588|8:-1.261:1.589|9:-1.185:4.911|10:-0.390:4.902|11:0.375:4.903|12:1.182:4.901,1,268.137787734,ready,6,6,-0.826725000,2.882473000,1,268.137751064,0,arm busy,1,268.139768336,completed,1,268.133553488,1,received,1,0.007057190,0.404347199,-0.007326126,-0.119658470,1,3.099581003,177.592909742,0.002442360,-4.164102554,1,-2.401960373,-137.622191926,-0.007326126,1.360683441,1,0.163844109,9.387575920,-0.007326126,0.368741989,1,0.003643036,0.208730581,-0.012210846,-0.008546829,0.000000000,0.000000000,0.000000000,0.000000000,13.000000000,2.200000048,3.054326296,175.000006008,0.000000000,-3.234629154,20.000000000,8.000000000,-2.443460941,-139.999999342,0.000000000,2.209447145,20.000000000,6.500000000,0.174532920,9.999999709,0.000000000,0.305777937,8.500000000,3.200000048,0.000000000,0.000000000,0.000000000,-0.000024143,0.800000012,0.200000003
2026-07-07 00:15:18.300,1783354518.300029516,353.004211880,1,1,352.989754312,1,0.006978842,5,1,0.001003317,5,1,0,0,0,0,1,1,1,1,1,1,0.022046542,-0.919631100,2.723986676,0.605926013,1,352.988486506,12,1,12,1:-1.251:2.428|2:-0.428:2.425|3:0.392:2.424|4:1.223:2.419|5:1.228:1.589|6:0.405:1.588|7:-0.440:1.588|8:-1.261:1.589|9:-1.185:4.911|10:-0.390:4.902|11:0.375:4.903|12:1.182:4.901,1,269.137761542,ready,6,6,-0.826725000,2.882473000,1,269.137724872,0,arm busy,1,269.139742144,completed,1,269.133527296,1,received,1,0.007057190,0.404347199,-0.007326126,-0.114773750,1,3.099581003,177.592909742,-0.002442360,-4.164102554,1,-2.401960373,-137.622191926,-0.002442360,1.360683441,1,0.163844109,9.387575920,-0.007326126,0.368741989,1,0.003643036,0.208730581,0.012210846,-0.008546829,0.000000000,0.000000000,0.000000000,0.000000000,13.000000000,2.200000048,3.054326296,175.000006008,0.000000000,-3.234629154,20.000000000,8.000000000,-2.443460941,-139.999999342,0.000000000,2.209447145,20.000000000,6.500000000,0.174532920,9.999999709,0.000000000,0.305777937,8.500000000,3.200000048,0.000000000,0.000000000,0.000000000,-0.000024143,0.800000012,0.200000003
2026-07-07 00:15:19.300,1783354519.299977303,354.004159563,1,1,353.989701995,1,0.006763058,5,1,0.000907611,5,1,0,0,0,0,1,1,1,1,1,1,0.022026208,-0.920691302,2.729666203,0.603365076,1,353.988434189,12,1,12,1:-1.251:2.428|2:-0.428:2.425|3:0.392:2.424|4:1.223:2.419|5:1.228:1.589|6:0.405:1.588|7:-0.440:1.588|8:-1.261:1.589|9:-1.185:4.911|10:-0.390:4.902|11:0.375:4.903|12:1.182:4.901,1,270.137709225,ready,6,6,-0.826725000,2.882473000,1,270.137672555,0,arm busy,1,270.139689827,completed,1,270.133474979,1,received,1,0.007057190,0.404347199,0.007326126,-0.114773750,1,3.099581003,177.592909742,-0.007326126,-4.164102554,1,-2.401960373,-137.622191926,0.002442360,1.360683441,1,0.163844109,9.387575920,-0.021978378,0.368741989,1,0.003643036,0.208730581,-0.012210846,-0.008546829,0.000000000,0.000000000,0.000000000,0.000000000,13.000000000,2.200000048,3.054326296,175.000006008,0.000000000,-3.234629154,20.000000000,8.000000000,-2.443460941,-139.999999342,0.000000000,2.209447145,20.000000000,6.500000000,0.174532920,9.999999709,0.000000000,0.305777937,8.500000000,3.200000048,0.000000000,0.000000000,0.000000000,-0.000024143,0.800000012,0.200000003
2026-07-07 00:15:20.300,1783354520.299968481,355.004150912,1,1,354.989693344,1,0.007144597,5,1,0.001009398,5,1,0,0,0,0,1,1,1,1,1,1,0.021925069,-0.927070645,2.732408731,0.605334794,1,354.988425538,12,1,12,1:-1.251:2.428|2:-0.428:2.425|3:0.392:2.424|4:1.223:2.419|5:1.228:1.589|6:0.405:1.588|7:-0.440:1.588|8:-1.261:1.589|9:-1.185:4.911|10:-0.390:4.902|11:0.375:4.903|12:1.182:4.901,1,271.137700574,ready,6,6,-0.826725000,2.882473000,1,271.137663904,0,arm busy,1,271.139681176,completed,1,271.133466328,1,received,1,0.007057190,0.404347199,-0.007326126,-0.114773750,1,3.099581003,177.592909742,-0.002442360,-4.164102554,1,-2.401960373,-137.622191926,-0.002442360,1.360683441,1,0.163844109,9.387575920,-0.007326126,0.373626709,1,0.003643036,0.208730581,0.012210846,-0.008546829,0.000000000,0.000000000,0.000000000,0.000000000,13.000000000,2.200000048,3.054326296,175.000006008,0.000000000,-3.234629154,20.000000000,8.000000000,-2.443460941,-139.999999342,0.000000000,2.209447145,20.000000000,6.500000000,0.174532920,9.999999709,0.000000000,0.305777937,8.500000000,3.200000048,0.000000000,0.000000000,0.000000000,-0.000024143,0.800000012,0.200000003
2026-07-07 00:15:21.300,1783354521.299943924,356.004126325,1,1,355.989668757,1,0.007170133,5,1,0.001094435,5,1,0,0,0,0,1,1,1,1,1,1,0.022014475,-0.924718608,2.729338147,0.603858929,1,355.988400951,12,1,12,1:-1.251:2.428|2:-0.428:2.425|3:0.392:2.424|4:1.223:2.419|5:1.228:1.589|6:0.405:1.588|7:-0.440:1.588|8:-1.261:1.589|9:-1.185:4.911|10:-0.390:4.902|11:0.375:4.903|12:1.182:4.901,1,272.137675987,ready,6,6,-0.826725000,2.882473000,1,272.137639317,0,arm busy,1,272.139656589,completed,1,272.133441741,1,received,1,0.007057190,0.404347199,-0.007326126,-0.114773750,1,3.099581003,177.592909742,-0.002442360,-4.164102554,1,-2.401960373,-137.622191926,-0.002442360,1.360683441,1,0.163844109,9.387575920,0.007326126,0.368741989,1,0.003643036,0.208730581,0.012210846,-0.008546829,0.000000000,0.000000000,0.000000000,0.000000000,13.000000000,2.200000048,3.054326296,175.000006008,0.000000000,-3.234629154,20.000000000,8.000000000,-2.443460941,-139.999999342,0.000000000,2.209447145,20.000000000,6.500000000,0.174532920,9.999999709,0.000000000,0.305777937,8.500000000,3.200000048,0.000000000,0.000000000,0.000000000,-0.000024143,0.800000012,0.200000003
2026-07-07 00:15:22.300,1783354522.299942255,357.004124558,1,1,356.989666990,1,0.007124633,5,1,0.001054990,5,1,0,0,0,0,1,1,1,1,1,1,0.022026991,-0.926925597,2.717184647,0.602843173,1,356.988399184,12,1,12,1:-1.251:2.428|2:-0.428:2.425|3:0.392:2.424|4:1.223:2.419|5:1.228:1.589|6:0.405:1.588|7:-0.440:1.588|8:-1.261:1.589|9:-1.185:4.911|10:-0.390:4.902|11:0.375:4.903|12:1.182:4.901,1,273.137674220,ready,6,6,-0.826725000,2.882473000,1,273.137637550,0,arm busy,1,273.139654822,completed,1,273.133439974,1,received,1,0.007057190,0.404347199,-0.007326126,-0.114773750,1,3.099581003,177.592909742,-0.002442360,-4.164102554,1,-2.401960373,-137.622191926,-0.002442360,1.374359131,1,0.163844109,9.387575920,-0.021978378,0.363858223,1,0.003643036,0.208730581,0.012210846,-0.008546829,0.000000000,0.000000000,0.000000000,0.000000000,13.000000000,2.200000048,3.054326296,175.000006008,0.000000000,-3.234629154,20.000000000,8.000000000,-2.443460941,-139.999999342,0.000000000,2.209447145,20.000000000,6.500000000,0.174532920,9.999999709,0.000000000,0.305777937,8.500000000,3.200000048,0.000000000,0.000000000,0.000000000,-0.000024143,0.800000012,0.200000003
2026-07-07 00:15:23.299,1783354523.299880981,358.004063373,1,1,357.989605805,1,0.007208186,5,1,0.000977076,5,1,0,0,0,0,1,1,1,1,1,1,0.022064329,-0.920681079,2.718620949,0.605120394,1,357.988337999,12,1,12,1:-1.251:2.428|2:-0.428:2.425|3:0.392:2.424|4:1.223:2.419|5:1.228:1.589|6:0.405:1.588|7:-0.440:1.588|8:-1.261:1.589|9:-1.185:4.911|10:-0.390:4.902|11:0.375:4.903|12:1.182:4.901,1,274.137613035,ready,6,6,-0.826725000,2.882473000,1,274.137576365,0,arm busy,1,274.139593637,completed,1,274.133378789,1,received,1,0.007057190,0.404347199,-0.007326126,-0.114773750,1,3.099581003,177.592909742,-0.002442360,-4.164102554,1,-2.401960373,-137.622191926,-0.002442360,1.360683441,1,0.163844109,9.387575920,-0.007326126,0.363858223,1,0.003643036,0.208730581,-0.012210846,-0.008546829,0.000000000,0.000000000,0.000000000,0.000000000,13.000000000,2.200000048,3.054326296,175.000006008,0.000000000,-3.234629154,20.000000000,8.000000000,-2.443460941,-139.999999342,0.000000000,2.209447145,20.000000000,6.500000000,0.174532920,9.999999709,0.000000000,0.305777937,8.500000000,3.200000048,0.000000000,0.000000000,0.000000000,-0.000024143,0.800000012,0.200000003
2026-07-07 00:15:24.299,1783354524.299855471,359.004037722,1,1,358.989580154,1,0.006975675,5,1,0.001016633,5,1,0,0,0,0,1,1,1,1,1,1,0.022032706,-0.922176316,2.728691651,0.602927186,1,358.988312348,12,1,12,1:-1.251:2.428|2:-0.428:2.425|3:0.392:2.424|4:1.223:2.419|5:1.228:1.589|6:0.405:1.588|7:-0.440:1.588|8:-1.261:1.589|9:-1.185:4.911|10:-0.390:4.902|11:0.375:4.903|12:1.182:4.901,1,275.137587384,ready,6,6,-0.826725000,2.882473000,1,275.137550714,0,arm busy,1,275.139567986,completed,1,275.133353138,1,received,1,0.007057190,0.404347199,-0.007326126,-0.114773750,1,3.099581003,177.592909742,-0.007326126,-4.164102554,1,-2.401960373,-137.622191926,-0.002442360,1.360683441,1,0.163844109,9.387575920,-0.021978378,0.373626709,1,0.003643036,0.208730581,-0.012210846,-0.008546829,0.000000000,0.000000000,0.000000000,0.000000000,13.000000000,2.200000048,3.054326296,175.000006008,0.000000000,-3.234629154,20.000000000,8.000000000,-2.443460941,-139.999999342,0.000000000,2.209447145,20.000000000,6.500000000,0.174532920,9.999999709,0.000000000,0.305777937,8.500000000,3.200000048,0.000000000,0.000000000,0.000000000,-0.000024143,0.800000012,0.200000003
2026-07-07 00:15:25.299,1783354525.299819469,360.004001907,1,1,359.989544339,1,0.006969849,5,1,0.001043810,5,1,0,0,0,0,1,1,1,1,1,1,0.022007750,-0.922066008,2.733224818,0.603994290,1,359.988276533,12,1,12,1:-1.251:2.428|2:-0.428:2.425|3:0.392:2.424|4:1.223:2.419|5:1.228:1.589|6:0.405:1.588|7:-0.440:1.588|8:-1.261:1.589|9:-1.185:4.911|10:-0.390:4.902|11:0.375:4.903|12:1.182:4.901,1,276.137551569,ready,6,6,-0.826725000,2.882473000,1,276.137514899,0,arm busy,1,276.139532171,completed,1,276.133317323,1,received,1,0.007057190,0.404347199,-0.007326126,-0.119658470,1,3.099581003,177.592909742,-0.002442360,-4.164102554,1,-2.401960373,-137.622191926,-0.002442360,1.360683441,1,0.163844109,9.387575920,0.007326126,0.368741989,1,0.003643036,0.208730581,-0.036628723,-0.008546829,0.000000000,0.000000000,0.000000000,0.000000000,13.000000000,2.200000048,3.054326296,175.000006008,0.000000000,-3.234629154,20.000000000,8.000000000,-2.443460941,-139.999999342,0.000000000,2.209447145,20.000000000,6.500000000,0.174532920,9.999999709,0.000000000,0.305777937,8.500000000,3.200000048,0.000000000,0.000000000,0.000000000,-0.000024143,0.800000012,0.200000003
2026-07-07 00:15:26.299,1783354526.299804449,361.003986806,1,1,360.989529238,1,0.007093567,5,1,0.000922210,5,1,0,0,0,0,1,1,1,1,1,1,0.022062943,-0.922071445,2.719876237,0.604074514,1,360.988261432,12,1,12,1:-1.251:2.428|2:-0.428:2.425|3:0.392:2.424|4:1.223:2.419|5:1.228:1.589|6:0.405:1.588|7:-0.440:1.588|8:-1.261:1.589|9:-1.185:4.911|10:-0.390:4.902|11:0.375:4.903|12:1.182:4.901,1,277.137536468,ready,6,6,-0.826725000,2.882473000,1,277.137499798,0,arm busy,1,277.139517070,completed,1,277.133302222,1,received,1,0.007057190,0.404347199,-0.007326126,-0.114773750,1,3.099581003,177.592909742,-0.002442360,-4.164102554,1,-2.401960373,-137.622191926,-0.002442360,1.360683441,1,0.163844109,9.387575920,-0.021978378,0.373626709,1,0.003643036,0.208730581,0.012210846,-0.006104946,0.000000000,0.000000000,0.000000000,0.000000000,13.000000000,2.200000048,3.054326296,175.000006008,0.000000000,-3.234629154,20.000000000,8.000000000,-2.443460941,-139.999999342,0.000000000,2.209447145,20.000000000,6.500000000,0.174532920,9.999999709,0.000000000,0.305777937,8.500000000,3.200000048,0.000000000,0.000000000,0.000000000,-0.000024143,0.800000012,0.200000003
2026-07-07 00:15:27.299,1783354527.299755812,362.003938208,1,1,361.989480640,1,0.007167337,5,1,0.001013417,5,1,0,0,0,0,1,1,1,1,1,1,0.022014018,-0.924864882,2.725876723,0.605159016,1,361.988212834,12,1,12,1:-1.251:2.428|2:-0.428:2.425|3:0.392:2.424|4:1.223:2.419|5:1.228:1.589|6:0.405:1.588|7:-0.440:1.588|8:-1.261:1.589|9:-1.185:4.911|10:-0.390:4.902|11:0.375:4.903|12:1.182:4.901,1,278.137487870,ready,6,6,-0.826725000,2.882473000,1,278.137451200,0,arm busy,1,278.139468472,completed,1,278.133253624,1,received,1,0.007057190,0.404347199,-0.007326126,-0.114773750,1,3.099581003,177.592909742,0.002442360,-4.164102554,1,-2.401960373,-137.622191926,-0.002442360,1.360683441,1,0.163844109,9.387575920,-0.007326126,0.373626709,1,0.003643036,0.208730581,-0.036628723,-0.008546829,0.000000000,0.000000000,0.000000000,0.000000000,13.000000000,2.200000048,3.054326296,175.000006008,0.000000000,-3.234629154,20.000000000,8.000000000,-2.443460941,-139.999999342,0.000000000,2.209447145,20.000000000,6.500000000,0.174532920,9.999999709,0.000000000,0.305777937,8.500000000,3.200000048,0.000000000,0.000000000,0.000000000,-0.000024143,0.800000012,0.200000003
2026-07-07 00:15:28.299,1783354528.299707174,363.003889582,1,1,362.989432014,1,0.007040042,5,1,0.001015318,5,1,0,0,0,0,1,1,1,1,1,1,0.021970203,-0.922843901,2.727156239,0.603257423,1,362.988164208,12,1,12,1:-1.251:2.428|2:-0.428:2.425|3:0.392:2.424|4:1.223:2.419|5:1.228:1.589|6:0.405:1.588|7:-0.440:1.588|8:-1.261:1.589|9:-1.185:4.911|10:-0.390:4.902|11:0.375:4.903|12:1.182:4.901,1,279.137439244,ready,6,6,-0.826725000,2.882473000,1,279.137402574,0,arm busy,1,279.139419846,completed,1,279.133204998,1,received,1,0.007057190,0.404347199,0.007326126,-0.114773750,1,3.099581003,177.592909742,0.002442360,-4.164102554,1,-2.401960373,-137.622191926,-0.002442360,1.360683441,1,0.163844109,9.387575920,-0.007326126,0.368741989,1,0.003643036,0.208730581,-0.012210846,-0.008546829,0.000000000,0.000000000,0.000000000,0.000000000,13.000000000,2.200000048,3.054326296,175.000006008,0.000000000,-3.234629154,20.000000000,8.000000000,-2.443460941,-139.999999342,0.000000000,2.209447145,20.000000000,6.500000000,0.174532920,9.999999709,0.000000000,0.305777937,8.500000000,3.200000048,0.000000000,0.000000000,0.000000000,-0.000024143,0.800000012,0.200000003
2026-07-07 00:15:29.299,1783354529.299725056,364.003907398,1,1,363.989449830,1,0.007172687,5,1,0.001066643,5,1,0,0,0,0,1,1,1,1,1,1,0.022023353,-0.926745004,2.725260772,0.603809355,1,363.988182024,12,1,12,1:-1.251:2.428|2:-0.428:2.425|3:0.392:2.424|4:1.223:2.419|5:1.228:1.589|6:0.405:1.588|7:-0.440:1.588|8:-1.261:1.589|9:-1.185:4.911|10:-0.390:4.902|11:0.375:4.903|12:1.182:4.901,1,280.137457060,ready,6,6,-0.826725000,2.882473000,1,280.137420390,0,arm busy,1,280.139437662,completed,1,280.133222814,1,received,1,0.007057190,0.404347199,0.007326126,-0.114773750,1,3.099581003,177.592909742,-0.002442360,-4.164102554,1,-2.401960373,-137.622191926,-0.002442360,1.360683441,1,0.163844109,9.387575920,-0.007326126,0.368741989,1,0.003643036,0.208730581,-0.012210846,-0.008546829,0.000000000,0.000000000,0.000000000,0.000000000,13.000000000,2.200000048,3.054326296,175.000006008,0.000000000,-3.234629154,20.000000000,8.000000000,-2.443460941,-139.999999342,0.000000000,2.209447145,20.000000000,6.500000000,0.174532920,9.999999709,0.000000000,0.305777937,8.500000000,3.200000048,0.000000000,0.000000000,0.000000000,-0.000024143,0.800000012,0.200000003
2026-07-07 00:15:30.299,1783354530.299697876,365.003880221,1,1,364.989422653,1,0.006678053,5,1,0.001095865,5,1,0,0,0,0,1,1,1,1,1,1,0.021571105,-0.920198110,2.726833752,0.602949837,1,364.988154847,12,1,12,1:-1.251:2.428|2:-0.428:2.425|3:0.392:2.424|4:1.223:2.419|5:1.228:1.589|6:0.405:1.588|7:-0.440:1.588|8:-1.261:1.589|9:-1.185:4.911|10:-0.390:4.902|11:0.375:4.903|12:1.182:4.901,1,281.137429883,ready,6,6,-0.826725000,2.882473000,1,281.137393213,0,arm busy,1,281.139410485,completed,1,281.133195637,1,received,1,0.007057190,0.404347199,-0.021978378,-0.119658470,1,3.099581003,177.592909742,0.002442360,-4.177778244,1,-2.401960373,-137.622191926,-0.007326126,1.360683441,1,0.163844109,9.387575920,-0.007326126,0.358974457,1,0.003643036,0.208730581,0.012210846,-0.008546829,0.000000000,0.000000000,0.000000000,0.000000000,13.000000000,2.200000048,3.054326296,175.000006008,0.000000000,-3.234629154,20.000000000,8.000000000,-2.443460941,-139.999999342,0.000000000,2.209447145,20.000000000,6.500000000,0.174532920,9.999999709,0.000000000,0.305777937,8.500000000,3.200000048,0.000000000,0.000000000,0.000000000,-0.000024143,0.800000012,0.200000003
2026-07-07 00:15:31.299,1783354531.299762011,366.003944202,1,1,365.989486634,1,0.006960162,5,1,0.001062072,5,1,0,0,0,0,1,1,1,1,1,1,0.022149877,-0.915889170,2.725411493,0.602992650,1,365.988218828,12,1,12,1:-1.251:2.428|2:-0.428:2.425|3:0.392:2.424|4:1.223:2.419|5:1.228:1.589|6:0.405:1.588|7:-0.440:1.588|8:-1.261:1.589|9:-1.185:4.911|10:-0.390:4.902|11:0.375:4.903|12:1.182:4.901,1,282.137493864,ready,6,6,-0.826725000,2.882473000,1,282.137457194,0,arm busy,1,282.139474466,completed,1,282.133259618,1,received,1,0.007057190,0.404347199,-0.021978378,-0.119658470,1,3.099581003,177.592909742,0.002442360,-4.177778244,1,-2.401960373,-137.622191926,-0.007326126,1.374359131,1,0.163844109,9.387575920,-0.007326126,0.363858223,1,0.003643036,0.208730581,-0.036628723,-0.008546829,0.000000000,0.000000000,0.000000000,0.000000000,13.000000000,2.200000048,3.054326296,175.000006008,0.000000000,-3.234629154,20.000000000,8.000000000,-2.443460941,-139.999999342,0.000000000,2.209447145,20.000000000,6.500000000,0.174532920,9.999999709,0.000000000,0.305777937,8.500000000,3.200000048,0.000000000,0.000000000,0.000000000,-0.000024143,0.800000012,0.200000003
2026-07-07 00:15:32.299,1783354532.299626350,367.003808680,1,1,366.989351112,1,0.007138084,5,1,0.001054772,5,1,0,0,0,0,1,1,1,1,1,1,0.022015176,-0.920580695,2.723172824,0.603498815,1,366.988083306,12,1,12,1:-1.251:2.428|2:-0.428:2.425|3:0.392:2.424|4:1.223:2.419|5:1.228:1.589|6:0.405:1.588|7:-0.440:1.588|8:-1.261:1.589|9:-1.185:4.911|10:-0.390:4.902|11:0.375:4.903|12:1.182:4.901,1,283.137358342,ready,6,6,-0.826725000,2.882473000,1,283.137321672,0,arm busy,1,283.139338944,completed,1,283.133124096,1,received,1,0.007057190,0.404347199,0.007326126,-0.119658470,1,3.099581003,177.592909742,-0.002442360,-4.164102554,1,-2.401960373,-137.622191926,-0.002442360,1.360683441,1,0.163844109,9.387575920,-0.007326126,0.368741989,1,0.003643036,0.208730581,-0.012210846,-0.008546829,0.000000000,0.000000000,0.000000000,0.000000000,13.000000000,2.200000048,3.054326296,175.000006008,0.000000000,-3.234629154,20.000000000,8.000000000,-2.443460941,-139.999999342,0.000000000,2.209447145,20.000000000,6.500000000,0.174532920,9.999999709,0.000000000,0.305777937,8.500000000,3.200000048,0.000000000,0.000000000,0.000000000,-0.000024143,0.800000012,0.200000003
2026-07-07 00:15:33.299,1783354533.299704790,368.003887125,1,1,367.989429557,1,0.007229416,5,1,0.001007628,5,1,0,0,0,0,1,1,1,1,1,1,0.022203909,-0.915505749,2.709105632,0.606162712,1,367.988161751,12,1,12,1:-1.251:2.428|2:-0.428:2.425|3:0.392:2.424|4:1.223:2.419|5:1.228:1.589|6:0.405:1.588|7:-0.440:1.588|8:-1.261:1.589|9:-1.185:4.911|10:-0.390:4.902|11:0.375:4.903|12:1.182:4.901,1,284.137436787,ready,6,6,-0.826725000,2.882473000,1,284.137400117,0,arm busy,1,284.139417389,completed,1,284.133202541,1,received,1,0.007057190,0.404347199,-0.007326126,-0.119658470,1,3.099581003,177.592909742,-0.002442360,-4.164102554,1,-2.401960373,-137.622191926,-0.002442360,1.360683441,1,0.163844109,9.387575920,-0.007326126,0.368741989,1,0.003643036,0.208730581,-0.036628723,-0.008546829,0.000000000,0.000000000,0.000000000,0.000000000,13.000000000,2.200000048,3.054326296,175.000006008,0.000000000,-3.234629154,20.000000000,8.000000000,-2.443460941,-139.999999342,0.000000000,2.209447145,20.000000000,6.500000000,0.174532920,9.999999709,0.000000000,0.305777937,8.500000000,3.200000048,0.000000000,0.000000000,0.000000000,-0.000024143,0.800000012,0.200000003
2026-07-07 00:15:34.299,1783354534.299591780,369.003774093,1,1,368.989316525,1,0.006935897,5,1,0.000960032,5,1,0,0,0,0,1,1,1,1,1,1,0.022050455,-0.924255919,2.726082104,0.605139659,1,368.988048719,12,1,12,1:-1.251:2.428|2:-0.428:2.425|3:0.392:2.424|4:1.223:2.419|5:1.228:1.589|6:0.405:1.588|7:-0.440:1.588|8:-1.261:1.589|9:-1.185:4.911|10:-0.390:4.902|11:0.375:4.903|12:1.182:4.901,1,285.137323755,ready,6,6,-0.826725000,2.882473000,1,285.137287085,0,arm busy,1,285.139304357,completed,1,285.133089509,1,received,1,0.007057190,0.404347199,-0.007326126,-0.119658470,1,3.099581003,177.592909742,-0.002442360,-4.177778244,1,-2.401960373,-137.622191926,-0.002442360,1.360683441,1,0.163844109,9.387575920,0.021978378,0.368741989,1,0.003643036,0.208730581,-0.036628723,-0.008546829,0.000000000,0.000000000,0.000000000,0.000000000,13.000000000,2.200000048,3.054326296,175.000006008,0.000000000,-3.234629154,20.000000000,8.000000000,-2.443460941,-139.999999342,0.000000000,2.209447145,20.000000000,6.500000000,0.174532920,9.999999709,0.000000000,0.305777937,8.500000000,3.200000048,0.000000000,0.000000000,0.000000000,-0.000024143,0.800000012,0.200000003
2026-07-07 00:15:35.299,1783354535.299536467,370.003718757,1,1,369.989261189,1,0.007076364,5,1,0.001068484,5,1,0,0,0,0,1,1,1,1,1,1,0.022059959,-0.918571756,2.721871885,0.603876767,1,369.987993383,12,1,12,1:-1.251:2.428|2:-0.428:2.425|3:0.392:2.424|4:1.223:2.419|5:1.228:1.589|6:0.405:1.588|7:-0.440:1.588|8:-1.261:1.589|9:-1.185:4.911|10:-0.390:4.902|11:0.375:4.903|12:1.182:4.901,1,286.137268419,ready,6,6,-0.826725000,2.882473000,1,286.137231749,0,arm busy,1,286.139249021,completed,1,286.133034173,1,received,1,0.007057190,0.404347199,-0.021978378,-0.119658470,1,3.099581003,177.592909742,-0.002442360,-4.164102554,1,-2.401960373,-137.622191926,0.002442360,1.360683441,1,0.163844109,9.387575920,-0.007326126,0.368741989,1,0.003643036,0.208730581,0.012210846,-0.008546829,0.000000000,0.000000000,0.000000000,0.000000000,13.000000000,2.200000048,3.054326296,175.000006008,0.000000000,-3.234629154,20.000000000,8.000000000,-2.443460941,-139.999999342,0.000000000,2.209447145,20.000000000,6.500000000,0.174532920,9.999999709,0.000000000,0.305777937,8.500000000,3.200000048,0.000000000,0.000000000,0.000000000,-0.000024143,0.800000012,0.200000003
2026-07-07 00:15:36.299,1783354536.299545527,371.003727895,1,1,370.989270327,1,0.007026082,5,1,0.001090313,5,1,0,0,0,0,1,1,1,1,1,1,0.022064422,-0.923142907,2.723209224,0.602754189,1,370.988002521,12,1,12,1:-1.251:2.428|2:-0.428:2.425|3:0.392:2.424|4:1.223:2.419|5:1.228:1.589|6:0.405:1.588|7:-0.440:1.588|8:-1.261:1.589|9:-1.185:4.911|10:-0.390:4.902|11:0.375:4.903|12:1.182:4.901,1,287.137277557,ready,6,6,-0.826725000,2.882473000,1,287.137240887,0,arm busy,1,287.139258159,completed,1,287.133043311,1,received,1,0.007057190,0.404347199,-0.007326126,-0.114773750,1,3.099581003,177.592909742,-0.002442360,-4.164102554,1,-2.401960373,-137.622191926,-0.002442360,1.360683441,1,0.163844109,9.387575920,-0.007326126,0.368741989,1,0.003643036,0.208730581,-0.036628723,-0.008546829,0.000000000,0.000000000,0.000000000,0.000000000,13.000000000,2.200000048,3.054326296,175.000006008,0.000000000,-3.234629154,20.000000000,8.000000000,-2.443460941,-139.999999342,0.000000000,2.209447145,20.000000000,6.500000000,0.174532920,9.999999709,0.000000000,0.305777937,8.500000000,3.200000048,0.000000000,0.000000000,0.000000000,-0.000024143,0.800000012,0.200000003
