wall_time,ros_time_sec,elapsed_sec,has_ready,driver_ready,ready_age_sec,has_state,state_age_sec,state_size,has_command,command_age_sec,command_size,service_mode,service_suction,service_pick,service_place,service_stack,service_payload_estimate,service_payload_state,service_arm_mission,service_nav_arm_event,action_move_joint,has_nav_state,nav_state_age_sec,nav_state_x,nav_state_y,nav_state_yaw,has_nav_task_points,nav_task_points_age_sec,nav_task_points_count,nav_task_points_min_id,nav_task_points_max_id,nav_task_points_summary,has_nav_mission_request,nav_mission_request_age_sec,nav_mission_action,nav_mission_task_index,nav_mission_point_id,nav_mission_x,nav_mission_y,has_nav_mission_response,nav_mission_response_age_sec,nav_mission_response_success,nav_mission_response_message,has_nav_arm_event_request,nav_arm_event_request_age_sec,nav_arm_event_request_message,has_nav_arm_event_response,nav_arm_event_response_age_sec,nav_arm_event_response_success,nav_arm_event_response_message,state_valid_0,state_q_rad_0,state_q_deg_0,state_dq_0,state_tau_est_0,state_valid_1,state_q_rad_1,state_q_deg_1,state_dq_1,state_tau_est_1,state_valid_2,state_q_rad_2,state_q_deg_2,state_dq_2,state_tau_est_2,state_valid_3,state_q_rad_3,state_q_deg_3,state_dq_3,state_tau_est_3,state_valid_4,state_q_rad_4,state_q_deg_4,state_dq_4,state_tau_est_4,cmd_q_rad_0,cmd_q_deg_0,cmd_dq_0,cmd_tau_0,cmd_kp_0,cmd_kd_0,cmd_q_rad_1,cmd_q_deg_1,cmd_dq_1,cmd_tau_1,cmd_kp_1,cmd_kd_1,cmd_q_rad_2,cmd_q_deg_2,cmd_dq_2,cmd_tau_2,cmd_kp_2,cmd_kd_2,cmd_q_rad_3,cmd_q_deg_3,cmd_dq_3,cmd_tau_3,cmd_kp_3,cmd_kd_3,cmd_q_rad_4,cmd_q_deg_4,cmd_dq_4,cmd_tau_4,cmd_kp_4,cmd_kd_4
2026-07-06 23:43:29.921,1783352609.921234131,1.015260477,1,1,0.999697342,1,0.006391968,5,1,0.005879331,5,1,0,0,0,0,1,1,1,1,1,1,0.005749111,0.062327959,-0.083384827,1.576534744,1,0.999602377,6,1,6,1:-0.006:-0.020|2:-1.843:0.764|3:-1.680:1.112|4:-1.685:1.809|5:-1.709:2.569|6:-0.827:2.882,0,-1.000000000,,0,0,0.000000000,0.000000000,0,-1.000000000,0,,0,-1.000000000,,0,-1.000000000,0,,1,0.097467422,5.584471948,-0.007326126,-0.021978378,1,3.266286135,187.144410202,-0.002442360,-2.782905579,1,-2.891775131,-165.686510320,-0.002442360,2.564102173,1,-0.174525261,-9.999560869,-0.007326126,0.412698746,1,0.651740074,37.341955589,-0.012210846,-0.003663063,0.097467422,5.584471948,0.000000000,-0.000000000,8.000000000,2.500000000,3.292989016,188.674372576,0.000000000,-2.820857763,2.000000000,0.500000000,-2.900548935,-166.189212243,0.000000000,2.581554413,1.000000000,0.500000000,-0.178721428,-10.239983528,0.000000000,0.422427684,0.500000000,0.200000003,0.651740074,37.341955589,0.000000000,0.000099993,0.000000000,0.100000001
2026-07-06 23:43:30.921,1783352610.921284199,2.015310298,1,1,1.999747163,1,0.005996679,5,1,0.005689402,5,1,0,0,0,0,1,1,1,1,1,1,0.005650160,0.065876612,-0.079061822,1.576189011,1,1.999652198,6,1,6,1:-0.006:-0.020|2:-1.843:0.764|3:-1.680:1.112|4:-1.685:1.809|5:-1.709:2.569|6:-0.827:2.882,0,-1.000000000,,0,0,0.000000000,0.000000000,0,-1.000000000,0,,0,-1.000000000,,0,-1.000000000,0,,1,0.097467422,5.584471948,-0.021978378,-0.026862144,1,3.266286135,187.144410202,-0.007326126,-2.782905579,1,-2.891775131,-165.686510320,0.002442360,2.564102173,1,-0.174525261,-9.999560869,-0.007326126,0.412698746,1,0.651740074,37.341955589,0.012210846,-0.003663063,0.097467422,5.584471948,0.000000000,-0.000000000,8.000000000,2.500000000,3.292989016,188.674372576,0.000000000,-2.820857763,2.000000000,0.500000000,-2.900548935,-166.189212243,0.000000000,2.581554413,1.000000000,0.500000000,-0.178721428,-10.239983528,0.000000000,0.422427684,0.500000000,0.200000003,0.651740074,37.341955589,0.000000000,0.000099993,0.000000000,0.100000001
2026-07-06 23:43:31.921,1783352611.921103954,3.015130072,1,1,2.999566937,1,0.006231818,5,1,0.005896558,5,1,0,0,0,0,1,1,1,1,1,1,0.005797065,0.065538632,-0.079814086,1.576812343,1,2.999471972,6,1,6,1:-0.006:-0.020|2:-1.843:0.764|3:-1.680:1.112|4:-1.685:1.809|5:-1.709:2.569|6:-0.827:2.882,0,-1.000000000,,0,0,0.000000000,0.000000000,0,-1.000000000,0,,0,-1.000000000,,0,-1.000000000,0,,1,0.097467422,5.584471948,-0.021978378,-0.021978378,1,3.266286135,187.144410202,-0.002442360,-2.782905579,1,-2.891775131,-165.686510320,-0.002442360,2.564102173,1,-0.174525261,-9.999560869,0.007326126,0.412698746,1,0.651356697,37.319989700,-0.012210846,-0.003663063,0.097467422,5.584471948,0.000000000,-0.000000000,8.000000000,2.500000000,3.292989016,188.674372576,0.000000000,-2.820857763,2.000000000,0.500000000,-2.900548935,-166.189212243,0.000000000,2.581554413,1.000000000,0.500000000,-0.178721428,-10.239983528,0.000000000,0.422427684,0.500000000,0.200000003,0.651740074,37.341955589,0.000000000,0.000099993,0.000000000,0.100000001
2026-07-06 23:43:32.921,1783352612.921034336,4.015060528,1,1,3.999497393,1,0.006189747,5,1,0.005828406,5,1,0,0,0,0,1,1,1,1,1,1,0.005771923,0.065652989,-0.084874647,1.575917616,1,3.999402428,6,1,6,1:-0.006:-0.020|2:-1.843:0.764|3:-1.680:1.112|4:-1.685:1.809|5:-1.709:2.569|6:-0.827:2.882,0,-1.000000000,,0,0,0.000000000,0.000000000,0,-1.000000000,0,,0,-1.000000000,,0,-1.000000000,0,,1,0.097467422,5.584471948,0.007326126,-0.021978378,1,3.266286135,187.144410202,-0.002442360,-2.782905579,1,-2.891775131,-165.686510320,-0.002442360,2.564102173,1,-0.174525261,-9.999560869,-0.007326126,0.412698746,1,0.651740074,37.341955589,0.012210846,-0.003663063,0.097467422,5.584471948,0.000000000,-0.000000000,8.000000000,2.500000000,3.292989016,188.674372576,0.000000000,-2.820857763,2.000000000,0.500000000,-2.900548935,-166.189212243,0.000000000,2.581554413,1.000000000,0.500000000,-0.178721428,-10.239983528,0.000000000,0.422427684,0.500000000,0.200000003,0.651740074,37.341955589,0.000000000,0.000099993,0.000000000,0.100000001
2026-07-06 23:43:33.921,1783352613.920994759,5.015021096,1,1,4.999457961,1,0.005914819,5,1,0.005631206,5,1,0,0,0,0,1,1,1,1,1,1,0.005441648,0.060773907,-0.083652398,1.575308580,1,4.999362996,6,1,6,1:-0.006:-0.020|2:-1.843:0.764|3:-1.680:1.112|4:-1.685:1.809|5:-1.709:2.569|6:-0.827:2.882,0,-1.000000000,,0,0,0.000000000,0.000000000,0,-1.000000000,0,,0,-1.000000000,,0,-1.000000000,0,,1,0.097467422,5.584471948,-0.021978378,-0.026862144,1,3.266286135,187.144410202,-0.002442360,-2.782905579,1,-2.891775131,-165.686510320,-0.007326126,2.564102173,1,-0.174525261,-9.999560869,-0.021978378,0.412698746,1,0.651356697,37.319989700,-0.012210846,-0.003663063,0.097467422,5.584471948,0.000000000,-0.000000000,8.000000000,2.500000000,3.292989016,188.674372576,0.000000000,-2.820857763,2.000000000,0.500000000,-2.900548935,-166.189212243,0.000000000,2.581554413,1.000000000,0.500000000,-0.178721428,-10.239983528,0.000000000,0.422427684,0.500000000,0.200000003,0.651740074,37.341955589,0.000000000,0.000099993,0.000000000,0.100000001
2026-07-06 23:43:34.920,1783352614.920908213,6.014934547,1,1,5.999371412,1,0.006052078,5,1,0.005691947,5,1,0,0,0,0,1,1,1,1,1,1,0.005733027,0.065674676,-0.080128673,1.576872435,1,5.999276447,6,1,6,1:-0.006:-0.020|2:-1.843:0.764|3:-1.680:1.112|4:-1.685:1.809|5:-1.709:2.569|6:-0.827:2.882,0,-1.000000000,,0,0,0.000000000,0.000000000,0,-1.000000000,0,,0,-1.000000000,,0,-1.000000000,0,,1,0.098230362,5.628185159,0.007326126,-0.051281929,1,3.266286135,187.144410202,-0.002442360,-2.769229889,1,-2.891775131,-165.686510320,-0.002442360,2.564102173,1,-0.174525261,-9.999560869,-0.007326126,0.412698746,1,0.651356697,37.319989700,-0.012210846,-0.003663063,0.097467422,5.584471948,0.000000000,-0.000000000,8.000000000,2.500000000,3.292989016,188.674372576,0.000000000,-2.820857763,2.000000000,0.500000000,-2.900548935,-166.189212243,0.000000000,2.581554413,1.000000000,0.500000000,-0.178721428,-10.239983528,0.000000000,0.422427684,0.500000000,0.200000003,0.651740074,37.341955589,0.000000000,0.000099993,0.000000000,0.100000001
2026-07-06 23:43:35.920,1783352615.920854092,7.014880199,1,1,6.999317064,1,0.006034934,5,1,0.005789542,5,1,0,0,0,0,1,1,1,1,1,1,0.005757680,0.066099882,-0.080933463,1.575950396,1,6.999222099,6,1,6,1:-0.006:-0.020|2:-1.843:0.764|3:-1.680:1.112|4:-1.685:1.809|5:-1.709:2.569|6:-0.827:2.882,0,-1.000000000,,0,0,0.000000000,0.000000000,0,-1.000000000,0,,0,-1.000000000,,0,-1.000000000,0,,1,0.097848892,5.606328554,0.021978378,-0.046398163,1,3.266286135,187.144410202,-0.002442360,-2.782905579,1,-2.891775131,-165.686510320,-0.002442360,2.564102173,1,-0.174525261,-9.999560869,-0.007326126,0.412698746,1,0.651740074,37.341955589,0.012210846,-0.003663063,0.097467422,5.584471948,0.000000000,-0.000000000,8.000000000,2.500000000,3.292989016,188.674372576,0.000000000,-2.820857763,2.000000000,0.500000000,-2.900548935,-166.189212243,0.000000000,2.581554413,1.000000000,0.500000000,-0.178721428,-10.239983528,0.000000000,0.422427684,0.500000000,0.200000003,0.651740074,37.341955589,0.000000000,0.000099993,0.000000000,0.100000001
2026-07-06 23:43:36.920,1783352616.920792818,8.014819226,1,1,7.999256091,1,0.006554954,5,1,0.005609048,5,1,0,0,0,0,1,1,1,1,1,1,0.005676751,0.061897309,-0.082298525,1.576656398,1,7.999161126,6,1,6,1:-0.006:-0.020|2:-1.843:0.764|3:-1.680:1.112|4:-1.685:1.809|5:-1.709:2.569|6:-0.827:2.882,0,-1.000000000,,0,0,0.000000000,0.000000000,0,-1.000000000,0,,0,-1.000000000,,0,-1.000000000,0,,1,0.097848892,5.606328554,-0.036630630,-0.017093658,1,3.266286135,187.144410202,-0.002442360,-2.782905579,1,-2.891775131,-165.686510320,-0.002442360,2.564102173,1,-0.174525261,-9.999560869,-0.007326126,0.412698746,1,0.651356697,37.319989700,0.012210846,-0.003663063,0.097467422,5.584471948,0.000000000,-0.000000000,8.000000000,2.500000000,3.292989016,188.674372576,0.000000000,-2.820857763,2.000000000,0.500000000,-2.900548935,-166.189212243,0.000000000,2.581554413,1.000000000,0.500000000,-0.178721428,-10.239983528,0.000000000,0.422427684,0.500000000,0.200000003,0.651740074,37.341955589,0.000000000,0.000099993,0.000000000,0.100000001
2026-07-06 23:43:37.920,1783352617.920833588,9.014859929,1,1,8.999296794,1,0.006231944,5,1,0.005877060,5,1,0,0,0,0,1,1,1,1,1,1,0.005923479,0.013670772,-0.084018228,1.560743166,1,8.999201829,6,1,6,1:-0.006:-0.020|2:-1.843:0.764|3:-1.680:1.112|4:-1.685:1.809|5:-1.709:2.569|6:-0.827:2.882,0,-1.000000000,,0,0,0.000000000,0.000000000,0,-1.000000000,0,,0,-1.000000000,,0,-1.000000000,0,,1,0.097467422,5.584471948,-0.021978378,-0.036629677,1,3.266286135,187.144410202,-0.002442360,-2.769229889,1,-2.891775131,-165.686510320,0.002442360,2.564102173,1,-0.174525261,-9.999560869,-0.021978378,0.412698746,1,0.651356697,37.319989700,-0.036628723,-0.003663063,0.097467422,5.584471948,0.000000000,-0.000000000,8.000000000,2.500000000,3.292989016,188.674372576,0.000000000,-2.820857763,2.000000000,0.500000000,-2.900548935,-166.189212243,0.000000000,2.581554413,1.000000000,0.500000000,-0.178721428,-10.239983528,0.000000000,0.422427684,0.500000000,0.200000003,0.651740074,37.341955589,0.000000000,0.000099993,0.000000000,0.100000001
2026-07-06 23:43:38.920,1783352618.920692921,10.014719180,1,1,9.999156045,1,0.006539798,5,1,0.005683614,5,1,0,0,0,0,1,1,1,1,1,1,0.005645939,0.021799140,-0.082371508,1.569969885,1,9.999061080,6,1,6,1:-0.006:-0.020|2:-1.843:0.764|3:-1.680:1.112|4:-1.685:1.809|5:-1.709:2.569|6:-0.827:2.882,0,-1.000000000,,0,0,0.000000000,0.000000000,0,-1.000000000,0,,0,-1.000000000,,0,-1.000000000,0,,1,0.097467422,5.584471948,-0.007326126,-0.021978378,1,3.266286135,187.144410202,-0.002442360,-2.769229889,1,-2.891775131,-165.686510320,-0.007326126,2.550426483,1,-0.174525261,-9.999560869,-0.007326126,0.412698746,1,0.651356697,37.319989700,0.012210846,-0.003663063,0.097467422,5.584471948,0.000000000,-0.000000000,8.000000000,2.500000000,3.292989016,188.674372576,0.000000000,-2.820857763,2.000000000,0.500000000,-2.900548935,-166.189212243,0.000000000,2.581554413,1.000000000,0.500000000,-0.178721428,-10.239983528,0.000000000,0.422427684,0.500000000,0.200000003,0.651740074,37.341955589,0.000000000,0.000099993,0.000000000,0.100000001
2026-07-06 23:43:39.920,1783352619.920583487,11.014609736,1,1,10.999046601,1,0.005793583,5,1,0.005521564,5,1,0,0,0,0,1,1,1,1,1,1,0.005577824,0.031642444,-0.073554290,1.572527884,1,10.998951636,6,1,6,1:-0.006:-0.020|2:-1.843:0.764|3:-1.680:1.112|4:-1.685:1.809|5:-1.709:2.569|6:-0.827:2.882,0,-1.000000000,,0,0,0.000000000,0.000000000,0,-1.000000000,0,,0,-1.000000000,,0,-1.000000000,0,,1,0.097467422,5.584471948,-0.021978378,-0.002442360,1,3.266286135,187.144410202,-0.002442360,-2.782905579,1,-2.891775131,-165.686510320,-0.007326126,2.564102173,1,-0.174525261,-9.999560869,-0.007326126,0.412698746,1,0.651356697,37.319989700,0.012210846,-0.003663063,0.097467422,5.584471948,0.000000000,-0.000000000,8.000000000,2.500000000,3.292989016,188.674372576,0.000000000,-2.820857763,2.000000000,0.500000000,-2.900548935,-166.189212243,0.000000000,2.581554413,1.000000000,0.500000000,-0.178721428,-10.239983528,0.000000000,0.422427684,0.500000000,0.200000003,0.651740074,37.341955589,0.000000000,0.000099993,0.000000000,0.100000001
2026-07-06 23:43:40.920,1783352620.920527935,12.014554153,1,1,11.998991018,1,0.005914632,5,1,0.005647613,5,1,0,0,0,0,1,1,1,1,1,1,0.005814910,0.021070655,-0.081797569,1.570872667,1,11.998896053,6,1,6,1:-0.006:-0.020|2:-1.843:0.764|3:-1.680:1.112|4:-1.685:1.809|5:-1.709:2.569|6:-0.827:2.882,0,-1.000000000,,0,0,0.000000000,0.000000000,0,-1.000000000,0,,0,-1.000000000,,0,-1.000000000,0,,1,0.097848892,5.606328554,-0.007326126,-0.036629677,1,3.266286135,187.144410202,-0.002442360,-2.782905579,1,-2.891775131,-165.686510320,-0.002442360,2.564102173,1,-0.174525261,-9.999560869,-0.021978378,0.407814026,1,0.651356697,37.319989700,-0.036628723,-0.003663063,0.097467422,5.584471948,0.000000000,-0.000000000,8.000000000,2.500000000,3.292989016,188.674372576,0.000000000,-2.820857763,2.000000000,0.500000000,-2.900548935,-166.189212243,0.000000000,2.581554413,1.000000000,0.500000000,-0.178721428,-10.239983528,0.000000000,0.422427684,0.500000000,0.200000003,0.651740074,37.341955589,0.000000000,0.000099993,0.000000000,0.100000001
2026-07-06 23:43:41.920,1783352621.920458555,13.014484881,1,1,12.998921746,1,0.005957847,5,1,0.005751559,5,1,0,0,0,0,1,1,1,1,1,1,0.005567795,-0.006206241,-0.046088549,1.666486223,1,12.998826781,6,1,6,1:-0.006:-0.020|2:-1.843:0.764|3:-1.680:1.112|4:-1.685:1.809|5:-1.709:2.569|6:-0.827:2.882,1,0.804129711,ready,8,4,-1.685056000,1.809350000,1,0.804096790,1,received,0,-1.000000000,,0,-1.000000000,0,,1,0.097848892,5.606328554,-0.007326126,-0.031745911,1,3.266286135,187.144410202,-0.002442360,-2.769229889,1,-2.891775131,-165.686510320,-0.002442360,2.564102173,1,-0.174525261,-9.999560869,-0.007326126,0.412698746,1,0.651356697,37.319989700,-0.036628723,-0.003663063,0.097467422,5.584471948,0.000000000,-0.000000000,8.000000000,2.500000000,3.292989016,188.674372576,0.000000000,-2.820857763,2.000000000,0.500000000,-2.900548935,-166.189212243,0.000000000,2.581554413,1.000000000,0.500000000,-0.178721428,-10.239983528,0.000000000,0.422427684,0.500000000,0.200000003,0.651740074,37.341955589,0.000000000,0.000099993,0.000000000,0.100000001
2026-07-06 23:43:42.920,1783352622.920383692,14.014410001,1,1,13.998846866,1,0.005976272,5,1,0.005813400,5,1,0,0,0,0,1,1,1,1,1,1,0.005663411,-0.259557606,0.127301363,2.183460497,1,13.998751901,6,1,6,1:-0.006:-0.020|2:-1.843:0.764|3:-1.680:1.112|4:-1.685:1.809|5:-1.709:2.569|6:-0.827:2.882,1,1.804054831,ready,8,4,-1.685056000,1.809350000,1,1.804021910,1,received,0,-1.000000000,,0,-1.000000000,0,,1,0.097467422,5.584471948,-0.021978378,0.021978378,1,3.266286135,187.144410202,0.002442360,-2.782905579,1,-2.891775131,-165.686510320,-0.002442360,2.564102173,1,-0.171473503,-9.824708027,-0.007326126,0.407814026,1,0.651356697,37.319989700,-0.012210846,-0.003663063,0.097467422,5.584471948,0.000000000,-0.000000000,8.000000000,2.500000000,3.292989016,188.674372576,0.000000000,-2.820857763,2.000000000,0.500000000,-2.900548935,-166.189212243,0.000000000,2.581554413,1.000000000,0.500000000,-0.178721428,-10.239983528,0.000000000,0.422427684,0.500000000,0.200000003,0.651740074,37.341955589,0.000000000,0.000099993,0.000000000,0.100000001
2026-07-06 23:43:43.920,1783352623.920371532,15.014397701,1,1,14.998834566,1,0.006399558,5,1,0.005846297,5,1,0,0,0,0,1,1,1,1,1,1,0.005590285,-0.487320862,0.198351757,2.543651245,1,14.998739601,6,1,6,1:-0.006:-0.020|2:-1.843:0.764|3:-1.680:1.112|4:-1.685:1.809|5:-1.709:2.569|6:-0.827:2.882,1,2.804042531,ready,8,4,-1.685056000,1.809350000,1,2.804009610,1,received,0,-1.000000000,,0,-1.000000000,0,,1,0.098230362,5.628185159,-0.007326126,-0.041514397,1,3.266286135,187.144410202,-0.002442360,-2.782905579,1,-2.891775131,-165.686510320,-0.002442360,2.564102173,1,-0.171092033,-9.802851421,-0.021978378,0.412698746,1,0.651356697,37.319989700,-0.036628723,-0.003663063,0.097467422,5.584471948,0.000000000,-0.000000000,8.000000000,2.500000000,3.292989016,188.674372576,0.000000000,-2.820857763,2.000000000,0.500000000,-2.900548935,-166.189212243,0.000000000,2.581554413,1.000000000,0.500000000,-0.178721428,-10.239983528,0.000000000,0.422427684,0.500000000,0.200000003,0.651740074,37.341955589,0.000000000,0.000099993,0.000000000,0.100000001
2026-07-06 23:43:44.920,1783352624.920268059,16.014294228,1,1,15.998731093,1,0.003348866,5,1,0.005624899,5,1,0,0,0,0,1,1,1,1,1,1,0.005580897,-0.663103188,0.231641430,2.693400103,1,15.998636128,6,1,6,1:-0.006:-0.020|2:-1.843:0.764|3:-1.680:1.112|4:-1.685:1.809|5:-1.709:2.569|6:-0.827:2.882,1,3.803939058,ready,8,4,-1.685056000,1.809350000,1,3.803906137,1,received,0,-1.000000000,,0,-1.000000000,0,,1,0.097085953,5.562615343,-0.021978378,-0.012209892,1,3.266286135,187.144410202,-0.002442360,-2.782905579,1,-2.891775131,-165.686510320,-0.002442360,2.550426483,1,-0.171092033,-9.802851421,0.007326126,0.407814026,1,0.651356697,37.319989700,-0.012210846,-0.003663063,0.097467422,5.584471948,0.000000000,-0.000000000,8.000000000,2.500000000,3.292989016,188.674372576,0.000000000,-2.820857763,2.000000000,0.500000000,-2.900548935,-166.189212243,0.000000000,2.581554413,1.000000000,0.500000000,-0.178721428,-10.239983528,0.000000000,0.422427684,0.500000000,0.200000003,0.651740074,37.341955589,0.000000000,0.000099993,0.000000000,0.100000001
2026-07-06 23:43:45.920,1783352625.920313358,17.014339487,1,1,16.998776352,1,0.006584719,5,1,0.005873881,5,1,0,0,0,0,1,1,1,1,1,1,0.005813396,-0.832338604,0.301189484,2.701649132,1,16.998681387,6,1,6,1:-0.006:-0.020|2:-1.843:0.764|3:-1.680:1.112|4:-1.685:1.809|5:-1.709:2.569|6:-0.827:2.882,1,4.803984317,ready,8,4,-1.685056000,1.809350000,1,4.803951396,1,received,0,-1.000000000,,0,-1.000000000,0,,1,0.097085953,5.562615343,-0.007326126,-0.021978378,1,3.266286135,187.144410202,0.002442360,-2.782905579,1,-2.891775131,-165.686510320,-0.002442360,2.550426483,1,-0.171092033,-9.802851421,-0.007326126,0.407814026,1,0.651356697,37.319989700,-0.036628723,-0.003663063,0.097467422,5.584471948,0.000000000,-0.000000000,8.000000000,2.500000000,3.292989016,188.674372576,0.000000000,-2.820857763,2.000000000,0.500000000,-2.900548935,-166.189212243,0.000000000,2.581554413,1.000000000,0.500000000,-0.178721428,-10.239983528,0.000000000,0.422427684,0.500000000,0.200000003,0.651740074,37.341955589,0.000000000,0.000099993,0.000000000,0.100000001
2026-07-06 23:43:46.920,1783352626.920163870,18.014190135,1,1,17.998627000,1,0.006630642,5,1,0.005863216,5,1,0,0,0,0,1,1,1,1,1,1,0.005649016,-0.978550379,0.373010216,2.677761022,1,17.998532035,6,1,6,1:-0.006:-0.020|2:-1.843:0.764|3:-1.680:1.112|4:-1.685:1.809|5:-1.709:2.569|6:-0.827:2.882,1,5.803834965,ready,8,4,-1.685056000,1.809350000,1,5.803802044,1,received,0,-1.000000000,,0,-1.000000000,0,,1,0.097848892,5.606328554,-0.021978378,-0.061050415,1,3.266286135,187.144410202,-0.002442360,-2.782905579,1,-2.891775131,-165.686510320,-0.007326126,2.564102173,1,-0.171092033,-9.802851421,-0.007326126,0.407814026,1,0.651740074,37.341955589,-0.012210846,-0.003663063,0.097467422,5.584471948,0.000000000,-0.000000000,8.000000000,2.500000000,3.292989016,188.674372576,0.000000000,-2.820857763,2.000000000,0.500000000,-2.900548935,-166.189212243,0.000000000,2.581554413,1.000000000,0.500000000,-0.178721428,-10.239983528,0.000000000,0.422427684,0.500000000,0.200000003,0.651740074,37.341955589,0.000000000,0.000099993,0.000000000,0.100000001
2026-07-06 23:43:47.920,1783352627.920075893,19.014102142,1,1,18.998539007,1,0.006508322,5,1,0.005774552,5,1,0,0,0,0,1,1,1,1,1,1,0.005538547,-1.114668567,0.432740179,2.670128684,1,18.998444042,6,1,6,1:-0.006:-0.020|2:-1.843:0.764|3:-1.680:1.112|4:-1.685:1.809|5:-1.709:2.569|6:-0.827:2.882,1,6.803746972,ready,8,4,-1.685056000,1.809350000,1,6.803714051,1,received,0,-1.000000000,,0,-1.000000000,0,,1,0.097467422,5.584471948,-0.007326126,-0.021978378,1,3.266286135,187.144410202,-0.002442360,-2.782905579,1,-2.891775131,-165.686510320,-0.002442360,2.564102173,1,-0.171092033,-9.802851421,-0.021978378,0.407814026,1,0.651356697,37.319989700,-0.036628723,-0.003663063,0.097467422,5.584471948,0.000000000,-0.000000000,8.000000000,2.500000000,3.292989016,188.674372576,0.000000000,-2.820857763,2.000000000,0.500000000,-2.900548935,-166.189212243,0.000000000,2.581554413,1.000000000,0.500000000,-0.178721428,-10.239983528,0.000000000,0.422427684,0.500000000,0.200000003,0.651740074,37.341955589,0.000000000,0.000099993,0.000000000,0.100000001
2026-07-06 23:43:48.920,1783352628.920011997,20.014038288,1,1,19.998475153,1,0.006437659,5,1,0.005846878,5,1,0,0,0,0,1,1,1,1,1,1,0.005609889,-1.267433373,0.486697344,2.688189051,1,19.998380188,6,1,6,1:-0.006:-0.020|2:-1.843:0.764|3:-1.680:1.112|4:-1.685:1.809|5:-1.709:2.569|6:-0.827:2.882,1,7.803683118,ready,8,4,-1.685056000,1.809350000,1,7.803650197,1,received,0,-1.000000000,,0,-1.000000000,0,,1,0.097467422,5.584471948,-0.007326126,-0.007326126,1,3.266286135,187.144410202,-0.002442360,-2.782905579,1,-2.891775131,-165.686510320,-0.007326126,2.564102173,1,-0.171092033,-9.802851421,-0.021978378,0.407814026,1,0.651356697,37.319989700,-0.012210846,-0.003663063,0.097467422,5.584471948,0.000000000,-0.000000000,8.000000000,2.500000000,3.292989016,188.674372576,0.000000000,-2.820857763,2.000000000,0.500000000,-2.900548935,-166.189212243,0.000000000,2.581554413,1.000000000,0.500000000,-0.178721428,-10.239983528,0.000000000,0.422427684,0.500000000,0.200000003,0.651740074,37.341955589,0.000000000,0.000099993,0.000000000,0.100000001
2026-07-06 23:43:49.920,1783352629.919930696,21.013956891,1,1,20.998393756,1,0.006588702,5,1,0.005775845,5,1,0,0,0,0,1,1,1,1,1,1,0.005370825,-1.418933167,0.546275742,2.681921396,1,20.998298791,6,1,6,1:-0.006:-0.020|2:-1.843:0.764|3:-1.680:1.112|4:-1.685:1.809|5:-1.709:2.569|6:-0.827:2.882,1,8.803601721,ready,8,4,-1.685056000,1.809350000,1,8.803568800,1,received,0,-1.000000000,,0,-1.000000000,0,,1,0.097085953,5.562615343,-0.007326126,-0.021978378,1,3.266286135,187.144410202,-0.002442360,-2.782905579,1,-2.891775131,-165.686510320,-0.002442360,2.564102173,1,-0.171092033,-9.802851421,-0.007326126,0.407814026,1,0.651356697,37.319989700,-0.036628723,-0.001221180,0.097467422,5.584471948,0.000000000,-0.000000000,8.000000000,2.500000000,3.292989016,188.674372576,0.000000000,-2.820857763,2.000000000,0.500000000,-2.900548935,-166.189212243,0.000000000,2.581554413,1.000000000,0.500000000,-0.178721428,-10.239983528,0.000000000,0.422427684,0.500000000,0.200000003,0.651740074,37.341955589,0.000000000,0.000099993,0.000000000,0.100000001
2026-07-06 23:43:50.920,1783352630.919904947,22.013931312,1,1,21.998368177,1,0.006268202,5,1,0.005885505,5,1,0,0,0,0,1,1,1,1,1,1,0.005657233,-1.548943933,0.614217140,2.666314948,1,21.998273212,6,1,6,1:-0.006:-0.020|2:-1.843:0.764|3:-1.680:1.112|4:-1.685:1.809|5:-1.709:2.569|6:-0.827:2.882,1,9.803576142,ready,8,4,-1.685056000,1.809350000,1,9.803543221,1,received,0,-1.000000000,,0,-1.000000000,0,,1,0.097467422,5.584471948,-0.007326126,-0.041514397,1,3.266286135,187.144410202,-0.002442360,-2.769229889,1,-2.891775131,-165.686510320,-0.002442360,2.564102173,1,-0.171092033,-9.802851421,0.007326126,0.412698746,1,0.651356697,37.319989700,-0.012210846,-0.003663063,0.097467422,5.584471948,0.000000000,-0.000000000,8.000000000,2.500000000,3.292989016,188.674372576,0.000000000,-2.820857763,2.000000000,0.500000000,-2.900548935,-166.189212243,0.000000000,2.581554413,1.000000000,0.500000000,-0.178721428,-10.239983528,0.000000000,0.422427684,0.500000000,0.200000003,0.651740074,37.341955589,0.000000000,0.000099993,0.000000000,0.100000001
2026-07-06 23:43:51.919,1783352631.919802904,23.013829149,1,1,22.998266014,1,0.006039959,5,1,0.005660414,5,1,0,0,0,0,1,1,1,1,1,1,0.005590369,-1.675445723,0.668063369,2.655218986,1,22.998171049,6,1,6,1:-0.006:-0.020|2:-1.843:0.764|3:-1.680:1.112|4:-1.685:1.809|5:-1.709:2.569|6:-0.827:2.882,1,10.803473979,ready,8,4,-1.685056000,1.809350000,1,10.803441058,1,received,0,-1.000000000,,0,-1.000000000,0,,1,0.097085953,5.562615343,-0.021978378,-0.017093658,1,3.266286135,187.144410202,-0.002442360,-2.782905579,1,-2.891775131,-165.686510320,-0.002442360,2.564102173,1,-0.171092033,-9.802851421,-0.007326126,0.407814026,1,0.650973320,37.298023812,-0.036628723,-0.003663063,0.097467422,5.584471948,0.000000000,-0.000000000,8.000000000,2.500000000,3.292989016,188.674372576,0.000000000,-2.820857763,2.000000000,0.500000000,-2.900548935,-166.189212243,0.000000000,2.581554413,1.000000000,0.500000000,-0.178721428,-10.239983528,0.000000000,0.422427684,0.500000000,0.200000003,0.651740074,37.341955589,0.000000000,0.000099993,0.000000000,0.100000001
2026-07-06 23:43:52.919,1783352632.919773102,24.013799384,1,1,23.998236249,1,0.006547350,5,1,0.005780501,5,1,0,0,0,0,1,1,1,1,1,1,0.005588960,-1.692666565,0.677430188,2.639748640,1,23.998141284,6,1,6,1:-0.006:-0.020|2:-1.843:0.764|3:-1.680:1.112|4:-1.685:1.809|5:-1.709:2.569|6:-0.827:2.882,1,11.803444214,ready,8,4,-1.685056000,1.809350000,1,11.803411293,1,received,0,-1.000000000,,0,-1.000000000,0,,1,0.097467422,5.584471948,-0.007326126,-0.007326126,1,3.266286135,187.144410202,-0.002442360,-2.782905579,1,-2.891775131,-165.686510320,-0.002442360,2.564102173,1,-0.171092033,-9.802851421,0.007326126,0.407814026,1,0.651356697,37.319989700,-0.036628723,-0.003663063,0.097467422,5.584471948,0.000000000,-0.000000000,8.000000000,2.500000000,3.292989016,188.674372576,0.000000000,-2.820857763,2.000000000,0.500000000,-2.900548935,-166.189212243,0.000000000,2.581554413,1.000000000,0.500000000,-0.178721428,-10.239983528,0.000000000,0.422427684,0.500000000,0.200000003,0.651740074,37.341955589,0.000000000,0.000099993,0.000000000,0.100000001
2026-07-06 23:43:53.919,1783352633.919692039,25.013718375,1,1,24.998155240,1,0.006468969,5,1,0.005775743,5,1,0,0,0,0,1,1,1,1,1,1,0.005687006,-1.690582550,0.681900770,2.640079282,1,24.998060275,6,1,6,1:-0.006:-0.020|2:-1.843:0.764|3:-1.680:1.112|4:-1.685:1.809|5:-1.709:2.569|6:-0.827:2.882,1,12.803363205,ready,8,4,-1.685056000,1.809350000,1,12.803330284,1,received,0,-1.000000000,,0,-1.000000000,0,,1,0.097848892,5.606328554,0.007326126,-0.021978378,1,3.266286135,187.144410202,-0.002442360,-2.782905579,1,-2.891775131,-165.686510320,-0.002442360,2.564102173,1,-0.171092033,-9.802851421,-0.021978378,0.412698746,1,0.651356697,37.319989700,-0.036628723,-0.003663063,0.097467422,5.584471948,0.000000000,-0.000000000,8.000000000,2.500000000,3.292989016,188.674372576,0.000000000,-2.820857763,2.000000000,0.500000000,-2.900548935,-166.189212243,0.000000000,2.581554413,1.000000000,0.500000000,-0.178721428,-10.239983528,0.000000000,0.422427684,0.500000000,0.200000003,0.651740074,37.341955589,0.000000000,0.000099993,0.000000000,0.100000001
2026-07-06 23:43:54.919,1783352634.919619560,26.013645737,1,1,25.998082602,1,0.006382696,5,1,0.005846080,5,1,0,0,0,0,1,1,1,1,1,1,0.005706826,-1.596980144,0.754255481,2.246677051,1,25.997987637,6,1,6,1:-0.006:-0.020|2:-1.843:0.764|3:-1.680:1.112|4:-1.685:1.809|5:-1.709:2.569|6:-0.827:2.882,1,13.803290567,ready,8,4,-1.685056000,1.809350000,1,13.803257646,1,received,0,-1.000000000,,0,-1.000000000,0,,1,0.097848892,5.606328554,-0.007326126,-0.026862144,1,3.266286135,187.144410202,0.002442360,-2.782905579,1,-2.891775131,-165.686510320,-0.002442360,2.564102173,1,-0.171092033,-9.802851421,-0.007326126,0.407814026,1,0.651356697,37.319989700,-0.012210846,-0.003663063,0.097467422,5.584471948,0.000000000,-0.000000000,8.000000000,2.500000000,3.292989016,188.674372576,0.000000000,-2.820857763,2.000000000,0.500000000,-2.900548935,-166.189212243,0.000000000,2.581554413,1.000000000,0.500000000,-0.178721428,-10.239983528,0.000000000,0.422427684,0.500000000,0.200000003,0.651740074,37.341955589,0.000000000,0.000099993,0.000000000,0.100000001
2026-07-06 23:43:55.919,1783352635.919559717,27.013585911,1,1,26.998022776,1,0.006576713,5,1,0.005774165,5,1,0,0,0,0,1,1,1,1,1,1,0.005672351,-1.487144829,0.787453130,1.779789119,1,26.997927811,6,1,6,1:-0.006:-0.020|2:-1.843:0.764|3:-1.680:1.112|4:-1.685:1.809|5:-1.709:2.569|6:-0.827:2.882,1,14.803230741,ready,8,4,-1.685056000,1.809350000,1,14.803197820,1,received,0,-1.000000000,,0,-1.000000000,0,,1,0.097848892,5.606328554,-0.021978378,-0.026862144,1,3.266286135,187.144410202,-0.007326126,-2.782905579,1,-2.891775131,-165.686510320,-0.002442360,2.550426483,1,-0.171092033,-9.802851421,-0.007326126,0.407814026,1,0.651356697,37.319989700,-0.012210846,-0.003663063,0.097467422,5.584471948,0.000000000,-0.000000000,8.000000000,2.500000000,3.292989016,188.674372576,0.000000000,-2.820857763,2.000000000,0.500000000,-2.900548935,-166.189212243,0.000000000,2.581554413,1.000000000,0.500000000,-0.178721428,-10.239983528,0.000000000,0.422427684,0.500000000,0.200000003,0.651740074,37.341955589,0.000000000,0.000099993,0.000000000,0.100000001
2026-07-06 23:43:56.919,1783352636.919485331,28.013511605,1,1,27.997948470,1,0.006419762,5,1,0.005745087,5,1,0,0,0,0,1,1,1,1,1,1,0.005680033,-1.418411036,0.759919440,1.534220323,1,27.997853505,6,1,6,1:-0.006:-0.020|2:-1.843:0.764|3:-1.680:1.112|4:-1.685:1.809|5:-1.709:2.569|6:-0.827:2.882,1,15.803156435,ready,8,4,-1.685056000,1.809350000,1,15.803123514,1,received,0,-1.000000000,,0,-1.000000000,0,,1,0.097848892,5.606328554,0.007326126,-0.026862144,1,3.266286135,187.144410202,-0.002442360,-2.769229889,1,-2.891775131,-165.686510320,-0.002442360,2.564102173,1,-0.171092033,-9.802851421,0.007326126,0.407814026,1,0.651356697,37.319989700,-0.012210846,-0.003663063,0.097467422,5.584471948,0.000000000,-0.000000000,8.000000000,2.500000000,3.292989016,188.674372576,0.000000000,-2.820857763,2.000000000,0.500000000,-2.900548935,-166.189212243,0.000000000,2.581554413,1.000000000,0.500000000,-0.178721428,-10.239983528,0.000000000,0.422427684,0.500000000,0.200000003,0.651740074,37.341955589,0.000000000,0.000099993,0.000000000,0.100000001
2026-07-06 23:43:57.919,1783352637.919417143,29.013443437,1,1,28.997880302,1,0.006384062,5,1,0.005808075,5,1,0,0,0,0,1,1,1,1,1,1,0.005580483,-1.410532012,0.760113690,1.537781271,1,28.997785337,6,1,6,1:-0.006:-0.020|2:-1.843:0.764|3:-1.680:1.112|4:-1.685:1.809|5:-1.709:2.569|6:-0.827:2.882,1,16.803088267,ready,8,4,-1.685056000,1.809350000,1,16.803055346,1,received,0,-1.000000000,,0,-1.000000000,0,,1,0.097848892,5.606328554,-0.007326126,-0.026862144,1,3.266286135,187.144410202,-0.002442360,-2.782905579,1,-2.891775131,-165.686510320,-0.002442360,2.564102173,1,-0.171092033,-9.802851421,-0.007326126,0.412698746,1,0.651356697,37.319989700,-0.012210846,-0.003663063,0.097467422,5.584471948,0.000000000,-0.000000000,8.000000000,2.500000000,3.292989016,188.674372576,0.000000000,-2.820857763,2.000000000,0.500000000,-2.900548935,-166.189212243,0.000000000,2.581554413,1.000000000,0.500000000,-0.178721428,-10.239983528,0.000000000,0.422427684,0.500000000,0.200000003,0.651740074,37.341955589,0.000000000,0.000099993,0.000000000,0.100000001
2026-07-06 23:43:58.919,1783352638.919354916,30.013381031,1,1,29.997817896,1,0.006703400,5,1,0.005888360,5,1,0,0,0,0,1,1,1,1,1,1,0.005730360,-1.512869599,0.865837888,1.800142965,1,29.997722931,6,1,6,1:-0.006:-0.020|2:-1.843:0.764|3:-1.680:1.112|4:-1.685:1.809|5:-1.709:2.569|6:-0.827:2.882,1,17.803025861,ready,8,4,-1.685056000,1.809350000,1,17.802992940,1,received,0,-1.000000000,,0,-1.000000000,0,,1,0.097467422,5.584471948,-0.007326126,-0.026862144,1,3.266286135,187.144410202,-0.007326126,-2.782905579,1,-2.891775131,-165.686510320,-0.002442360,2.550426483,1,-0.171092033,-9.802851421,0.007326126,0.412698746,1,0.651356697,37.319989700,0.012210846,-0.003663063,0.097467422,5.584471948,0.000000000,-0.000000000,8.000000000,2.500000000,3.292989016,188.674372576,0.000000000,-2.820857763,2.000000000,0.500000000,-2.900548935,-166.189212243,0.000000000,2.581554413,1.000000000,0.500000000,-0.178721428,-10.239983528,0.000000000,0.422427684,0.500000000,0.200000003,0.651740074,37.341955589,0.000000000,0.000099993,0.000000000,0.100000001
2026-07-06 23:43:59.919,1783352639.919274092,31.013300321,1,1,30.997737186,1,0.006510807,5,1,0.005877262,5,1,0,0,0,0,1,1,1,1,1,1,0.005601452,-1.559325168,1.032271954,1.852917351,1,30.997642221,6,1,6,1:-0.006:-0.020|2:-1.843:0.764|3:-1.680:1.112|4:-1.685:1.809|5:-1.709:2.569|6:-0.827:2.882,1,18.802945151,ready,8,4,-1.685056000,1.809350000,1,18.802912230,1,received,0,-1.000000000,,0,-1.000000000,0,,1,0.098230362,5.628185159,0.007326126,-0.051281929,1,3.266286135,187.144410202,-0.002442360,-2.782905579,1,-2.891775131,-165.686510320,-0.002442360,2.564102173,1,-0.171092033,-9.802851421,-0.007326126,0.407814026,1,0.651356697,37.319989700,-0.012210846,-0.003663063,0.097467422,5.584471948,0.000000000,-0.000000000,8.000000000,2.500000000,3.292989016,188.674372576,0.000000000,-2.820857763,2.000000000,0.500000000,-2.900548935,-166.189212243,0.000000000,2.581554413,1.000000000,0.500000000,-0.178721428,-10.239983528,0.000000000,0.422427684,0.500000000,0.200000003,0.651740074,37.341955589,0.000000000,0.000099993,0.000000000,0.100000001
2026-07-06 23:44:00.919,1783352640.919259071,32.013285331,1,1,31.997722196,1,0.006436608,5,1,0.005856075,5,1,0,0,0,0,1,1,1,1,1,1,0.005679986,-1.549406291,1.180397673,1.667977482,1,31.997627231,6,1,6,1:-0.006:-0.020|2:-1.843:0.764|3:-1.680:1.112|4:-1.685:1.809|5:-1.709:2.569|6:-0.827:2.882,1,19.802930161,ready,8,4,-1.685056000,1.809350000,1,19.802897240,1,received,0,-1.000000000,,0,-1.000000000,0,,1,0.097848892,5.606328554,-0.007326126,-0.041514397,1,3.266286135,187.144410202,-0.002442360,-2.782905579,1,-2.891775131,-165.686510320,-0.002442360,2.564102173,1,-0.171092033,-9.802851421,-0.007326126,0.412698746,1,0.651356697,37.319989700,0.012210846,-0.003663063,0.097467422,5.584471948,0.000000000,-0.000000000,8.000000000,2.500000000,3.292989016,188.674372576,0.000000000,-2.820857763,2.000000000,0.500000000,-2.900548935,-166.189212243,0.000000000,2.581554413,1.000000000,0.500000000,-0.178721428,-10.239983528,0.000000000,0.422427684,0.500000000,0.200000003,0.651740074,37.341955589,0.000000000,0.000099993,0.000000000,0.100000001
2026-07-06 23:44:01.919,1783352641.919170856,33.013197015,1,1,32.997633880,1,0.006024858,5,1,0.005766061,5,1,0,0,0,0,1,1,1,1,1,1,0.005675477,-1.589265847,1.312569100,1.654005930,1,32.997538915,6,1,6,1:-0.006:-0.020|2:-1.843:0.764|3:-1.680:1.112|4:-1.685:1.809|5:-1.709:2.569|6:-0.827:2.882,1,20.802841845,ready,8,4,-1.685056000,1.809350000,1,20.802808924,1,received,0,-1.000000000,,0,-1.000000000,0,,1,0.097848892,5.606328554,-0.007326126,-0.026862144,1,3.266286135,187.144410202,-0.002442360,-2.782905579,1,-2.891775131,-165.686510320,-0.002442360,2.550426483,1,-0.171092033,-9.802851421,-0.007326126,0.407814026,1,0.651356697,37.319989700,-0.012210846,-0.003663063,0.097467422,5.584471948,0.000000000,-0.000000000,8.000000000,2.500000000,3.292989016,188.674372576,0.000000000,-2.820857763,2.000000000,0.500000000,-2.900548935,-166.189212243,0.000000000,2.581554413,1.000000000,0.500000000,-0.178721428,-10.239983528,0.000000000,0.422427684,0.500000000,0.200000003,0.651740074,37.341955589,0.000000000,0.000099993,0.000000000,0.100000001
2026-07-06 23:44:02.919,1783352642.919094324,34.013120504,1,1,33.997557369,1,0.006339862,5,1,0.005910412,5,1,0,0,0,0,1,1,1,1,1,1,0.005712649,-1.635996554,1.482109212,1.727685440,1,33.997462404,6,1,6,1:-0.006:-0.020|2:-1.843:0.764|3:-1.680:1.112|4:-1.685:1.809|5:-1.709:2.569|6:-0.827:2.882,1,21.802765334,ready,8,4,-1.685056000,1.809350000,1,21.802732413,1,received,0,-1.000000000,,0,-1.000000000,0,,1,0.098230362,5.628185159,-0.007326126,-0.080586433,1,3.266286135,187.144410202,-0.002442360,-2.782905579,1,-2.891775131,-165.686510320,0.002442360,2.550426483,1,-0.171092033,-9.802851421,-0.007326126,0.407814026,1,0.651356697,37.319989700,-0.012210846,-0.003663063,0.097467422,5.584471948,0.000000000,-0.000000000,8.000000000,2.500000000,3.292989016,188.674372576,0.000000000,-2.820857763,2.000000000,0.500000000,-2.900548935,-166.189212243,0.000000000,2.581554413,1.000000000,0.500000000,-0.178721428,-10.239983528,0.000000000,0.422427684,0.500000000,0.200000003,0.651740074,37.341955589,0.000000000,0.000099993,0.000000000,0.100000001
2026-07-06 23:44:03.919,1783352643.919029951,35.013056268,1,1,34.997493133,1,0.005994112,5,1,0.005865039,5,1,0,0,0,0,1,1,1,1,1,1,0.005696282,-1.650275985,1.652492675,1.706621776,1,34.997398168,6,1,6,1:-0.006:-0.020|2:-1.843:0.764|3:-1.680:1.112|4:-1.685:1.809|5:-1.709:2.569|6:-0.827:2.882,1,22.802701098,ready,8,4,-1.685056000,1.809350000,1,22.802668177,1,received,0,-1.000000000,,0,-1.000000000,0,,1,0.097467422,5.584471948,-0.021978378,-0.012209892,1,3.266286135,187.144410202,-0.007326126,-2.782905579,1,-2.891775131,-165.686510320,-0.002442360,2.564102173,1,-0.171092033,-9.802851421,-0.007326126,0.407814026,1,0.651356697,37.319989700,-0.036628723,-0.003663063,0.097467422,5.584471948,0.000000000,-0.000000000,8.000000000,2.500000000,3.292989016,188.674372576,0.000000000,-2.820857763,2.000000000,0.500000000,-2.900548935,-166.189212243,0.000000000,2.581554413,1.000000000,0.500000000,-0.178721428,-10.239983528,0.000000000,0.422427684,0.500000000,0.200000003,0.651740074,37.341955589,0.000000000,0.000099993,0.000000000,0.100000001
2026-07-06 23:44:04.919,1783352644.918950319,36.012976781,1,1,35.997413646,1,0.006492323,5,1,0.005834851,5,1,0,0,0,0,1,1,1,1,1,1,0.005574542,-1.659069242,1.637907570,1.706244317,1,35.997318681,6,1,6,1:-0.006:-0.020|2:-1.843:0.764|3:-1.680:1.112|4:-1.685:1.809|5:-1.709:2.569|6:-0.827:2.882,1,23.802621611,ready,8,4,-1.685056000,1.809350000,1,23.802588690,1,received,0,-1.000000000,,0,-1.000000000,0,,1,0.097467422,5.584471948,-0.021978378,-0.017093658,1,3.266286135,187.144410202,-0.007326126,-2.782905579,1,-2.891775131,-165.686510320,0.002442360,2.550426483,1,-0.171092033,-9.802851421,-0.007326126,0.407814026,1,0.651356697,37.319989700,-0.036628723,-0.003663063,0.097467422,5.584471948,0.000000000,-0.000000000,8.000000000,2.500000000,3.292989016,188.674372576,0.000000000,-2.820857763,2.000000000,0.500000000,-2.900548935,-166.189212243,0.000000000,2.581554413,1.000000000,0.500000000,-0.178721428,-10.239983528,0.000000000,0.422427684,0.500000000,0.200000003,0.651740074,37.341955589,0.000000000,0.000099993,0.000000000,0.100000001
2026-07-06 23:44:05.919,1783352645.918921471,37.012947625,1,1,36.997384490,1,0.006360992,5,1,0.005750981,5,1,0,0,0,0,1,1,1,1,1,1,0.005673385,-1.665237050,1.763866566,1.659467224,1,36.997289525,6,1,6,1:-0.006:-0.020|2:-1.843:0.764|3:-1.680:1.112|4:-1.685:1.809|5:-1.709:2.569|6:-0.827:2.882,1,0.105272498,pickup,8,4,-1.685056000,1.809350000,1,0.105234560,1,received,0,-1.000000000,,0,-1.000000000,0,,0,0.097467422,5.584471948,-0.007326126,-0.021978378,0,3.266286135,187.144410202,-0.002442360,-2.782905579,0,-2.891775131,-165.686510320,0.002442360,2.564102173,0,-0.171092033,-9.802851421,0.007326126,0.412698746,0,0.651356697,37.319989700,-0.012210846,-0.003663063,0.097467422,5.584471948,0.000000000,-0.000000000,8.000000000,2.500000000,3.292989016,188.674372576,0.000000000,-2.820857763,2.000000000,0.500000000,-2.900548935,-166.189212243,0.000000000,2.581554413,1.000000000,0.500000000,-0.178721428,-10.239983528,0.000000000,0.422427684,0.500000000,0.200000003,0.651740074,37.341955589,0.000000000,0.000099993,0.000000000,0.100000001
2026-07-06 23:44:06.918,1783352646.918847084,38.012873212,1,1,37.997310077,1,0.006454670,5,1,0.005841011,5,1,0,0,0,0,1,1,1,1,1,1,0.005714473,-1.664700566,1.749767186,1.655854645,1,37.997215112,6,1,6,1:-0.006:-0.020|2:-1.843:0.764|3:-1.680:1.112|4:-1.685:1.809|5:-1.709:2.569|6:-0.827:2.882,1,1.105198085,pickup,8,4,-1.685056000,1.809350000,1,1.105160147,1,received,0,-1.000000000,,0,-1.000000000,0,,1,0.097848892,5.606328554,0.007326126,-0.056165695,1,3.266286135,187.144410202,-0.002442360,-2.782905579,1,-2.891775131,-165.686510320,-0.002442360,2.564102173,1,-0.171092033,-9.802851421,0.007326126,0.407814026,1,0.651356697,37.319989700,-0.012210846,-0.003663063,0.097467422,5.584471948,0.000000000,-0.000000000,8.000000000,2.500000000,3.292989016,188.674372576,0.000000000,-2.820857763,2.000000000,0.500000000,-2.900548935,-166.189212243,0.000000000,2.581554413,1.000000000,0.500000000,-0.178721428,-10.239983528,0.000000000,0.422427684,0.500000000,0.200000003,0.651740074,37.341955589,0.000000000,0.000099993,0.000000000,0.100000001
2026-07-06 23:44:07.918,1783352647.918716908,39.012743082,1,1,38.997179947,1,0.006406580,5,1,0.005758684,5,1,0,0,0,0,1,1,1,1,1,1,0.005688664,-1.669381647,1.752663748,1.656328181,1,38.997084982,6,1,6,1:-0.006:-0.020|2:-1.843:0.764|3:-1.680:1.112|4:-1.685:1.809|5:-1.709:2.569|6:-0.827:2.882,1,2.105067955,pickup,8,4,-1.685056000,1.809350000,1,2.105030017,1,received,0,-1.000000000,,0,-1.000000000,0,,1,0.097848892,5.606328554,0.007326126,-0.026862144,1,3.266286135,187.144410202,-0.002442360,-2.782905579,1,-2.891775131,-165.686510320,-0.002442360,2.550426483,1,-0.171092033,-9.802851421,-0.021978378,0.407814026,1,0.651356697,37.319989700,-0.012210846,-0.006104946,0.097467422,5.584471948,0.000000000,-0.000000000,8.000000000,2.500000000,3.292989016,188.674372576,0.000000000,-2.820857763,2.000000000,0.500000000,-2.900548935,-166.189212243,0.000000000,2.581554413,1.000000000,0.500000000,-0.178721428,-10.239983528,0.000000000,0.422427684,0.500000000,0.200000003,0.651740074,37.341955589,0.000000000,0.000099993,0.000000000,0.100000001
2026-07-06 23:44:08.918,1783352648.918724060,40.012750334,1,1,39.997187199,1,0.006610171,5,1,0.005829046,5,1,0,0,0,0,1,1,1,1,1,1,0.005715009,-1.666132897,1.755011706,1.657120958,1,39.997092234,6,1,6,1:-0.006:-0.020|2:-1.843:0.764|3:-1.680:1.112|4:-1.685:1.809|5:-1.709:2.569|6:-0.827:2.882,1,3.105075207,pickup,8,4,-1.685056000,1.809350000,1,3.105037269,1,received,0,-1.000000000,,0,-1.000000000,0,,1,0.097467422,5.584471948,-0.021978378,-0.026862144,1,3.266286135,187.144410202,-0.002442360,-2.782905579,1,-2.891775131,-165.686510320,-0.002442360,2.564102173,1,-0.171092033,-9.802851421,-0.007326126,0.407814026,1,0.651356697,37.319989700,-0.012210846,-0.003663063,0.097467422,5.584471948,0.000000000,-0.000000000,8.000000000,2.500000000,3.292989016,188.674372576,0.000000000,-2.820857763,2.000000000,0.500000000,-2.900548935,-166.189212243,0.000000000,2.581554413,1.000000000,0.500000000,-0.178721428,-10.239983528,0.000000000,0.422427684,0.500000000,0.200000003,0.651740074,37.341955589,0.000000000,0.000099993,0.000000000,0.100000001
2026-07-06 23:44:09.918,1783352649.918647289,41.012673537,1,1,40.997110402,1,0.006593432,5,1,0.005845756,5,1,0,0,0,0,1,1,1,1,1,1,0.005711753,-1.658709815,1.750613333,1.659532767,1,40.997015437,6,1,6,1:-0.006:-0.020|2:-1.843:0.764|3:-1.680:1.112|4:-1.685:1.809|5:-1.709:2.569|6:-0.827:2.882,1,4.104998410,pickup,8,4,-1.685056000,1.809350000,1,4.104960472,1,received,0,-1.000000000,,0,-1.000000000,0,,1,0.097848892,5.606328554,-0.007326126,-0.031745911,1,3.266286135,187.144410202,-0.002442360,-2.782905579,1,-2.891775131,-165.686510320,-0.002442360,2.564102173,1,-0.171092033,-9.802851421,0.007326126,0.412698746,1,0.651356697,37.319989700,-0.012210846,-0.003663063,0.097467422,5.584471948,0.000000000,-0.000000000,8.000000000,2.500000000,3.292989016,188.674372576,0.000000000,-2.820857763,2.000000000,0.500000000,-2.900548935,-166.189212243,0.000000000,2.581554413,1.000000000,0.500000000,-0.178721428,-10.239983528,0.000000000,0.422427684,0.500000000,0.200000003,0.651740074,37.341955589,0.000000000,0.000099993,0.000000000,0.100000001
2026-07-06 23:44:10.918,1783352650.918549299,42.012575585,1,1,41.997012450,1,0.006308549,5,1,0.005750308,5,1,0,0,0,0,1,1,1,1,1,1,0.005637240,-1.653197824,1.749426899,1.657298750,1,41.996917485,6,1,6,1:-0.006:-0.020|2:-1.843:0.764|3:-1.680:1.112|4:-1.685:1.809|5:-1.709:2.569|6:-0.827:2.882,1,5.104900458,pickup,8,4,-1.685056000,1.809350000,1,5.104862520,1,received,0,-1.000000000,,0,-1.000000000,0,,1,0.097467422,5.584471948,-0.007326126,-0.026862144,1,3.266286135,187.144410202,-0.007326126,-2.782905579,1,-2.891775131,-165.686510320,-0.002442360,2.564102173,1,-0.171092033,-9.802851421,-0.021978378,0.412698746,1,0.651356697,37.319989700,0.012210846,-0.003663063,0.097467422,5.584471948,0.000000000,-0.000000000,8.000000000,2.500000000,3.292989016,188.674372576,0.000000000,-2.820857763,2.000000000,0.500000000,-2.900548935,-166.189212243,0.000000000,2.581554413,1.000000000,0.500000000,-0.178721428,-10.239983528,0.000000000,0.422427684,0.500000000,0.200000003,0.651740074,37.341955589,0.000000000,0.000099993,0.000000000,0.100000001
2026-07-06 23:44:11.918,1783352651.918516874,43.012543172,1,1,42.996980037,1,0.006356101,5,1,0.005779292,5,1,0,0,0,0,1,1,1,1,1,1,0.005699152,-1.661600579,1.749287930,1.656788404,1,42.996885072,6,1,6,1:-0.006:-0.020|2:-1.843:0.764|3:-1.680:1.112|4:-1.685:1.809|5:-1.709:2.569|6:-0.827:2.882,1,6.104868045,pickup,8,4,-1.685056000,1.809350000,1,6.104830107,1,received,0,-1.000000000,,0,-1.000000000,0,,1,0.097467422,5.584471948,-0.007326126,-0.026862144,1,3.266286135,187.144410202,-0.007326126,-2.769229889,1,-2.891775131,-165.686510320,-0.002442360,2.564102173,1,-0.171092033,-9.802851421,-0.007326126,0.412698746,1,0.651356697,37.319989700,0.012210846,-0.003663063,0.097467422,5.584471948,0.000000000,-0.000000000,8.000000000,2.500000000,3.292989016,188.674372576,0.000000000,-2.820857763,2.000000000,0.500000000,-2.900548935,-166.189212243,0.000000000,2.581554413,1.000000000,0.500000000,-0.178721428,-10.239983528,0.000000000,0.422427684,0.500000000,0.200000003,0.651740074,37.341955589,0.000000000,0.000099993,0.000000000,0.100000001
2026-07-06 23:44:12.918,1783352652.918455124,44.012481356,1,1,43.996918221,1,0.006593724,5,1,0.005869558,5,1,0,0,0,0,1,1,1,1,1,1,0.005667037,-1.664627971,1.747718960,1.657674908,1,43.996823256,6,1,6,1:-0.006:-0.020|2:-1.843:0.764|3:-1.680:1.112|4:-1.685:1.809|5:-1.709:2.569|6:-0.827:2.882,1,7.104806229,pickup,8,4,-1.685056000,1.809350000,1,7.104768291,1,received,0,-1.000000000,,0,-1.000000000,0,,1,0.097467422,5.584471948,0.007326126,-0.026862144,1,3.266286135,187.144410202,-0.002442360,-2.782905579,1,-2.891775131,-165.686510320,-0.002442360,2.564102173,1,-0.171092033,-9.802851421,-0.007326126,0.407814026,1,0.651356697,37.319989700,-0.012210846,-0.003663063,0.097467422,5.584471948,0.000000000,-0.000000000,8.000000000,2.500000000,3.292989016,188.674372576,0.000000000,-2.820857763,2.000000000,0.500000000,-2.900548935,-166.189212243,0.000000000,2.581554413,1.000000000,0.500000000,-0.178721428,-10.239983528,0.000000000,0.422427684,0.500000000,0.200000003,0.651740074,37.341955589,0.000000000,0.000099993,0.000000000,0.100000001
2026-07-06 23:44:13.918,1783352653.918396711,45.012422863,1,1,44.996859728,1,0.006354299,5,1,0.005761401,5,1,0,0,0,0,1,1,1,1,1,1,0.005626863,-1.671317217,1.756146217,1.658559087,1,44.996764763,6,1,6,1:-0.006:-0.020|2:-1.843:0.764|3:-1.680:1.112|4:-1.685:1.809|5:-1.709:2.569|6:-0.827:2.882,1,8.104747736,pickup,8,4,-1.685056000,1.809350000,1,8.104709798,1,received,0,-1.000000000,,0,-1.000000000,0,,1,0.097467422,5.584471948,-0.007326126,-0.026862144,1,3.266286135,187.144410202,-0.002442360,-2.782905579,1,-2.891775131,-165.686510320,-0.002442360,2.564102173,1,-0.171092033,-9.802851421,-0.007326126,0.407814026,1,0.651356697,37.319989700,0.012210846,-0.003663063,0.097467422,5.584471948,0.000000000,-0.000000000,8.000000000,2.500000000,3.292989016,188.674372576,0.000000000,-2.820857763,2.000000000,0.500000000,-2.900548935,-166.189212243,0.000000000,2.581554413,1.000000000,0.500000000,-0.178721428,-10.239983528,0.000000000,0.422427684,0.500000000,0.200000003,0.651740074,37.341955589,0.000000000,0.000099993,0.000000000,0.100000001
2026-07-06 23:44:14.918,1783352654.918346405,46.012372766,1,1,45.996809631,1,0.005898440,5,1,0.005754148,5,1,0,0,0,0,1,1,1,1,1,1,0.005724417,-1.654727362,1.750532655,1.657468671,1,45.996714666,6,1,6,1:-0.006:-0.020|2:-1.843:0.764|3:-1.680:1.112|4:-1.685:1.809|5:-1.709:2.569|6:-0.827:2.882,1,9.104697639,pickup,8,4,-1.685056000,1.809350000,1,9.104659701,1,received,0,-1.000000000,,0,-1.000000000,0,,1,0.097467422,5.584471948,-0.007326126,-0.021978378,1,3.266286135,187.144410202,-0.002442360,-2.782905579,1,-2.891775131,-165.686510320,-0.002442360,2.564102173,1,-0.171092033,-9.802851421,-0.007326126,0.407814026,1,0.651740074,37.341955589,0.012210846,-0.003663063,0.097467422,5.584471948,0.000000000,-0.000000000,8.000000000,2.500000000,3.292989016,188.674372576,0.000000000,-2.820857763,2.000000000,0.500000000,-2.900548935,-166.189212243,0.000000000,2.581554413,1.000000000,0.500000000,-0.178721428,-10.239983528,0.000000000,0.422427684,0.500000000,0.200000003,0.651740074,37.341955589,0.000000000,0.000099993,0.000000000,0.100000001
2026-07-06 23:44:15.918,1783352655.918286324,47.012312684,1,1,46.996749549,1,0.006600113,5,1,0.005980974,5,1,0,0,0,0,1,1,1,1,1,1,0.005842651,-1.658651251,1.750945855,1.656937764,1,46.996654584,6,1,6,1:-0.006:-0.020|2:-1.843:0.764|3:-1.680:1.112|4:-1.685:1.809|5:-1.709:2.569|6:-0.827:2.882,1,10.104637557,pickup,8,4,-1.685056000,1.809350000,1,10.104599619,1,received,0,-1.000000000,,0,-1.000000000,0,,1,0.097848892,5.606328554,0.007326126,-0.026862144,1,3.266286135,187.144410202,-0.002442360,-2.782905579,1,-2.891775131,-165.686510320,-0.002442360,2.564102173,1,-0.171092033,-9.802851421,-0.007326126,0.412698746,1,0.651356697,37.319989700,-0.012210846,-0.003663063,0.097467422,5.584471948,0.000000000,-0.000000000,8.000000000,2.500000000,3.292989016,188.674372576,0.000000000,-2.820857763,2.000000000,0.500000000,-2.900548935,-166.189212243,0.000000000,2.581554413,1.000000000,0.500000000,-0.178721428,-10.239983528,0.000000000,0.422427684,0.500000000,0.200000003,0.651740074,37.341955589,0.000000000,0.000099993,0.000000000,0.100000001
2026-07-06 23:44:16.918,1783352656.918161392,48.012187559,1,1,47.996624424,1,0.006583318,5,1,0.005750698,5,1,0,0,0,0,1,1,1,1,1,1,0.005702506,-1.656426046,1.751912998,1.657252503,1,47.996529459,6,1,6,1:-0.006:-0.020|2:-1.843:0.764|3:-1.680:1.112|4:-1.685:1.809|5:-1.709:2.569|6:-0.827:2.882,1,11.104512432,pickup,8,4,-1.685056000,1.809350000,1,11.104474494,1,received,0,-1.000000000,,0,-1.000000000,0,,1,0.097467422,5.584471948,-0.021978378,-0.031745911,1,3.266286135,187.144410202,-0.002442360,-2.782905579,1,-2.891775131,-165.686510320,-0.007326126,2.564102173,1,-0.171092033,-9.802851421,0.007326126,0.407814026,1,0.651356697,37.319989700,-0.012210846,-0.003663063,0.097467422,5.584471948,0.000000000,-0.000000000,8.000000000,2.500000000,3.292989016,188.674372576,0.000000000,-2.820857763,2.000000000,0.500000000,-2.900548935,-166.189212243,0.000000000,2.581554413,1.000000000,0.500000000,-0.178721428,-10.239983528,0.000000000,0.422427684,0.500000000,0.200000003,0.651740074,37.341955589,0.000000000,0.000099993,0.000000000,0.100000001
2026-07-06 23:44:17.918,1783352657.918118000,49.012144156,1,1,48.996581021,1,0.006618122,5,1,0.005825371,5,1,0,0,0,0,1,1,1,1,1,1,0.005720624,-1.661741586,1.747814042,1.657997485,1,48.996486056,6,1,6,1:-0.006:-0.020|2:-1.843:0.764|3:-1.680:1.112|4:-1.685:1.809|5:-1.709:2.569|6:-0.827:2.882,1,12.104469029,pickup,8,4,-1.685056000,1.809350000,1,12.104431091,1,received,0,-1.000000000,,0,-1.000000000,0,,1,0.097848892,5.606328554,-0.007326126,-0.026862144,1,3.266286135,187.144410202,-0.002442360,-2.782905579,1,-2.891775131,-165.686510320,-0.002442360,2.550426483,1,-0.171092033,-9.802851421,-0.021978378,0.412698746,1,0.651356697,37.319989700,-0.012210846,-0.003663063,0.097467422,5.584471948,0.000000000,-0.000000000,8.000000000,2.500000000,3.292989016,188.674372576,0.000000000,-2.820857763,2.000000000,0.500000000,-2.900548935,-166.189212243,0.000000000,2.581554413,1.000000000,0.500000000,-0.178721428,-10.239983528,0.000000000,0.422427684,0.500000000,0.200000003,0.651740074,37.341955589,0.000000000,0.000099993,0.000000000,0.100000001
2026-07-06 23:44:18.918,1783352658.918069363,50.012095415,1,1,49.996532280,1,0.006695501,5,1,0.005867617,5,1,0,0,0,0,1,1,1,1,1,1,0.005741498,-1.664197003,1.753913281,1.657397565,1,49.996437315,6,1,6,1:-0.006:-0.020|2:-1.843:0.764|3:-1.680:1.112|4:-1.685:1.809|5:-1.709:2.569|6:-0.827:2.882,1,13.104420288,pickup,8,4,-1.685056000,1.809350000,1,13.104382350,1,received,0,-1.000000000,,0,-1.000000000,0,,1,0.097467422,5.584471948,0.007326126,-0.031745911,1,3.266286135,187.144410202,-0.007326126,-2.782905579,1,-2.891775131,-165.686510320,-0.007326126,2.564102173,1,-0.171092033,-9.802851421,-0.007326126,0.407814026,1,0.651356697,37.319989700,0.012210846,-0.003663063,0.097467422,5.584471948,0.000000000,-0.000000000,8.000000000,2.500000000,3.292989016,188.674372576,0.000000000,-2.820857763,2.000000000,0.500000000,-2.900548935,-166.189212243,0.000000000,2.581554413,1.000000000,0.500000000,-0.178721428,-10.239983528,0.000000000,0.422427684,0.500000000,0.200000003,0.651740074,37.341955589,0.000000000,0.000099993,0.000000000,0.100000001
2026-07-06 23:44:19.918,1783352659.918021679,51.012047987,1,1,50.996484852,1,0.006669678,5,1,0.005778894,5,1,0,0,0,0,1,1,1,1,1,1,0.005688218,-1.672434919,1.753159278,1.657685175,1,50.996389887,6,1,6,1:-0.006:-0.020|2:-1.843:0.764|3:-1.680:1.112|4:-1.685:1.809|5:-1.709:2.569|6:-0.827:2.882,1,14.104372860,pickup,8,4,-1.685056000,1.809350000,1,14.104334922,1,received,0,-1.000000000,,0,-1.000000000,0,,1,0.097467422,5.584471948,-0.021978378,-0.026862144,1,3.266286135,187.144410202,-0.002442360,-2.782905579,1,-2.891775131,-165.686510320,-0.002442360,2.564102173,1,-0.171092033,-9.802851421,0.007326126,0.412698746,1,0.651356697,37.319989700,0.012210846,-0.003663063,0.097467422,5.584471948,0.000000000,-0.000000000,8.000000000,2.500000000,3.292989016,188.674372576,0.000000000,-2.820857763,2.000000000,0.500000000,-2.900548935,-166.189212243,0.000000000,2.581554413,1.000000000,0.500000000,-0.178721428,-10.239983528,0.000000000,0.422427684,0.500000000,0.200000003,0.651740074,37.341955589,0.000000000,0.000099993,0.000000000,0.100000001
2026-07-06 23:44:20.918,1783352660.917937517,52.011963767,1,1,51.996400632,1,0.006528190,5,1,0.005764894,5,1,0,0,0,0,1,1,1,1,1,1,0.005672104,-1.661655021,1.747926625,1.657871898,1,51.996305667,6,1,6,1:-0.006:-0.020|2:-1.843:0.764|3:-1.680:1.112|4:-1.685:1.809|5:-1.709:2.569|6:-0.827:2.882,1,15.104288640,pickup,8,4,-1.685056000,1.809350000,1,15.104250702,1,received,0,-1.000000000,,0,-1.000000000,0,,1,0.097848892,5.606328554,0.007326126,-0.026862144,1,3.266286135,187.144410202,-0.002442360,-2.769229889,1,-2.891775131,-165.686510320,-0.002442360,2.564102173,1,-0.171092033,-9.802851421,0.007326126,0.407814026,1,0.651356697,37.319989700,-0.012210846,-0.003663063,0.097467422,5.584471948,0.000000000,-0.000000000,8.000000000,2.500000000,3.292989016,188.674372576,0.000000000,-2.820857763,2.000000000,0.500000000,-2.900548935,-166.189212243,0.000000000,2.581554413,1.000000000,0.500000000,-0.178721428,-10.239983528,0.000000000,0.422427684,0.500000000,0.200000003,0.651740074,37.341955589,0.000000000,0.000099993,0.000000000,0.100000001
2026-07-06 23:44:21.917,1783352661.917869329,53.011895618,1,1,52.996332483,1,0.006539918,5,1,0.005947285,5,1,0,0,0,0,1,1,1,1,1,1,0.005735262,-1.667563716,1.757431626,1.657420817,1,52.996237518,6,1,6,1:-0.006:-0.020|2:-1.843:0.764|3:-1.680:1.112|4:-1.685:1.809|5:-1.709:2.569|6:-0.827:2.882,1,16.104220491,pickup,8,4,-1.685056000,1.809350000,1,16.104182553,1,received,0,-1.000000000,,0,-1.000000000,0,,1,0.097467422,5.584471948,-0.021978378,-0.031745911,1,3.266286135,187.144410202,-0.002442360,-2.782905579,1,-2.891775131,-165.686510320,0.002442360,2.564102173,1,-0.171092033,-9.802851421,0.007326126,0.407814026,1,0.651356697,37.319989700,-0.012210846,-0.003663063,0.097467422,5.584471948,0.000000000,-0.000000000,8.000000000,2.500000000,3.292989016,188.674372576,0.000000000,-2.820857763,2.000000000,0.500000000,-2.900548935,-166.189212243,0.000000000,2.581554413,1.000000000,0.500000000,-0.178721428,-10.239983528,0.000000000,0.422427684,0.500000000,0.200000003,0.651740074,37.341955589,0.000000000,0.000099993,0.000000000,0.100000001
2026-07-06 23:44:22.917,1783352662.917832136,54.011858404,1,1,53.996295269,1,0.006551255,5,1,0.005938683,5,1,0,0,0,0,1,1,1,1,1,1,0.005771875,-1.665167250,1.749016745,1.657255414,1,53.996200304,6,1,6,1:-0.006:-0.020|2:-1.843:0.764|3:-1.680:1.112|4:-1.685:1.809|5:-1.709:2.569|6:-0.827:2.882,1,17.104183277,pickup,8,4,-1.685056000,1.809350000,1,17.104145339,1,received,0,-1.000000000,,0,-1.000000000,0,,1,0.097467422,5.584471948,-0.007326126,-0.026862144,1,3.266286135,187.144410202,-0.002442360,-2.782905579,1,-2.891775131,-165.686510320,-0.007326126,2.564102173,1,-0.171092033,-9.802851421,-0.007326126,0.407814026,1,0.651356697,37.319989700,-0.012210846,-0.003663063,0.097467422,5.584471948,0.000000000,-0.000000000,8.000000000,2.500000000,3.292989016,188.674372576,0.000000000,-2.820857763,2.000000000,0.500000000,-2.900548935,-166.189212243,0.000000000,2.581554413,1.000000000,0.500000000,-0.178721428,-10.239983528,0.000000000,0.422427684,0.500000000,0.200000003,0.651740074,37.341955589,0.000000000,0.000099993,0.000000000,0.100000001
2026-07-06 23:44:23.917,1783352663.917716265,55.011742535,1,1,54.996179400,1,0.006534386,5,1,0.005762651,5,1,0,0,0,0,1,1,1,1,1,1,0.005598572,-1.661440810,1.750748633,1.657867603,1,54.996084435,6,1,6,1:-0.006:-0.020|2:-1.843:0.764|3:-1.680:1.112|4:-1.685:1.809|5:-1.709:2.569|6:-0.827:2.882,1,18.104067408,pickup,8,4,-1.685056000,1.809350000,1,18.104029470,1,received,0,-1.000000000,,0,-1.000000000,0,,1,0.097467422,5.584471948,0.007326126,-0.021978378,1,3.266286135,187.144410202,-0.002442360,-2.782905579,1,-2.891775131,-165.686510320,-0.002442360,2.564102173,1,-0.171092033,-9.802851421,-0.007326126,0.412698746,1,0.651356697,37.319989700,-0.036628723,-0.003663063,0.097467422,5.584471948,0.000000000,-0.000000000,8.000000000,2.500000000,3.292989016,188.674372576,0.000000000,-2.820857763,2.000000000,0.500000000,-2.900548935,-166.189212243,0.000000000,2.581554413,1.000000000,0.500000000,-0.178721428,-10.239983528,0.000000000,0.422427684,0.500000000,0.200000003,0.651740074,37.341955589,0.000000000,0.000099993,0.000000000,0.100000001
2026-07-06 23:44:24.917,1783352664.917640686,56.011666899,1,1,55.996103764,1,0.006482914,5,1,0.005836594,5,1,0,0,0,0,1,1,1,1,1,1,0.005763546,-1.656814513,1.751611636,1.657922045,1,55.996008799,6,1,6,1:-0.006:-0.020|2:-1.843:0.764|3:-1.680:1.112|4:-1.685:1.809|5:-1.709:2.569|6:-0.827:2.882,1,19.103991772,pickup,8,4,-1.685056000,1.809350000,1,19.103953834,1,received,0,-1.000000000,,0,-1.000000000,0,,1,0.097467422,5.584471948,-0.007326126,-0.031745911,1,3.266286135,187.144410202,-0.002442360,-2.782905579,1,-2.891775131,-165.686510320,-0.002442360,2.550426483,1,-0.171092033,-9.802851421,-0.007326126,0.407814026,1,0.651356697,37.319989700,0.012210846,-0.003663063,0.097467422,5.584471948,0.000000000,-0.000000000,8.000000000,2.500000000,3.292989016,188.674372576,0.000000000,-2.820857763,2.000000000,0.500000000,-2.900548935,-166.189212243,0.000000000,2.581554413,1.000000000,0.500000000,-0.178721428,-10.239983528,0.000000000,0.422427684,0.500000000,0.200000003,0.651740074,37.341955589,0.000000000,0.000099993,0.000000000,0.100000001
2026-07-06 23:44:25.917,1783352665.917644978,57.011671421,1,1,56.996108286,1,0.006599953,5,1,0.005897343,5,1,0,0,0,0,1,1,1,1,1,1,0.005814643,-1.667880233,1.758162855,1.656423224,1,56.996013321,6,1,6,1:-0.006:-0.020|2:-1.843:0.764|3:-1.680:1.112|4:-1.685:1.809|5:-1.709:2.569|6:-0.827:2.882,1,20.103996294,pickup,8,4,-1.685056000,1.809350000,1,20.103958356,1,received,0,-1.000000000,,0,-1.000000000,0,,1,0.097848892,5.606328554,0.007326126,-0.026862144,1,3.266286135,187.144410202,-0.002442360,-2.782905579,1,-2.891775131,-165.686510320,-0.002442360,2.564102173,1,-0.171092033,-9.802851421,-0.021978378,0.412698746,1,0.651356697,37.319989700,-0.012210846,-0.003663063,0.097467422,5.584471948,0.000000000,-0.000000000,8.000000000,2.500000000,3.292989016,188.674372576,0.000000000,-2.820857763,2.000000000,0.500000000,-2.900548935,-166.189212243,0.000000000,2.581554413,1.000000000,0.500000000,-0.178721428,-10.239983528,0.000000000,0.422427684,0.500000000,0.200000003,0.651740074,37.341955589,0.000000000,0.000099993,0.000000000,0.100000001
2026-07-06 23:44:26.917,1783352666.917662382,58.011688650,1,1,57.996125515,1,0.006622224,5,1,0.005826329,5,1,0,0,0,0,1,1,1,1,1,1,0.005747048,-1.661915262,1.750690511,1.655675279,1,57.996030550,6,1,6,1:-0.006:-0.020|2:-1.843:0.764|3:-1.680:1.112|4:-1.685:1.809|5:-1.709:2.569|6:-0.827:2.882,1,21.104013523,pickup,8,4,-1.685056000,1.809350000,1,21.103975585,1,received,0,-1.000000000,,0,-1.000000000,0,,1,0.097467422,5.584471948,-0.007326126,-0.021978378,1,3.266286135,187.144410202,-0.007326126,-2.782905579,1,-2.891775131,-165.686510320,-0.002442360,2.564102173,1,-0.171092033,-9.802851421,0.007326126,0.407814026,1,0.650973320,37.298023812,-0.036628723,-0.003663063,0.097467422,5.584471948,0.000000000,-0.000000000,8.000000000,2.500000000,3.292989016,188.674372576,0.000000000,-2.820857763,2.000000000,0.500000000,-2.900548935,-166.189212243,0.000000000,2.581554413,1.000000000,0.500000000,-0.178721428,-10.239983528,0.000000000,0.422427684,0.500000000,0.200000003,0.651740074,37.341955589,0.000000000,0.000099993,0.000000000,0.100000001
2026-07-06 23:44:27.917,1783352667.917489052,59.011515487,1,1,58.995952352,1,0.006651090,5,1,0.005924705,5,1,0,0,0,0,1,1,1,1,1,1,0.005766266,-1.667259502,1.750296053,1.656954418,1,58.995857387,6,1,6,1:-0.006:-0.020|2:-1.843:0.764|3:-1.680:1.112|4:-1.685:1.809|5:-1.709:2.569|6:-0.827:2.882,1,22.103840360,pickup,8,4,-1.685056000,1.809350000,1,22.103802422,1,received,0,-1.000000000,,0,-1.000000000,0,,1,0.097467422,5.584471948,-0.007326126,-0.026862144,1,3.266286135,187.144410202,-0.002442360,-2.782905579,1,-2.891775131,-165.686510320,-0.002442360,2.550426483,1,-0.171092033,-9.802851421,0.007326126,0.407814026,1,0.651356697,37.319989700,-0.036628723,-0.003663063,0.097467422,5.584471948,0.000000000,-0.000000000,8.000000000,2.500000000,3.292989016,188.674372576,0.000000000,-2.820857763,2.000000000,0.500000000,-2.900548935,-166.189212243,0.000000000,2.581554413,1.000000000,0.500000000,-0.178721428,-10.239983528,0.000000000,0.422427684,0.500000000,0.200000003,0.651740074,37.341955589,0.000000000,0.000099993,0.000000000,0.100000001
2026-07-06 23:44:28.917,1783352668.917454004,60.011480296,1,1,59.995917161,1,0.006646487,5,1,0.005826414,5,1,0,0,0,0,1,1,1,1,1,1,0.005669896,-1.665003581,1.748298161,1.656683359,1,59.995822196,6,1,6,1:-0.006:-0.020|2:-1.843:0.764|3:-1.680:1.112|4:-1.685:1.809|5:-1.709:2.569|6:-0.827:2.882,1,23.103805169,pickup,8,4,-1.685056000,1.809350000,1,23.103767231,1,received,0,-1.000000000,,0,-1.000000000,0,,1,0.097467422,5.584471948,-0.007326126,-0.026862144,1,3.266286135,187.144410202,-0.002442360,-2.782905579,1,-2.891775131,-165.686510320,-0.002442360,2.564102173,1,-0.171092033,-9.802851421,-0.021978378,0.407814026,1,0.651356697,37.319989700,-0.012210846,-0.003663063,0.097467422,5.584471948,0.000000000,-0.000000000,8.000000000,2.500000000,3.292989016,188.674372576,0.000000000,-2.820857763,2.000000000,0.500000000,-2.900548935,-166.189212243,0.000000000,2.581554413,1.000000000,0.500000000,-0.178721428,-10.239983528,0.000000000,0.422427684,0.500000000,0.200000003,0.651740074,37.341955589,0.000000000,0.000099993,0.000000000,0.100000001
2026-07-06 23:44:29.917,1783352669.917358398,61.011384625,1,1,60.995821490,1,0.006569878,5,1,0.005760692,5,1,0,0,0,0,1,1,1,1,1,1,0.005717801,-1.669906069,1.744408997,1.657444670,1,60.995726525,6,1,6,1:-0.006:-0.020|2:-1.843:0.764|3:-1.680:1.112|4:-1.685:1.809|5:-1.709:2.569|6:-0.827:2.882,1,24.103709498,pickup,8,4,-1.685056000,1.809350000,1,24.103671560,1,received,0,-1.000000000,,0,-1.000000000,0,,1,0.097848892,5.606328554,-0.007326126,-0.026862144,1,3.266286135,187.144410202,-0.002442360,-2.782905579,1,-2.891775131,-165.686510320,-0.002442360,2.564102173,1,-0.171092033,-9.802851421,-0.007326126,0.407814026,1,0.651356697,37.319989700,-0.036628723,-0.003663063,0.097467422,5.584471948,0.000000000,-0.000000000,8.000000000,2.500000000,3.292989016,188.674372576,0.000000000,-2.820857763,2.000000000,0.500000000,-2.900548935,-166.189212243,0.000000000,2.581554413,1.000000000,0.500000000,-0.178721428,-10.239983528,0.000000000,0.422427684,0.500000000,0.200000003,0.651740074,37.341955589,0.000000000,0.000099993,0.000000000,0.100000001
2026-07-06 23:44:30.917,1783352670.917324305,62.011350512,1,1,61.995787377,1,0.006643209,5,1,0.005916026,5,1,0,0,0,0,1,1,1,1,1,1,0.005784171,-1.662174133,1.750850151,1.656843350,1,61.995692412,6,1,6,1:-0.006:-0.020|2:-1.843:0.764|3:-1.680:1.112|4:-1.685:1.809|5:-1.709:2.569|6:-0.827:2.882,1,25.103675385,pickup,8,4,-1.685056000,1.809350000,1,25.103637447,1,received,0,-1.000000000,,0,-1.000000000,0,,1,0.097467422,5.584471948,-0.007326126,-0.026862144,1,3.266286135,187.144410202,-0.002442360,-2.769229889,1,-2.891775131,-165.686510320,-0.007326126,2.564102173,1,-0.171092033,-9.802851421,-0.007326126,0.412698746,1,0.651356697,37.319989700,-0.012210846,-0.003663063,0.097467422,5.584471948,0.000000000,-0.000000000,8.000000000,2.500000000,3.292989016,188.674372576,0.000000000,-2.820857763,2.000000000,0.500000000,-2.900548935,-166.189212243,0.000000000,2.581554413,1.000000000,0.500000000,-0.178721428,-10.239983528,0.000000000,0.422427684,0.500000000,0.200000003,0.651740074,37.341955589,0.000000000,0.000099993,0.000000000,0.100000001
2026-07-06 23:44:31.917,1783352671.917257071,63.011283234,1,1,62.995720099,1,0.006530819,5,1,0.005953832,5,1,0,0,0,0,1,1,1,1,1,1,0.005824371,-1.660340598,1.749767454,1.656390110,1,62.995625134,6,1,6,1:-0.006:-0.020|2:-1.843:0.764|3:-1.680:1.112|4:-1.685:1.809|5:-1.709:2.569|6:-0.827:2.882,1,26.103608107,pickup,8,4,-1.685056000,1.809350000,1,26.103570169,1,received,0,-1.000000000,,0,-1.000000000,0,,1,0.097467422,5.584471948,-0.021978378,-0.026862144,1,3.266286135,187.144410202,-0.007326126,-2.782905579,1,-2.891775131,-165.686510320,0.002442360,2.564102173,1,-0.171092033,-9.802851421,-0.007326126,0.407814026,1,0.650973320,37.298023812,-0.012210846,-0.003663063,0.097467422,5.584471948,0.000000000,-0.000000000,8.000000000,2.500000000,3.292989016,188.674372576,0.000000000,-2.820857763,2.000000000,0.500000000,-2.900548935,-166.189212243,0.000000000,2.581554413,1.000000000,0.500000000,-0.178721428,-10.239983528,0.000000000,0.422427684,0.500000000,0.200000003,0.651740074,37.341955589,0.000000000,0.000099993,0.000000000,0.100000001
2026-07-06 23:44:32.917,1783352672.917194605,64.011220709,1,1,63.995657574,1,0.006581446,5,1,0.005872843,5,1,0,0,0,0,1,1,1,1,1,1,0.005797256,-1.663438258,1.752737062,1.656681316,1,63.995562609,6,1,6,1:-0.006:-0.020|2:-1.843:0.764|3:-1.680:1.112|4:-1.685:1.809|5:-1.709:2.569|6:-0.827:2.882,1,27.103545582,pickup,8,4,-1.685056000,1.809350000,1,27.103507644,1,received,0,-1.000000000,,0,-1.000000000,0,,1,0.097467422,5.584471948,-0.007326126,-0.026862144,1,3.266286135,187.144410202,-0.007326126,-2.782905579,1,-2.891775131,-165.686510320,-0.007326126,2.564102173,1,-0.171092033,-9.802851421,0.007326126,0.407814026,1,0.651356697,37.319989700,-0.012210846,-0.006104946,0.097467422,5.584471948,0.000000000,-0.000000000,8.000000000,2.500000000,3.292989016,188.674372576,0.000000000,-2.820857763,2.000000000,0.500000000,-2.900548935,-166.189212243,0.000000000,2.581554413,1.000000000,0.500000000,-0.178721428,-10.239983528,0.000000000,0.422427684,0.500000000,0.200000003,0.651740074,37.341955589,0.000000000,0.000099993,0.000000000,0.100000001
2026-07-06 23:44:33.917,1783352673.917124748,65.011151106,1,1,64.995587971,1,0.006577234,5,1,0.005844942,5,1,0,0,0,0,1,1,1,1,1,1,0.005822384,-1.660733851,1.747826000,1.656529488,1,64.995493006,6,1,6,1:-0.006:-0.020|2:-1.843:0.764|3:-1.680:1.112|4:-1.685:1.809|5:-1.709:2.569|6:-0.827:2.882,1,28.103475979,pickup,8,4,-1.685056000,1.809350000,1,28.103438041,1,received,0,-1.000000000,,0,-1.000000000,0,,1,0.097467422,5.584471948,-0.007326126,-0.026862144,1,3.266286135,187.144410202,-0.002442360,-2.769229889,1,-2.891775131,-165.686510320,-0.002442360,2.564102173,1,-0.171092033,-9.802851421,-0.021978378,0.412698746,1,0.651356697,37.319989700,0.012210846,-0.003663063,0.097467422,5.584471948,0.000000000,-0.000000000,8.000000000,2.500000000,3.292989016,188.674372576,0.000000000,-2.820857763,2.000000000,0.500000000,-2.900548935,-166.189212243,0.000000000,2.581554413,1.000000000,0.500000000,-0.178721428,-10.239983528,0.000000000,0.422427684,0.500000000,0.200000003,0.651740074,37.341955589,0.000000000,0.000099993,0.000000000,0.100000001
2026-07-06 23:44:34.917,1783352674.917056322,66.011082542,1,1,65.995519407,1,0.006448933,5,1,0.005799575,5,1,0,0,0,0,1,1,1,1,1,1,0.005741238,-1.658620324,1.748327953,1.657308578,1,65.995424442,6,1,6,1:-0.006:-0.020|2:-1.843:0.764|3:-1.680:1.112|4:-1.685:1.809|5:-1.709:2.569|6:-0.827:2.882,1,29.103407415,pickup,8,4,-1.685056000,1.809350000,1,29.103369477,1,received,0,-1.000000000,,0,-1.000000000,0,,1,0.097467422,5.584471948,-0.007326126,-0.026862144,1,3.266286135,187.144410202,0.002442360,-2.769229889,1,-2.891775131,-165.686510320,-0.002442360,2.550426483,1,-0.171092033,-9.802851421,-0.021978378,0.407814026,1,0.651356697,37.319989700,-0.012210846,-0.003663063,0.097467422,5.584471948,0.000000000,-0.000000000,8.000000000,2.500000000,3.292989016,188.674372576,0.000000000,-2.820857763,2.000000000,0.500000000,-2.900548935,-166.189212243,0.000000000,2.581554413,1.000000000,0.500000000,-0.178721428,-10.239983528,0.000000000,0.422427684,0.500000000,0.200000003,0.651740074,37.341955589,0.000000000,0.000099993,0.000000000,0.100000001
2026-07-06 23:44:35.917,1783352675.916975498,67.011001955,1,1,66.995438820,1,0.006726812,5,1,0.005804902,5,1,0,0,0,0,1,1,1,1,1,1,0.005707051,-1.668376854,1.755043192,1.657358196,1,66.995343855,6,1,6,1:-0.006:-0.020|2:-1.843:0.764|3:-1.680:1.112|4:-1.685:1.809|5:-1.709:2.569|6:-0.827:2.882,1,30.103326828,pickup,8,4,-1.685056000,1.809350000,1,30.103288890,1,received,0,-1.000000000,,0,-1.000000000,0,,1,0.097467422,5.584471948,-0.021978378,-0.026862144,1,3.266286135,187.144410202,-0.002442360,-2.769229889,1,-2.891775131,-165.686510320,-0.002442360,2.564102173,1,-0.171092033,-9.802851421,-0.007326126,0.407814026,1,0.651356697,37.319989700,-0.012210846,-0.003663063,0.097467422,5.584471948,0.000000000,-0.000000000,8.000000000,2.500000000,3.292989016,188.674372576,0.000000000,-2.820857763,2.000000000,0.500000000,-2.900548935,-166.189212243,0.000000000,2.581554413,1.000000000,0.500000000,-0.178721428,-10.239983528,0.000000000,0.422427684,0.500000000,0.200000003,0.651740074,37.341955589,0.000000000,0.000099993,0.000000000,0.100000001
2026-07-06 23:44:36.916,1783352676.916891813,68.010918183,1,1,67.995355048,1,0.006445579,5,1,0.005925943,5,1,0,0,0,0,1,1,1,1,1,1,0.005741299,-1.662472926,1.752072972,1.657517198,1,67.995260083,6,1,6,1:-0.006:-0.020|2:-1.843:0.764|3:-1.680:1.112|4:-1.685:1.809|5:-1.709:2.569|6:-0.827:2.882,1,31.103243056,pickup,8,4,-1.685056000,1.809350000,1,31.103205118,1,received,0,-1.000000000,,0,-1.000000000,0,,1,0.097848892,5.606328554,0.007326126,-0.026862144,1,3.266286135,187.144410202,-0.002442360,-2.782905579,1,-2.891775131,-165.686510320,-0.002442360,2.564102173,1,-0.171092033,-9.802851421,-0.007326126,0.407814026,1,0.651356697,37.319989700,-0.012210846,-0.003663063,0.097467422,5.584471948,0.000000000,-0.000000000,8.000000000,2.500000000,3.292989016,188.674372576,0.000000000,-2.820857763,2.000000000,0.500000000,-2.900548935,-166.189212243,0.000000000,2.581554413,1.000000000,0.500000000,-0.178721428,-10.239983528,0.000000000,0.422427684,0.500000000,0.200000003,0.651740074,37.341955589,0.000000000,0.000099993,0.000000000,0.100000001
2026-07-06 23:44:37.917,1783352677.916867495,69.010893788,1,1,68.995330653,1,0.006275314,5,1,0.005871325,5,1,0,0,0,0,1,1,1,1,1,1,0.005673238,-1.665754565,1.747301369,1.657756202,1,68.995235688,6,1,6,1:-0.006:-0.020|2:-1.843:0.764|3:-1.680:1.112|4:-1.685:1.809|5:-1.709:2.569|6:-0.827:2.882,1,32.103218661,pickup,8,4,-1.685056000,1.809350000,1,32.103180723,1,received,0,-1.000000000,,0,-1.000000000,0,,1,0.097467422,5.584471948,-0.007326126,-0.021978378,1,3.266286135,187.144410202,-0.007326126,-2.782905579,1,-2.891775131,-165.686510320,-0.002442360,2.564102173,1,-0.171092033,-9.802851421,-0.021978378,0.407814026,1,0.651356697,37.319989700,-0.036628723,-0.003663063,0.097467422,5.584471948,0.000000000,-0.000000000,8.000000000,2.500000000,3.292989016,188.674372576,0.000000000,-2.820857763,2.000000000,0.500000000,-2.900548935,-166.189212243,0.000000000,2.581554413,1.000000000,0.500000000,-0.178721428,-10.239983528,0.000000000,0.422427684,0.500000000,0.200000003,0.651740074,37.341955589,0.000000000,0.000099993,0.000000000,0.100000001
2026-07-06 23:44:38.916,1783352678.916785717,70.010812028,1,1,69.995248893,1,0.006577955,5,1,0.005895811,5,1,0,0,0,0,1,1,1,1,1,1,0.005800105,-1.658614563,1.750592211,1.656700056,1,69.995153928,6,1,6,1:-0.006:-0.020|2:-1.843:0.764|3:-1.680:1.112|4:-1.685:1.809|5:-1.709:2.569|6:-0.827:2.882,1,33.103136901,pickup,8,4,-1.685056000,1.809350000,1,33.103098963,1,received,0,-1.000000000,,0,-1.000000000,0,,1,0.097467422,5.584471948,-0.007326126,-0.026862144,1,3.266286135,187.144410202,-0.002442360,-2.782905579,1,-2.891775131,-165.686510320,-0.002442360,2.550426483,1,-0.171092033,-9.802851421,-0.007326126,0.412698746,1,0.651356697,37.319989700,0.012210846,-0.003663063,0.097467422,5.584471948,0.000000000,-0.000000000,8.000000000,2.500000000,3.292989016,188.674372576,0.000000000,-2.820857763,2.000000000,0.500000000,-2.900548935,-166.189212243,0.000000000,2.581554413,1.000000000,0.500000000,-0.178721428,-10.239983528,0.000000000,0.422427684,0.500000000,0.200000003,0.651740074,37.341955589,0.000000000,0.000099993,0.000000000,0.100000001
2026-07-06 23:44:39.916,1783352679.916728735,71.010755065,1,1,70.995191930,1,0.006463210,5,1,0.005857860,5,1,0,0,0,0,1,1,1,1,1,1,0.005708406,-1.670158485,1.749352732,1.655320143,1,70.995096965,6,1,6,1:-0.006:-0.020|2:-1.843:0.764|3:-1.680:1.112|4:-1.685:1.809|5:-1.709:2.569|6:-0.827:2.882,1,34.103079938,pickup,8,4,-1.685056000,1.809350000,1,34.103042000,1,received,0,-1.000000000,,0,-1.000000000,0,,1,0.097848892,5.606328554,0.007326126,-0.026862144,1,3.266286135,187.144410202,-0.002442360,-2.782905579,1,-2.891775131,-165.686510320,0.002442360,2.564102173,1,-0.171092033,-9.802851421,-0.021978378,0.412698746,1,0.651356697,37.319989700,-0.012210846,-0.003663063,0.097467422,5.584471948,0.000000000,-0.000000000,8.000000000,2.500000000,3.292989016,188.674372576,0.000000000,-2.820857763,2.000000000,0.500000000,-2.900548935,-166.189212243,0.000000000,2.581554413,1.000000000,0.500000000,-0.178721428,-10.239983528,0.000000000,0.422427684,0.500000000,0.200000003,0.651740074,37.341955589,0.000000000,0.000099993,0.000000000,0.100000001
2026-07-06 23:44:40.916,1783352680.916686296,72.010712657,1,1,71.995149522,1,0.006607569,5,1,0.005857350,5,1,0,0,0,0,1,1,1,1,1,1,0.005764574,-1.657728423,1.749685518,1.656772320,1,71.995054557,6,1,6,1:-0.006:-0.020|2:-1.843:0.764|3:-1.680:1.112|4:-1.685:1.809|5:-1.709:2.569|6:-0.827:2.882,1,35.103037530,pickup,8,4,-1.685056000,1.809350000,1,35.102999592,1,received,0,-1.000000000,,0,-1.000000000,0,,1,0.097467422,5.584471948,-0.021978378,-0.026862144,1,3.266286135,187.144410202,-0.002442360,-2.782905579,1,-2.891775131,-165.686510320,0.002442360,2.564102173,1,-0.171092033,-9.802851421,-0.007326126,0.412698746,1,0.651356697,37.319989700,-0.036628723,-0.003663063,0.097467422,5.584471948,0.000000000,-0.000000000,8.000000000,2.500000000,3.292989016,188.674372576,0.000000000,-2.820857763,2.000000000,0.500000000,-2.900548935,-166.189212243,0.000000000,2.581554413,1.000000000,0.500000000,-0.178721428,-10.239983528,0.000000000,0.422427684,0.500000000,0.200000003,0.651740074,37.341955589,0.000000000,0.000099993,0.000000000,0.100000001
2026-07-06 23:44:41.916,1783352681.916610003,73.010636321,1,1,72.995073186,1,0.006572921,5,1,0.005925341,5,1,0,0,0,0,1,1,1,1,1,1,0.005836409,-1.662283759,1.746604214,1.659210241,1,72.994978221,6,1,6,1:-0.006:-0.020|2:-1.843:0.764|3:-1.680:1.112|4:-1.685:1.809|5:-1.709:2.569|6:-0.827:2.882,1,36.102961194,pickup,8,4,-1.685056000,1.809350000,1,36.102923256,1,received,0,-1.000000000,,0,-1.000000000,0,,1,0.097848892,5.606328554,-0.007326126,-0.026862144,1,3.266286135,187.144410202,-0.002442360,-2.782905579,1,-2.891775131,-165.686510320,-0.007326126,2.550426483,1,-0.171092033,-9.802851421,-0.021978378,0.407814026,1,0.651356697,37.319989700,-0.012210846,-0.003663063,0.097467422,5.584471948,0.000000000,-0.000000000,8.000000000,2.500000000,3.292989016,188.674372576,0.000000000,-2.820857763,2.000000000,0.500000000,-2.900548935,-166.189212243,0.000000000,2.581554413,1.000000000,0.500000000,-0.178721428,-10.239983528,0.000000000,0.422427684,0.500000000,0.200000003,0.651740074,37.341955589,0.000000000,0.000099993,0.000000000,0.100000001
2026-07-06 23:44:42.916,1783352682.916559696,74.010585787,1,1,73.995022652,1,0.006586207,5,1,0.005895950,5,1,0,0,0,0,1,1,1,1,1,1,0.005811985,-1.667618226,1.750501211,1.656282289,1,73.994927687,6,1,6,1:-0.006:-0.020|2:-1.843:0.764|3:-1.680:1.112|4:-1.685:1.809|5:-1.709:2.569|6:-0.827:2.882,1,37.102910660,pickup,8,4,-1.685056000,1.809350000,1,37.102872722,1,received,0,-1.000000000,,0,-1.000000000,0,,1,0.097467422,5.584471948,-0.007326126,-0.021978378,1,3.266286135,187.144410202,-0.002442360,-2.782905579,1,-2.891775131,-165.686510320,-0.002442360,2.550426483,1,-0.171092033,-9.802851421,-0.007326126,0.407814026,1,0.651356697,37.319989700,-0.012210846,-0.003663063,0.097467422,5.584471948,0.000000000,-0.000000000,8.000000000,2.500000000,3.292989016,188.674372576,0.000000000,-2.820857763,2.000000000,0.500000000,-2.900548935,-166.189212243,0.000000000,2.581554413,1.000000000,0.500000000,-0.178721428,-10.239983528,0.000000000,0.422427684,0.500000000,0.200000003,0.651740074,37.341955589,0.000000000,0.000099993,0.000000000,0.100000001
2026-07-06 23:44:43.916,1783352683.916492701,75.010519030,1,1,74.994955895,1,0.006517611,5,1,0.005794998,5,1,0,0,0,0,1,1,1,1,1,1,0.005767773,-1.658578293,1.742932433,1.656947822,1,74.994860930,6,1,6,1:-0.006:-0.020|2:-1.843:0.764|3:-1.680:1.112|4:-1.685:1.809|5:-1.709:2.569|6:-0.827:2.882,1,38.102843903,pickup,8,4,-1.685056000,1.809350000,1,38.102805965,1,received,0,-1.000000000,,0,-1.000000000,0,,1,0.097467422,5.584471948,-0.007326126,-0.031745911,1,3.266286135,187.144410202,-0.002442360,-2.782905579,1,-2.891775131,-165.686510320,-0.007326126,2.564102173,1,-0.171092033,-9.802851421,-0.007326126,0.407814026,1,0.651356697,37.319989700,-0.012210846,-0.003663063,0.097467422,5.584471948,0.000000000,-0.000000000,8.000000000,2.500000000,3.292989016,188.674372576,0.000000000,-2.820857763,2.000000000,0.500000000,-2.900548935,-166.189212243,0.000000000,2.581554413,1.000000000,0.500000000,-0.178721428,-10.239983528,0.000000000,0.422427684,0.500000000,0.200000003,0.651740074,37.341955589,0.000000000,0.000099993,0.000000000,0.100000001
2026-07-06 23:44:44.916,1783352684.916404963,76.010431386,1,1,75.994868251,1,0.006259765,5,1,0.005970325,5,1,0,0,0,0,1,1,1,1,1,1,0.005798576,-1.663904795,1.744289051,1.658089869,1,75.994773286,6,1,6,1:-0.006:-0.020|2:-1.843:0.764|3:-1.680:1.112|4:-1.685:1.809|5:-1.709:2.569|6:-0.827:2.882,1,39.102756259,pickup,8,4,-1.685056000,1.809350000,1,39.102718321,1,received,0,-1.000000000,,0,-1.000000000,0,,1,0.097467422,5.584471948,-0.007326126,-0.021978378,1,3.266286135,187.144410202,0.002442360,-2.782905579,1,-2.891775131,-165.686510320,-0.002442360,2.564102173,1,-0.171092033,-9.802851421,-0.007326126,0.412698746,1,0.651356697,37.319989700,-0.036628723,-0.003663063,0.097467422,5.584471948,0.000000000,-0.000000000,8.000000000,2.500000000,3.292989016,188.674372576,0.000000000,-2.820857763,2.000000000,0.500000000,-2.900548935,-166.189212243,0.000000000,2.581554413,1.000000000,0.500000000,-0.178721428,-10.239983528,0.000000000,0.422427684,0.500000000,0.200000003,0.651740074,37.341955589,0.000000000,0.000099993,0.000000000,0.100000001
2026-07-06 23:44:45.916,1783352685.916321993,77.010348296,1,1,76.994785161,1,0.006408378,5,1,0.005773667,5,1,0,0,0,0,1,1,1,1,1,1,0.005752519,-1.661935442,1.752245891,1.658434996,1,76.994690196,6,1,6,1:-0.006:-0.020|2:-1.843:0.764|3:-1.680:1.112|4:-1.685:1.809|5:-1.709:2.569|6:-0.827:2.882,1,40.102673169,pickup,8,4,-1.685056000,1.809350000,1,40.102635231,1,received,0,-1.000000000,,0,-1.000000000,0,,1,0.097467422,5.584471948,-0.007326126,-0.026862144,1,3.266286135,187.144410202,-0.002442360,-2.782905579,1,-2.891775131,-165.686510320,-0.002442360,2.564102173,1,-0.171092033,-9.802851421,-0.007326126,0.407814026,1,0.651356697,37.319989700,-0.012210846,-0.003663063,0.097467422,5.584471948,0.000000000,-0.000000000,8.000000000,2.500000000,3.292989016,188.674372576,0.000000000,-2.820857763,2.000000000,0.500000000,-2.900548935,-166.189212243,0.000000000,2.581554413,1.000000000,0.500000000,-0.178721428,-10.239983528,0.000000000,0.422427684,0.500000000,0.200000003,0.651740074,37.341955589,0.000000000,0.000099993,0.000000000,0.100000001
2026-07-06 23:44:46.916,1783352686.916289330,78.010315597,1,1,77.994752462,1,0.006290268,5,1,0.005869740,5,1,0,0,0,0,1,1,1,1,1,1,0.005790553,-1.664429664,1.745337920,1.657748847,1,77.994657497,6,1,6,1:-0.006:-0.020|2:-1.843:0.764|3:-1.680:1.112|4:-1.685:1.809|5:-1.709:2.569|6:-0.827:2.882,1,41.102640470,pickup,8,4,-1.685056000,1.809350000,1,41.102602532,1,received,0,-1.000000000,,0,-1.000000000,0,,1,0.097467422,5.584471948,0.007326126,-0.026862144,1,3.266286135,187.144410202,-0.002442360,-2.769229889,1,-2.891775131,-165.686510320,-0.007326126,2.564102173,1,-0.171092033,-9.802851421,-0.021978378,0.412698746,1,0.651356697,37.319989700,0.012210846,-0.003663063,0.097467422,5.584471948,0.000000000,-0.000000000,8.000000000,2.500000000,3.292989016,188.674372576,0.000000000,-2.820857763,2.000000000,0.500000000,-2.900548935,-166.189212243,0.000000000,2.581554413,1.000000000,0.500000000,-0.178721428,-10.239983528,0.000000000,0.422427684,0.500000000,0.200000003,0.651740074,37.341955589,0.000000000,0.000099993,0.000000000,0.100000001
2026-07-06 23:44:47.916,1783352687.916233778,79.010260100,1,1,78.994696965,1,0.006257879,5,1,0.005892746,5,1,0,0,0,0,1,1,1,1,1,1,0.005844199,-1.669622701,1.747074273,1.658578633,1,78.994602000,6,1,6,1:-0.006:-0.020|2:-1.843:0.764|3:-1.680:1.112|4:-1.685:1.809|5:-1.709:2.569|6:-0.827:2.882,1,42.102584973,pickup,8,4,-1.685056000,1.809350000,1,42.102547035,1,received,0,-1.000000000,,0,-1.000000000,0,,1,0.097467422,5.584471948,0.007326126,-0.026862144,1,3.266286135,187.144410202,-0.002442360,-2.782905579,1,-2.891775131,-165.686510320,-0.002442360,2.564102173,1,-0.171092033,-9.802851421,-0.007326126,0.407814026,1,0.651356697,37.319989700,0.012210846,-0.003663063,0.097467422,5.584471948,0.000000000,-0.000000000,8.000000000,2.500000000,3.292989016,188.674372576,0.000000000,-2.820857763,2.000000000,0.500000000,-2.900548935,-166.189212243,0.000000000,2.581554413,1.000000000,0.500000000,-0.178721428,-10.239983528,0.000000000,0.422427684,0.500000000,0.200000003,0.651740074,37.341955589,0.000000000,0.000099993,0.000000000,0.100000001
2026-07-06 23:44:48.916,1783352688.916170597,80.010196783,1,1,79.994633648,1,0.006200348,5,1,0.005910749,5,1,0,0,0,0,1,1,1,1,1,1,0.005798923,-1.668047529,1.749112993,1.658961693,1,79.994538683,6,1,6,1:-0.006:-0.020|2:-1.843:0.764|3:-1.680:1.112|4:-1.685:1.809|5:-1.709:2.569|6:-0.827:2.882,1,43.102521656,pickup,8,4,-1.685056000,1.809350000,1,43.102483718,1,received,0,-1.000000000,,0,-1.000000000,0,,1,0.097467422,5.584471948,0.007326126,-0.026862144,1,3.266286135,187.144410202,-0.002442360,-2.782905579,1,-2.891775131,-165.686510320,-0.002442360,2.564102173,1,-0.171092033,-9.802851421,-0.007326126,0.407814026,1,0.651356697,37.319989700,-0.012210846,-0.003663063,0.097467422,5.584471948,0.000000000,-0.000000000,8.000000000,2.500000000,3.292989016,188.674372576,0.000000000,-2.820857763,2.000000000,0.500000000,-2.900548935,-166.189212243,0.000000000,2.581554413,1.000000000,0.500000000,-0.178721428,-10.239983528,0.000000000,0.422427684,0.500000000,0.200000003,0.651740074,37.341955589,0.000000000,0.000099993,0.000000000,0.100000001
2026-07-06 23:44:49.916,1783352689.916069031,81.010095390,1,1,80.994532255,1,0.006019040,5,1,0.005711962,5,1,0,0,0,0,1,1,1,1,1,1,0.005491418,-1.655655665,1.747995862,1.658372971,1,80.994437290,6,1,6,1:-0.006:-0.020|2:-1.843:0.764|3:-1.680:1.112|4:-1.685:1.809|5:-1.709:2.569|6:-0.827:2.882,1,44.102420263,pickup,8,4,-1.685056000,1.809350000,1,44.102382325,1,received,0,-1.000000000,,0,-1.000000000,0,,1,0.097467422,5.584471948,-0.007326126,-0.031745911,1,3.266286135,187.144410202,-0.002442360,-2.782905579,1,-2.891775131,-165.686510320,0.002442360,2.550426483,1,-0.171092033,-9.802851421,-0.007326126,0.412698746,1,0.651356697,37.319989700,-0.012210846,-0.006104946,0.097467422,5.584471948,0.000000000,-0.000000000,8.000000000,2.500000000,3.292989016,188.674372576,0.000000000,-2.820857763,2.000000000,0.500000000,-2.900548935,-166.189212243,0.000000000,2.581554413,1.000000000,0.500000000,-0.178721428,-10.239983528,0.000000000,0.422427684,0.500000000,0.200000003,0.651740074,37.341955589,0.000000000,0.000099993,0.000000000,0.100000001
2026-07-06 23:44:50.916,1783352690.916022301,82.010048489,1,1,81.994485354,1,0.005395690,5,1,0.005359500,5,1,0,0,0,0,1,1,1,1,1,1,0.005308887,-1.654299171,1.751508913,1.658028206,1,81.994390389,6,1,6,1:-0.006:-0.020|2:-1.843:0.764|3:-1.680:1.112|4:-1.685:1.809|5:-1.709:2.569|6:-0.827:2.882,1,45.102373362,pickup,8,4,-1.685056000,1.809350000,1,45.102335424,1,received,0,-1.000000000,,0,-1.000000000,0,,1,0.097848892,5.606328554,-0.007326126,-0.026862144,1,3.266286135,187.144410202,0.002442360,-2.782905579,1,-2.891775131,-165.686510320,-0.002442360,2.564102173,1,-0.171092033,-9.802851421,-0.007326126,0.407814026,1,0.651356697,37.319989700,-0.012210846,-0.003663063,0.097467422,5.584471948,0.000000000,-0.000000000,8.000000000,2.500000000,3.292989016,188.674372576,0.000000000,-2.820857763,2.000000000,0.500000000,-2.900548935,-166.189212243,0.000000000,2.581554413,1.000000000,0.500000000,-0.178721428,-10.239983528,0.000000000,0.422427684,0.500000000,0.200000003,0.651740074,37.341955589,0.000000000,0.000099993,0.000000000,0.100000001
2026-07-06 23:44:51.916,1783352691.915940762,83.009967120,1,1,82.994403985,1,0.005978322,5,1,0.005674534,5,1,0,0,0,0,1,1,1,1,1,1,0.005759351,-1.660082535,1.746683931,1.658239575,1,82.994309020,6,1,6,1:-0.006:-0.020|2:-1.843:0.764|3:-1.680:1.112|4:-1.685:1.809|5:-1.709:2.569|6:-0.827:2.882,1,46.102291993,pickup,8,4,-1.685056000,1.809350000,1,46.102254055,1,received,0,-1.000000000,,0,-1.000000000,0,,1,0.097467422,5.584471948,0.007326126,-0.026862144,1,3.266286135,187.144410202,-0.002442360,-2.782905579,1,-2.891775131,-165.686510320,-0.002442360,2.550426483,1,-0.171092033,-9.802851421,0.007326126,0.412698746,1,0.651356697,37.319989700,-0.012210846,-0.003663063,0.097467422,5.584471948,0.000000000,-0.000000000,8.000000000,2.500000000,3.292989016,188.674372576,0.000000000,-2.820857763,2.000000000,0.500000000,-2.900548935,-166.189212243,0.000000000,2.581554413,1.000000000,0.500000000,-0.178721428,-10.239983528,0.000000000,0.422427684,0.500000000,0.200000003,0.651740074,37.341955589,0.000000000,0.000099993,0.000000000,0.100000001
2026-07-06 23:44:52.915,1783352692.915873528,84.009899917,1,1,83.994336782,1,0.004994819,5,1,0.004972329,5,1,0,0,0,0,1,1,1,1,1,1,0.004953145,-1.660737840,1.745655780,1.657567486,1,83.994241817,6,1,6,1:-0.006:-0.020|2:-1.843:0.764|3:-1.680:1.112|4:-1.685:1.809|5:-1.709:2.569|6:-0.827:2.882,1,47.102224790,pickup,8,4,-1.685056000,1.809350000,1,47.102186852,1,received,0,-1.000000000,,0,-1.000000000,0,,1,0.097467422,5.584471948,-0.021978378,-0.026862144,1,3.266286135,187.144410202,-0.002442360,-2.782905579,1,-2.891775131,-165.686510320,-0.002442360,2.564102173,1,-0.171092033,-9.802851421,-0.007326126,0.407814026,1,0.651356697,37.319989700,-0.036628723,-0.003663063,0.097467422,5.584471948,0.000000000,-0.000000000,8.000000000,2.500000000,3.292989016,188.674372576,0.000000000,-2.820857763,2.000000000,0.500000000,-2.900548935,-166.189212243,0.000000000,2.581554413,1.000000000,0.500000000,-0.178721428,-10.239983528,0.000000000,0.422427684,0.500000000,0.200000003,0.651740074,37.341955589,0.000000000,0.000099993,0.000000000,0.100000001
2026-07-06 23:44:53.915,1783352693.915813684,85.009839979,1,1,84.994276844,1,0.006174026,5,1,0.005785530,5,1,0,0,0,0,1,1,1,1,1,1,0.005679211,-1.665888318,1.744843505,1.658479967,1,84.994181879,6,1,6,1:-0.006:-0.020|2:-1.843:0.764|3:-1.680:1.112|4:-1.685:1.809|5:-1.709:2.569|6:-0.827:2.882,1,48.102164852,pickup,8,4,-1.685056000,1.809350000,1,48.102126914,1,received,0,-1.000000000,,0,-1.000000000,0,,1,0.097848892,5.606328554,0.021978378,-0.026862144,1,3.266286135,187.144410202,-0.002442360,-2.782905579,1,-2.891775131,-165.686510320,-0.002442360,2.564102173,1,-0.171092033,-9.802851421,-0.021978378,0.407814026,1,0.651356697,37.319989700,-0.012210846,-0.003663063,0.097467422,5.584471948,0.000000000,-0.000000000,8.000000000,2.500000000,3.292989016,188.674372576,0.000000000,-2.820857763,2.000000000,0.500000000,-2.900548935,-166.189212243,0.000000000,2.581554413,1.000000000,0.500000000,-0.178721428,-10.239983528,0.000000000,0.422427684,0.500000000,0.200000003,0.651740074,37.341955589,0.000000000,0.000099993,0.000000000,0.100000001
2026-07-06 23:44:54.915,1783352694.915862560,86.009888853,1,1,85.994325718,1,0.006366546,5,1,0.005774881,5,1,0,0,0,0,1,1,1,1,1,1,0.005704160,-1.669574809,1.745945940,1.657625017,1,85.994230753,6,1,6,1:-0.006:-0.020|2:-1.843:0.764|3:-1.680:1.112|4:-1.685:1.809|5:-1.709:2.569|6:-0.827:2.882,1,49.102213726,pickup,8,4,-1.685056000,1.809350000,1,49.102175788,1,received,0,-1.000000000,,0,-1.000000000,0,,1,0.097467422,5.584471948,-0.021978378,-0.021978378,1,3.266286135,187.144410202,-0.002442360,-2.782905579,1,-2.891775131,-165.686510320,0.002442360,2.564102173,1,-0.171092033,-9.802851421,-0.007326126,0.407814026,1,0.651356697,37.319989700,-0.036628723,-0.003663063,0.097467422,5.584471948,0.000000000,-0.000000000,8.000000000,2.500000000,3.292989016,188.674372576,0.000000000,-2.820857763,2.000000000,0.500000000,-2.900548935,-166.189212243,0.000000000,2.581554413,1.000000000,0.500000000,-0.178721428,-10.239983528,0.000000000,0.422427684,0.500000000,0.200000003,0.651740074,37.341955589,0.000000000,0.000099993,0.000000000,0.100000001
2026-07-06 23:44:55.915,1783352695.915786982,87.009813171,1,1,86.994250036,1,0.005987586,5,1,0.005694393,5,1,0,0,0,0,1,1,1,1,1,1,0.005651851,-1.667213481,1.752461758,1.658377116,1,86.994155071,6,1,6,1:-0.006:-0.020|2:-1.843:0.764|3:-1.680:1.112|4:-1.685:1.809|5:-1.709:2.569|6:-0.827:2.882,1,50.102138044,pickup,8,4,-1.685056000,1.809350000,1,50.102100106,1,received,0,-1.000000000,,0,-1.000000000,0,,1,0.097467422,5.584471948,-0.007326126,-0.026862144,1,3.266286135,187.144410202,-0.002442360,-2.782905579,1,-2.891775131,-165.686510320,-0.002442360,2.550426483,1,-0.171092033,-9.802851421,-0.007326126,0.407814026,1,0.651356697,37.319989700,0.012210846,-0.003663063,0.097467422,5.584471948,0.000000000,-0.000000000,8.000000000,2.500000000,3.292989016,188.674372576,0.000000000,-2.820857763,2.000000000,0.500000000,-2.900548935,-166.189212243,0.000000000,2.581554413,1.000000000,0.500000000,-0.178721428,-10.239983528,0.000000000,0.422427684,0.500000000,0.200000003,0.651740074,37.341955589,0.000000000,0.000099993,0.000000000,0.100000001
2026-07-06 23:44:56.915,1783352696.915641069,88.009667402,1,1,87.994104267,1,0.005833135,5,1,0.005734294,5,1,0,0,0,0,1,1,1,1,1,1,0.005646174,-1.666205952,1.754174579,1.657649438,1,87.994009302,6,1,6,1:-0.006:-0.020|2:-1.843:0.764|3:-1.680:1.112|4:-1.685:1.809|5:-1.709:2.569|6:-0.827:2.882,1,51.101992275,pickup,8,4,-1.685056000,1.809350000,1,51.101954337,1,received,0,-1.000000000,,0,-1.000000000,0,,1,0.097467422,5.584471948,0.007326126,-0.026862144,1,3.266286135,187.144410202,0.002442360,-2.782905579,1,-2.891775131,-165.686510320,-0.002442360,2.564102173,1,-0.171092033,-9.802851421,-0.007326126,0.407814026,1,0.651356697,37.319989700,0.012210846,-0.003663063,0.097467422,5.584471948,0.000000000,-0.000000000,8.000000000,2.500000000,3.292989016,188.674372576,0.000000000,-2.820857763,2.000000000,0.500000000,-2.900548935,-166.189212243,0.000000000,2.581554413,1.000000000,0.500000000,-0.178721428,-10.239983528,0.000000000,0.422427684,0.500000000,0.200000003,0.651740074,37.341955589,0.000000000,0.000099993,0.000000000,0.100000001
2026-07-06 23:44:57.915,1783352697.915711403,89.009737727,1,1,88.994174592,1,0.006171392,5,1,0.005845755,5,1,0,0,0,0,1,1,1,1,1,1,0.005780218,-1.668733369,1.752798571,1.657113710,1,88.994079627,6,1,6,1:-0.006:-0.020|2:-1.843:0.764|3:-1.680:1.112|4:-1.685:1.809|5:-1.709:2.569|6:-0.827:2.882,1,52.102062600,pickup,8,4,-1.685056000,1.809350000,1,52.102024662,1,received,0,-1.000000000,,0,-1.000000000,0,,1,0.097467422,5.584471948,0.007326126,-0.021978378,1,3.266286135,187.144410202,-0.007326126,-2.782905579,1,-2.891775131,-165.686510320,-0.007326126,2.550426483,1,-0.171092033,-9.802851421,-0.007326126,0.407814026,1,0.651356697,37.319989700,0.012210846,-0.003663063,0.097467422,5.584471948,0.000000000,-0.000000000,8.000000000,2.500000000,3.292989016,188.674372576,0.000000000,-2.820857763,2.000000000,0.500000000,-2.900548935,-166.189212243,0.000000000,2.581554413,1.000000000,0.500000000,-0.178721428,-10.239983528,0.000000000,0.422427684,0.500000000,0.200000003,0.651740074,37.341955589,0.000000000,0.000099993,0.000000000,0.100000001
2026-07-06 23:44:58.915,1783352698.915497541,90.009523798,1,1,89.993960663,1,0.005980158,5,1,0.005812293,5,1,0,0,0,0,1,1,1,1,1,1,0.005639290,-1.657497285,1.748143866,1.657904491,1,89.993865698,6,1,6,1:-0.006:-0.020|2:-1.843:0.764|3:-1.680:1.112|4:-1.685:1.809|5:-1.709:2.569|6:-0.827:2.882,1,53.101848671,pickup,8,4,-1.685056000,1.809350000,1,53.101810733,1,received,0,-1.000000000,,0,-1.000000000,0,,1,0.097467422,5.584471948,-0.007326126,-0.026862144,1,3.266286135,187.144410202,-0.002442360,-2.782905579,1,-2.891775131,-165.686510320,-0.002442360,2.550426483,1,-0.171092033,-9.802851421,-0.007326126,0.407814026,1,0.651356697,37.319989700,-0.036628723,-0.003663063,0.097467422,5.584471948,0.000000000,-0.000000000,8.000000000,2.500000000,3.292989016,188.674372576,0.000000000,-2.820857763,2.000000000,0.500000000,-2.900548935,-166.189212243,0.000000000,2.581554413,1.000000000,0.500000000,-0.178721428,-10.239983528,0.000000000,0.422427684,0.500000000,0.200000003,0.651740074,37.341955589,0.000000000,0.000099993,0.000000000,0.100000001
2026-07-06 23:44:59.915,1783352699.915447712,91.009474049,1,1,90.993910914,1,0.005965052,5,1,0.005670493,5,1,0,0,0,0,1,1,1,1,1,1,0.005589284,-1.662558581,1.746126790,1.656869107,1,90.993815949,6,1,6,1:-0.006:-0.020|2:-1.843:0.764|3:-1.680:1.112|4:-1.685:1.809|5:-1.709:2.569|6:-0.827:2.882,1,54.101798922,pickup,8,4,-1.685056000,1.809350000,1,54.101760984,1,received,0,-1.000000000,,0,-1.000000000,0,,1,0.097467422,5.584471948,-0.007326126,-0.021978378,1,3.266286135,187.144410202,-0.002442360,-2.769229889,1,-2.891775131,-165.686510320,-0.002442360,2.564102173,1,-0.171092033,-9.802851421,-0.036630630,0.407814026,1,0.651356697,37.319989700,-0.036628723,-0.003663063,0.097467422,5.584471948,0.000000000,-0.000000000,8.000000000,2.500000000,3.292989016,188.674372576,0.000000000,-2.820857763,2.000000000,0.500000000,-2.900548935,-166.189212243,0.000000000,2.581554413,1.000000000,0.500000000,-0.178721428,-10.239983528,0.000000000,0.422427684,0.500000000,0.200000003,0.651740074,37.341955589,0.000000000,0.000099993,0.000000000,0.100000001
2026-07-06 23:45:00.915,1783352700.915400982,92.009427109,1,1,91.993863974,1,0.005847072,5,1,0.005716163,5,1,0,0,0,0,1,1,1,1,1,1,0.005682441,-1.657993037,1.751055260,1.657247263,1,91.993769009,6,1,6,1:-0.006:-0.020|2:-1.843:0.764|3:-1.680:1.112|4:-1.685:1.809|5:-1.709:2.569|6:-0.827:2.882,1,55.101751982,pickup,8,4,-1.685056000,1.809350000,1,55.101714044,1,received,0,-1.000000000,,0,-1.000000000,0,,1,0.097848892,5.606328554,0.007326126,-0.021978378,1,3.266286135,187.144410202,-0.002442360,-2.769229889,1,-2.891775131,-165.686510320,-0.002442360,2.564102173,1,-0.171092033,-9.802851421,-0.007326126,0.407814026,1,0.651356697,37.319989700,-0.012210846,-0.003663063,0.097467422,5.584471948,0.000000000,-0.000000000,8.000000000,2.500000000,3.292989016,188.674372576,0.000000000,-2.820857763,2.000000000,0.500000000,-2.900548935,-166.189212243,0.000000000,2.581554413,1.000000000,0.500000000,-0.178721428,-10.239983528,0.000000000,0.422427684,0.500000000,0.200000003,0.651740074,37.341955589,0.000000000,0.000099993,0.000000000,0.100000001
2026-07-06 23:45:01.915,1783352701.915390968,93.009417158,1,1,92.993854023,1,0.005893847,5,1,0.005721419,5,1,0,0,0,0,1,1,1,1,1,1,0.005663233,-1.658145727,1.743039195,1.657820203,1,92.993759058,6,1,6,1:-0.006:-0.020|2:-1.843:0.764|3:-1.680:1.112|4:-1.685:1.809|5:-1.709:2.569|6:-0.827:2.882,1,56.101742031,pickup,8,4,-1.685056000,1.809350000,1,56.101704093,1,received,0,-1.000000000,,0,-1.000000000,0,,1,0.097467422,5.584471948,0.007326126,-0.026862144,1,3.266286135,187.144410202,0.002442360,-2.782905579,1,-2.891775131,-165.686510320,-0.002442360,2.564102173,1,-0.171092033,-9.802851421,-0.007326126,0.407814026,1,0.651356697,37.319989700,-0.012210846,-0.003663063,0.097467422,5.584471948,0.000000000,-0.000000000,8.000000000,2.500000000,3.292989016,188.674372576,0.000000000,-2.820857763,2.000000000,0.500000000,-2.900548935,-166.189212243,0.000000000,2.581554413,1.000000000,0.500000000,-0.178721428,-10.239983528,0.000000000,0.422427684,0.500000000,0.200000003,0.651740074,37.341955589,0.000000000,0.000099993,0.000000000,0.100000001
2026-07-06 23:45:02.915,1783352702.915251255,94.009277473,1,1,93.993714338,1,0.006377139,5,1,0.005755810,5,1,0,0,0,0,1,1,1,1,1,1,0.005622756,-1.656820906,1.750780400,1.657745325,1,93.993619373,6,1,6,1:-0.006:-0.020|2:-1.843:0.764|3:-1.680:1.112|4:-1.685:1.809|5:-1.709:2.569|6:-0.827:2.882,1,57.101602346,pickup,8,4,-1.685056000,1.809350000,1,57.101564408,1,received,0,-1.000000000,,0,-1.000000000,0,,1,0.097467422,5.584471948,-0.007326126,-0.026862144,1,3.266286135,187.144410202,-0.007326126,-2.769229889,1,-2.891775131,-165.686510320,-0.002442360,2.564102173,1,-0.171092033,-9.802851421,-0.021978378,0.412698746,1,0.651356697,37.319989700,0.012210846,-0.003663063,0.097467422,5.584471948,0.000000000,-0.000000000,8.000000000,2.500000000,3.292989016,188.674372576,0.000000000,-2.820857763,2.000000000,0.500000000,-2.900548935,-166.189212243,0.000000000,2.581554413,1.000000000,0.500000000,-0.178721428,-10.239983528,0.000000000,0.422427684,0.500000000,0.200000003,0.651740074,37.341955589,0.000000000,0.000099993,0.000000000,0.100000001
2026-07-06 23:45:03.915,1783352703.915190935,95.009217380,1,1,94.993654245,1,0.005984850,5,1,0.005773340,5,1,0,0,0,0,1,1,1,1,1,1,0.005612264,-1.658003814,1.753709178,1.656696579,1,94.993559280,6,1,6,1:-0.006:-0.020|2:-1.843:0.764|3:-1.680:1.112|4:-1.685:1.809|5:-1.709:2.569|6:-0.827:2.882,1,58.101542253,pickup,8,4,-1.685056000,1.809350000,1,58.101504315,1,received,0,-1.000000000,,0,-1.000000000,0,,1,0.097467422,5.584471948,-0.007326126,-0.026862144,1,3.266286135,187.144410202,-0.002442360,-2.782905579,1,-2.891775131,-165.686510320,-0.002442360,2.550426483,1,-0.171092033,-9.802851421,0.007326126,0.407814026,1,0.651356697,37.319989700,-0.012210846,-0.003663063,0.097467422,5.584471948,0.000000000,-0.000000000,8.000000000,2.500000000,3.292989016,188.674372576,0.000000000,-2.820857763,2.000000000,0.500000000,-2.900548935,-166.189212243,0.000000000,2.581554413,1.000000000,0.500000000,-0.178721428,-10.239983528,0.000000000,0.422427684,0.500000000,0.200000003,0.651740074,37.341955589,0.000000000,0.000099993,0.000000000,0.100000001
2026-07-06 23:45:04.915,1783352704.915169477,96.009195757,1,1,95.993632622,1,0.006192872,5,1,0.005819107,5,1,0,0,0,0,1,1,1,1,1,1,0.005618212,-1.658966619,1.748406292,1.657423987,1,95.993537657,6,1,6,1:-0.006:-0.020|2:-1.843:0.764|3:-1.680:1.112|4:-1.685:1.809|5:-1.709:2.569|6:-0.827:2.882,1,59.101520630,pickup,8,4,-1.685056000,1.809350000,1,59.101482692,1,received,0,-1.000000000,,0,-1.000000000,0,,1,0.097467422,5.584471948,-0.007326126,-0.031745911,1,3.266286135,187.144410202,-0.002442360,-2.782905579,0,-2.891775131,-165.686510320,-0.002442360,2.564102173,0,-0.171092033,-9.802851421,-0.007326126,0.407814026,1,0.651356697,37.319989700,0.012210846,-0.001221180,0.097467422,5.584471948,0.000000000,-0.000000000,8.000000000,2.500000000,3.292989016,188.674372576,0.000000000,-2.820857763,2.000000000,0.500000000,-2.900548935,-166.189212243,0.000000000,2.581554413,1.000000000,0.500000000,-0.178721428,-10.239983528,0.000000000,0.422427684,0.500000000,0.200000003,0.651740074,37.341955589,0.000000000,0.000099993,0.000000000,0.100000001
2026-07-06 23:45:05.915,1783352705.915046453,97.009072764,1,1,96.993509629,1,0.006431863,5,1,0.005436034,5,1,0,0,0,0,1,1,1,1,1,1,0.005674691,-1.661737863,1.747134343,1.658730231,1,96.993414664,6,1,6,1:-0.006:-0.020|2:-1.843:0.764|3:-1.680:1.112|4:-1.685:1.809|5:-1.709:2.569|6:-0.827:2.882,1,60.101397637,pickup,8,4,-1.685056000,1.809350000,1,60.101359699,1,received,0,-1.000000000,,0,-1.000000000,0,,1,0.097467422,5.584471948,-0.007326126,-0.026862144,1,3.266286135,187.144410202,-0.002442360,-2.782905579,1,-2.891775131,-165.686510320,0.002442360,2.564102173,1,-0.171092033,-9.802851421,-0.021978378,0.407814026,1,0.651356697,37.319989700,0.012210846,-0.003663063,0.097467422,5.584471948,0.000000000,-0.000000000,8.000000000,2.500000000,3.292989016,188.674372576,0.000000000,-2.820857763,2.000000000,0.500000000,-2.900548935,-166.189212243,0.000000000,2.581554413,1.000000000,0.500000000,-0.178721428,-10.239983528,0.000000000,0.422427684,0.500000000,0.200000003,0.651740074,37.341955589,0.000000000,0.000099993,0.000000000,0.100000001
2026-07-06 23:45:06.915,1783352706.915028811,98.009055123,1,1,97.993491988,1,0.006389641,5,1,0.005971063,5,1,0,0,0,0,1,1,1,1,1,1,0.005651244,-1.662082183,1.743988104,1.656693693,1,97.993397023,6,1,6,1:-0.006:-0.020|2:-1.843:0.764|3:-1.680:1.112|4:-1.685:1.809|5:-1.709:2.569|6:-0.827:2.882,1,61.101379996,pickup,8,4,-1.685056000,1.809350000,1,61.101342058,1,received,0,-1.000000000,,0,-1.000000000,0,,1,0.097848892,5.606328554,0.007326126,-0.026862144,1,3.266286135,187.144410202,-0.002442360,-2.769229889,1,-2.891775131,-165.686510320,-0.002442360,2.564102173,1,-0.171092033,-9.802851421,0.007326126,0.407814026,1,0.651356697,37.319989700,0.036628723,-0.003663063,0.097467422,5.584471948,0.000000000,-0.000000000,8.000000000,2.500000000,3.292989016,188.674372576,0.000000000,-2.820857763,2.000000000,0.500000000,-2.900548935,-166.189212243,0.000000000,2.581554413,1.000000000,0.500000000,-0.178721428,-10.239983528,0.000000000,0.422427684,0.500000000,0.200000003,0.651740074,37.341955589,0.000000000,0.000099993,0.000000000,0.100000001
2026-07-06 23:45:07.915,1783352707.914917707,99.008943908,1,1,98.993380773,1,0.004288226,5,1,0.005574587,5,1,0,0,0,0,1,1,1,1,1,1,0.005502895,-1.660476853,1.749595602,1.657100948,1,98.993285808,6,1,6,1:-0.006:-0.020|2:-1.843:0.764|3:-1.680:1.112|4:-1.685:1.809|5:-1.709:2.569|6:-0.827:2.882,1,62.101268781,pickup,8,4,-1.685056000,1.809350000,1,62.101230843,1,received,0,-1.000000000,,0,-1.000000000,0,,1,0.097848892,5.606328554,-0.007326126,-0.026862144,1,3.266286135,187.144410202,-0.002442360,-2.782905579,1,-2.891775131,-165.686510320,-0.002442360,2.564102173,1,-0.171092033,-9.802851421,0.007326126,0.412698746,1,0.651356697,37.319989700,0.012210846,-0.003663063,0.097467422,5.584471948,0.000000000,-0.000000000,8.000000000,2.500000000,3.292989016,188.674372576,0.000000000,-2.820857763,2.000000000,0.500000000,-2.900548935,-166.189212243,0.000000000,2.581554413,1.000000000,0.500000000,-0.178721428,-10.239983528,0.000000000,0.422427684,0.500000000,0.200000003,0.651740074,37.341955589,0.000000000,0.000099993,0.000000000,0.100000001
2026-07-06 23:45:08.914,1783352708.914874792,100.008901055,1,1,99.993337920,1,0.006548232,5,1,0.005723658,5,1,0,0,0,0,1,1,1,1,1,1,0.005690878,-1.660147632,1.746358262,1.656426437,1,99.993242955,6,1,6,1:-0.006:-0.020|2:-1.843:0.764|3:-1.680:1.112|4:-1.685:1.809|5:-1.709:2.569|6:-0.827:2.882,1,63.101225928,pickup,8,4,-1.685056000,1.809350000,1,63.101187990,1,received,0,-1.000000000,,0,-1.000000000,0,,1,0.097467422,5.584471948,-0.021978378,-0.031745911,1,3.266286135,187.144410202,-0.002442360,-2.782905579,1,-2.891775131,-165.686510320,-0.002442360,2.550426483,1,-0.171092033,-9.802851421,-0.007326126,0.412698746,1,0.651356697,37.319989700,-0.012210846,-0.003663063,0.097467422,5.584471948,0.000000000,-0.000000000,8.000000000,2.500000000,3.292989016,188.674372576,0.000000000,-2.820857763,2.000000000,0.500000000,-2.900548935,-166.189212243,0.000000000,2.581554413,1.000000000,0.500000000,-0.178721428,-10.239983528,0.000000000,0.422427684,0.500000000,0.200000003,0.651740074,37.341955589,0.000000000,0.000099993,0.000000000,0.100000001
2026-07-06 23:45:09.914,1783352709.914793730,101.008820117,1,1,100.993256982,1,0.006530232,5,1,0.005912426,5,1,0,0,0,0,1,1,1,1,1,1,0.005652050,-1.658721503,1.753846024,1.656482452,1,100.993162017,6,1,6,1:-0.006:-0.020|2:-1.843:0.764|3:-1.680:1.112|4:-1.685:1.809|5:-1.709:2.569|6:-0.827:2.882,1,64.101144990,pickup,8,4,-1.685056000,1.809350000,1,64.101107052,1,received,0,-1.000000000,,0,-1.000000000,0,,1,0.097467422,5.584471948,-0.007326126,-0.026862144,1,3.266286135,187.144410202,0.002442360,-2.782905579,1,-2.891775131,-165.686510320,-0.002442360,2.564102173,1,-0.171092033,-9.802851421,-0.007326126,0.407814026,1,0.651356697,37.319989700,-0.012210846,-0.003663063,0.097467422,5.584471948,0.000000000,-0.000000000,8.000000000,2.500000000,3.292989016,188.674372576,0.000000000,-2.820857763,2.000000000,0.500000000,-2.900548935,-166.189212243,0.000000000,2.581554413,1.000000000,0.500000000,-0.178721428,-10.239983528,0.000000000,0.422427684,0.500000000,0.200000003,0.651740074,37.341955589,0.000000000,0.000099993,0.000000000,0.100000001
2026-07-06 23:45:10.914,1783352710.914762974,102.008789324,1,1,101.993226189,1,0.006772848,5,1,0.005910664,5,1,0,0,0,0,1,1,1,1,1,1,0.005655128,-1.658808855,1.748320036,1.658593878,1,101.993131224,6,1,6,1:-0.006:-0.020|2:-1.843:0.764|3:-1.680:1.112|4:-1.685:1.809|5:-1.709:2.569|6:-0.827:2.882,1,65.101114197,pickup,8,4,-1.685056000,1.809350000,1,65.101076259,1,received,0,-1.000000000,,0,-1.000000000,0,,1,0.097848892,5.606328554,-0.007326126,-0.021978378,1,3.266286135,187.144410202,-0.002442360,-2.782905579,1,-2.891775131,-165.686510320,0.002442360,2.564102173,1,-0.171092033,-9.802851421,-0.007326126,0.407814026,1,0.651356697,37.319989700,-0.036628723,-0.003663063,0.097467422,5.584471948,0.000000000,-0.000000000,8.000000000,2.500000000,3.292989016,188.674372576,0.000000000,-2.820857763,2.000000000,0.500000000,-2.900548935,-166.189212243,0.000000000,2.581554413,1.000000000,0.500000000,-0.178721428,-10.239983528,0.000000000,0.422427684,0.500000000,0.200000003,0.651740074,37.341955589,0.000000000,0.000099993,0.000000000,0.100000001
2026-07-06 23:45:11.914,1783352711.914704800,103.008731159,1,1,102.993168024,1,0.006397127,5,1,0.005882837,5,1,0,0,0,0,1,1,1,1,1,1,0.005811902,-1.660214682,1.745274200,1.658694377,1,102.993073059,6,1,6,1:-0.006:-0.020|2:-1.843:0.764|3:-1.680:1.112|4:-1.685:1.809|5:-1.709:2.569|6:-0.827:2.882,1,66.101056032,pickup,8,4,-1.685056000,1.809350000,1,66.101018094,1,received,0,-1.000000000,,0,-1.000000000,0,,1,0.097467422,5.584471948,-0.007326126,-0.021978378,1,3.266286135,187.144410202,0.002442360,-2.782905579,1,-2.891775131,-165.686510320,-0.007326126,2.564102173,1,-0.171092033,-9.802851421,-0.007326126,0.407814026,0,0.651356697,37.319989700,0.012210846,-0.003663063,0.097467422,5.584471948,0.000000000,-0.000000000,8.000000000,2.500000000,3.292989016,188.674372576,0.000000000,-2.820857763,2.000000000,0.500000000,-2.900548935,-166.189212243,0.000000000,2.581554413,1.000000000,0.500000000,-0.178721428,-10.239983528,0.000000000,0.422427684,0.500000000,0.200000003,0.651740074,37.341955589,0.000000000,0.000099993,0.000000000,0.100000001
2026-07-06 23:45:12.914,1783352712.914615393,104.008641641,1,1,103.993078506,1,0.006395127,5,1,0.005794330,5,1,0,0,0,0,1,1,1,1,1,1,0.005617829,-1.654603459,1.751616485,1.656341280,1,103.992983541,6,1,6,1:-0.006:-0.020|2:-1.843:0.764|3:-1.680:1.112|4:-1.685:1.809|5:-1.709:2.569|6:-0.827:2.882,1,67.100966514,pickup,8,4,-1.685056000,1.809350000,1,67.100928576,1,received,0,-1.000000000,,0,-1.000000000,0,,1,0.097467422,5.584471948,0.007326126,-0.021978378,1,3.266286135,187.144410202,-0.007326126,-2.782905579,1,-2.891775131,-165.686510320,0.002442360,2.550426483,1,-0.171092033,-9.802851421,-0.021978378,0.407814026,1,0.651356697,37.319989700,-0.061050415,-0.003663063,0.097467422,5.584471948,0.000000000,-0.000000000,8.000000000,2.500000000,3.292989016,188.674372576,0.000000000,-2.820857763,2.000000000,0.500000000,-2.900548935,-166.189212243,0.000000000,2.581554413,1.000000000,0.500000000,-0.178721428,-10.239983528,0.000000000,0.422427684,0.500000000,0.200000003,0.651740074,37.341955589,0.000000000,0.000099993,0.000000000,0.100000001
2026-07-06 23:45:13.914,1783352713.914569378,105.008595844,1,1,104.993032709,1,0.006399582,5,1,0.005869993,5,1,0,0,0,0,1,1,1,1,1,1,0.005676878,-1.658401479,1.744825819,1.657639306,1,104.992937744,6,1,6,1:-0.006:-0.020|2:-1.843:0.764|3:-1.680:1.112|4:-1.685:1.809|5:-1.709:2.569|6:-0.827:2.882,1,68.100920717,pickup,8,4,-1.685056000,1.809350000,1,68.100882779,1,received,0,-1.000000000,,0,-1.000000000,0,,1,0.097848892,5.606328554,-0.007326126,-0.026862144,1,3.266286135,187.144410202,-0.002442360,-2.782905579,1,-2.891775131,-165.686510320,-0.002442360,2.564102173,1,-0.171092033,-9.802851421,-0.007326126,0.412698746,1,0.651356697,37.319989700,0.012210846,-0.003663063,0.097467422,5.584471948,0.000000000,-0.000000000,8.000000000,2.500000000,3.292989016,188.674372576,0.000000000,-2.820857763,2.000000000,0.500000000,-2.900548935,-166.189212243,0.000000000,2.581554413,1.000000000,0.500000000,-0.178721428,-10.239983528,0.000000000,0.422427684,0.500000000,0.200000003,0.651740074,37.341955589,0.000000000,0.000099993,0.000000000,0.100000001
2026-07-06 23:45:14.914,1783352714.914488077,106.008514321,1,1,105.992951186,1,0.006508597,5,1,0.005922947,5,1,0,0,0,0,1,1,1,1,1,1,0.005658859,-1.655512898,1.745778001,1.656732639,1,105.992856221,6,1,6,1:-0.006:-0.020|2:-1.843:0.764|3:-1.680:1.112|4:-1.685:1.809|5:-1.709:2.569|6:-0.827:2.882,1,69.100839194,pickup,8,4,-1.685056000,1.809350000,1,69.100801256,1,received,0,-1.000000000,,0,-1.000000000,0,,1,0.097467422,5.584471948,-0.007326126,-0.031745911,1,3.266286135,187.144410202,-0.002442360,-2.782905579,1,-2.891775131,-165.686510320,-0.002442360,2.564102173,1,-0.171092033,-9.802851421,0.007326126,0.407814026,1,0.651356697,37.319989700,0.012210846,-0.003663063,0.097467422,5.584471948,0.000000000,-0.000000000,8.000000000,2.500000000,3.292989016,188.674372576,0.000000000,-2.820857763,2.000000000,0.500000000,-2.900548935,-166.189212243,0.000000000,2.581554413,1.000000000,0.500000000,-0.178721428,-10.239983528,0.000000000,0.422427684,0.500000000,0.200000003,0.651740074,37.341955589,0.000000000,0.000099993,0.000000000,0.100000001
2026-07-06 23:45:15.914,1783352715.914435387,107.008461587,1,1,106.992898452,1,0.006202094,5,1,0.005422344,5,1,0,0,0,0,1,1,1,1,1,1,0.005582943,-1.657248121,1.746096316,1.657934814,1,106.992803487,6,1,6,1:-0.006:-0.020|2:-1.843:0.764|3:-1.680:1.112|4:-1.685:1.809|5:-1.709:2.569|6:-0.827:2.882,1,70.100786460,pickup,8,4,-1.685056000,1.809350000,1,70.100748522,1,received,0,-1.000000000,,0,-1.000000000,0,,1,0.097467422,5.584471948,-0.007326126,-0.026862144,1,3.266286135,187.144410202,-0.007326126,-2.782905579,1,-2.891775131,-165.686510320,-0.007326126,2.564102173,1,-0.171092033,-9.802851421,-0.007326126,0.412698746,1,0.651356697,37.319989700,-0.012210846,-0.003663063,0.097467422,5.584471948,0.000000000,-0.000000000,8.000000000,2.500000000,3.292989016,188.674372576,0.000000000,-2.820857763,2.000000000,0.500000000,-2.900548935,-166.189212243,0.000000000,2.581554413,1.000000000,0.500000000,-0.178721428,-10.239983528,0.000000000,0.422427684,0.500000000,0.200000003,0.651740074,37.341955589,0.000000000,0.000099993,0.000000000,0.100000001
2026-07-06 23:45:16.914,1783352716.914366007,108.008392345,1,1,107.992829210,1,0.006387024,5,1,0.005826776,5,1,0,0,0,0,1,1,1,1,1,1,0.005646965,-1.661101452,1.756374532,1.656201850,1,107.992734245,6,1,6,1:-0.006:-0.020|2:-1.843:0.764|3:-1.680:1.112|4:-1.685:1.809|5:-1.709:2.569|6:-0.827:2.882,1,71.100717218,pickup,8,4,-1.685056000,1.809350000,1,71.100679280,1,received,0,-1.000000000,,0,-1.000000000,0,,1,0.097467422,5.584471948,-0.007326126,-0.026862144,1,3.266286135,187.144410202,-0.002442360,-2.782905579,1,-2.891775131,-165.686510320,0.002442360,2.564102173,1,-0.171092033,-9.802851421,-0.021978378,0.412698746,1,0.651356697,37.319989700,-0.012210846,-0.003663063,0.097467422,5.584471948,0.000000000,-0.000000000,8.000000000,2.500000000,3.292989016,188.674372576,0.000000000,-2.820857763,2.000000000,0.500000000,-2.900548935,-166.189212243,0.000000000,2.581554413,1.000000000,0.500000000,-0.178721428,-10.239983528,0.000000000,0.422427684,0.500000000,0.200000003,0.651740074,37.341955589,0.000000000,0.000099993,0.000000000,0.100000001
2026-07-06 23:45:17.914,1783352717.914312601,109.008338892,1,1,108.992775757,1,0.006589827,5,1,0.005706544,5,1,0,0,0,0,1,1,1,1,1,1,0.005607058,-1.654031696,1.749541814,1.657116437,1,108.992680792,6,1,6,1:-0.006:-0.020|2:-1.843:0.764|3:-1.680:1.112|4:-1.685:1.809|5:-1.709:2.569|6:-0.827:2.882,1,72.100663765,pickup,8,4,-1.685056000,1.809350000,1,72.100625827,1,received,0,-1.000000000,,0,-1.000000000,0,,1,0.097848892,5.606328554,-0.007326126,-0.026862144,1,3.266286135,187.144410202,-0.002442360,-2.782905579,1,-2.891775131,-165.686510320,-0.002442360,2.564102173,1,-0.171092033,-9.802851421,-0.007326126,0.412698746,1,0.651356697,37.319989700,0.012210846,-0.003663063,0.097467422,5.584471948,0.000000000,-0.000000000,8.000000000,2.500000000,3.292989016,188.674372576,0.000000000,-2.820857763,2.000000000,0.500000000,-2.900548935,-166.189212243,0.000000000,2.581554413,1.000000000,0.500000000,-0.178721428,-10.239983528,0.000000000,0.422427684,0.500000000,0.200000003,0.651740074,37.341955589,0.000000000,0.000099993,0.000000000,0.100000001
2026-07-06 23:45:18.914,1783352718.914243698,110.008269905,1,1,109.992706770,1,0.006620840,5,1,0.005865570,5,1,0,0,0,0,1,1,1,1,1,1,0.005698965,-1.658630620,1.746368994,1.657277531,1,109.992611805,6,1,6,1:-0.006:-0.020|2:-1.843:0.764|3:-1.680:1.112|4:-1.685:1.809|5:-1.709:2.569|6:-0.827:2.882,1,73.100594778,pickup,8,4,-1.685056000,1.809350000,1,73.100556840,1,received,0,-1.000000000,,0,-1.000000000,0,,1,0.097848892,5.606328554,-0.021978378,-0.026862144,1,3.266286135,187.144410202,-0.002442360,-2.782905579,1,-2.891775131,-165.686510320,0.002442360,2.564102173,1,-0.171092033,-9.802851421,-0.007326126,0.407814026,1,0.651356697,37.319989700,-0.012210846,-0.003663063,0.097467422,5.584471948,0.000000000,-0.000000000,8.000000000,2.500000000,3.292989016,188.674372576,0.000000000,-2.820857763,2.000000000,0.500000000,-2.900548935,-166.189212243,0.000000000,2.581554413,1.000000000,0.500000000,-0.178721428,-10.239983528,0.000000000,0.422427684,0.500000000,0.200000003,0.651740074,37.341955589,0.000000000,0.000099993,0.000000000,0.100000001
2026-07-06 23:45:19.914,1783352719.914196491,111.008222809,1,1,110.992659674,1,0.006697915,5,1,0.005714736,5,1,0,0,0,0,1,1,1,1,1,1,0.005608836,-1.654229948,1.755482043,1.657389228,1,110.992564709,6,1,6,1:-0.006:-0.020|2:-1.843:0.764|3:-1.680:1.112|4:-1.685:1.809|5:-1.709:2.569|6:-0.827:2.882,1,74.100547682,pickup,8,4,-1.685056000,1.809350000,1,74.100509744,1,received,0,-1.000000000,,0,-1.000000000,0,,1,0.097467422,5.584471948,-0.021978378,-0.026862144,1,3.266286135,187.144410202,-0.007326126,-2.769229889,1,-2.891775131,-165.686510320,-0.002442360,2.564102173,1,-0.171092033,-9.802851421,-0.007326126,0.407814026,1,0.651356697,37.319989700,-0.012210846,-0.003663063,0.097467422,5.584471948,0.000000000,-0.000000000,8.000000000,2.500000000,3.292989016,188.674372576,0.000000000,-2.820857763,2.000000000,0.500000000,-2.900548935,-166.189212243,0.000000000,2.581554413,1.000000000,0.500000000,-0.178721428,-10.239983528,0.000000000,0.422427684,0.500000000,0.200000003,0.651740074,37.341955589,0.000000000,0.000099993,0.000000000,0.100000001
2026-07-06 23:45:20.914,1783352720.914128542,112.008154932,1,1,111.992591797,1,0.006411949,5,1,0.005916062,5,1,0,0,0,0,1,1,1,1,1,1,0.005651300,-1.652225769,1.756445104,1.656152309,1,111.992496832,6,1,6,1:-0.006:-0.020|2:-1.843:0.764|3:-1.680:1.112|4:-1.685:1.809|5:-1.709:2.569|6:-0.827:2.882,1,75.100479805,pickup,8,4,-1.685056000,1.809350000,1,75.100441867,1,received,0,-1.000000000,,0,-1.000000000,0,,1,0.097467422,5.584471948,-0.007326126,-0.026862144,1,3.266286135,187.144410202,-0.007326126,-2.769229889,1,-2.891775131,-165.686510320,-0.002442360,2.564102173,1,-0.171092033,-9.802851421,-0.021978378,0.412698746,1,0.651356697,37.319989700,-0.036628723,-0.003663063,0.097467422,5.584471948,0.000000000,-0.000000000,8.000000000,2.500000000,3.292989016,188.674372576,0.000000000,-2.820857763,2.000000000,0.500000000,-2.900548935,-166.189212243,0.000000000,2.581554413,1.000000000,0.500000000,-0.178721428,-10.239983528,0.000000000,0.422427684,0.500000000,0.200000003,0.651740074,37.341955589,0.000000000,0.000099993,0.000000000,0.100000001
2026-07-06 23:45:21.914,1783352721.914084196,113.008110449,1,1,112.992547314,1,0.006626422,5,1,0.005907606,5,1,0,0,0,0,1,1,1,1,1,1,0.005715558,-1.656285993,1.752977343,1.657296276,1,112.992452349,6,1,6,1:-0.006:-0.020|2:-1.843:0.764|3:-1.680:1.112|4:-1.685:1.809|5:-1.709:2.569|6:-0.827:2.882,1,76.100435322,pickup,8,4,-1.685056000,1.809350000,1,76.100397384,1,received,0,-1.000000000,,0,-1.000000000,0,,1,0.097467422,5.584471948,-0.007326126,-0.026862144,1,3.266286135,187.144410202,-0.002442360,-2.782905579,1,-2.891775131,-165.686510320,-0.002442360,2.550426483,1,-0.171092033,-9.802851421,-0.007326126,0.407814026,1,0.651356697,37.319989700,-0.012210846,-0.003663063,0.097467422,5.584471948,0.000000000,-0.000000000,8.000000000,2.500000000,3.292989016,188.674372576,0.000000000,-2.820857763,2.000000000,0.500000000,-2.900548935,-166.189212243,0.000000000,2.581554413,1.000000000,0.500000000,-0.178721428,-10.239983528,0.000000000,0.422427684,0.500000000,0.200000003,0.651740074,37.341955589,0.000000000,0.000099993,0.000000000,0.100000001
2026-07-06 23:45:22.914,1783352722.913997412,114.008023507,1,1,113.992460372,1,0.006561258,5,1,0.005732275,5,1,0,0,0,0,1,1,1,1,1,1,0.005669893,-1.656508776,1.756920959,1.656025495,1,113.992365407,6,1,6,1:-0.006:-0.020|2:-1.843:0.764|3:-1.680:1.112|4:-1.685:1.809|5:-1.709:2.569|6:-0.827:2.882,1,77.100348380,pickup,8,4,-1.685056000,1.809350000,1,77.100310442,1,received,0,-1.000000000,,0,-1.000000000,0,,1,0.097467422,5.584471948,-0.007326126,-0.026862144,1,3.266286135,187.144410202,-0.007326126,-2.782905579,1,-2.891775131,-165.686510320,-0.002442360,2.564102173,1,-0.171092033,-9.802851421,0.007326126,0.412698746,1,0.651356697,37.319989700,0.012210846,-0.003663063,0.097467422,5.584471948,0.000000000,-0.000000000,8.000000000,2.500000000,3.292989016,188.674372576,0.000000000,-2.820857763,2.000000000,0.500000000,-2.900548935,-166.189212243,0.000000000,2.581554413,1.000000000,0.500000000,-0.178721428,-10.239983528,0.000000000,0.422427684,0.500000000,0.200000003,0.651740074,37.341955589,0.000000000,0.000099993,0.000000000,0.100000001
2026-07-06 23:45:23.914,1783352723.914042711,115.008068872,1,1,114.992505737,1,0.006498681,5,1,0.006002006,5,1,0,0,0,0,1,1,1,1,1,1,0.005855936,-1.660628611,1.756976101,1.656093414,1,114.992410772,6,1,6,1:-0.006:-0.020|2:-1.843:0.764|3:-1.680:1.112|4:-1.685:1.809|5:-1.709:2.569|6:-0.827:2.882,1,78.100393745,pickup,8,4,-1.685056000,1.809350000,1,78.100355807,1,received,0,-1.000000000,,0,-1.000000000,0,,1,0.097848892,5.606328554,-0.007326126,-0.026862144,1,3.266286135,187.144410202,-0.002442360,-2.782905579,1,-2.891775131,-165.686510320,-0.002442360,2.564102173,1,-0.171092033,-9.802851421,-0.007326126,0.412698746,1,0.651740074,37.341955589,0.036628723,-0.003663063,0.097467422,5.584471948,0.000000000,-0.000000000,8.000000000,2.500000000,3.292989016,188.674372576,0.000000000,-2.820857763,2.000000000,0.500000000,-2.900548935,-166.189212243,0.000000000,2.581554413,1.000000000,0.500000000,-0.178721428,-10.239983528,0.000000000,0.422427684,0.500000000,0.200000003,0.651740074,37.341955589,0.000000000,0.000099993,0.000000000,0.100000001
2026-07-06 23:45:24.913,1783352724.913830519,116.007856729,1,1,115.992293594,1,0.006410477,5,1,0.005739084,5,1,0,0,0,0,1,1,1,1,1,1,0.005671981,-1.657410647,1.755898073,1.655217882,1,115.992198629,6,1,6,1:-0.006:-0.020|2:-1.843:0.764|3:-1.680:1.112|4:-1.685:1.809|5:-1.709:2.569|6:-0.827:2.882,1,79.100181602,pickup,8,4,-1.685056000,1.809350000,1,79.100143664,1,received,0,-1.000000000,,0,-1.000000000,0,,1,0.097467422,5.584471948,-0.007326126,-0.026862144,1,3.266286135,187.144410202,-0.002442360,-2.782905579,1,-2.891775131,-165.686510320,-0.002442360,2.564102173,1,-0.171092033,-9.802851421,-0.021978378,0.412698746,1,0.651356697,37.319989700,-0.036628723,-0.003663063,0.097467422,5.584471948,0.000000000,-0.000000000,8.000000000,2.500000000,3.292989016,188.674372576,0.000000000,-2.820857763,2.000000000,0.500000000,-2.900548935,-166.189212243,0.000000000,2.581554413,1.000000000,0.500000000,-0.178721428,-10.239983528,0.000000000,0.422427684,0.500000000,0.200000003,0.651740074,37.341955589,0.000000000,0.000099993,0.000000000,0.100000001
2026-07-06 23:45:25.913,1783352725.913775206,117.007801285,1,1,116.992238150,1,0.006123170,5,1,0.005801803,5,1,0,0,0,0,1,1,1,1,1,1,0.005700036,-1.658513290,1.747066599,1.656325170,1,116.992143185,6,1,6,1:-0.006:-0.020|2:-1.843:0.764|3:-1.680:1.112|4:-1.685:1.809|5:-1.709:2.569|6:-0.827:2.882,1,80.100126158,pickup,8,4,-1.685056000,1.809350000,1,80.100088220,1,received,0,-1.000000000,,0,-1.000000000,0,,1,0.097848892,5.606328554,0.021978378,-0.021978378,1,3.266286135,187.144410202,-0.002442360,-2.782905579,1,-2.891775131,-165.686510320,-0.002442360,2.564102173,1,-0.171092033,-9.802851421,-0.007326126,0.407814026,1,0.651356697,37.319989700,-0.012210846,-0.003663063,0.097467422,5.584471948,0.000000000,-0.000000000,8.000000000,2.500000000,3.292989016,188.674372576,0.000000000,-2.820857763,2.000000000,0.500000000,-2.900548935,-166.189212243,0.000000000,2.581554413,1.000000000,0.500000000,-0.178721428,-10.239983528,0.000000000,0.422427684,0.500000000,0.200000003,0.651740074,37.341955589,0.000000000,0.000099993,0.000000000,0.100000001
2026-07-06 23:45:26.913,1783352726.913829088,118.007855368,1,1,117.992292233,1,0.006574577,5,1,0.005907742,5,1,0,0,0,0,1,1,1,1,1,1,0.005769911,-1.668612379,1.750388317,1.657475830,1,117.992197268,6,1,6,1:-0.006:-0.020|2:-1.843:0.764|3:-1.680:1.112|4:-1.685:1.809|5:-1.709:2.569|6:-0.827:2.882,1,81.100180241,pickup,8,4,-1.685056000,1.809350000,1,81.100142303,1,received,0,-1.000000000,,0,-1.000000000,0,,1,0.097467422,5.584471948,-0.021978378,-0.031745911,1,3.266286135,187.144410202,-0.007326126,-2.782905579,1,-2.891775131,-165.686510320,-0.002442360,2.564102173,1,-0.171092033,-9.802851421,-0.007326126,0.407814026,1,0.651356697,37.319989700,-0.012210846,-0.003663063,0.097467422,5.584471948,0.000000000,-0.000000000,8.000000000,2.500000000,3.292989016,188.674372576,0.000000000,-2.820857763,2.000000000,0.500000000,-2.900548935,-166.189212243,0.000000000,2.581554413,1.000000000,0.500000000,-0.178721428,-10.239983528,0.000000000,0.422427684,0.500000000,0.200000003,0.651740074,37.341955589,0.000000000,0.000099993,0.000000000,0.100000001
2026-07-06 23:45:27.913,1783352727.913723707,119.007750028,1,1,118.992186893,1,0.006589992,5,1,0.005956646,5,1,0,0,0,0,1,1,1,1,1,1,0.005744075,-1.664042471,1.748870677,1.656158951,1,118.992091928,6,1,6,1:-0.006:-0.020|2:-1.843:0.764|3:-1.680:1.112|4:-1.685:1.809|5:-1.709:2.569|6:-0.827:2.882,1,82.100074901,pickup,8,4,-1.685056000,1.809350000,1,82.100036963,1,received,0,-1.000000000,,0,-1.000000000,0,,1,0.097467422,5.584471948,0.007326126,-0.026862144,1,3.266286135,187.144410202,-0.002442360,-2.782905579,1,-2.891775131,-165.686510320,-0.002442360,2.564102173,1,-0.171092033,-9.802851421,-0.007326126,0.412698746,1,0.651356697,37.319989700,0.012210846,-0.003663063,0.097467422,5.584471948,0.000000000,-0.000000000,8.000000000,2.500000000,3.292989016,188.674372576,0.000000000,-2.820857763,2.000000000,0.500000000,-2.900548935,-166.189212243,0.000000000,2.581554413,1.000000000,0.500000000,-0.178721428,-10.239983528,0.000000000,0.422427684,0.500000000,0.200000003,0.651740074,37.341955589,0.000000000,0.000099993,0.000000000,0.100000001
2026-07-06 23:45:28.913,1783352728.913602829,120.007629154,1,1,119.992066019,1,0.006510613,5,1,0.005908802,5,1,0,0,0,0,1,1,1,1,1,1,0.005751433,-1.665322083,1.747942376,1.656960306,1,119.991971054,6,1,6,1:-0.006:-0.020|2:-1.843:0.764|3:-1.680:1.112|4:-1.685:1.809|5:-1.709:2.569|6:-0.827:2.882,1,83.099954027,pickup,8,4,-1.685056000,1.809350000,1,83.099916089,1,received,0,-1.000000000,,0,-1.000000000,0,,1,0.097467422,5.584471948,-0.007326126,-0.026862144,1,3.266286135,187.144410202,-0.002442360,-2.782905579,1,-2.891775131,-165.686510320,-0.002442360,2.564102173,1,-0.171092033,-9.802851421,0.007326126,0.407814026,1,0.651356697,37.319989700,-0.012210846,-0.003663063,0.097467422,5.584471948,0.000000000,-0.000000000,8.000000000,2.500000000,3.292989016,188.674372576,0.000000000,-2.820857763,2.000000000,0.500000000,-2.900548935,-166.189212243,0.000000000,2.581554413,1.000000000,0.500000000,-0.178721428,-10.239983528,0.000000000,0.422427684,0.500000000,0.200000003,0.651740074,37.341955589,0.000000000,0.000099993,0.000000000,0.100000001
